file_name,transcript
0.wav,हालांकि चिकित्सकों ने जेसीओ की मौत हार्ट अटैक से हुई बताया है
1.wav,मैंने उनसे कभी न खत्म होने वाले गैस का सिलेंडर की विश की है
2.wav,क्योंकि लोगों को एकत्रित करने पर पंजाब सरकार की ही मनाही लगी हुई है
3.wav,साहब अब तो सब कुछ ही बदल गया है
4.wav,इनकी यह तस्वीर सोशल साइट पर काफी वायरल हुई हैं
5.wav,सूची में पहले स्थान पर हॉन्ग कॉन्ग का कॉजवे बे है
6.wav,इसी युद्ध विराम के बाद बांग्लादेश के उदय पर बातचीत शुरू हुई
7.wav,ये अपनी सटीक लाईन लेंग्थ से बल्लेबाजों को खासा परेशान करते हैं
8.wav,मेरे साथ बैठकर उसे भी हल कर दिया गया है
9.wav,गेंदबाजी में टैट का साथ लेने के लिए सिद्धार्थ त्रिवेदी और वाटसन हैं ही
10.wav,रिलीज हुआ फिल्म सब कुशल मंगल का ट्रेलर
11.wav,मुख्य रूप से के रूप में इस्तेमाल फर्नीचर बांधनेवाला पदार्थ फिटिंग
12.wav,सिंगल यूज प्लास्टिक के मामले में भी हम यही चाहते हैं
13.wav,राष्ट्रगान के समय सीट पर ही बैठे रहने वाले छात्रों की संख्या काफी कम है
14.wav,इसलिए दोबारा से टेट परीक्षा आयोजित करने का निर्देश दिया गया है
15.wav,इस प्राणायाम को करने से मन शांत रहता है
16.wav,हमने यह तय किया है कि यह कोई डायलॉग नहीं बल्कि सिर्फ एक बैठक होगी
17.wav,उसे लेने के लिए पुलिस दल आगरा भेजा गया है
18.wav,जिस कारण इस दिन को बेहद खास व पावन माना जाता है
19.wav,शिवसेना चाहे तो भी वह कांग्रेस के साथ गठबंधन नहीं कर सकती
20.wav,जो कि आशा नाम से एक एनजीओ चलाते है
21.wav,एक टीवी इंटरव्यू के दौरान अजय ने ये ऐलान किया
22.wav,टॉप वेरियंट्स में पावर विंडो और सेंट्रल लॉकिंग की सुविधा भी मिलेगी
23.wav,इस दौरान फिंच ने दो और वॉर्नर ने एक चौका लगाया है
24.wav,मूसलाधार बारिश के चलते सड़कों पर ल्हासे गिरने से सड़कों को भी नुकसान पहुंचा है
25.wav,लेकिन ऐसा नहीं है कि यह अब सभी स्मार्टफोन के लिए शुरू होगा
26.wav,सुबह उठकर देखा तो सारा गावं जलमग्न हो चुका था
27.wav,फिल्म निर्देशक गोरांग दोषी तीनों को अपनी फिल्म में एक साथ लेने वाले हैं
28.wav,मेट्रो में सफर करते समय दूरी का विशेष ध्यान रखें
29.wav,हरियाणा में अपराधियों पर लगाम के लिए सरकार बड़ा कदम उठाने जा रही है
30.wav,आज टमाटर खरीदिए और एक महीने तक प्रयोग करते रहिए
31.wav,इस तथ्य के सामने आने से अफसर सांसत में हैं
32.wav,पुडुचेरी में विधानसभा चुनाव अप्रैल में होने की उम्मीद है
33.wav,जयकिशन ने कहा कि वह केजरीवाल या पार्टी के खिलाफ नहीं हैं
34.wav,उन्होंने इस विचार को भी खारिज कर दिया कि तुर्की ईयू से जल्दी जुड़ पाएगा
35.wav,हमने दिल्ली में एक डॉक्टर से सलाह ली है और अब लौट आए हैं
36.wav,कपल ने सोमवार को सीएम देवेंद्र फडणवीस को चेक सौंपा
37.wav,उन्होंने कहा कि लोग मेरा सहयोग नहीं करते क्योंकि मेरे सभी विचार शानदार होते हैं
38.wav,इस फिल्म में अक्षय को पहली बार साड़ी पहने हुए देखा जाएगा
39.wav,इसमें एक्टर मोहित कुमार और एक्ट्रेस कनिका कपूर लीड रोल में होंगे
40.wav,प्रवक्ता ने बताया कि इस रैली में सभी श्रेणियों के सैनिकों की भर्ती की जायेगी
41.wav,सत्ताधारी भाजपा और विपक्षी दल कांग्रेस का एक दूसरे पर आरोप प्रत्यारोप
42.wav,असफलताओं के डर से अपने लक्ष्य से भटक जाते हैं
43.wav,समस्तीपुर रेल मंडल के सहरसा सहित पांच रेलवे स्टेशनों के कचरों से खाद बनाया जाएगा
44.wav,पुलिस इन आरोपितों की गिरफ्तारी के लिए सभी संभावित ठिकानों पर छापामारी कर रही है
45.wav,शिक्षा ख़त्म करने के बाद वह उसी स्कूल में अध्यापक नियुक्त हो गए
46.wav,उनमें से एक मजबूत शरीर कंपन मशीन या व्यक्तिगत सिस्टम हो सकता है
47.wav,इस अवसर पर कैबिनेट में कई महत्वपूर्ण निर्णय लिए गए
48.wav,ये समय बहुत सोच समझकर आगे बढ़ने का है
49.wav,उन्होंने बताया कि कड़वे नीम के पेड़ से निकलने वाला यह दूध मीठा है
50.wav,उनका कहना है कि उन्होंने रितेश नाम के एनआरआई से शादी की है
51.wav,जानकारी के मुताबिक इस कार्ड के साथ एक नोट भी है
52.wav,संक्षेप में कहा जाए तो सरकार की छवि को इससे काफी नुकसान पहुंचा है
53.wav,अभी तक देश के घटनाक्रमों पर ऐसी कई पेंटिंग से बना चुके हैं
54.wav,इसके बाद ट्विटर पर जवाब देते हुए अदनान ने इस पर अपना रिएक्शन दिया
55.wav,जीएसटी की शुरुआत के बाद ही इसके प्रभाव का मूल्यांकन किया जा सकेगा
56.wav,किसी का नाम एनपीआर में छूट जाए तो क्या होगा
57.wav,इसी कारण प्रदेश में आने वाला समय इनेलो का होगा
58.wav,क्योंकि कई मातृभूमि के बाहर धूप में एक जगह के लिए लगने लगे हैं
59.wav,प्रबंधन श्रेणी में आईआईएम अहमदाबाद पहले स्थान पर है
60.wav,गोली चलाने वाला आरोपी दामाद मौके से फरार हो गया
61.wav,न्यायालय ने फटकार लगाते हुए कहा कि दिल्ली नरक है
62.wav,कार्यालय की फर्श का लेवल पूरे क्षेत्र से नीचे है
63.wav,इस आधार पर कांग्रेस ने चुनाव आयोग से शिकायत भी की है
64.wav,दरअसल चंडीगढ़ स्थित एक बैंक के चौकीदार ने लाखों की चोरी की है
65.wav,आमिर ने बताया कि यह फिल्म बेहद ही रोमांचक होगी
66.wav,इस संस्था के फास्ट फूड के सिद्धांत पर चल रही है
67.wav,मैच जीतते ही ट्विटर पर विराट कोहली ट्रेंड करने लगे
68.wav,आप गणपति जी को लड्डू का भोग ज़रूर लगाएं
69.wav,इसलिए हम आपके लिए लाए हैं बीते वक्त की कुछ यादें
70.wav,कैसे बनाएं सोने के सिक्कों से भरा समुद्री जहाज
71.wav,ऐसा एसबीआई ने अपनी बकाया राशि को मृत मानकर किया है
72.wav,विरोध करने वालों पर पुलिस ने लाठियां भी बरसाईं
73.wav,वहीं संघर्ष समिति ने उस रास्ते के बंद करने का जमकर विरोध किया है
74.wav,इस दिन सारे तपस्वी जो शत्रुंजय पर एकत्रित होते है
75.wav,वह स्टैचू के बगल में ही एक बेड पर रात गुजारता है
76.wav,इनमें कपालभाति मोटापे के लिए सबसे बेहतर प्राणायाम है
77.wav,इस श्रेणी में कई उज्ज्वल स्नीकर मॉडल शामिल हैं
78.wav,अपना सूबा भी खां घोटालों और घपलों में सबसे अव्वल चल रिया है
79.wav,इसके अलावा रीवा व ग्वालियर संभाग के जिलांे में हल्का कोहरा भी रहा
80.wav,जबकि वहाँ एकत्र कैस्पियन सागर में बेड़े के निर्माण से जुड़ी वस्तुएं किया गया है
81.wav,इस इंतजार में वह काफी कमजोर हो गया
82.wav,इसके बाद उनके खिलाफ अवमानना का मामला खत्म कर दिया
83.wav,वे मांग कर रहे थे कि उन्हें बताया जाए कि पीड़िता का शव कहां है
84.wav,आरएम ने रोहनिया में स्टॉपेज बनने को लेकर अपनी संस्तुति दे दी
85.wav,दक्षिण अफ्रीकी कप्तान एबी डीविलियर्स के मुरीद भारत में कम नहीं
86.wav,भील सरदार हेम सिंह और उनके साथ कई लोग पाकिस्तानियों से युद्ध करते रहे
87.wav,यहां इलाज के दौरान चारों की मौत हो गयी
88.wav,लेकिन चेन्नई में सलमान ने अपना पहला एड शूट किया था
89.wav,एलिस सेलेज़नेवा के बारे में काम करता है के चक्र
90.wav,इसके साथ द अंडरटेकर ने और्टन के साथ अपना विवाद बरक़रार रखा
91.wav,ऑस्ट्रेलिया में पृथ्वी की एंकल इंजर्ड हो गई थी
92.wav,रुपेश कुमार सिंह की हत्या के बाद भी पुलिस के
93.wav,हम कटा हुआ जड़ी बूटियों के साथ भरने पूरक
94.wav,केजरीवाल ने खुद ट्वीट करके अपने ऊपर हुए हमले की जानकारी दी
95.wav,आजकल सोने चांदी की माला पहनने का रिवाज है
96.wav,उत्तर प्रदेश सरकार ने नए शस्त्र लाइसेंस जारी करने पर लगी रोक हटा ली है
97.wav,जिसमें सीन के दौरान संजय दत्त ने अपनी आखें बंद कर ली
98.wav,ऐसा ही एक तीर्थ है पृथूदक जिसका वर्तमान नाम पिहोवा है
99.wav,हमें भी दोनों लाभ एक साथ मिल जाते हैं
100.wav,पिसी हुई पुदीने की पत्तियां काले नमक के साथ मिलाकर पिएं
101.wav,जेम ऑफ इंडिया का अवॉर्ड पाने वाले अभिलाष प्रदेश के एकलौते युवा हैं
102.wav,किसी की बातों में आने की गलती न करें क्योंकि इससे आपका ही नुकसान होगा
103.wav,यहां दुनिया की सबसे बड़ी डायमंड इंडस्ट्री भी ठप होती चली गई
104.wav,यह अपने आकार और आकार की वजह से काफी सुविधाजनक है
105.wav,हजारीलाल को जोड़े से निकालने के अपने स्तर पर प्रयास शुरू किए थे
106.wav,दरअसल हिमाचल प्रदेश और दिल्ली से तिब्बती शरणार्थी यहां सर्दियों के कपड़े बेचने आए हैं
107.wav,इसी के मद्देनजर भाजपा प्रवक्ता जीवीएल नरसिम्हा राव ने उन पर यह हमला बोला
108.wav,आने वाले समय में शहरों और गांवों में भी चौबीस घंटे बिजली देंगे
109.wav,फिल्म की शूटिंग की जानकारी ट्रेड एनालिस्ट तरण आदर्श ने दी है
110.wav,सौफ खाने को हजम करती है साथ ही आपकी याददाश्त भी बढ़ाती है
111.wav,एक न्यूज एजेंसी को दिए इंटरव्यू में उन्होंने यह बात कही
112.wav,लेकिन प्यार जब परवान चढ़ा तो दोनों ने शादी करने की ठान ली
113.wav,इस ट्रेनिंग के बाद उन्हें मिस दीवा कंपीटीशन के लिए तैयार किया जाएगा
114.wav,रोस्टन चेज ने विदेशी धरती पर अपना पहला टेस्ट शतक जमाया
115.wav,एक भ्रूण का जीवित पैदा होना और दूसरा उसमें ज़िन्दा बाक़ी रहने की क्षमता
116.wav,धन से जुड़े कुछ बड़े कार्य आपके होते हुए देखने को मिल सकते हैं
117.wav,रेलॉट उतारेगी अभी तक का सबसे सस्ता स्मार्टफोन
118.wav,पिछली संसद में विश्वास प्रस्ताव पर बहस के दौर को याद कीजिये
119.wav,गंभीर होने पर पटना के एक निजी नर्सिंग होम में इलाज चल रहा था
120.wav,इस लड़ाई में सबसे कठिन लड़ाई टाइगर हिल की मानी जाती है
121.wav,वाशिंग किसी भी आधुनिक रसोईघर का एक अनिवार्य तत्व है
122.wav,रह गए गुडिय़ा के जूते फटे के फटे
123.wav,बेटा नागपुर के आर्मी स्कूल में पढ़ रहा है
124.wav,उन्हें आशा है कि दर्शकों को उनका काम पसंद आएगा
125.wav,आईआईएम निदेशक ने प्रारंभिक सहमति देते हुए खाका तैयार कर लिया है
126.wav,दनकौर के पास अचानक बाइक ऑडी कार के सामने आ गई
127.wav,कानूनी प्रक्रिया के आधार पर जीएमआर निवेश की हुई रकम मांग कर सकेगी
128.wav,देश में लगातार बढ़ रहे पेट्रोल और डीजल के दामों लेकर विरोध जारी है
129.wav,जिससे बसपा के दलित जनाधार उसके हाथ से खिसक गया
130.wav,प्रदेश की योगी सरकार ने गोवध को लेकर नजरें टेढ़ीं कर ली हैं
131.wav,बता दें कि दोनों साथ में पहली बार स्क्रीन पर नज़र आएंगे
132.wav,राज्य के शेष सभी क्षेत्रों में आज रविवार को मतदान हुआ
133.wav,प्रदेश में खनन माफिया सक्रिय है और सीएम आंख बंद किए बैठे हैं
134.wav,प्रेम प्रस्ताव ठुकराए जाने का मतलब यह नहीं कि आप जीवनभर अकेले ही रहेंगे
135.wav,इस मामले में आरोपी माया ने कंपनी मालिक पर पीएफ खाने का आरोप लगाया है
136.wav,कई अंग्रेजी भाषी देशों में इस दिन गर्म मीठी रोटियां खाइ जाती हैं
137.wav,अब हवा की दिशा के अनुसार टिड्डी प्रवेश करेगी
138.wav,भारतीय जनता पार्टी के विधायकों ने भी इसके लिए अपने नाप दिए हैं
139.wav,हर एक अभिनेता और अभिनेत्री के लिए टीवी एक बेहतरीन मंच है
140.wav,कविता कौशिक के फादर का नाम दिनेशचंद कौशिक है
141.wav,यहां की एक अदालत शराब कारोबारी विजय माल्या को बड़ा झटका दिया है
142.wav,भाजपा कार्यकर्ताओं को विपक्षी दलों के इस अभियान से लड़ना होगा
143.wav,बेवजह का शक जब सिपाही ने खुशी में बदला
144.wav,सरकार ने ईपीएफ से जुड़े नियमों में बड़ा फेरबदल किया है
145.wav,भवन स्वामी ने किसी को संपत्ति बेच दी है
146.wav,कई लोग अपना सारा काम छोड़कर मोबाइल में दिनभर पबजी खेलते हैं
147.wav,इस तरह टैंकरों से ऑयल व डीजल चुराता है गैंग
148.wav,जम्मू कश्मीर में पाकिस्तानी जासूसों पर सुरक्षा बलों की सख्त कार्रवाई जारी है
149.wav,सीएम अमरिंदर सिंह अब अपने मिशन में जुट गए हैं
150.wav,ट्रंप का अधिकांश चुनावी प्रचार अमेरिकी लोगों द्वारा खो रहे नौकरियों पर केंद्रित रहा
151.wav,शराब भी ऐसी मानो गोरे लोगों के सांस कसीद किए हुए हों
152.wav,इलाज के दौरान ही सोमवार की सुबह उन्होंने अंतिम सांसें ली
153.wav,सबके जीवन में परम सौभाग्य हो और खुशहाली हो
154.wav,उन्हें फर्क नहीं पड़ता कि सामने कौन खेल रहा है
155.wav,पाकिस्तान की यह नासमझी ही उसकी सबसे बड़ी मुसीबत है
156.wav,सुनहरा रंग यानि गोल्डन कलर जो आपको एक राजसी लुक देता है
157.wav,वहीं ममता के वित्त मंत्री अमित मित्रा बजट पेश करेंगे
158.wav,देश की पहली महिला कमर्शियल पायलट कैप्टन इंद्राणी सिंह किसी पहचान की मोहताज नहीं है
159.wav,वहीं कश्मीर पर यूएन के इतिहास में दूसरी बार बैठक हो रही है
160.wav,इन्हीं लोगों में से एक अबूल हसन बनी सद्र था
161.wav,सिर्फ निर्देशन नहीं लिखने में भी उन्होंने फिल्म में योगदान दिया है
162.wav,विपक्षी पार्टियों की माँग को चुनाव आयोग ने किया ख़ारिज
163.wav,इसीलिए राजनीतिक दलों ने जनप्रतिनिधि कानून में सुधार का निर्णय किया
164.wav,इतना ही नहीं वो लोगों को भी इसके फायदे बताती हैं
165.wav,उन्हें कुछ दिन का मौका तो मिलना ही चाहिए
166.wav,तुलसीदास और अमीर खुसरो की भाषाओं का स्रोत यही क्षेत्र था
167.wav,दोनों को आज सुबह जांच के लिए पुलिस चौकी में बुलाया गया था
168.wav,उन्होंने बताया कि पश्चिमी उत्तर प्रदेश पर विशेष निगरानी का निर्देश दिया गया है
169.wav,इस प्रशिक्षण शिविर में हज यात्रियों के लिए आपदा प्रबंधन प्रशिक्षण भी दिया गया
170.wav,पारंपरिक तेल पेंट के लिए अपेक्षाकृत नया विकल्प पानी घुलनशील तेल है
171.wav,वह सांगली में शुक्रवार को पत्रकार सम्मेलन को संबोधित कर रहे थे
172.wav,इसका मतलब है कि कुल वेतन का आधा कर्मचारियों का मूल वेतन होगा
173.wav,खेतान से इतालवी बिचौलियों कार्लो गेरोसा और गुइदो हाश्खे
174.wav,पैर की एड़ियों से पीछे की हिप पर किक करें
175.wav,हमें अब गुरूवार से सोमवार तक चलने वाले मुकाबले के बारे में सोचना होगा
176.wav,इसी वर्ग में घोष और देसाई भी कोर्ट पर उतरेंगे
177.wav,सवाल यह उठता है कि इन हादसों के लिए ज़िम्मेदार कौन है
178.wav,सुबह पवन एक्सप्रेस कटैयाडांडी रेलवे स्टेशन से प्रयागराज की तरफ आगे बढ़ी
179.wav,सुरक्षाबल में तैनात हजारिका के दिल में सेवा का भी बड़ा जज्बा है
180.wav,यह यात्रा वैशाख कृष्ण दशमी से वैशाख अमावस्या तक चलती है
181.wav,इस श्रृंखला में शेफाली शाह और कीर्ति कुल्हारी ने अभिनय किया है
182.wav,प्रत्येक फ्लैट में फोर बैडरूम और सर्वेंट क्वार्टर होगा
183.wav,उन्होंने कभी नहीं सोचा था कि उनकी शादी इस तरह टूटेगी
184.wav,टीवी पर अपने तर्कों से वे कई बार अन्य नेताओं को पछाड़ देती हैं
185.wav,इस पूल से सेमीफाइनल में जगह बनाने वाली दूसरी टीम का फैसला आस्ट्रेलिया
186.wav,कुछ वेब खोजी इंजन डेटाबेस तथा खुली डायरेक्टरी में उपलब्ध आँकडे भी प्रस्तुत करते हैं
187.wav,इसके अतिरिक्त प्रदेश के युवा खिलाडियों का भी इसमें सहयोग लिया जा रहा है
188.wav,टीवी और सिनेमा की दुनिया की यही ताकत है
189.wav,ये दोनों गेंदबाज इन दिनों शानदार फार्म में हैं
190.wav,इसके बाद शासकीय दल अन्य मंदिरों में पूजा अर्चना के लिए रवाना होता है
191.wav,ऑस्ट्रेलिया के पूर्व हरफनमौला खिलाड़ी शेन वाटसन भी लोकप्रिय खिलाड़ियो में से एक हैं
192.wav,एक मई को भरवारी में प्रधानमंत्री नरेंद्र मोदी ने भी रैली की
193.wav,राष्ट्रपति रामनाथ कोविंद ने एमएस धोनी को दिया पद्म भूषण पुरस्कार
194.wav,संघ कांग्रेस के लाख भड़काने के बावजूद शांति से अपना कार्य कर रहा है
195.wav,इसके बाद इसको छान कर इसमें एक चम्मच शहद और ऑयल डाल दें
196.wav,यहाँ तक कि प्रदेश के मुख्यमंत्री भी यह आदेश नहीं दे सकते
197.wav,लेकिन समोसे कि यह खबर सुनकर आपका मुँह खुला का खुला रह जाएगा
198.wav,उनके कई मंत्री जेल की हवा खा रहे हैं
199.wav,इस दौरान उन्होंने कालेज प्रशासन के खिलाफ जमकर नारेबाजी भी की
200.wav,पीड़ित और आरोपी दोनों को बाल कल्याण समिति के समक्ष पेश किया गया
201.wav,आईआईएससी के अलावा आईआईटी बांबे को भी सूची में जगह मिली है
202.wav,उपायुक्त ने किया बाढ़ प्रभावित क्षेत्रों का दौरा
203.wav,इतनी मेहनत किसी और के बस की बात ही नहीं है
204.wav,यदि बीज सुराख में अंदर न जाए तो उसे सीक से अंदर कर दें
205.wav,पुलिस ने मामले की जांच के बाद मामला दर्ज कर कार्रवाई शुरू कर दी है
206.wav,परिणाम फर्जीबाड़े या सामूहिक नकल के रूप में सामने है
207.wav,यह आयोजन हमें आपातकालीन समय की याद दिलाता है
208.wav,अब उसकी सलामती की खबर आई है तो सुकून मिला है
209.wav,जिया खान ने कुछ दिन पहले एक वेबसाइट पर अपना एक इंटरव्यू डाला था
210.wav,जन्मेजय के दोनों बेटे भी छाउ नृत्य करते और सिखाते भी हैं
211.wav,सब कुछ आपके स्वाद द्वारा निर्णय लिया गया है
212.wav,द्रमुक की कुर्सी पर स्टालिन के दावे को अलागिरि की चुनौती
213.wav,अपने ट्वीट में उन्होंने हिन्दी को हिन्दि लिख दिया
214.wav,बेबिलोनिया की देवी इश्तुर ऐसी ही एक देवी है
215.wav,इसके अलावा एग्रीमेंट के कारण अपने घर भी वापस नहीं लौट सकते हैं
216.wav,कुल मिलाकर होली पर आप ये केसरी होली खेल सकते हैं
217.wav,जबकि अस्पताल में दो लोगों ने दम तोड़ दिया
218.wav,जानकारी अनुसार मरने वालों और घायलों की संख्या में और इजाफा हो सकता है
219.wav,मुझ तक को राजनारायण सिंह की वापसी की जानकारी नहीं दी गई
220.wav,क्योंकि धन के काले कुबेर इसे बैंक लॉकरों और तिजोरियों में जमा कर देंगे
221.wav,विनिवेशकों में सरकारी कंपनी के कुछ शेयरों को बेच दिया जाता है
222.wav,वह एक निजी कार्यक्रम में शामिल होने के लिए आए थे
223.wav,विभाग द्वारा नोटिस देने पर अवैध कब्जाधारियों में हड़कंप मच गया है
224.wav,मजदूर के कान पकड़वाने पर एएसआई से जवाब तलब
225.wav,हल्दी में करक्यूमिनोइड्स नाम का महत्वपूर्ण यौगिक पाया जाता है
226.wav,भारत का कहना है कि कोहिनूर को अवैध रुप से हासिल किया गया था
227.wav,इलाके में तब बगदाद से दो संत आए थे
228.wav,इस एरिया को अर्बन सेंटर घोषित किया गया है
229.wav,प्रदेश सरकार द्वारा हमारी तीन मांगों को मान लिया गया है
230.wav,शौचालय के लिए खनिज फिलर्स बिल्लियों के लिए पूरी तरह से सुरक्षित हैं
231.wav,भाजपा को हर बार मुंह की खानी पड़ी है
232.wav,इसके बाद महिला पुलिसकर्मियों ने महिला के अंगों को ढका
233.wav,एंबुलेंस में लापरवाही से मरीज की मौत का आरोप
234.wav,आध्यात्म में काम चक्र को ही कामना का आधार माना जाता है
235.wav,इस खतरनाक वायरस का कहर अभी तक जारी है
236.wav,वेल्दुर्ती क्रास रोड के पास शनिवार को शाम को यह दुर्घटना हुई
237.wav,लोगों की सहानुभूति जुटाने करने के लिये ही इस हमले की योजना बनाई गई है
238.wav,एक ऑनलाइन ड्रॉप शिपिंग व्यापार के साथ पैसे कैसे बनाएँ
239.wav,वहीं गर्भ गिराने सहित अन्य संदिग्ध दवाइयां जब्त की हैं
240.wav,इस बीच व्हाट्सएप पर एक लिंक के साथ मैसेज वायरल हो रहा है
241.wav,बहरहाल लोगों को कई समस्याओं का सामना करना पड़ रहा है
242.wav,इसमें आईएम के संस्थापक यासीन भटकल के अलावा कई आतंकी शामिल थे
243.wav,आप ज्यादा चिंता न करें क्योंकि चीजें आपके पक्ष में ही रहेंगी
244.wav,भाजपा व कांगे्रस सहित बसपा के प्रत्याशी घोषित हो चुके हैं
245.wav,उनकी आकस्मिक मौत को एक महीने से अधिक समय गुजर चुका है
246.wav,इससे वाहन तो क्या पैदल चलना भी मुश्किल हो रहा है
247.wav,इस स्मार्टफोन को नोकिया इंडिया वेबसाइट पर लिस्ट किया गया है
248.wav,जीवनी और व्यक्तिगत जीवन केटी इवनचिकोवा विस्तार से हमारे द्वारा विचार किया गया
249.wav,सीपीईसी पर बनी पाकिस्तानी संसद की समिति ने इमरान खान सरकार को लगाई लताड़
250.wav,परदे पर निशिकांत कामत आखिरी बार फैंटम फिल्म्स की भावेश जोशी में दिखाई दिए थे
251.wav,देश में कोरोना का संक्रमण तेजी से बढ़ता जा रहा है
252.wav,यहां ऐसे लोगों के नाम मजदूरी कराया जाना दर्ज है जो जिंदा ही नहीं हैं
253.wav,वहां पर मौजूद भारतीय कंपनियों पर असर को लेकर भी निवेशक चिंतित रहे
254.wav,मलाइका चर्च के बाहर हाथ जोड़े मदर मेरी के सामने प्रे करती दिखाई दी
255.wav,मुश्किल समय में उन्होंने हमेशा विपक्षीय टीम के विकेट हासिल किये है
256.wav,हालांकि यह तकनीक बहुत मंझे रूप में जीव जगत में पहले से मौजूद है
257.wav,अंत में विद्यालय के प्राचार्य उमेश अग्रवाल ने सभी का धन्यवाद ज्ञापित किया
258.wav,शुक्रवार को उसने फिटनेस परीक्षण पास किया लेकिन मैच के दौरान चोट काफी बढ़ गई
259.wav,हम यह भी ध्यान रखना चाहिए कि ग्लाइसिन ग्लूटामेट रिसेप्टर्स की गतिविधियों को नियंत्रित करता
260.wav,सीएमएचओ डॉ नवरत्न ने इसकी पुष्टि की है
261.wav,यशराज की फिल्म होने की वजह से इसके सुखद भविष्य को लेकर सभी आश्वस्त हैं
262.wav,भेदभाव से नाराज हो पेरियार के साथ जुड़ गए
263.wav,लता मंगेशकर ने दिलीप कुमार के स्वस्थ होने की मांगी दुआ
264.wav,बांग्लादेश में टेस्ट श्रृंखला खेल रही टीम ही भारत दौरे पर आएगी
265.wav,बीजेपी को सबसे अधिक मैनुफक्चरिंग और पावर सेक्टर से कॉरपोरेट डोनेशन मिला
266.wav,इस पूजा का महत्व जीवन चक्र से जुड़ चुका है
267.wav,नोटों की गिनती के लिए मशीन भी लाया गया
268.wav,स्यूडो प्रेग्नेंसी एक ऐसी स्थिति है जिसमें महिला को लगता है कि वह गर्भवती है
269.wav,तो वह बोली कि हम सत्संग में जा रहे हैं
270.wav,हालांकि मामले का खुलासा कुछ दिनों पहले हुआ है
271.wav,नशीला पदार्थ देकर उसके साथ गलत काम किया गया है
272.wav,भगवान कृपया मुझे इस नए मनोरंजन से बचा ले
273.wav,रिपोर्ट में उत्तर कोरिया और ईरान का भी जिक्र है
274.wav,पुलिस ने इस प्रकरण में क्रास एफआईआर दर्ज की है
275.wav,जब तक दस बारह बार उठाकर पटक नहीं लेते ये शांत नहीं होते
276.wav,यह पैसे मनी एक्सचेंज कंपनी ने किसी ग्राहक को देने थे
277.wav,निदेशक मंडल ने संकेत दिया कि वह उनकी बात से सहमत है
278.wav,शिक्षकों की उपस्थिति के लिए प्रदेश शासन ने एम शिक्षा मित्र योजना शुरू की है
279.wav,एक खिलाड़ी के अलावा अन्य सभी हाथ पकड़कर गोलाकार खड़े होते हैं
280.wav,योगी ने कहा कि सामयिक विवाह योजना पर भी हमने बजट दिया है
281.wav,तुलसी के बिना भगवान विष्णु की भी पूजा अधूरी है
282.wav,बाद में ऑस्ट्रेलियाई विद्यार्थियों ने भी स्वदेशी संगीत वाद्य यंत्रों पर अपने हाथ आजमाये
283.wav,वे ऐसी ही कुछ में परस्पर जा सकता है और कुछ मायनों में नहीं
284.wav,इस धागे से कपड़े बनते थे और गांधी जी जैसे लोग इन्हें पहनते थे
285.wav,इससे दृष्टिहीन लोगों को इसे पहचानने में मदद मिलेगी
286.wav,पैसे नहीं देने पर आरोपियों ने उन्हें जान से मारने की धमकी भी दी
287.wav,मंदिर खुले स्थानों में होना वास्तु के अनुसार उचित है
288.wav,पिछले हफ्ते स्ट्रेंज के लिए प्रचार करने ट्रंप और पेंस अलाबामा गए थे
289.wav,ये लोग जल्दी से दूसरों के साथ अपने मन की बात साझा नहीं करते
290.wav,नए ऑर्डर में कमी ने बढ़ाई निर्यातकों की मुश्किल
291.wav,गोयल ने कहा कि साढ़े तीन वर्षों में आईटीआई शिक्षा में गुणवत्तापरक सुधार हुआ है
292.wav,शिक्षा विभाग द्वारा इसे दिसंबर माह में शुरू करने का निर्णय लिया गया है
293.wav,उसका अलौकिक आचरण आपको यह नहीं दिखा सकता कि आप कैसे कर रहे हैं
294.wav,साउथ इंडियन फिल्मों के कॉमेडियन वेणु माधव का निधन हो गया
295.wav,यहां की बहू होने के नाते मैं आपसे वोट मांग रही हूं
296.wav,सीरीज में गजगामिनी गुप्ता उर्फ गोलू का किरदार काफी चर्चा में है
297.wav,अधिकांश मान लेते हैं कि पॉलीफोनिक साधन पारंपरिक रूप से स्कॉटिश जड़ें
298.wav,कश्मीर में आतंक खत्म होने का नाम नहीं ले रहा है
299.wav,प्रिंसिपल उन शिक्षकों पर भरोसा करते हैं जिन्होंने अपने छात्रों को पहले रखा था
300.wav,अंततः यह कम मृत्यु दर की ओर जाता है
301.wav,लेकिन उनको उस तरह की शोहरत नहीं मिल पाई है
302.wav,दरअसल दोनों की कहानी सड़क से ही शुरू हुई थी
303.wav,ट्रस्मा के अध्यक्ष कंदाला पापी रेड्डी ने रविवार को मीडिया से यह बात कही
304.wav,मुख्तियार का कहना था कि सद्दाम को पश्चिमी देशों ने तानाशाह बनाया
305.wav,किसान की जिन्दगी में सचमुच परेशानियों का कोई अन्त नहीं होता
306.wav,हावड़ा राजधानी एक्सप्रेस के जेनरेटर डिब्बे में आग लगी
307.wav,दरअसल इसके पीछे बदलती दुनिया की मजबूरियां भी होती हैं
308.wav,अपने व्यावसायिक कौशल को बढ़ाने के लिए उच्च शिक्षा में प्रवेश लेने की योजना बनाएंगे
309.wav,बहुत बार तो इन्हें जंजीरों से बांध कर भी रखा जाता था
310.wav,लेकिन भरूच जिले के देरोल गाँव के नज़दीक यह ट्रक दुर्घटनाग्रस्त हो गया
311.wav,युवकों ने तीन ग्रामीणों को आयुष्मान भारत का कार्ड बनाकर दे दिया
312.wav,अब इस जुर्माने को भरने के सिवाय उनके पास कोई चारा नहीं है
313.wav,इससे आपका बाहर निकला हुआ पेट जल्द ही अंदर हो जाएगा
314.wav,बताया जा रहा है कि उसकी हालत अभी गंभीर बनी हुई है
315.wav,सिंहस्थ कुंभ सिंहस्थ उज्जैन का महान स्नान पर्व है
316.wav,हालांकि इसके लिए उन्हें ग्राहकों की सहमति लेनी होगी
317.wav,एडम्स इस सीजन में अपनी टीम के लिए अब तक तीन गोल कर चुके हैं
318.wav,स्वर्ण मंदिर में पानी और बिजली की सप्लाई काट दी गई
319.wav,हिंसा के मद्देनजर एक पुलिस इंस्पेक्टर को निलंबित कर दिया गया है
320.wav,आंशिक निकासी और फंड के प्रकार में स्विच करने की सुविधा भी है
321.wav,सीएम शुक्रवार को गांव कैमरी में विजय संकल्प रैली को संबोधित कर रहे थे
322.wav,एयरबैग इशू के चलते कार रिकॉल करेगी टोयोटा
323.wav,इसके बाद आपके मोबाइल नंबर या फिर ईमेल आईडी पर एक ओटीपी मिलेगा
324.wav,ओपिनियन पोल मतदाता को गुमराह कर निश्पक्ष चुनाव में बाधा बन रहे हैं
325.wav,कोर्ट ने चुनाव आयोग से संक्षेप में हलफनामा दाखिल करने को कहा है
326.wav,देश के लाखों लोगों के साथ अपने लिए भी वह सन्न कर देनेवाला प्रहार था
327.wav,फिल्म मूल रूप में अंग्रेजी भाषा में बनाई जाएगी
328.wav,त्वचा पर चादर के नीचे हमेशा सूखा और गर्म रहता है
329.wav,कच्चे माल की लागत की गणना के लिए इस्तेमाल किया
330.wav,पलवल के रैड रॉक सिनेमा में रविवार शाम को गोलीबारी के बाद मची अफरातफरी
331.wav,वे अनाजमंडी के निरीक्षण अवसर पर व्यापारियों के बीच बोल रहे थे
332.wav,विधेयकों के पारित होने के बाद कार्यवाही शुक्रवार तक के लिए स्थगित कर दी गई
333.wav,एक महिला जिसे पश्चिम की ओर झुकाव रखने के लिए जाना जाता था
334.wav,इससे घरेलू बाजार में भी कीमतों में उछाल आया है
335.wav,मुझे लगता है कि मेरा खर्च थोड़ा बच गया
336.wav,इसके बाद इस मकान की छत पर पहुंचकर ड्रोन को उड़ाया गया
337.wav,सिद्धू आने वाले कुछ एपिसोड की शूटिंग नहीं करेंगे
338.wav,उन्होंने कहा कि पिंटू राणा उनका प्रिय साथी था
339.wav,मैं तो ये सुनकर फोन पर ही रोने लगी थी
340.wav,अमरीकी सिनेट ने अपने प्रस्ताव में बिन सलमान को इस हत्या का ज़िम्मेदार माना है
341.wav,मैं नहीं जानता कि कौन सीएम बनने का इंतजार कर रहा है
342.wav,दिल्ली में कोरोना वायरस के फैलते प्रभाव को देखकर हर कोई हैरान है
343.wav,फिल्म में अक्षय कुमार के साथ मौनी रॉय लीड रोल में हैं
344.wav,साथ ही ग्रेटर नोएडा के परी चौक इलाके में भी कीमतें इसके आसपास ही हैं
345.wav,गुल पनाग को फॉर्मूला वन कार चलाना काफी पसंद है
346.wav,पहली बार रुबीना दिलाइक ने इस सीरियल में किन्नर का रोल प्ले किया है
347.wav,किशोरी ने घर आकर आपबीती अपने परिजनों को बतायी
348.wav,लेकिन इस दफा वो कानूनी उलझनों में फंसते नजर आ रहे हैं
349.wav,पुरी को यकीन है दर्शकों को फिल्म पसंद आएगी
350.wav,वाद्य यंत्र बजाते गणेश जी भी इस दीपावली खूब डिमांड में है
351.wav,अभिभावकों के लिए मेरा कहना है कि आप फिल्म देखकर अच्छा महसूस करेंगे
352.wav,इनमें से ज्यादातर गाड़ियों को डेरा मुखी ने खास अपने लिए मॉडिफाइड करवाया हुआ था
353.wav,सावधान काटने के साथ बढ़त वास्तव में प्राप्त किया
354.wav,तभी से वे समर्पित होकर पुलिस सेवा में कार्य करते रहे
355.wav,नीति आयोग ने इदेट आयोग की सिफारिशों से सहमति व्यक्त की है
356.wav,अब फिल्म के रीमेक बनने की ख़बरें सामने आ रही हैं
357.wav,उत्तर प्रदेश की पहली एकीकृत औद्योगिक टाउनशिप अगले साल मार्च तक विकसित कर ली जाएगी
358.wav,कस्टम सबक बेहतर परीक्षा के लिए बच्चों को तैयार करने में सक्षम के रूप में
359.wav,कान्स फ़िल्म फेस्टिवल में आज कंगना रनौत का दूसरा दिन है
360.wav,उनका छोड़कर जाना कांग्रेस के लिए झटका माना जा रहा है
361.wav,इसके तहत स्टार्टअप को छोटे और लघु उद्योगों के लिए बनी नीतियों का फायदा मिलेगा
362.wav,जिस व्यक्ति के यहां नरसिंहपुर में सागौन लाई जा रही थी वह फरार है
363.wav,यहां तक की रसीदें छपवाकर रॉयल्टी वसूलना भी शुरू कर दी है
364.wav,इसे मेकअप हटाने के लिए भी इस्तेमाल किया जा सकता है
365.wav,अपनी यात्रा के दौरान उन्होंने कार्यों का निरीक्षण कर अफसरों को टिप्स भी दिए
366.wav,इन सब वजह से यह और भी खास हो जाती है
367.wav,वैसे इसमें बुरा मानने या लगने जैसी कोई बात भी नहीं है
368.wav,साथ ही अक्षय कुमार की एक तस्वीर साझा की है
369.wav,आमिर खान इन दिनों अपनी फिल्म दंगल के चलते सुर्खियों में बने हुए हुए हैं
370.wav,शुक्रवार को शेयर बाजार में लगातार दूसरे दिन तेजी देखी गई है
371.wav,एसएचओ ने तुंरत हरकत में आते हुए बेरीकेड्स लगाकार कार को राकेन के निदेश दिए
372.wav,उन्होंने फिल्म में गीता फोगत के बचपन का किरदार निभाया था
373.wav,युवक चचेरे भाई की शादी में शामिल होने के लिए आया था
374.wav,पाइनएप्पल में पाया जाने वाला एंजाइम इस पर ही काम करता है
375.wav,इस दौरान पिटाई से दो की घटना स्थल पर ही मौत हो गई
376.wav,सार्वजनिक क्षेत्र की ओएनजीसी की अनुषंगी एमआरपीएल ने एक बयान में इसकी जानकारी दी
377.wav,इसके बाद वो बदमाश पुलिस की वर्दी व जीप में बमुरहा गांव पहुंचे
378.wav,केजरीवाल छह मंत्रियों के साथ रविवार को शपथ लेंगे
379.wav,महिला और पुरुष की खूबसूरती उनकी हाइट को माना जाता हैं
380.wav,गेर के मद्देनजर प्रशासन ने विशेष सुरक्षा के इंतजाम किए हैं
381.wav,साथ ही इस दिन उन्हीं की तरफ से भोग भी लगाया जाता है
382.wav,रेल मंत्रालय इसी तैयारी में पूरी तरह से जुटा हुआ है
383.wav,ओबीसी के निलंबित अधिकारी के आवास पर सीबीआई का छापा
384.wav,उनकी इस ताज़ा सफलता में उनकी व्यवहार कुशलता को बड़ी वजह बताया जा रहा है
385.wav,दरअसल सिर पर दुपट्टा न होने पर मेवाराम ने पत्नी ओमवती को नसीहत दी थी
386.wav,इससे पहले इंटेलिजेंस ब्यूरो देश के साथ विदेशों में भी गुप्तचर का काम करती थी
387.wav,यह सुविधा फैमिली प्लोटर आधार पर प्रदान की जाएगी
388.wav,एक मिक्सिंग बाउल में चारों अंडों को तोड़कर अच्छी तरह से फेंट लें
389.wav,कपिल सिब्बल ने सुप्रीम कोर्ट को भी अपने लपेटे में ले लिया
390.wav,इसमें दिल्ली मुंबई औद्योगिक कॉरिडोर और उच्च गति वाली रेल परियोजना शामिल हैं
391.wav,इस अभियान के अंतर्गत आज रावमावि कमौदा में बच्चों द्वारा स्वच्छता रैली निकाली गई
392.wav,आज भले ही बेटियां किसी भी क्षेत्र में पीछे नहीं हैं
393.wav,अब इस फोन को एक नए कलर वेरिएंट में पेश किया गया है
394.wav,भारत की खाद्य सुरक्षाः तथ्य एवं मिथक और किसान आंदोलन
395.wav,शो लाइट्स कैमरा एक्शन में इस बार आए अरबाज खान
396.wav,इसके बाद वे ट्विटर पर ट्रोल होने लगे थे
397.wav,इसके बाद भी वह राजनीति में पिछले पांच चुनाव में पराजित होते आये थे
398.wav,लेकिन इस पर पीठ ने कोई प्रतिक्रिया नहीं दी
399.wav,प्रतापगढ़ में भारी बारिश से अब तक चार लोगों की दर्दनाक मौत हो गई
400.wav,वैसे प्रदेश का इतिहास रहा है यहां हर बार सरकार बदल जाती है
401.wav,पवन के प्रिय पात्रों में लालू प्रसाद शामिल है
402.wav,उन्होंने कहा कि मुख्यमंत्री ने प्रदेश में समग्र विकास की रूपरेखा तैयार की है
403.wav,आस्ट्रेलिया के सीमित ओवरों के कप्तान आरोन फिंच तीसरे स्थान पर हैं
404.wav,तुम भी एक छोटे से नींबू का रस जोड़ सकते हैं
405.wav,बर्फ के फाहों की उम्मीद लिए सैलानियों का मनाली आना शुरू हो गया है
406.wav,जलसंकट को देखते हुए वाटर ट्रीटमेंट प्लांट जरूरी है
407.wav,विपक्षी लेबर पार्टी थेरेसा के खिलाफ अविश्वास प्रस्ताव लेकर आई थी
408.wav,दो किलोमीटर तक दूर जाकर पानी लाना पड़ता है
409.wav,आप अपने लिए तांबे या स्टील की गति चुन सकते हैं
410.wav,पश्चिम में इस तर्क को लेकर मैदान में उतरने वाली वे अकेली नहीं हैं
411.wav,उस समय यह स्थान बेरी के पेड़ से भर गया था
412.wav,उन्होंने इसकी शिकायत एसडीएम सुनील कुमार शुक्ला से भी की है
413.wav,दंतेवाड़ा प्रत्याशी भीमा मंडावी भाजपा कार्यालय से रैली के साथ नामांकन दाखिले हेतु रवाना होंगे
414.wav,इलियाना और अक्षय की पेयरिंग के कारण लोगों का ध्यान कहानी से नहीं हटा
415.wav,लगातार कार्रवाई के बाद नहीं रुक रहा अवैध रेत खनन और परिवहन
416.wav,ऐसे लोगों के लिए कुछ किए जाने की ज़रूरत है
417.wav,ऐसे लोगों को तो चौराहे पर खड़ा करके पूरे पब्लिक व्यू में कोडे़ मारने चाहिए
418.wav,जिससे यात्री सफ़र के दौरान इंटरनेट का आनन्द ले सकेंगे
419.wav,अधिकारियों ने कहा कि दिल्ली हवाई अड्डे पर उड़ान में देरी भी दर्ज की गई
420.wav,सोनिया गांधी शनिवार को कांग्रेस संसदीय दल की नेता चुनी गईं
421.wav,अगर हम इस तरह के मुद्दे पर जाएंगे तो कई वैश्विक मुद्दे हैं
422.wav,भविष्य में इस सम्मान को और भी बढ़ाया जा सकता है
423.wav,आरटीसी कर्मचारी जेएसी का बस रोको तनाव के बीच जारी है
424.wav,एलजी नजीब जंग की अध्यक्षता में शुक्रवार को डीडीए की बोर्ड मीटिंग हुई
425.wav,हिरासत में आरोपियों ने अपना गुनाह कबूल कर लिया
426.wav,बिजली की आपूर्ति के इस प्रकार के मुख्य समस्या विद्युत चुम्बकीय क्षेत्र है
427.wav,जहां जितने टीचर्स की होगी जरूरत उतने ही शिक्षार्थी लगाएंगे
428.wav,गर्मी अधिक होने से उन्होंने घर का दरवाजा बंद नहीं किया था
429.wav,इसके लिए आप अपने लिंग पर नियमित रूप से घी की मालिश कर सकते हैं
430.wav,इससे पहले भारत का मुकाबला बुधवार को दक्षिण अफ्रीका के साथ हुआ था
431.wav,ग्रीष्मकालीन सब्जी सलाद के साथ दही भरना अच्छा होता है
432.wav,कार्तिक की इस मेहनत ने निर्देशक लव रंजन को भी प्रभावित किया
433.wav,बता दें कि बिक्सबाई लगभग गूगल असिस्टेंट और सिरी की तरह ही काम करता है
434.wav,कार्यक्रम में कोई विशेष ज्ञान या कार्यों के सेट की आवश्यकता नहीं है
435.wav,तो बॉलीवुड एक्ट्रेस श्रद्धा कपूर का यूं आया रिएक्शन
436.wav,भोपाल में इंस्टीट्यूट फॉर ट्रेनिंग ऑफ ट्रेनर बन गया है
437.wav,जिला मजिस्ट्रेट और जिला जांच कमेटी इन्हें पहचान का सर्टिफिकेट जारी करेगी
438.wav,फिर भी बुमराह की अहम पारी का अंत
439.wav,पत्रकारिता अपने लिए नायकों की स्वयं तलाश कर रही थी
440.wav,आज नेता कांग्रेस का टिकट वापस करने पर उतारू हैं
441.wav,पीएम मोदी ने रविवार को सर्वदलीय बैठक में भाग लिया
442.wav,उसके दो बच्चे थे और रईस के तीन बच्चे थे
443.wav,शवों को झील से बाहर निकाला गया और हैरान कर देने वाला खुलासा हुआ
444.wav,मैं मानता हूं कि हमने थियेटर्स में रिलीज करने का सही फैसला लिया था
445.wav,न्यूजीलैंड ने एक साल में पहली बार पांच टेस्ट जीते
446.wav,आगंतुकों अक्सर पता है कि कैसे एक ही क्षेत्र के कई तुला है मुश्किल है
447.wav,इसके बाद सभी करेलों को एक छोटे टब में डाल लें
448.wav,उन्होंने यह भी सिलिकॉन के साथ ठीक किया जा सकता
449.wav,वे भी अपने कैरेक्टर में पूरी तरह ढले हुए नजर आए
450.wav,इसके लिए मंगलवार को राज्य मंत्रिमंडल ने मंजूरी दी
451.wav,दूसरी चुनौती निपटान गारंटी है ताकि एनएसईएल जैसी घटनाएं न हों
452.wav,सिनेमा का उनका इतिहास बीसवीं सदी की पहली छमाही से है
453.wav,रेलवे स्टेशनों की दीवारें सबकुछ बयां कर देंगी
454.wav,डिफेंस कॉरिडोर की स्थापना की दिशा में तेजी से काम जारी है
455.wav,धार्मिक भावना भड़काने के प्रयास के लिए मेरे नाम का इस्तेमाल किया गया
456.wav,पूर्व विधायक ने इसकी शिकायत पुलिस को दी
457.wav,इसमें आवासीय और वाणिज्यिक निर्माण प्रोजेक्ट की संख्या सबसे ज्यादा है
458.wav,वहीं एक और यूजर ने लिखा है कि कितना गंदा सेंस है
459.wav,इससे समझा जा सकता है की महिलाएं घर में रहकर सुरक्षित हैं
460.wav,इसे देखते हुए यहां भी ट्रेनों का परिचालन बंद कर दिया गया है
461.wav,खबर थी कि गाने की शूटिंग के सेट की वो फोटो है
462.wav,वहीं ग्रामीणों के सामने आजीविका की समस्या उत्पन्न होती जा रही है
463.wav,हमारी गेंदबाजी गजब की रही और ये आने वाले मैचों के लिए अच्छे संकेत हैं
464.wav,गाजर से आप कई स्वादिष्ट और स्वस्थ व्यंजन बना सकते हैं
465.wav,दशहरा पर लोग इसका दर्शन करने के लिये बहुत ललायित रहते हैं
466.wav,उसने सुतली बम को सुखाने के लिए उनके मकान की छत पर रखा दिया था
467.wav,आरोप लगाने भर से ही अपराध नहीं माना जा सकता
468.wav,आंखों के अलावा स्किन को भी कर रहा प्रभावित
469.wav,वहाँ टीका प्रशासन के बाद रोग की मामले थे
470.wav,एक मामूली बात को लेकर बागपात में दलितों को कुछ दबंगों ने पीट दिया
471.wav,यानी उद्धव को अब अपने चचेरे भाई से कोई चुनौती नहीं है
472.wav,फिर इसमें ग्राइंड किए छुहारे डालें और सुनहरा रंग होने तक पकाएं
473.wav,ऐसे सभी स्थानों से बल वापस बुलाने का निर्णय लिया गया है
474.wav,मौसम विज्ञानी की मानें तो राज्य में मानसून की सक्रियता देखी जा सकती है
475.wav,इससे बैंक ने उससे बकाया जमा करने को नोटिस भेजा
476.wav,यह पूरे खंड को एक नई स्थिति देता है
477.wav,उधर इस बार प्राण साहब को दादा साहेब फाल्के मिलना था
478.wav,कुल मिलाकर इस सम्मलेन से भारत को काफी लाभ हुआ है
479.wav,बैठक में प्रमुख सचिव वाणिज्यिक कर मनोज श्रीवास्तव सहित अन्य अधिकारी मौजूद थे
480.wav,मैं जानता हूं कि शीघ्र ही वायरस पर काफी किताबें लिखी जाएंगी
481.wav,बाकी कैटेगरी के खिलौने भी बच्चों की फिजिकल एक्टिविटी को बढ़ावा देने वाले हैं
482.wav,कुल मिलाकर यह संस्थान प्रशिक्षुओं को किताबी ज्ञान देने तक ही सीमित नहीं है
483.wav,ऐसी दवा के उपयोग के लिए विरोधाभास कम अम्लता वाले गर्भावस्था और गैस्ट्र्रिटिस है
484.wav,फिल्म के प्रति लोगों की उत्सुकता फिल्म निर्माता अच्छे से समझते हैं
485.wav,कार्यक्रम में एडिशनल एसपी कांगड़ा उमापति जम्वाल ने बतौर मुख्य वक्ता अपनी उपस्थिति दर्ज करवाई
486.wav,इसके बाद इसे चेहरे औऱ गर्दन में लगदा लें
487.wav,भारतीय टीम के कोच स्टीफन कांस्टेनटाइन ने दो बदलाव किए
488.wav,इसके लिए हर मनुष्य को अनुशासित व संस्कारित होना
489.wav,रेलवे पुलिस ने अज्ञात शख्स के विरुद्ध मामला दर्ज कर लिया है
490.wav,अच्छे से अच्छे वक्त में भविष्य के बारे में अनुमान लगाना मुश्किल काम होता है
491.wav,शेष सीटों के लिए ऑपरेटर बाजार कीमत के हिसाब से किराया वसूल सकते हैं
492.wav,इसमें सेना सहित सुरक्षा बलों को अलर्ट कर दिया है
493.wav,किसी खास व्यक्ति या स्त्री के बारे में सोचते रहना
494.wav,ट्रंप के भारत दौरे पर मुकेश अंबानी का बयान
495.wav,कभी भी अपने पैरों को घसीट कर नहीं चलें
496.wav,आज जैन कमेटी महिलाओं के मुद्दे पर लेगी फीडबैक
497.wav,वेस्टइंडीज में टीम इंडिया ने पहली बार एक सीरीज में दो टेस्ट मैच जीते
498.wav,पसंदीदा भोजन के रूप में बिरयानी की मांग कोई अहानिकर मांग नहीं थी
499.wav,प्रमुख प्रबंधन कर्मचारियों और उनकी विशेषज्ञता के बारे में जानकारी प्रदान करें
500.wav,आज हम दोनों भाई इस दौर की नुमाइंदगी कर रहे हैं
501.wav,कहना मुश्किल है कि यह बातकितनी सच है
502.wav,भारत में ऐसा होने की जरुरत भी है
503.wav,आइए हम अपने विश्वास को नवीनीकृत करें और मनुष्य को प्रतिज्ञा दें
504.wav,इटली के पाउओ रोसी ने टूर्नामेंट में कमाल का प्रदर्शन किया था
505.wav,डिश टीवी जैसे कुछ शेयर ज्यादातर ब्रोकरों के पसंदीदा बने हुए हैं
506.wav,इसमें हलाल फूड के उत्पादों के व्यापार का नाम लिया जा सकता है
507.wav,गिटार परिवहन के लिए भी आसान हैं और मांग में बहुत अधिक हैं
508.wav,कई बार इसके विमान भारतीय सीमा से काफी दूरी पर उड़ते नजर आए हैं
509.wav,नशीले पदार्थों के शौकिया इस्तेमाल से युवाओं को ख़तरा
510.wav,इस तरह का आंदोलन कर लोगों को भाजपा क्या संदेश देना चाह रही है
511.wav,जीवन स्तर के बढ़ते खर्च को ध्यान में नहीं रखा गया है
512.wav,दर्द को खत्म करने और सूजन को कम करने के लिए मोमबत्तियां
513.wav,उन्हें हमेशा ऐसे कार्यक्रमों में नज़रअंदाज़ किया जाता रहा है
514.wav,मैरियटा की इन बातों के बाद वहां बिल्कुल सन्नाटा पसर गया
515.wav,प्लास्टिक सर्जरी से पहले ऐसे दिखती थी आपकी पसंदीदा टीवी अभिनेत्रियाँ
516.wav,इस गीत को गाया है खुद गिप्पी गरेवाल ने
517.wav,सरकार की गलत नीतियों से युवा विदेशों में धक्का खाने को मजबूर
518.wav,इनके अभाव में लगता है कि हम एक दूसरे के लिये समस्या बने रहेंगे
519.wav,कामकाज और वैवाहिक जीवन भी अच्छा रहने वाला है
520.wav,संतरागाछी रेलवे स्टेशन हावड़ा से दस किलोमीटर दूर स्थित है
521.wav,कार्यशैली में पारदर्शिता रखेें अन्यथा आक्षेप आ सकते हैं
522.wav,सर्दियों में होंठों को सुरक्षित रखने के लिए जानिए घरेलू नुस्खे
523.wav,यह एकमात्र मामला है जिसमें हाई प्रोफाइन आरोपी को सजा हुई है
524.wav,यहां वे पत्नी और छोटे बेटे हार्दिक के साथ रहते थे
525.wav,ऑस्कर के दोस्त और स्टेशन पर मौजूद लोग इस पर कड़ी आपत्ति करते हैं
526.wav,आस्ट्रेलिया की ओर से डॉग बोलिंगर और मिशेल जानसन सबसे कामयाब गेंदबाज रहे
527.wav,तालिबान का कहना था कि वो सरकार से इस समझौते के बाद ही बात करेगा
528.wav,ऐसे में देश की जनता ने कांग्रेस को बाहर करना तय किया है
529.wav,यानी कि ओलावृष्टि के बाद प्रशासन ने दोबारा सर्वे कराने कहा हैं
530.wav,यह क्रम आज से नहीं बल्कि कई वर्षो से चल रहा है
531.wav,एसीबी निदेशक ने बताया कि ईएसआई घोटाले में विजिलेंस की रिपोर्ट आई है
532.wav,इसके पीछे जम्मू को कश्मीर के समान हिन्दूविहीन करने का जिहादी विचार था
533.wav,बाद में अनिल को भाई बोनी और लोगों ने समझाया
534.wav,प्रत्यक्षदर्शियों के मुताबिक मौलानाओं के नेतृत्व में भीड़ बलपूर्वक मंदिर में दाखिल हुई
535.wav,मका एक प्रकार की मशरूम जैसी दिखने वाली सब्जी होती है
536.wav,मलाइका ने आउटिंग के लिए नेवी ब्लू रंग का वेलवेट रोपर चुना
537.wav,एक छोटा लेकिन अलग बदलाव कलर एक्सट्रेक्शन फीचर है
538.wav,न्यायालय ने जेल में बिताई अवधि सजा में समायोजित किए जाने के भी आदेश दिए
539.wav,राहुल ढोलकिया निर्देशित फिल्म गुजरात में शराब की तस्करी करने वाले व्यापारी पर आधारित है
540.wav,कोर्ट के निर्देश पर ही यह नियम लागू किया जा रहा है
541.wav,डॉकटर और सेना के जवानों को मैं सैल्यूट करता हूं
542.wav,जीवन से ऊब उसे लगातार साहसिक और चुनौती भाग्य की तलाश है
543.wav,बड़ों के मुकाबले बच्चों की स्किन को पांच गुना ज्यादा केयर चाहिए होती है
544.wav,इसके बाद पुलिस द्वारा मृतक के पिता को इस बात की सूचना दी गई
545.wav,उसका एक पैर ऑपरेशन से काटा जा चुका था
546.wav,इस मामले में पुलिस ने अज्ञात चालक के खिलाफ मामला दर्ज कर लिया
547.wav,प्रदेश के एक पूर्व कैबिनेट मंत्री ने यहां आलीशान मकान बनाया है
548.wav,प्रखंड एवं पंचायत स्तरों पर पृथक केंद्रों की व्यवस्था हो
549.wav,आइए देखें कि कौन सा टीवी सबसे ऊपर आया
550.wav,पत्नी रश्मि गुप्ता एक निजी स्कूल में शिक्षिका हैं
551.wav,दोनों देशों सहित पुरे विश्व में लोग इस मैच को बड़ी संख्या में देखते हैं
552.wav,राज्य सरकार ने दोनों दुर्घटनाओं की जांच के आदेश दे दिये हैं
553.wav,इस बीच आरोप है कि लड़की को मारकर तीनों आरोपियों ने पेड़ से लटका दिया
554.wav,पत्नी व बेटा उसके साथ अकसर झगड़ा करने लगे
555.wav,कच्चे पानी को ट्रीटमेंट प्लांट तक ले जाना एक बड़ा टॉस्क बना हुआ है
556.wav,अभी भी कई के मलबे में दबे होने की आशंका है
557.wav,कंपाउंडर के दूसरे नवल्जीन के इंजेक्शन से भी उसे कुछ फायदा नहीं हुआ
558.wav,दीपिका के पति शोएब इब्राहिम का सपना था कि वो ये एक्सपेनसिव बाइक खरीदें
559.wav,यह थंडरबोल्ट आइकन से पहले आयोजित किया जाना चाहिए
560.wav,ब्रेट कावानाह ने अमेरिका के सुप्रीम कोर्ट के न्यायाधीश के रूप में ली शपथ
561.wav,साथ ही उसने किसी लोहे के छड़ के इस्तेमाल से भी इंकार किया है
562.wav,उन्होंने कहा कि किसी भी राष्ट्र को सुव्यवस्थित चलाने के लिए अनुशासन बहुत जरूरी है
563.wav,इस बीज की यह तसल्ली भी नहीं कि यह नकली है या असली
564.wav,ईरानी राष्ट्रपति हसन रुहानी ने ट्वीट कर अमेरिका को चेतावनी दी है
565.wav,इसके बावजूद महिलाओं को पितृसत्तात्मक समाज में दूसरे दर्जे का माना जाता है
566.wav,देवोलीना भट्टाचार्जी और विकास गुप्ता ने की घर में एंट्री
567.wav,इससे पता चलता है कि शेयरधारिता का लोकतंत्रीकरण हो रहा है
568.wav,महेंद्र सिंह धोनी को लेकर फिर बोले गौतम गंभीर
569.wav,सरकार के इस कदम से हिंदूवादी संगठनों में खुशी की लहर दौड़ पड़ी है
570.wav,यह नुकसान पिछले मात्र दो सप्ताह में हुआ है
571.wav,मैथिली और अपने अन्य बच्चों को उन्होंने ही संगीत की शिक्षा दी है
572.wav,दुर्भाग्य से आज मौसम के कारण वह बाहर गेंदबाजी नहीं कर पा रहा था
573.wav,जिस तरह से किसानों की कर्जमाफी की बात कही जा रही है
574.wav,साथ ही लड़के को गांव से बाहर चले जाने को कहा गया
575.wav,इससे साबित होता है कि कांग्रेस के पास विश्वास नहीं बचा
576.wav,उनके खिलाफ कंपनी प्रबंधन को लगतार शिकायतें प्राप्त हो रही थी
577.wav,किताबों को छपवाने में करोड़ों रुपए खर्चने के बाद भी बच्चे गलत पढ़ रहे हैं
578.wav,धोनी की बायोपिक का हिस्सा बनने पर अनुपम खेर को हुआ गर्व
579.wav,यह भी सूक्ष्मता की आवश्यकता है प्याज काटना और पनीर कस
580.wav,तैयार होने के पहले से ही आर्थिक दान का प्रस्ताव मिलना प्रारंभ हो गया था
581.wav,ऐसी परेड करवाकर नई पत्नी के रूप में चुनते हैं राजा
582.wav,उन्होंने आश्वासन दिया कि यह कार्य जल्द शुरू कर दिया जाएगा
583.wav,रिकॉर्ड स्तर पर पहुंची बेरोजगारी पर इस सेक्टर में बढ़े हैं नौकरियों के अवसर
584.wav,इसलिए यहां सभी दलों ने ज्यादातर मुस्लिम प्रत्याशियों को ही चुनावी मुकाबले में उतारा है
585.wav,झारखंड की इन दो बेटियों ने टोक्यो ओलंपिक में शानदार प्रदर्शन किया
586.wav,जिसके कारण आप उसकी सेहत को लेकर परेशान रहेगे
587.wav,लेमन टी बनाना बहुत ही आसान होता है सबसे पहले पानी को उबालें
588.wav,लिहाजा फोकस अब ऐसे इकोसिस्टम्स के विस्तार में मदद करने पर है
589.wav,आपने सुना हो कि उन दोनों बहनों का चेहरा पूरी तरह जल गया था
590.wav,इन गाडिय़ों के लिए निविदाएं आमंत्रित की जा रही हैं
591.wav,लोग नोटों को पाने के लिए एक दूसरे को धक्का दे रहे थे
592.wav,मौके पर उन्होंने समाज को धर्म प्रचार करने के लिए आह्वान किया
593.wav,प्रधानमंत्री नरेंद्र मोदी को नागा साधु के रूप में देखना चाहता है मीडिया गिरोह
594.wav,हम में से कई तो क्लास जाने से भी डर रहीं हैं
595.wav,कोने वाले टेबल पर एक अधेड़ उम्र के सरदार
596.wav,जो स्टार्स प्रमोशन के लिए आयेंगे उन्हें लोनावला की तरह लंबाट्रैवल नहीं करना होगा
597.wav,इसीलिए साफ तौर पर कुछ नहीं कहा जा सकता
598.wav,टेस्ट के दो बेजोड़ तकनीकी बल्लेबाजों को छोड़कर बाकी पूरी भारतीय टीम धराशाई हो गई
599.wav,ताकि किसी भी प्रकार से इस लाइलाज वायरस का संक्रमण न हो सके
600.wav,चोकसी को डोमिनिका उच्च न्यायालय ने स्वास्थ्य के आधार पर सोमवार को जमानत दी थी
601.wav,कुंडा के निर्दलीय प्रत्याशी रघुराज प्रताप सिंह ऊर्फ राजा भैया फिर चुनाव जीत गए हैं
602.wav,यह डिप्लोमा के लिए फ़ोल्डर फंसाया जाना चाहिए के रूप में
603.wav,वैसे छोटे पर्दे से शाहरुख का परिचय नया नहीं है
604.wav,कोरोना वायरस से बचाव के लिए करें खास उपाय
605.wav,अधूरी जानकारी पर आधारित ऐसी जानकारियां आयुर्वेद की सदियों पुरानी प्रथाओं को बदनाम करती हैं
606.wav,कंपनी के मुताबिक एनिवर्सरी एडिशन को मिड वेरिएंट पर तैयार किया गया है
607.wav,भाजपा सरकार अभी निद्रा के मूड में ही लग रही है
608.wav,सेवा शुल्क के साथ ही म्हाडा सेवा शुल्क देरी से भरने का जुर्माना भी लेगी
609.wav,दूध पीने के बाद तीनों की हालत बिगड़ गई
610.wav,मरीज बेड पर लेटे हैं और नीचे बारिश का पानी बह रहा है
611.wav,मुंबई में भारी बारिश के चलते कई इलाकों में बाढ़ जैसे हालात बन गए हैं
612.wav,खंड स्तरीय मुख्यमंत्री स्कूल सौंदर्यकरण प्रतियोगिता का परिणाम घोषित कर दिया गया है
613.wav,पत्नी के अनुसार उनको मानसिक रोग था जिसका इलाज रीवा में चल रहा था
614.wav,इससे कर्मचारी के मन में उपेक्षा का भाव पैदा होता है
615.wav,ऐसी ही मिसाल धर्मपुर विस की चोलथरा पंचायत की तीन बेटियों ने पेश की है
616.wav,शहर के मुख्य मार्गो पर माँ दुर्गा की भव्य शोभायात्रा निकाली गयी
617.wav,सिंधिया परिवार के सदस्य भी भाजपा में सेवाभाव से काम कर रहे हैं
618.wav,फ्री राइड के लिए एक खास टिकट जारी किया जाएगा
619.wav,हमारे पास एक ग्राहक के रूप में भी विपरीत अनुभव है
620.wav,स्मार्ट फोन प्रणाली में भविष्य कहनेवाला पाठ इनपुट प्रदान की जाती है
621.wav,राज्य निहत्थे और आत्मरक्षा करने में अक्षम लोगों के खिलाफ बल प्रयोग नहीं कर सकता
622.wav,समीक्षाधीन सप्ताह में बीएसई के मिडकैप और स्मॉलकैप सूचकांक ने सेंसेक्स से बेहतर प्रदर्शन किया
623.wav,पुलिस ने कार्यवाही करते हुए पहले मां को बाल कल्याण समिति के पास भेजा था
624.wav,इसके बाद बालों को सामान्य पानी से अच्छी तरह से साफ करें
625.wav,जेडीयू ने आरजेडी सूुप्रीमो लालू यादव पर गंभीर आरोप लगाए हैं
626.wav,हो सके तो विवाद को टालने की कोशिश करे
627.wav,वहां के लोगों की सुरक्षित और अधिक आमदनी है
628.wav,आतंकी फंडिंग में कई लोग बनाये गये हैं आरोपी
629.wav,जौ अगर सूखी और पीली होकर झरने लगे तो यह अशुभ संकेत है
630.wav,डीडीसीए ने संबंधित सरकारी विभागों से अनुमति नहीं मिलने का हवाला दिया है
631.wav,विस्फोट से आसपास की इमारत के शीशे टूट गए
632.wav,दोपहर को अज्ञात कारणों के चलते ढाबे में आग लग गई
633.wav,लेकिन शायद यूपी और बिहार के वोट की वजह से वे बच जाएंगे
634.wav,यानी टैक्स में रियायत देने से इलाके का औद्योगिक विकास नहीं होता होगा
635.wav,चाहे वो जापान में आई सुनामी हो या तमिलनाडु में आया तूफान हो
636.wav,लेकिन फिलहाल उस पर काम हो नहीं पाया है
637.wav,और अधिक पंख आप और अधिक गंभीर कठिनाइयों का सपना होगा आप का इंतजार है
638.wav,मौके पर जिलाधिकारी रवि कुमार एनजी और पुलिस अधीक्षक पुष्पांजलि भी मौजूद हैं
639.wav,इसके बाद फिर से इस शिखर के स्थान पर नई छत का निर्माण किया गया
640.wav,पीडि़ता के मुताबिक इस दौरान बदमाश उसके बैग को भी छीन कर ले गए
641.wav,वायु सेना ने न्योमा को पूर्ण एयरबेस बदलने की योजना पेश की थी
642.wav,आम नागरिकों के लिए वह सदा ही भय की प्रतीक रही है
643.wav,तीनों सदस्यों ने कौशाम्बी थाना क्षेत्र के बालू घाट का निरीक्षण किया
644.wav,ऐसी स्थिति में अन्वेषण प्रभावित नहीं हो सकता है
645.wav,यह पृथ्वी पर सबसे बड़ा महासागर के पानी विस्तार का एक सुंदर दृश्य है
646.wav,चित्रा सरवारा ने कहा कि इन तीनों की पहचान हैरान करने वाली है
647.wav,इस प्रतियोगिता के विजेता को एक लाख रुपए का विज्ञापन ब्रांड दिया जाएगा
648.wav,आंवले की प्रवृत्ति ठंडी यानी शीत होती है
649.wav,जिन्हें लेकर वो चर्चा में रहती हैं और फैंस पर कहर ढाती हैं
650.wav,यह उस दिन आया है जब संविधान दिवस मनाया जा रहा है
651.wav,सीरिया संकट के अंतर्राष्ट्रीय ख़तरे के बारे में फ़्रांस की चेतावनी
652.wav,हालांकि उन्होंने सुबह में जमशेदपुर पश्चिमी से चुनाव लड़ने की बात कही थी
653.wav,इस आदमी के लिए धन्यवाद लगातार बायलर में होना जरूरी नहीं है
654.wav,ऐसे में आपको लोन उसी हिसाब से मिलेगा जितनी आपकी सैलरी स्लिप गवाही देती है
655.wav,ताकि बाहर से आने वाले लोगों से वायरस अस्पताल में न आए
656.wav,घर में चटकीले रंग करवाने से घर में नीरसता छा जाती है
657.wav,लेकिन फर्श में सर्दी स्कर्ट में उज्ज्वल रंग बहुत आदी नहीं हैं
658.wav,अनुमानों के अनुसार सोमवार जून माह का सबसे गर्म दिन भी साबित हो सकता है
659.wav,पीएम मोदी के अलावा मंत्री और उद्योगपति भी देंगे भाषण
660.wav,विशेष तंत्र के माध्यम से निर्माण क्रेन चढ़ते के विकास के रूप में
661.wav,किसानों द्वारा आत्महत्या के कारण भी कुछ एेसे ही हैं
662.wav,उनके नेतृत्व में सिख समुदाय के इतिहास में क्रांतिकारी परिवर्तन आया
663.wav,संदेही से हत्या के संबंध में महत्वपूर्ण सुराग हाथ लगे
664.wav,जेरुसलम पर डोनाल्ड ट्रंप के फैसले के बाद यहां फीका जा रहा है क्रिसमस
665.wav,फिल्मकार विक्रम भट्ट का कहना है कि फिल्म उद्योग में लोग असुरिक्षत हैं
666.wav,जिसे बेबो ने हाई पोनी टेल के साथ टाइअप किया था
667.wav,ये ऐसे मुकाबले हैं जिसमें मैं शामिल होना चाहता हूं
668.wav,दूसरी खेप हिंद महासागर के रास्ते आ सकती है
669.wav,भारतीय रेल व्यवस्था अव्यवस्थाओं के दौर से गुजर रही है
670.wav,जयंत सिन्हा ने मसूद अजहर को लेकर दिया बयान
671.wav,शहला के खिलाफ सुप्रीम कोर्ट में आपराधिक शिकायत दर्ज करवाई गई है
672.wav,भूमि हो या मकान किसी में निवेश कर सकते हैं
673.wav,प्रत्येक कैप्सूल गेहूं के बीज का तेल होता है
674.wav,तो कोई सरकार के बजट से खुश है तो कोई काफी निराश है
675.wav,वहां से देर शाम को लौटकर टेंपो से गांव के बस अड्डे पर पहुंचे
676.wav,सुंदरता और सेहत के लिहाज से नारियल और नारियल पानी फायदेमंद होता है
677.wav,घड़ी के इस नमूने से कई राज खुद ब खुद खुल जाएंगे
678.wav,उन्होंने कहा कि हमारा परिवार बॉर्डर से सटी कंटीली तार के पास खेती करता है
679.wav,उन्होंने अपना दसवां लिस्ट ए शतक भी छक्के से पूरा किया
680.wav,लेकिन इस बार भी किसी को कोई भनक तक नहीं लगी
681.wav,भारतीय यूज़र्स को अभी इसके लिए थोड़ा सा और इंतजार करना होगा
682.wav,ऐसा लगता है कि हर उत्पाद है एक मुद्रा मूल्य
683.wav,इस नदी के मुहाने पर कई अवैध झोपड़ो ने अतिक्रमण कर रखा था
684.wav,चांदनी को इलाज के लिए सीएचसी बाघराय ले जाया गया
685.wav,आम आदमी पार्टी का भी महाराष्ट्र पंचायत चुनाव में खुला खाता
686.wav,एमसी आफिस में स्कैनिंग के बाद ही मिलेगी एंट्री
687.wav,आरोप है कि उसने अपनी भाभी और भाई की गोली मारकर हत्या कर दी थी
688.wav,देखने में यह फोन जितना आकर्षक है उतने ही इसके फीचर्स भी शानदार हैं
689.wav,कई राज्य सरकारों के अनुरोध के बाद यह बदलाव किया गया है
690.wav,उन्हें जब अस्पताल लाया गया था तब उनका शुगर लेवल तीस था
691.wav,इन अन्य गठबंधन पार्टियों ने से एक पार्टी है समाजवादी पार्टी
692.wav,पहले तो यहां भीड़ बढ़ाने के लिए स्कूली बच्चों को
693.wav,लालू यादव ने नीतीश कुमार को महागठबंधन का नेता माना
694.wav,इसके लिए हिंदी अपना रास्ता खुद बना रही है
695.wav,इससे पहले वो फरीदाबाद के एक अस्पताल और दिल्ली के सफदरजंग अस्पताल में भर्ती रहा
696.wav,हिसार की इस खाप का ऐलान सुन कांप जाएंगे बलात्कारी
697.wav,वे कहते हैं कि राम कभी बंगाल की राजनीति पर नहीं छाए थे
698.wav,मैच को जीतने के लिए भारतीय जोड़ी को दो घंटे पसीने बहाने पड़े
699.wav,विकेट कीपिंग और लक्ष्य का पीछा करने में भी उनका कोई शानी नहीं है
700.wav,इसी बीच राजकोट से आचार संहिता के नियमों के उल्लंघन के मामले सामने आए हैं
701.wav,दिलजीत की बात करें तो वह ब्लैक कुर्ते पजामे में नजर आ रहे हैं
702.wav,जान्हवी कपूर मां श्रीदेवी के बर्थडे पर तिरुपति पहुंचीं
703.wav,पीक्ूयआरएसटी पैटर्न में पढ़ने से पहले विषय पर एक सरसरी नजर डालना
704.wav,इसका उद्देश्य मिड रेंज स्मार्टफोंस में पाए जाने वाले प्रीमियम प्रोसेसर के फीचर्स लाना है
705.wav,इसके अलावा जंगले व शीशे भी टूटे हुए हैं
706.wav,कांसुलों की अपेक्षा इन नए मजिस्ट्रेटों के अधिकार कुछ कम थे
707.wav,हर सोशल मीडिया पर पुलिस द्वारा कड़ी पूरी नजर रखी जा रही है
708.wav,लेकिन कंग्रेस ने इस प्रस्ताव को ठुकरा दिया था
709.wav,कराची किंग्स के लिए मुंबई इंडियंस के ग्ल्वस पहनकर खेले रदरफोर्ड
710.wav,डिजाइनर एक मोनोफोनिक पृष्ठभूमि पर उज्ज्वल विपरीत धागे के साथ ऐसी सजावट करते हैं
711.wav,उन मंत्रियों में गडकरी का भी समावेश हो सकता है
712.wav,शाहरुख खान के बेटे आर्यन खान ने अपना इंस्टाग्राम अकाउंट डिलीट कर दिया है
713.wav,सोशल मीडिया पर एक्टिव दिशा ने पिछले दिनों इंस्टाग्राम पर तस्वीर शेयर की
714.wav,आंखें बड़ी हैं तो आप आंखाें में काजल भी लगा लीजिए
715.wav,इसका मुख्यधारा का दर्शन ईश्वर के प्रति प्रियता का चिंतन है
716.wav,पूरे प्रकरण की जांच सीओ सिविल लाइंस रणविजय सिंह कर रहे हैं
717.wav,सिंधु की इस जीत पर पीएम मोदी ने ट्विटर पर बधाई दी है
718.wav,इसके बाद उसने एनसीपी के समक्ष गठजोड़ का प्रस्ताव रखा है
719.wav,जिस व्यक्ति को अचानक नीली मक्खियां आकर घेर लें
720.wav,फीमेल के साथ मेल नेल आर्टिस्ट के भी ऑप्शन मौजूद हैं
721.wav,संस्था का कहना है कि उनका मुकदमा निष्पक्ष ढंग से नहीं चलाया गया
722.wav,आप जितना चाहे एक दिन में इस्तेमाल कर सकते है
723.wav,युवती की सुरक्षा के लिए पहरा लगाया गया है
724.wav,वोल्टेज की समस्या भी क्षेत्र में काफी ज्यादा है
725.wav,न्यायमूर्ति बी पी पिंटो याचिका पर कल सुनवाई करेंगे
726.wav,उन्होंने बच्चों से इन सभी योजनाओं का लाभ उठाने का आह्वान किया
727.wav,इन कार्यों किसी भी मामले में कोई कानूनी परिणाम हो
728.wav,पुलिस ने पश्चिमी यार्कशायर में ब्रैडफोर्ड स्थित उसके घर की भी तलाशी ली
729.wav,जिसके लिए उन्हें दनादन ऑफर्स भी मिल रहे थे
730.wav,इसकी वजह यूरो संकट ओर चीन की कठोर मौद्रिक नीति थी
731.wav,सरकार की तरफ से दी जाती है मुफ्त दवाई
732.wav,उपमंडल के बाजार में लोगों की भीड़ उमड़ने से दुकानदारों का काम भी खूब चला
733.wav,व्हॉट्सएप मल्िटपल चैट टैब भी एड कर रहा है
734.wav,कोकेशियान में पोर्क से शिश कबाब के लिए एक और नुस्खा
735.wav,नागम्मा शेट्टी को चार महिलाओं ने मिल कर पीट दिया
736.wav,उस समय आबादी के अनुसार मंदिर बना था
737.wav,बाद के प्लास्टिक और धातु के लिए उपयोग किया जाता है
738.wav,हालांकि फिलहाल इस बारे में कोई आधिकारिक जानकारी नहीं दी गई है
739.wav,इसी के चलते वह हेलिकाप्टर से इंदिरा गांधी स्टेडियम में पहुंचे थे
740.wav,डोले में पांच से अधिक आकर्षक झांकियां भी शामिल हुई
741.wav,गिरिराज सिंह अपनी पसंदीदा सीट से टिकट नहीं मिलने से नाराज हो गए हैं
742.wav,आप सभी वोटों की इतनी बरसात करें कि भाजपा की झोली भी छोटी पड़ जाए
743.wav,अब देखना है कि कंगना का ये गुस्सा कहां तक जाता है
744.wav,आपको बता दें कि सुशांत सिंह राजपूत केस को लेकर अभी मामला शांत है
745.wav,इस घटना के बाद से ही दुष्कर्म के खिलाफ ऑनलाइन मुहिम शुरू हो गई है
746.wav,वह गांव की ओर जाने वाले रास्ते के पास पहुंचा था
747.wav,इसके तहत जियो के जिन ग्राहकों का वर्तमान प्लान अभी बाकी है
748.wav,न्यूजीलैंड के खिलाफ टेस्ट सीरीज के लिए पाक टीम का ऐलान
749.wav,आप जहां जाए वहां से करें फ्लाए ऑल टियर
750.wav,मैं उम्मीद करता हूं कि वह अपने बेहतरीन फॉर्म को जारी रखें
751.wav,शहीदों की ये प्रतिमाएं देश को कौमी एकता का संदेश देती है
752.wav,तो इन चार लोगों के खाने की क्या बात है
753.wav,यदि फिर कमी मिलेगी तो वह बर्दाश्त नहीं होगी
754.wav,परिवार में यदि महिलाएं आगे बढ़ें तो पूरे परिवार में समृद्धि लाती हैं
755.wav,जीएसटी को आजादी के बाद अप्रत्यक्ष कर में सबसे बड़ा सुधार माना जा रहा है
756.wav,दोनों की मुलाकात तत्कालीन जिलाधिकारी प्रदीप शर्मा ने कराई थी
757.wav,हालांकि अब तक पंचायतों को पेपरलैस नहीं किया गया है
758.wav,उनका कहना है कि इससे फसल टिड्डियों के खाने योग्य नहीं रहेगी
759.wav,वे दिल्ली में सर्दी से हुई मौतों की जांच की मांग कर रहे थे
760.wav,इन ग्रहों के साथ चंद्रमा की युति के कारण मानसिक चिंता बनी रहेगी
761.wav,अपने विचारों और विचारों को साझा करें और जानें कि उन्हें क्या प्रेरित करता है
762.wav,जल्द ही ये डाक्टर अस्पताल में काम शुरू कर देंगे
763.wav,हैवी डिजाइन वर्क के अलावा चांदी के हालमार्क ज्वैलरी लोगों की पसंद में शामिल हैं
764.wav,ऐसे में आपको समय का अधिक ध्यान रखने की सलाह दी जाती है
765.wav,इसका सबसे बड़ा दुष्प्रभाव लोगों के स्वास्थ्य पर पड़ता है
766.wav,यह नियम मनाया जाता है पांच बार नर्सिंग प्रदान की है
767.wav,अगर भाजपा को टक्कर देनी है तो हरदा को ही चेहरा बनाना चाहिए
768.wav,उन्होंने यकीन दिलाया कि फिल्म चलाने बस अच्छा कलाकार चाहिए
769.wav,एक चौकी पर भगवान गणेश की मूर्ति स्थापित करें
770.wav,इस समय इस पर कोई टिप्पणी करना संभव नहीं है
771.wav,अब खुद को बचाने के लिए कपूर उसे क्रिमिनल साबित कर रहे हैं
772.wav,हम ऐसा कुछ नहीं करेंगे जो इतिहास के साथ छेड़छाड़ होगा
773.wav,भरे हुए मोमो को गीले सूती कपड़े से ढक दें ताकि मोमो सूखें नहीं
774.wav,शेष काम जमीन नहीं मिलने से रुका हुआ है
775.wav,दर्शक की आंख स्वचालित रूप से रंग के इस पॉप पर खींची जाती है
776.wav,हो सकता है दोनों देशों के बीच डिप्लोमैटिक रिश्तों में भी सुधार आ जाए
777.wav,इसी कशमकश में उन्होंने गुंडातत्त्वों को भी सबक सिखा डाला
778.wav,कोई घरेलू मसला होगा तो हम उस पर आपस में बैठ कर बात करेंगे
779.wav,मालिकों वहाँ बंद करने के लिए योजना नहीं है
780.wav,हम पहले अमेरिकी हैं और इस देश के लिए वह चाहते हैं जो सर्वश्रेष्ठ हो
781.wav,उसके बाद बताया देश को कैशलेश इकोनामी बनाने के लिए नोटबंदी किया
782.wav,इसके अलावा बंगाल की खाड़ी पर भी साइक्लोनिक सर्कुलेशन बना हुआ है
783.wav,जब वह पहुंचे तो उन्हें चित्रकार द्वारा नहीं खींचा जा रहा था
784.wav,फिलहाल दस डॉक्टरों की टीम कल्याण सिंह का इलाज कर रही है
785.wav,सरकार चंद्रपुर हवाईअड्डे के विस्तार के लिए वैकल्पिक भूमि भी तलाश रही है
786.wav,यह टूटना और बालों के झड़ने के लिए नेतृत्व कर सकते हैं
787.wav,नोगली में भी मुख्यमंत्री का जोरदार स्वागत किया गया
788.wav,यह फिल्म एसिड अटैक विक्टिम लक्ष्मी अग्रवाल के जीवन पर बनाई जा रही है
789.wav,पिछली बार चुनाव जीते ज्यादातर लोगों को टिकट दिये गये हैं
790.wav,इंग्लैंड में भारतीय टीम का प्रदर्शन अब तक मिला जुला ही रहा है
791.wav,किम किहून ने पुरुषों के शॉर्ट ट्रैक कार्यक्रमों में स्वर्ण पदक अर्जित किए
792.wav,एशियाई बाजारों में दक्षिण कोरिया का कॉस्पी करीब एक प्रतिशत चढ़ गया
793.wav,यह घटना पश्चिम बंगाल के मालदा जिले के मदनटोला गांव की है
794.wav,खाबरोवस्क यूरी पाव्लोविच रूस बुद्धिजीवियों के सबसे प्रमुख प्रतिनिधियों में से एक है
795.wav,यूजर्स इस फीचर का खूब यूज कर रहे हैं
796.wav,लेकिन सूत्रों की मानें तो यह जोड़ा इटली में विवाह संपन्न करेंगे
797.wav,मोबाइल पर मैसेज आने के बाद उन्हें पैसे निकलने के बारे में पता लगा
798.wav,जिसके बाद उन्होंने पेरिस में इस मड पुल का निर्माण क्या था
799.wav,परिवार की सुरक्षा के पुख्ता इंतजाम किए गए हैं
800.wav,बनने वाले हैं पापा तो पहले जान लें अपनी ज़िम्मेदारियां
801.wav,यहां पर गंभीर रूप से घायलों का इलाज संभव नहीं है
802.wav,किसी रुके हुए काम को बनाने के लिए अपार श्रम करना पड़ेगा
803.wav,जब से नरेन्द्र मोदी सरकार बनी है तब से महंगाई का लगातार बढ़ना जारी है
804.wav,इसके बाद पुलिस टीम शव को उठाकर महात्मा गांधी अस्पताल की मोर्चरी पर पहुंचाया
805.wav,रेप के आरोपी मंत्री बाबूलाल नागर ने इस्तीफा दिया
806.wav,अंत में राष्ट्रीय कवि मोहन मनीषी ने कवि सम्मेलन को अत्यंत उच्च स्तर पर पहुंचाया
807.wav,प्रदेश में कोई और नेता इतना प्रभावशाली और कद्दावर नहीं है
808.wav,इसके साथ ही लक्कड़मंडी व कालाटोप में भी बर्फबारी हुई है
809.wav,बेटी को काल के गाल में धकेल दिया जाता है
810.wav,निर्भया के दोषियों को एक फरवरी को होने वाली फांसी फिर टल गई है
811.wav,कविता साझा कर एक्टर ने दी फैंस को जिंदगी से जुड़ी सीख
812.wav,हरैया में एक मकान के पास भारी संख्या में लोग खड़े थे
813.wav,इसमें अतिरिक्त उपायुक्त चंबा आरएस राणा ने बतौर मुख्यातिथि भाग लिया
814.wav,जबकि टि्वटर की महारानी कही जाने वाली प्रियंका चोपड़ा दूसरे नंबर हैं
815.wav,बरसात के समय आपको कम से कम एक कप चाय जरुर पीनी चाहिये
816.wav,गवर्नर ने कहा कि यह ढील बिना कर्ज को पुनर्गठित किए दी जा रही है
817.wav,दूसरा नियम अजवाइन और अजमोद पर दुबला सिफारिश की
818.wav,इसके चलते अपराधियों के हौंसले बुलंद हो रहे हैं
819.wav,महिलाओं में बाहरी बवासीर का इलाज अच्छी तरह से बवासीर पर लोशन किया जाता है
820.wav,बजट से खुश शेयर बाज़ार लगातार दूसरे दिन बड़ी उछाल के साथ बंद
821.wav,आपके पार्टनर का प्यार और सहयोग दोनों आपको मिलेगा
822.wav,वेटरन एक्टर अनुपम खेर भी फोटोग्राफर रोहन श्रेष्ठ की प्रदर्शनी में नजर आए
823.wav,डिटेंशन पॉलिसी में इस नियम को शिक्षा विभाग ने शामिल करने की योजना बनाई है
824.wav,इस फेस्टिवल का उद्देश्य युवाओं को कृषि के लिए प्रेरित करना होता है
825.wav,यह बात वरिष्ठ भाजपा नेता व पूर्व मंत्री एकनाथ खड़से ने कही है
826.wav,पीडीपी को रोकने के लिए सज्जाद की पार्टी किसी को भी समर्थन दे सकती है
827.wav,डिफेंस का दारोमदार सैमुअल उमटीटी और राफेल वराने के कंधों पर होगा
828.wav,ये सभी दस पद खुली भर्ती से नहीं भरे जाएंगे
829.wav,इस हिसाब से जोड़ा जाए तो इन सभी का करोड़ों का नुकसान हुआ है
830.wav,मिस्बाह इस दौरान अपने करियर के पहले शतक से चूक गए
831.wav,संदीप सिंधु के अनुसार हालांकि नींद से जुड़ी खरार्टे की समस्या भी प्रमुख है
832.wav,यह जानकारी आज एक शीर्ष भारतीय राजनयिक ने दी
833.wav,आपको अपने पैसे का ठीक से प्रबंधन करना होगा और बजट बनाकर काम करना होगा
834.wav,वीडियो देख लोगों को आई जुरासिक पार्क की याद
835.wav,आर्थराइटिस से पीडि़त लोग अपने बदन में दर्द और अकडऩ महसूस करते हैं
836.wav,इस परिवार के सदस्यों में से अधिकांश उत्तरी प्रशांत में शीतोष्ण पानी में रहता है
837.wav,इससे पहले वह संघीय सरकार की सभी तीन शाखाओं में काम कर चुकी हैं
838.wav,आपके द्वारा कियागया सभ्य आचरण इश इंप्रेशन को खास बनाता है
839.wav,बताया जाता है कि कृष्ण का उसकी पत्नी से मनमुटाव चला आ रहा था
840.wav,इसके साथ ही पलवल में विश्वकर्मा कौशल विश्विद्यालय स्थापित किया जा रहा है
841.wav,इन चर्चाओं के साथ सट्टे का बाजार भी गर्म है
842.wav,बाद में राज्य पाल बीडी मिश्रा ने महिला के परिवार को शुभकामनाएं भी दीं
843.wav,सुहाना खान का इंस्टाग्राम उनके दिलकश तस्वीरों से भरा हुआ है
844.wav,हंगामे की सूचना पर भारी संख्या में पुलिस बल पहुंचा
845.wav,यह हमारी किचन में आसानी से मिल जाता है
846.wav,सबसे पहले तो उनके आसपास के लोगों से उन्हें ज्यादा अच्छी प्रतिक्रिया नहीं मिली
847.wav,ये गिरजाघर ठैन के संत काजेत्न को समरपित है
848.wav,यह बात ऑफ़ स्क्रीन भी सच हो गयी है
849.wav,यह अतार्किक प्राचुर्य का उदाहरण है जिसे तमाम देशों में देखा जा सकता है
850.wav,उस कमेटी के सभी सदस्य पटेल गुट के हैं
851.wav,कार के पहिये पर मध्यम लंबाई के बाहरी कपड़ों में होना हमेशा सुविधाजनक होता है
852.wav,इसका उपयोग गांवों में कृषि इंफ्रास्ट्रक्चर तैयार करने में किया जाएगा
853.wav,इसका तेलुगू वर्जन भी शैलेश ने ही डायरेक्ट किया था
854.wav,इस तरह के एक आदमी परिष्कृत प्रशंसक और प्रेमी है
855.wav,दोनों संकेत जिद्दी हैं और गलत होने के लिए स्वीकार नहीं करते हैं
856.wav,और केवल एक ही सोचा इस अद्भुत शाम जहर
857.wav,इस फिल्म में सलमान खान भी कैमियों में नजर आने वाले हैं
858.wav,लोककथाओं की मानें तो कालिया नाग ने लोगों को खूब परेशान किया था
859.wav,वह भी सुबह ही अपने काम पर चली गई थी
860.wav,किसानों के परिवार के एक सदस्य को नौकरी पर रखा गया था
861.wav,इसके अलावा बैंकों को पिछले साल सरकार की ओर से टैक्स बेनिफिट भी मिला
862.wav,अधिकारी यह न माने की शिकायत को निपटाना है
863.wav,कुछ होटल एक तीन स्टार का दर्जा दिया है
864.wav,हाल ही में कैटरीना कैफ की फिल्म भारत रिलीज हुी है
865.wav,इस पर हमेशा ही नियंत्रणों का भारी दबाव रहा है
866.wav,आज गरीबी नहीं होती तो मनरेगा की जरूरत नहीं पड़ती
867.wav,इसमें भी ग्रामीणों तक पहुंचकर उन्हें वित्तीय सहूलियत दिलाते हुए दोपहिया बेचे जाते हैं
868.wav,उन्होंने आदेश दिए कि जाओ आज से तुम मेरी गद्दी को संभालोगे
869.wav,श्रीलंका के हारने की स्थिति में भारत ऊहापोह में फंस जाएगा
870.wav,इससे राशनकार्ड धारकों को राशन मिलने में परेशानी हो रही है
871.wav,सोमवार को जारी राष्ट्रपति के साप्ताहिक कार्यक्रम में इस आशय की जानकारी दी गई है
872.wav,तनाव कम करने के लिए योग कर रहे हैं जवान
873.wav,चिकित्सकों ने बताया कि वायरल आने पर लोगों को मास्क जरूर लगाना चाहिए
874.wav,कंट्रोल रूम में बैठ कर अधिकारी सही रास्ता दिखा सकेंगे
875.wav,यह गाड़ी भटनी से मंडुवाडीह के मध्य सभी स्टेशनों तथा हाल्ट स्टेशनों पर रूकेगी
876.wav,साथ ही इस मामले में आरोपी के विरुद्ध कड़ी कार्रवाई की जाएगी
877.wav,आमतौर पर इनमें से कुछ लक्षण मौसम के बदलाव से भी होते हैं
878.wav,इसके अतिरिक्त विटामिन डी की कमी भी इसके लिए जिम्मेदार होती है
879.wav,कुल मिलाकर इस हफ्ते आपके साथ ढेर सारे करिश्में हाेने वाले हैं
880.wav,महबूबा के ट्वीट पर लोगों ने कड़ी प्रतिक्रिया दी
881.wav,इस मामले में आरोपी पक्ष द्वारा सीबीआई जांच की मांग की जा रही है
882.wav,पुर्तगाल और फ्रांस से भी भारतीय भूमि को मुक्त कराया
883.wav,शिकायत प्राप्त हो गई है और उसकी जांच कराई जा रही है
884.wav,इस बीच विधानसभा में एंट्री को लेकर कई खामियां देखने को मिली
885.wav,राज्य के दो नए बाढ़ प्रभावित जिलों में मधुबनी भी शामिल है
886.wav,ये जटिलताएं बीमारी के प्रति आपकी संवेदनशीलता को बढ़ा सकती हैं
887.wav,शिक्षक विद्यार्थियों को बताएं कि उनका समाज के प्रति क्या योगदान है
888.wav,अब बिल्डर घर खरीदार के ऊपर एकतरफा करार नहीं थोप सकेंगे
889.wav,जांच और रिपोर्ट आने के बाद चुनाव सेल अगला कदम उठाएगी
890.wav,उनके अलावा नुसरत भरूचा भी फिल्म ड्रीम गर्ल में नज़र आएंगी
891.wav,उन्होंने अपने फैशन और स्टाइल के बारे में बात की है
892.wav,मनमोहन सिंह सरकार में भी उन्हें दो बार मंत्री पद ऑफर किया गया था
893.wav,राजनाथ कहना है कि कांग्रेस ने बहुत भ्रष्टाचार किया है
894.wav,बताया जा रहा है कि इस रैकेट के तार पाकिस्तान से जुड़े हुए हैं
895.wav,यहां आने के बाद जब मैंने इस जगह को पहचाना तो मुझे काफी आश्चर्य हुआ
896.wav,दोनों ही एक्टर अपनी सीरियस इमेज के साथ बेहतरीन लगते हैं
897.wav,क्योंकि इसमें प्रत्येक डीलर को एक परिवार के सदस्य होने जैसा अनुभव होता है
898.wav,भाई बहनों के साथ आपका रिश्ता काफी अच्छा रहेगा
899.wav,पुलिस को मुख्य आरोपी अजय तिवारी की भी तलाश है
900.wav,दोनों देशों को मिलकर विवाद सुलझाने की जरुरत है
901.wav,तमिलनाडु के एक शहर में रहने वालों को मिला फ्री पॉर्न का तोहफा
902.wav,और इंसान के मन में कई अनगिनत विचार भी आते है
903.wav,क्योंकि नोट के बदले वोट का ये मामला खुद में संवेदनशील हो गया है
904.wav,मेरे दर्शक असल जिंदगी के जॉन अब्राहम को भी पसंद करते है
905.wav,मेरे लिये आपका आदेश सर आंखों पर रहा है
906.wav,वे सजावटी पौधे के रूप में खेती करते हैं
907.wav,देश की आर्थिक राजधानी मुंबई को सुरक्षा के लिहाज से अलर्ट किया गया है
908.wav,आतंकियों के खात्मे के लिए देशभर में पूरी रात अभियान चलाया गया
909.wav,उन्होंने कहा कि आज प्रदेश में कानून व्यवस्था का जनाजा निकल रहा है
910.wav,लेकिन अक्सर इन्सान को परिवार व रिश्तों के नाम पर कई कुर्बानियां देनी पड़ती है
911.wav,इस बीच नासा ने चित्रों में दिख रही आकृतियों को रॉक क्रिस्टल करार दिया है
912.wav,प्रशासन कोरोना वायरस से निपटने में मुस्तैदी से जुटा हुआ है
913.wav,नारे लगा रहे लोगों ने पुलिस पर लापरवाही और दुव्र्यवहार का आरोप भी लगाया
914.wav,वृश्चिक राशिवालों को लोग बहुत हल्के में लेते हैं
915.wav,वहीं डायरेक्टर को भी पूरा भरोसा है कि फिल्म जल्द ही पूरी हो जाएगी
916.wav,यहां रहने वाले कर्मचारी दिनरात भय के साये में जीवन व्यतीत कर रहे हैं
917.wav,बिजली का करंट लगने से तीन बच्चे जिंदा जल गए
918.wav,कार्ड एकत्र करने के लिए नवीनतम फीड डालने वाला है
919.wav,हालांकि अभी तक पुलिस ने रिपोर्ट की पुष्टी नहीं की है
920.wav,अगर आपका स्वास्थ्य ठीक नहीं चल रहा है तो आप दवाइयों में लापरवाही न करें
921.wav,इससे विकल्प के रूप में रेलवे ने अतिरिक्त सेवाएं शुरू की हैं
922.wav,उसने आरोप लगाने वाले लोगों का कभी सामना नहीं किया
923.wav,मारुति ने अपनी चर्चित सेडान कार सियाज में एक और वेरिएंट जोड़ दिया है
924.wav,मिथुन परियोजना शानदार रूप से सफल रही थी क्योंकि यह एक चुनौतीपूर्ण प्रशिक्षण अनुभव था
925.wav,कादर खान अपने बेटे के साथ विदेश में रह रहे हैं
926.wav,आपको हर रोज़ केसर का तिलक लगाना है या फिर केसर का सेवन करना है
927.wav,कंपनी ने शेयर बाजार बंद होने के बाद तिमाही नतीजे घोषित किए
928.wav,इन दोनों फोन को कंपनी ने सिर्फ एक ही वेरिएंट में पेश किया है
929.wav,बॉलीवुड के वो एक्टर और एक्ट्रेस जिन्होंने बाहर से आकर बॉलीवुड में हासिल किया मुकाम
930.wav,इस सेल का फायदा उठाने के लिए आपको एडवांस बुकिंग करानी होगी
931.wav,बस शानिवारपेट गांव के नजदीक घाट रोड पर फिसल गयी और घाटी में गिर गयी
932.wav,इस कोरोना समय में भी वही हिटलरी प्रवृत्तियां हैं और प्लेग जैसी स्थिति रची है
933.wav,ऐसे में सिर्फ नौ मिनट बच्चों के बीच गुजारें
934.wav,वृद्धावस्था और प्रसारण अपार्टमेंट के लिए उपलब्ध कराने के एक बहुत अच्छी और प्रभावी तरीका
935.wav,कांग्रेसी नेता शंकर सिंह वाघेला और पीएम मोदी के बीच रही है ऐसी करीबी दोस्ती
936.wav,रक्षामंत्री राजनाथ सिंह टोक्यो ओलंपिक में हिस्सा लेने वाले सैन्यकर्मियों को करेंगे सम्मानित
937.wav,खबर लिखे जाने तक बच्चों को छुड़ाने का प्रयास जारी था
938.wav,हम प्राचीन यूनानी वैज्ञानिक सिद्धांत के सबसे करीब आते हैं
939.wav,द बिग बुल डिज्नी प्लस हॉटस्टार पर रिलीज होगी
940.wav,हमारी संपत्तियों और उनकी संभावित वैल्यू की लिस्ट संलग्न कर रहा हूं
941.wav,इस फिल्म को अंकुर गर्ग प्रोड्यूस कर रहे हैं
942.wav,लेकिन आपको पेंट करने के लिए आकर्षित करने की आवश्यकता नहीं है
943.wav,बता दें सोशल मीडिया क्वीन का ये वीडियो काफी तेज़ी से वायरल हुआ था
944.wav,जिन पुरुषों की परवरिश महिलाओं द्वारा होती है वो असली मर्द होते हैं
945.wav,केट मिडलटन अपने पति प्रिंस विलियम के साथ पाकिस्तान का दौरा कर रही हैं
946.wav,अंकटाड के निदेशक जेम्स झान ने कहा कि कुल मिलाकर वैश्विक आर्थिक तस्वीर धुंधली है
947.wav,ऐसा करने के पीछे मुख्य उद्देश्य कार्बन डाइऑक्साइड उत्सर्जन को कम करना हैं
948.wav,आप भी देखिए उनका यह धमाकेदार भोजपुरी छठ गीत
949.wav,ब्रॉडबैंड स्पीड टेस्ट करने वाली कंपनी ऊकला ने इस बारे में रिपोर्ट जारी की है
950.wav,बुधवार को सीओए ने बीसीसीआई के वरिष्ठ अधिकारियों का पूरा खर्चा सार्वजनिक कर दिया है
951.wav,अधिकारियों के अनुसार मुल्ला बहादुर कुंदुज में चौथा तालिबान गर्वनर था
952.wav,दरअसल अरुणाचल प्रदेश को चीन तिब्बत का अंग मानता है
953.wav,उसने पंजाब को एक कम स्कोर वाले मैच में जीतने से रोक दिया था
954.wav,प्रमुख रेटिंग एजेंसी क्रिसिल ने सोमवार को यह जानकार ी दी
955.wav,छापेमारी में पकड़े जाने पर भारी पेनल्टी का प्रावधान किया गया है
956.wav,अध्ययन के बाद शंकर अपनी मां के साथ रहने लगे
957.wav,उसके तुरंत बाद वहर निरीक्षण को निकल गए
958.wav,इन दोनों चीजों में प्रोटीन को खाने से पाचन तंत्र पर बुरा प्रभाव पड़ता है
959.wav,यह इत्र जर्मन पुस्तक प्रकाशन घर गेरहार्ड स्टीडल द्वारा जारी किया गया था
960.wav,आईएसआईएस ने उन्हें बंधक बनाया और फिर अपने साथ ले गए
961.wav,लेकिन किसी यंग एक्ट्रेस से नहीं बल्कि अपनी ही पत्नी जया बच्चन से
962.wav,शहर में यहां मिली छूट और यहां जारी रहेगा प्रतिबंध
963.wav,यह पाचन तंत्र को स्वस्थ बनाए रखता है
964.wav,मैं आश्वस्त हूं कि आज अगर पाकिस्तान नहीं सुधर रहा है तो कल जरूर सुधरेगा
965.wav,अब की विफलता और कैसे समस्या को हल करने के कारणों को समझते हैं
966.wav,यह केंद्र सप्ताह के सभी दिनों में आम जनता के लिए खुला रहेगा
967.wav,मां इस फिल्म की सबसे मजबूत धुरी है
968.wav,बाजार में भारी बिकवाली के चलते गिरावट दर्ज की जा रही है
969.wav,वाइड रंग रंग पैलेट हमें बालों के साथ प्रयोग करने के लिए अनुमति देता है
970.wav,सलमान खान अभी अपनी फिल्म भारत का प्रमोशन्स शुरू करने जा रहे हैं
971.wav,मृतक के शव का पोस्टमार्टम स्थानीय सामान्य अस्पताल में किया गया
972.wav,वन मंत्री ने राकेश पठानिया सौरभ वन विहार के पुननिर्माण उपरांत किया शुभारंभ
973.wav,जियो गीगा फाइबर से ही जियो गीगा टीवी सेपटॉप बॉक्स कनेक्ट होगा
974.wav,मुकेश अंबानी ने भी भारत की आर्थिक मंदी पर दिया ये बड़ा बयान
975.wav,वैसे तो मुझे जवाब देने की जरूरत है ही नहीं
976.wav,आरोपी वामपंथी छात्र संगठन आइसा का सदस्य भी है
977.wav,यह बैंक देश का दूसरा सबसे पुराना और दूसरा सबसे बड़ा कॉपरेटिव बैंक है
978.wav,इस मौके पर खुले सत्र का आयोजन किया जाएगा
979.wav,जहां देवेन्द्र फडणवीस ने दोबारा मुख्यमंत्री पद की शपथ ली
980.wav,इसके फॉर्म विभिन्न बैंकों से एक महीने तक मिलेंगे
981.wav,मैंने उनसे तीखे सवाल पूछे लेकिन उन्होंने सीधे जबाव दिए
982.wav,भोजपुरी सिनेमा की सुपरहिट ऐक्ट्रेस काजल राघवानी की अदाओं के क्या कहने
983.wav,एक बार फुल चार्ज करने पर यह आधे दिन तक चल सकता है
984.wav,जिसको लेकर आज आप का प्रतिनिधिमंडल अस्पताल के पीएमओ सुरेशचंद से मिला
985.wav,वीडियो में दलजीत अस्पताल में नजर आ रही है
986.wav,सभी खिलाड़ियों ने मैदान पर अपनी जिम्मेदारी निभाई
987.wav,नमामी गंगे योजना के तहत सीवेज उपचार परियोजनाओं को मंजूरी
988.wav,पुलिस को संदेह हो गया हत्या के आरोपी यहीं कहीं होगें
989.wav,सेवानिवृत्त कर्मचारी भी इस चिकित्सा समूह बीमा योजना के सदस्य बनकर लाभ उठा सकेंगे
990.wav,फर्श योजना बदलती जरूरतों को बदलने के लिए लचीला है
991.wav,रामकृष्ण परमहंस भारत के बहुत ही प्रसिद्ध संतों में से एक हैं
992.wav,ढेकवारी के सेंटर में उपले बनाए जा रहे हैं
993.wav,विनय की ओर से उसके वकील ओपी सिंह ने याचिका दायर की है
994.wav,उन्होंने कहा कि दहेज उत्पीड़न से संबधित मामलों पर कड़ी कार्रवाई सुनिश्चित की जाएगी
995.wav,पंडालों में प्रदर्शित करने के लिए प्रशासन ने जारी किया इमरजेंसी नंबर
996.wav,गौर के साथ एक राजनीतिक युग का समापन हो गया
997.wav,इसके बाद पूजा की थाली में से हल्दी लेकर पति के माथे पर लगाएं
998.wav,इसके अलावा मध्यस्थता एवं समझौता केंद्र व आर्ब्रिटेशन के मामलों में भी लाभ मिलेगा
999.wav,यही कारण है कि मुझे क्लब तोड़ने की ताकत मिलती है
1000.wav,राज्यों से सरकार ने कभी नहीं कहा कि वे मजदूरों से पैसा वसूलें
1001.wav,शिल्पा शेट्टी और राज कुंद्रा का वीडियो हुआ वायरल
1002.wav,वहां उन्होंने ड्राइवर को पेड़ से बांध दिया और पहले उसे जमकर पीटा
1003.wav,एटीएम की लाइन में अनिल कपूर ने अपने प्रशंसकों के साथ ली सेल्फी
1004.wav,यही कारण है कि इसे एक उत्सव मनाने की तरह माना जा रहा है
1005.wav,एक बच्चे की मौत स्कूल की इमारत गिरने से हुई
1006.wav,राज्य में दी जाने वाली सेवाओं पर राज्य सरकार खुद के कर लगाती है
1007.wav,ऐसे में सभी ठंड से बचाव की कोशिश में हैं
1008.wav,सानिया के मां बनते ही सोशल मीडिया पर बधाइयों का तांता लग गया
1009.wav,रिपोर्ट में वित्त सचिव सुभाष चंद्र गर्ग की अलग राय भी शामिल हो सकती है
1010.wav,आरबीआई द्वारा अभी तक शिमला में ही इस सेवा को शुरू किया गया है
1011.wav,भगवान दत्तात्रेय की जयंती मार्गशीर्ष माह में मनाई जाती है
1012.wav,इससे ज्यादा की खपत कभी नहीं हुई है
1013.wav,मालिनी अवस्थी की मधुर आवाज और गुनगुनी धूप में फिर खिल गया सूरजकुंड मेला
1014.wav,इसलिए कोशिश करें कि कभी भी हरे आलू का सेवन न करें
1015.wav,यह नया स्टाईलिश स्कूटर मर्दाना लुक लिए हुए है और इसकी ग्राउंड क्लीयरेंस ऊंची है
1016.wav,प्रियंका ने ट्वीटर पर प्रधानमंत्री के साथ अपनी एक तस्वीर भी शेयर की
1017.wav,लेकिन अमिताभ की तरह शायद चॉकलेट अभिषेक की भी कमजोरी है
1018.wav,एसएमवीडीकॉन ककरयाल का तीसरा दीपक प्रकाश तथा वार्शिक दिवस समारोह
1019.wav,आजकल देश से लेकर विदेश तक हर तरफ वेब सीरीज का दौड़ चल रहा है
1020.wav,पीछे सदग्रंथों को सिर पर धारण किए दंपति चल रहे थे
1021.wav,इनके अलावा हर साल कई खेल आयोजन हो रहे हैं
1022.wav,फ़िल्म को बेस्ट फ़िल्म कैटेगरी में नेशलन अवॉर्ड मिला
1023.wav,शहीदी दिवस समारोह में एडीसी कैथल बी बी कौशिक ने बतौर मुख्य अतिथि शिरकत की
1024.wav,इलाज के संबंध में डॉ भट्टाचार्य ने कहा कि दवा से इलाज नहीं है
1025.wav,सुविधा ट्रेनों में बुकिंग काउंटर से भी हो पाएगी
1026.wav,इनमें से ज़्यादातर दिनों में प्रदूषण का स्तर ख़तरनाक स्तर पर बना हुआ है
1027.wav,इस कार्य के दौरान यह शानदार भित्तिचित्रों बर्थोलोमेव बेरानेक से सजाया गया था अग्रभाग
1028.wav,इससे जोड बनाने वाली हडिडयां अपना समान्य स्थान ग्रहण कर लेती है
1029.wav,सच ही कहते हैं कि कुत्ते की दुम कभी सीधी नहीं हो सकती
1030.wav,तदाशय का आदेश ट्रायबल विभाग के अध्यापकों के लिये अभी होना बाकी है
1031.wav,इस प्रकार हमारी ओर से ईश्वर का यह प्रयास पूर्ण हो जाता है
1032.wav,चैल राजाओं ने चट्टानों को काटकर इस मंदिर का निर्माण किया गया था
1033.wav,वह अक्सर अपनी तस्वीरों को लेकर मीडिया में छा जाती हैं
1034.wav,अभिनेत्री सनी लियोनी के लिए गुरुवार की सुबह बाकी दिनों की सुबह से अलग रही
1035.wav,साथ ही रोजगार सृजन और कारोबार के लिए अनुकूल माहौल उपलब्ध कराना भी जरूरी है
1036.wav,खून से लथपथ लड़की की मौके पर ही मौत हो गई
1037.wav,अजय के साथ स्क्रीन शेयर करने पर रणवीर बेहद उत्साहित थे
1038.wav,आस्तिकता का मूलभूत आधार उसी स्तर की आस्थाएं उत्पन्न करना है
1039.wav,साथ ही बताएंगे कि कैसे कद्दू वजन को घटाने में आपकी मदद करेगा
1040.wav,जवाब यह तलाश करना था कि उगाना क्या है
1041.wav,बिलासपुर के विधायक बंबर ठाकुर पर गुण्डागर्दी फैलाने का आरोप जड़ा गया है
1042.wav,हमने हर बूथ पर सशस्त्र बलों को तैनात किया था
1043.wav,ऑनलाइन फीस जमा होने से स्टाफ से लिए जा सकेंगे दूसरे काम
1044.wav,आज कल जहां एक ओर समाज में संयुक्त परिवार लुप्त हो गए हैं
1045.wav,अगली फसल के लिए खेत तैयार हो जाता होगा
1046.wav,उम्र बढऩे के साथ यह आंकड़ा और ज्यादा होता गया
1047.wav,ये पॉडकास्ट कैथोलिक द्रव्यमान के बारे में हैं और आईट्यून्स पर निःशुल्क उपलब्ध हैं
1048.wav,इसमें आप अपने आप को स्मार्ट और ट्रेंडी लुक में पा सकती हैं
1049.wav,जोड़ों में दर्द के साथ बुख़ार भी बना रहना
1050.wav,आरबीआई के सामने चुनौती बैंकों का जोखिम घटाने की है
1051.wav,तो यह एक छोटे से पाउडर की जरूरत है
1052.wav,गांधी परिवार के साथ इस परिवार का शुरू से ही गहरा नाता रहा है
1053.wav,मैं जानता था कि इस चुनाव में मेरी हार होगी
1054.wav,ये फीस एपीजे नोएडा ब्रांच की बढ़ाई गई है
1055.wav,एक समय ऐसा भी था जब मीडिया में लिफाफा संस्कृति के लोग नहीं थे
1056.wav,छात्रा के पिता गुरुद्वारा रोड़ धर्मशाला में टेलर हैं
1057.wav,मल्ल वंश के शासकों ने मैथिली को सबसे अधिक समृद्ध किया
1058.wav,हाई प्रोफाइल केस की पीडि़ता की कामरेज पुलिस द्वारा सुरक्षा की जा रही थी
1059.wav,लेकिन नीलामी प्रक्रिया के माध्यम से नई कंपनियां अपने लाइसेंसों को बरकरार रख सकती हैं
1060.wav,बोस ने घरेलू हिंसा के खिलाफ एक डिजिटल अभियान में भी आवाज बुलंद की है
1061.wav,राज्याभिषेक के शुभ दिन कई स्थानीय लोगों ईमानदारी से खुश हैं
1062.wav,तो आइए देखें कि आपका चुनाव और हमारी पसंद कितना मेल खाती है
1063.wav,कारोबारियों ने अब इससे राहत के लिए कदमताल आरंभ की है
1064.wav,सपने जो हेलोवीन पर देखा गया सपना भविष्यवाणी है
1065.wav,बता दें कि नमरा खान मोहम्मद शहवान की दूसरी पत्नी थी
1066.wav,इस सौगात के रूप में कुरुक्षेत्र जिला में एलईडी प्रोजेक्ट दिया गया है
1067.wav,मुख्यमंत्री जगन ने कहा कि धांधलियों की वजह से आर्थिक पिछडों का नुकसान होता है
1068.wav,उसके इस कदम से ईरान और अमेरिका के बीच तनाव बढ़ना तय है
1069.wav,सेलेक्शन कमिटी ने इस पद के लिए मंगू सिंह का नाम तय कर लिया है
1070.wav,मुनमुन दत्ता टीवी की सबसे महँगी हीरोइनों में से एक है
1071.wav,उनकी पत्नी ओमवती किला परीक्षितगढ़ के राजकीय इंटर कॉलेज में प्रवक्ता थीं
1072.wav,प्रतिदिन नंदबाबा मंदिर के नंदगांव में फूलमाला की सेवा करते थे
1073.wav,लद्दाख के गरम चश्मा इलाके में पारंपरिक जल चिकित्सा फिर से शुरू
1074.wav,न वे खूबसूरत थे और न ही चॉकलेट ब्वॉय थे लेकिन अभिनय उनका लाजवाब था
1075.wav,बीजेपी अध्यक्ष अमित शाह ने इस जीत पर एबीवीपी के नेताओं को बधाई दी है
1076.wav,इससे पहले मुस्लिम वोटों की चाह में लोकपाल बिल लटकता दिखने लगा था
1077.wav,सकेतड़ी शिव मंदिर पर कब्जा लेने गये एसडीओ बेरंग लौटे
1078.wav,फिल्म रिलीज़ के पहले संजय लीला भंसाली लेकर आयें हैं बाजीराव मस्तानी का एनिमेटेड वर्शन
1079.wav,नाटक में शमशेर बहादुर की कविता चांद निकला बादलों से पूरा समां बांधा
1080.wav,आपके वाणी कौशल एवं बौद्धिकता से कुछ लोग लाभान्वित होंगे
1081.wav,सूचना मिलने के बाद पुलिस ने मौके पर पहुंच कर जांच शुरू कर दी है
1082.wav,इन मजदूरों का कई महीनों से भुगतान नहीं हो पाया है
1083.wav,पोस्टमार्टम रिपोर्ट आने के बाद ही मौत के सही कारणों का पता चल सकेगा
1084.wav,अमेरिकी टेलीविजन विज्ञानी पैट रॉबर्टसन का जन्म हुआ था
1085.wav,सीढ़ी के शीर्ष पायदान पर बेन फिसल गया
1086.wav,राहगीरों ने फौरन दोनों को पास के अस्पताल में पहुंचाया
1087.wav,संतरे का रस त्वंचा के लिए बहुत लाभकारी होता है
1088.wav,श्रद्धालुओं की खुशियों का कोई ठिकाना नहीं था
1089.wav,अगले मुकाबले में दोनों देशों के झंडे के साथ आने की योजना बना रहा हूं
1090.wav,गौरतलब है कि शाहरूख और अबराम की तस्वीरें इंटरनेट पर हमेशा वायरल रहती हैं
1091.wav,ग्राम वासियों का कहना है कि यदि बिजली विभाग ने पांच दिन
1092.wav,किसानों की भलाई से इन नेताओं को कोई मतलब नहीं है
1093.wav,इसके अलावा जलीय खरपतवार तलहटी में जमा होने की समस्या बढ़ जाएगी
1094.wav,उनको कहा गया कि ये सब कुछ यहां पर करने की इजाजत नहीं है
1095.wav,ऐसा इसलिए क्योंकि यह अनिश्चितताओं के बीच जीना पसंद नहीं करते हैं
1096.wav,निवेश तुड़वाने से बेहतर है गिरवी रखकर लोन लेना
1097.wav,यह आमतौर पर ज़ूम फिनेस या ट्रिक वर्म की तरह एक सीधी पूंछ कीड़ा है
1098.wav,कहा जा रहा है कि अभी वे कोच्चि में हैं
1099.wav,एक कठिन परिस्थिति में किसी प्रियजन की मदद से आत्मविश्वास
1100.wav,वह खुद भी स्वीकार करते हैं कि पूजा की जिम्मेदारी आने के बाद एक
1101.wav,इसके साथ ही कंपनी श्रीलंका जैसे देशों को निर्यात करने में भी सक्षम हो जाएगी
1102.wav,जिसकी कॉपी दिल्ली सरकार को भी भेजी गई थी
1103.wav,बस्तर से जल्द ही यात्री विमान सेवा प्रारंभ होने वाली है
1104.wav,ऐसे कार्य व्यवहार जिन्हें किसानों की आय दोगुनी करने के लिए अपनाया जा सके
1105.wav,यह शेयर बाजार की तुलना में काफी कम है
1106.wav,डाटा सेंटर का आदेश दिया शक्ति स्तर का आवंटन और आवश्यक उपकरण सेट होगा
1107.wav,वहीं अब वे बेहद सेक्सी बिकिनी में नजर आई हैं
1108.wav,शाहबानो प्रकरण के बाद राजीव गांधी कैबिनेट से इस्तीफा दे दिया था
1109.wav,विजय बहादुर सिंह ने कहा था कि मोदी एक संवेदनशील व्यक्ति हैं
1110.wav,बेटे ने अस्पताल परिसर में मौजूद मंदिर में अपनी मंगेतर से शादी की
1111.wav,उनके साथ कांग्रेस के प्रदेश अध्यक्ष अजय कुमार लल्लू भी मौजूद हैं
1112.wav,शैम्पू की बोतल का एक भाग आप इस तरह काट लें
1113.wav,कंपनी की योजना कम कीमत में भारतीय पेय ग्राहकों तक पहुंचाने की है
1114.wav,सुनिश्चित करें कि आप वजन स्विंग नहीं कर रहे हैं
1115.wav,कोविड के बढ़ते मामलों के चलते पुलिस ने संभाला मोर्चा
1116.wav,गंगाजी के अवतरण की तरह यह गायत्री शक्ति के अवतरण का भी पुण्य पल है
1117.wav,अखिलेश अच्छी तरह जानते होंगे कि नौकरशाही कभी किसी की नही होती
1118.wav,शनिवार रात को आईएसबीटी के सामने ऑल्टो कार को इनोवा ने रौंद दिया था
1119.wav,मुझे बहुत खुशी है कि हमने फास्ट ट्रैक समझौतों पर हस्ताक्षर किए
1120.wav,यहां भाजपा के साथ मुख्य मुकाबले में एआईएमआईएम उम्मीदवार रहा
1121.wav,पिछले दिनों हुई बारिश से यह शहर फिर जलमग्न हो गया
1122.wav,दूसरे टेस्ट के लिए फिट होने की उम्मीद कर रहे हैं स्मिथ
1123.wav,वह उस संबंध में एक नियोक्ता का सपना है
1124.wav,एचएमडी ने इसके लिए नोकिया और माइक्रोसॉफ्ट दोनों से साझेदारी की है
1125.wav,साथ ही साथ बाउंड्रीवॉल व गेट भी क्षतिग्रस्त हो गया है
1126.wav,अचानक भारी तादाद में लोग नमक खरीदने जनरल स्टोर्स और किराने की दुकानों पर भागे
1127.wav,वह काफी एक बड़े चमकदार पत्तियों कि लंबे समय डंठल पर क्षैतिज हैं
1128.wav,इस बात की शिकायत अजय स्वामी ने माडल टाउन थाना पुलिस से की थी
1129.wav,सीएम योगी के सचिव ने दिया अधिकारियों को निर्देश
1130.wav,हमें देशभर में लोगों से बात करने की जरूरत है
1131.wav,अपने कसरत के बाद गर्म टब या गर्म स्नान में बैठना
1132.wav,हालांकि विस्फोटक किस प्रकार का था इस बारे में अभी कोई जानकारी नहीं मिली है
1133.wav,आपको अन्य निंजा के खिलाफ प्रतिस्पर्धा करनी चाहिए और एलिमेंटल मास्टर्स को पराजित करना होगा
1134.wav,बैंक की कुल संख्या के आधार पर फैसला किया
1135.wav,आज तनाव अधिक रहेगा जिससे स्वास्थ्य में गिरावट संभव है
1136.wav,यहां पर चारदीवारी कर शेड बनाया जा रहा था
1137.wav,कार्यक्रम का आयोजन दिल्ली के इंदिरा गांधी अंतरराष्ट्रीय इंडोर स्टेडियम में किया गया
1138.wav,अगर उचित लगे तो इसे भड़ास पर जगह दे दीजिए
1139.wav,गोनू झा के चेहरे पर चिंता साफ़ दिख रही थी
1140.wav,ऐसी ही एक अवैध गतिविधि यहां सामने आयी है अवैध गर्भपात की
1141.wav,विशेषज्ञों के बीच इस तरह के खाना पकाने के रूप में विस्तारित अर्क विधि
1142.wav,इस पर जोधपुर के महाराज ने उस प्रतियोगिता का विजयी उन्हें ही घोषित किया
1143.wav,इन्हें बाद में जमीन पर स्थित स्टेशनों में देखा जा सकता है
1144.wav,लोग हाइट बढ़ाने के लिए न जाने कितने तरीके के उपाय अपनाता है
1145.wav,व्यक्तिगत चोट और विज्ञापन चोट दोनों व्यक्तिगत और विज्ञापन चोट देयता के तहत आते हैं
1146.wav,बदलाव की बात करें तो तयशुदा आय वर्ग वाले बाजार अपेक्षाकृत अधिक संवेदनशील होते हैं
1147.wav,इन्हें किसी दूसरे क्षेत्र में काम करने का अनुभव भी नहीं है
1148.wav,लेकिन इस बार इसे रोकने के लिए हर वार्ड में दो मार्शल तैनात किये जायेंगे
1149.wav,शाहरुख और प्रीती की जोड़ी भी काफी हॉट लगी और लोगों को पसंद भी आई
1150.wav,इसके साथ ही उन्हें पूरा सम्मान भी दिया जाएगा
1151.wav,मैं अभी पार्टी की रैली में हूं और दिल्ली से आ रहा हूं
1152.wav,जानकारी के मुताबिक रजनीकांत अपनी नई पार्टी बनाकर आगामी चुनाव लड़ेंगे
1153.wav,हम रिपोर्ट देखेंगे और सरकार जल्द से जल्द समिति की सिफारिशोंं पर फैसला करेगी
1154.wav,उन्होंने कहा कि तकनीकी पहलुओं की जांच चिकित्सा शिक्षा निदेशक द्वारा की जा रही है
1155.wav,हर स्थान की घटनाएं अलग अलग हैं उनके लक्ष्य और कारण भिन्न हैं
1156.wav,सेब को तरोताजा रखने के लिए मोम लगाने की खुद सरकार देती है अनुमति
1157.wav,इसकी पहली कड़ी में स्टेशन के विकास को लेकर मास्टर प्लान तैयार कराया जाएगा
1158.wav,मुख्य सचिव अनिल खाची की ओर से नई गाइडलाइन जारी कर दी गई है
1159.wav,आपको बता दें कि इस महिला का नाम तेजस्वनी दिव्या है
1160.wav,इसमें सबसे अधिक प्रभावी दक्षिण कोरिया के तीरंदाज रहे हैं
1161.wav,कोहेन सीरिया में पकड़े जाने से पहले तक यही घड़ी पहनते थे
1162.wav,दक्षिण अफ्रीकी टीम ने नंबर वन के स्थान फिर से कब्जा किया है
1163.wav,भज्जी की शादी और युवी की सगाई के बाद अब जहीर पढ़ेंगे निकाह
1164.wav,वहीं अपने नाना के पुराने पैतृक पंचपुरा घर भी गए
1165.wav,हालांकि उसके बाद केंद्र और दिल्ली सरकारों ने कई कदम उठाए
1166.wav,देने रूसी श्रम संहिता में प्रावधान बाहर निकलती है
1167.wav,इसके अलावा बैंकों का कर्ज कम करने के उपायों पर भी चर्चा होगी
1168.wav,इन अनुसंधानों के लिए भारी भुगतान किया जाना है
1169.wav,लेकिन मैं कहना चाहता हूं कि यह सरकार या ईश्वर की मर्जी पर निर्भर होगा
1170.wav,आप जहां भी जाएं बस अपना पासपोर्ट ले जाना सुनिश्चित करें
1171.wav,बिंदास अंदाज़ में गया शहर की श्रेया सिन्हा से मिलिए
1172.wav,घटना नावकोठी थाना क्षेत्र के देवपुरा चौक की है
1173.wav,हालांकि अभी इस वेबसाईट पर केवल नये एलयूवी कमींग सून ही दर्शाया जा रहा है
1174.wav,वीडियो वायरल करने की धमकी देता था और कहता था बदनाम कर दूंगा
1175.wav,इसके बाद लड़कियां देह व्यापार के धंधे में उतार दी जाती हैं
1176.wav,विजयन ने यह सुनिश्चित किया कि इस बार वह ऐसे किसी विवाद में नहीं फंसे
1177.wav,अंतराष्ट्रीय क्षत्रिय महासम्मेलन जो कंबोडिया में आयोजित हुई थी
1178.wav,शो के बाद से राखी की पॉपुलैरिटी में काफी इजाफा हुआ था
1179.wav,बिलाल का जॉन्डिस खराब स्तर पर पहुंच गया था
1180.wav,विज मंगलवार को अपने निवास पर पत्रकारों से बातचीत कर रहे थे
1181.wav,मंगलवार को हवन यज्ञ एवं भंडारे के साथ कार्यक्रम का समापन किया गया
1182.wav,एलओसी के निकट स्थित इस डिविजन को ही गोलीबारी का शिकार होना पड़ा है
1183.wav,केरल के बाढ़ पीड़ितों की मदद के लिए सामाजिक कार्यकर्ता आगे आए हैं
1184.wav,करिश्मा ने अपने करियर की शुरुआत क्योंकि सास भी कभी बहू थी से की थी
1185.wav,इन्हें तमाम राष्ट्रीय एवं अंतर्राष्ट्रीय पुरस्कारों से सम्मानित किया गया
1186.wav,सीनियर ऑफिसर भी क्षेत्र में भ्रमण कर अनुपालन करवा रहे हैं
1187.wav,दोनों नेता लगातार नीतीश कुमार के विरोध में बयान दे रहे थे
1188.wav,लेकिन डीडीए अधिकारियों ने इस मामले में बेहद लापरवाही दिखाई
1189.wav,जिसके बाद विपक्ष आैर बाकी लोगों ने सरकार के खिलाफ घोटाले का आरोन लगाया था
1190.wav,बराक ओबामा के बस की बात ही नही है इस मंदी को रोक पाना
1191.wav,प्रतियोगिता का विषय पर्यावरण और जल बचाओ रखा गया है
1192.wav,अभिनेता अभिषेक बनर्जी ने गुरुवार को आसिफ बसरा के निधन पर शोक जताया है
1193.wav,दीया मिर्जा ने इंस्टाग्राम पर साझा की शादी की अनदेखी तस्वीरें
1194.wav,बाद में शो के होस्ट ने ही उन्हें मिताली राज के बारे में बताया
1195.wav,लोकतांत्रिक भारत को अपने बच्चे मारने की इजाजत नहीं
1196.wav,डॉक्टरों ने वेतन की मांग को लेकर दिनभर हड़ताल का निर्णय लिया है
1197.wav,फिलहाल तीन सदस्यीय प्रशिक्षित स्टाफ डायलिसिस की सुविधा प्रदान करना शुरू कर दिया है
1198.wav,पिछले दिनों हुई बारिश के चलते जमीन धंसने का मामला सामने आया है
1199.wav,सम्मेलन में पहुंचने पर कुलदीप बिश्नोई का दोनों पार्टियों के कार्यकत्र्ताओं ने भव्य स्वागत किया
1200.wav,मामले की संवेदनशीलता को देखते हुए गांव में कई थानों की पुलिस लगाई गई है
1201.wav,उनकी मां मधु चोपड़ा भी उनके साथ मौजूद थीं
1202.wav,मैक्रां ने इस काम के लिए बर्लिन को प्रोत्साहित किया है
1203.wav,सीबीआई ने उसके खिलाफ एफआईआर दर्ज कर ली है
1204.wav,लेकिन ऐसा लगता नहीं कि यह पूंजी पर्याप्त साबित होगी
1205.wav,इस अध्यादेश के तहत केंद्र को कोयला ब्लॉकों को नीलाम करने का अधिकार है
1206.wav,उम्मीद है कि जल्द ही पुलिस सभी आरोपियों को पकड़ने में कामयाब हो जायेगी
1207.wav,सलमान खान का स्टारडम लोगों के सिर चढ़कर बोल रहा था
1208.wav,केंद्र ने इस राशि को स्वीकृति दे दी है
1209.wav,इस बीच ऑटो तेज रफ्तार से आकर लॉरी से टकराई
1210.wav,इस चुनाव के कई फैक्टर्स पर बात की जाएगी
1211.wav,पेशे से वकील अभिषेक राजपूत ने इसकी जानकारी अपने ट्विटर पर दी
1212.wav,ऑस्ट्रेलिया के तत्कालीन प्रधानमंत्री जॉन हॉवर्ड ने इन्हें महानतम जीवित ऑस्ट्रेलियन कहा था
1213.wav,कार्यशाला का आयोजन प्रदेश राज्य सहकारी बैंक व नाबार्ड के सौजन्य से किया गया
1214.wav,साथ ही अधिक से अधिक लोगों से फिल्म देखने को कहा है
1215.wav,इसके साथ ही उन्होंने कश्मीर की आजादी की बात एक बार फिर दोहराई है
1216.wav,पिछली शादी से उसके पास केवल एक बच्चा था
1217.wav,तथा अब उस जमीन पर आशियाने भी खड़े हो गये हैं
1218.wav,महिलाओं की ओर से राखियों को तिरंगे के रंग में तैयार किया जा रहा है
1219.wav,शालिनी यादव ने अभी अपना नामांकन वापस नहीं लिया है
1220.wav,पुलिस को दी शिकायत में शाहाबाद निवासी नवीन कुमार ने कहा है
1221.wav,उबलते पानी से भरे आलू से बने एक दवा भी प्रभावी है
1222.wav,सराफा कारोबारियों का कहना है कि दोनों कीमती धातुओं में और गिरावट आनी चाहिए
1223.wav,हाल ही में शो का प्रोमो वीडियो रिलीज हुआ है
1224.wav,बुज़दिली को माचोमैन बनाने वाले रवीश वामपंथी वैचारिक दरिद्रता के आख़िरी ब्रांड एम्बेसडर हैं
1225.wav,उस अनुबंध यानी कॉन्ट्रैक्ट में सफलता मिलने के सर्वाधिक चांस होते हैं
1226.wav,इस बीच इस मामले की जांच एनआईए को सौंप दी गई है
1227.wav,कॉलेज लाइफ में किया गया इश्क आमतौर पर अपनी मंजिल तक नहीं पहुंच पाता है
1228.wav,देसराज गौतम ने छिंज कमेटी के प्रयासों की सराहना करते हुए आयोजन में सहयोग के
1229.wav,वह अपनी बात रखने के कारण कई बार ट्रोल भी हो जाती हैं
1230.wav,ये उद्गार शुक्रवार को मुख्यमंत्री प्रेम कुमार धूमल ने चिंतपूर्णी में पत्रकार वार्ता में कहे
1231.wav,इस दौरान उनके पिता किशन लाल सहित परिवार के अन्य सदस्य मौजूद रहे
1232.wav,लेकिन डिजिटल पहचान से ही किसी व्यक्ति की व्यक्तिगत पहचान सत्यापित होती है
1233.wav,आरोपित युवक पैदल परसाही से कैमाडीह जाने के लिए निकला था
1234.wav,साथ में उन्होंने केजरीवाल और सिसोदिया को अपने पद से इस्तीफा देने की मांग की
1235.wav,इसका डिसप्ले चमकीला है और सूर्य की सीधी रोशनी में भी बढ़िया दिखता है
1236.wav,कपड़ा के किनारों उत्पाद के अंदर पर जमा होते है चाहिए
1237.wav,गोलियों से हत्या के बाद शव पर चढ़ाई गाड़ी
1238.wav,मंदिर अधिकारी शोभिया राम कपूर ने उन्हे मां का सिरोपा भेंट किया
1239.wav,हम किसी विशेष असाइनमेंट को लेकर टिप्पणी नहीं करते
1240.wav,उस दौरान सुनीता सेतिया मंच पर रोने लग गईं थी
1241.wav,गणेश जी को लड्डू भोग लगाने से आपकी सारी परेशनियां हल हो जाएंगी
1242.wav,अब इलेक्शन कमीशन कह रहा है कि हम केवल एक विधानसभा की वीपैट को जांचेंगे
1243.wav,इस योजना के अंतर्गत ग्रामों में शुद्ध पेयजल प्रदाय करना प्रारंभ हो गया है
1244.wav,यह अलग बात है कि दो दिन बाद ही वे इससे पलटते नज़र आये
1245.wav,अब देखना यह है कि नई सरकार में उन्हें क्या जिम्मेदारी मिलती है
1246.wav,घटिया निर्माण गुणवत्ता के चलते खाली थे सभी फ्लैट
1247.wav,पुलिस के अनुसार मेडिकल जांच के बाद पुलिस आरोपी की तलाश में जुट गई है
1248.wav,ननखड़ी क्षेत्र में आसमानी बिजली गिरने से दो लोगों की मौत हो गई
1249.wav,देश की इस लोकप्रिय एसयूवी की चाबी दादा के पास भी मौजूद है
1250.wav,उन्होंने कहा कि कांग्रेस के मंसूबे कामयाब नहीं होंगे
1251.wav,पूणे के फायर ब्रिगेड विभाग में अब बुलेट को भी शामिल कर लिया गया है
1252.wav,अगर मुझे किसी ने धोखा दिया तो मैं उसकी पीट पीटकर जान ले लूंगी
1253.wav,डॉक्टर्स यहां घायलों को बचाने की भरसक कोशिश कर रहे हैं
1254.wav,फिर उसमें फेंटा हुआ अंडा पैन में डाल कर फैलाएं और पकाएं
1255.wav,पीड़िता की मां विट्ठल की चचेरी बहन थी
1256.wav,वहां की संसद ने तुरंत चुनाव करवाने का प्रस्ताव पारित कर दिया है
1257.wav,हम हमेशा इसी तरह की ख़बरें अपने पाठकों को बताते रहते हैं
1258.wav,कैप्टन ने महिला का पीछा किया और बिठूर स्थित उसके कालेज होस्टल पहुंच गया
1259.wav,भोपाल को मध्यप्रदेश की राजधानी के तौर पर चुना गया
1260.wav,हरिपुरधार कुपवी मार्ग को मां भंगाइणी मंदिर तक खोल दिया गया है
1261.wav,शोर और निस्संदेह नायकों सबसे अधिक पशु की तरह हैं
1262.wav,मिसेज नेचुरल ब्यूटी में रजिस्ट्रेशन आप घर बैठे ही बेहद आसानी से कर सकती हैं
1263.wav,फिल्म की कहानी छत्तीसगढ़ के एक छोटे से कस्बे लोरमी में गढ़ी गई है
1264.wav,अक्सर सुबह कभी कभी उठकर चेहरे को आईने में देखने पर सूजन दिखाई देता है
1265.wav,चाहे किसी प्रकार की कुर्बानी क्यों न देनी पड़े
1266.wav,वीजा प्रतिबंध लागू होने के बाद से ये अमेरिकी हिरासत में हैं
1267.wav,सुबह साढ़े चार बजे उनका विशेष विमान न्यूयॉर्क के जॉन एफ कैनेडी एयरपोर्ट पर उतरा
1268.wav,हाल ही में हुंडई वेन्यू के वैरिएंट्स का खुलासा किया गया है
1269.wav,इस वीडियो में मोटरसाइकिल पर सवार एक पुलिसकर्मी को एक व्यक्ति पीट रहा था
1270.wav,इस काम में उसकी मदद एक वेबसाइट ने की
1271.wav,शातिर शानू अब भी पुलिस की पकड़ से बाहर है
1272.wav,ज्यादातर कॉलेज संचालक तकनीकी कोर्सेस में फीस नहीं बढ़ाने के पक्ष में हैं
1273.wav,जिससे हमारी सेहत और शरीर पर असर पडता है
1274.wav,ड्रमर बॉबी कोलोम्बी वर्तमान में लॉस एंजिल्स में एक प्रतिभा प्रबंधन कंपनी का मालिक है
1275.wav,इस मामले में गुरुवार को पीजीआई पुलिस ने आरोपी को गिरफ्तार कर लिया
1276.wav,इसके लिए दोषी सिर्फ वे लोग नहीं है जो गाडि़यों के मालिक हैं
1277.wav,इसके बाद भी इस दल में कई विभाजन हुये
1278.wav,कराची और बलूचिस्तान स्थित गवर्नर हाउस को संग्रहालयों के रूप में इस्तेमाल किया जाएगा
1279.wav,जिसमें दावा किया जा रहा है कि चालान को लेकर लोग भड़के हैं
1280.wav,उन्होंने कहा कि वे केजरीवाल से बहस के लिए तैयार हैं
1281.wav,वहीं तापसी पन्नू वकील आरती मोहम्मद की भूमिका में नजर आएंगी
1282.wav,इस सीरीज में वह लीड रोल में नजर आएंगे
1283.wav,मई से भारत और चीन के बीच एलएसी पर तनाव बढ़ रहा है
1284.wav,सस्ते कार बाजार में प्रतिस्पर्धा सीमित लेकिन भयंकर है
1285.wav,ब्लाग में एक सफेद रंग के गोलाकार कीडे की शक्ल का वाहन दिखाया गया
1286.wav,इस पर उनकी बहस हुई और उन्होंने अपना कैश वापस मांगा
1287.wav,इसलिए प्रारंभिक समूह में साक्षरता इन सुविधाओं के साथ सख्त अनुसार बनाए गए हों
1288.wav,अब वे तेजी से फिल्मों को प्राथमिकता देना चाहते हैं
1289.wav,पर दोनों के लिए एक ही चीज पर सारा दारोमदार है
1290.wav,प्रत्येक संस्थान के लिए साढ़े तीन करोड़ रुपए की राशि मंजूर की गई है
1291.wav,धन हानि के योग बन रहे है शेयर बाजार में घाटा लग सकता है
1292.wav,इतना ही नहीं वह सोशल मीडिया पर ट्रेंड भी कर रही है
1293.wav,अनुशे ने बहुत सारी तस्वीरें शेयर कर साथ में एक नोट लिखा है
1294.wav,शैक्षणिक संस्थान स्टावरोपोल में यह सब संकाय के माध्यम से प्राप्त किया जा सकता है
1295.wav,मामले के साथ आकर्षण के दो मुख्य कारण थे
1296.wav,कृपया ऐसा और भी बनाये और भगवान आपको भरपूर आशीर्वाद दें
1297.wav,लेकिन कोराना वायरस ने ऐसा कहर ढाया कि पूरी दुनिया ठहर सी गई
1298.wav,कुणाल कामरा पर तीन एअरलाइनों ने यात्रा करने से रोक लगा दी है
1299.wav,अन्य कोशिकाओं संरचनाओं के लिए निर्णाण ब्लॉक के रुप में काम करता है
1300.wav,प्रधानमंत्री नरेंद्र मोदी ने भी खिलाड़ियों की हौसलाअफजाई की है
1301.wav,प्रोफेसर सिमियन ने कहा कि तथ्य विचारधारा से ऊपर होता है
1302.wav,मैथ्यू सोफी के पैरेंट्स को भी धमकी देता था
1303.wav,अपने पार्टनर को उसके बारे में बात करने का पूरा मौका दें
1304.wav,पासपोर्ट बन जाने के बाद उनके लिये लाओस में रहने में कठिनाई नहीं होगी
1305.wav,म्यांमार रवाना होने से पहले ये ये मोदी की आखिरी बैठक थी
1306.wav,स्माइल फाउंडेशन द्वारा सामाजिक कार्यों के लिए राष्ट्रीय पुरस्कार से नवाजा गया
1307.wav,एफपीआई अमेरिका और यूरोप जैसे विकसित बाजारों में भी निवेश नहीं कर रहे हैं
1308.wav,सोनम ने सोशल मीडिया के माध्यम से अपनी नाराजगी जाहिर की है
1309.wav,अपने बॉस के व्यक्तित्व और उनके मनोविज्ञान को ध्यान से समझने की कोशिश करें
1310.wav,यमुनानगर में सोमवार को आयोजित दलित पंचायत में भाग लेते समाज के लोग
1311.wav,इसके बाद ससुराल वालों ने शव का श्मशान घाट ले जाकर अंतिम संस्कार कर दिया
1312.wav,उसके बाद से ही गियाना की सेहत में तेजी से सुधार होने लगा
1313.wav,मीडिया को भी सॉफ्ट कापियां ही मिलती हैं
1314.wav,ज्यादातर मामलों में आपको लोगों की मदद भी मिल सकती है
1315.wav,यह घटना बुलंदशहर के नरौरा गंगा घाट के पास की है
1316.wav,उन्होंने कहा कि वास्तव में सत्र की शुरुआत ही ठीक नहीं हुई
1317.wav,इस अवसर पर एच आर महाप्रबंधक आर के शर्मा भी उपस्थित थे
1318.wav,वह लालच और गर्व को नष्ट करने के प्रयासों से भी जुड़ा हुआ है
1319.wav,यह मंगल का राशि परिवर्तन आपकी मानसिक चिंताओं में वृद्धि कर सकता है
1320.wav,इस चुनाव में आने वाले परिणाम से योगी के कुशल नेतृत्व की परीक्षा होगी
1321.wav,कर्मचारियों को एक विशेष प्रकार के उपभोक्ता के रूप में माना जा सकता है
1322.wav,कंदरोड़ी को विकसित करने के लिए सरकार को खुद ही पैसा खर्च करना होगा
1323.wav,घटना के बाद से रिश्तेदार गायब है और उसका कुछ नहीं पता है
1324.wav,इस पुल पर से कई दुर्घटनाएं हो चुकी हैं
1325.wav,दिल्ली के सरकारी स्कूलों में पीटीएम को रद्द करवाने को लेकर उठा सवाल
1326.wav,इस दृष्टिकोण एक रचनात्मक सोच के रूप में कला पर विचार के समर्थकों का
1327.wav,कांग्रेस ने कहा कि सरकार खुद को असुरक्षित महसूस कर रही है
1328.wav,आपसे पूछा जाएगा कि आपने उसे सुना या नहीं
1329.wav,इस वजह से दूसरी चीज तो खा लेती हैं पर उनका पेट नहीं भरता है
1330.wav,उद्देश्य लेखक द्वारा निर्धारित के साथ लगभग सभी अभिनेताओं सामना
1331.wav,शादी के कुछ दिन बाद अमर सिंह ने रेखा को मायके भेज दिया
1332.wav,पूरे क्षेत्र में सर्च ऑपरेशन चलाया जा रहा है
1333.wav,ऐसा करने वाले मेकअप आर्टिस्ट ने वर्ल्ड रिकॉर्ड बनाया है
1334.wav,एक्ट्रेस मंदिरा बेदी अपनी फिटनेस का खास ख्याल रखती है
1335.wav,इस पूरे उत्तर बंगाल के साथ तृणमूल शासन में बहुत
1336.wav,पांचों मेयरों के साथ प्रधानमंत्री मोदी से मिले सीएम खट्टर
1337.wav,वहीं आईपीएल को भारत के बाहर आयोजित नहीं किया जाना चाहिए
1338.wav,सुरक्षाबलों की कार्रवाई में एक विदेशी आतंकी भी मारा गया
1339.wav,परिवार अलग लिंगों के लोगों के बीच ही संभव है
1340.wav,भारत नियंत्रित कश्मीर में मोबाइल इंटरनेट सेवाएं ठप हैं
1341.wav,भोर होते ही गोकुलवासी नंदबाद और यशोदा को बधाइयां देने पहुंच गए
1342.wav,जैसे ही यह विवरण सिस्टम में डाला जाएगा पूरे देश में यह फैल जाएगा
1343.wav,बगदाद में अमेरिकी दूतावास ने अपने नागरिकों से तत्काल ईराक छोड़ देने को कहा
1344.wav,अब जब रुबीना जीत गई हैं तो उनके फैंस भी सातवें आसमान पर हैं
1345.wav,इस फेयर को नए सिरे से सोचकर लागू किया जा सकता है
1346.wav,रायपुर में आरोपी गुढ़ियारी इलाके में किराए का मकान लेकर रहने लगा
1347.wav,भारी गोलीबारी के कारण एलओसी पर पड़े हैं शव
1348.wav,विजयवर्गीय ने बुधवार को इस संबंध में ट्वीट किया
1349.wav,हर देश की समाज रचना और समाज का मानस भिन्न प्रकार का है
1350.wav,आदमी के भाग्य की ओर से शुरू होता है
1351.wav,नगर निगम ने शुरू किया सड़क मरम्मत का कार्य
1352.wav,वे देश के प्रथम राष्ट्रपति राजेंद्र प्रसाद से काफी प्रभावित थे
1353.wav,किसी बर्तन में पिघला हुआ घी और चीनी डालिये और अच्छी तरह से फैंट लीजिये
1354.wav,रैली में पश्चिम बंगाल की मुख्यमंत्री ममता बनर्जी सहित विपक्ष के कई नेता शामिल हुए
1355.wav,हाल ही में किया की नई एमपीवी टेस्टिंग के दौरान देखी गई है
1356.wav,रात्रि के लिए चार मजिस्ट्रेट तैनात किए गए हैं
1357.wav,हालांकि लोग कई महीनों तक एक ही फ्लैट में रहते हैं
1358.wav,छात्रवर्ग अपने लक्ष्य को लेकर कुछ असमंजस में रहेंगे
1359.wav,जाह्नवी कपूर अपने सुपर स्टाइलिश अंदाज के लिए भी जानी जाती हैं
1360.wav,भाजपा ने उनके बयान को पूरी तरह से गैरजिम्मेदार और उत्तेजक करार दिया
1361.wav,कोरोना वायरस महामारी का वैश्विक अर्थव्यवस्था पर भी बहुत असर पड़ा है
1362.wav,मेरठ के बाहरी इलाके मे हमारी सहयोगी सुनेत्रा चौधरी को मिले ऐसे कई लोग
1363.wav,अशोकनगर जिले के तहत आने वाली चंदेरी सिंधिया का गढ़ रहा है
1364.wav,अपोक्राफल तर्गम शेनी में सुलैमान और शेबा के बीच मुठभेड़ का अधिक विवरण शामिल है
1365.wav,कभी कोई बोल जाए तो दिल पर नहीं लेते
1366.wav,और सजावट एक प्राकृतिक स्थिति में रहने के लिए बेहतर है
1367.wav,उन्होंने कहा कि किसी भी सफाई सेवक या सीवरमैन का शोषण नहीं होने दिया जाएगा
1368.wav,मेरे पति और मैं घर का ज्यादातर काम स्वयं करते हैं
1369.wav,जिसके चलते शहर की युवा पीढ़ी नशे की गिरफ्त में जकड़ती जा रही है
1370.wav,इसमें सबसे अहम वजह उसके सर्टिफिकेट में मौजूद नाम है
1371.wav,निवेशक शेयर बाजारों से अपना पैसा निकाल रहे हैं
1372.wav,बता दें कि चैत्र मास की शुक्ल प्रतिपदा को गुड़ी पड़वा मनाया जाता है
1373.wav,बड़े व्यास का एक साधारण सिलाई सुई का प्रयोग न करें
1374.wav,लेकिन यह एक खास जगह इस देश के पर्यावरण पर है
1375.wav,खारी पियरे को उनकी शानदार गेंदबाज़ी के लिए प्लेयर ऑफ़ द मैच चुना गया
1376.wav,हर कोई ट्वीट कर उन्हें श्रद्धांजलि दे रहे हैं
1377.wav,हालांकि सनराइजर्स को इस रोमांचक मैच में चार रन से हार का सामना करना पड़ा
1378.wav,आप ईसीजी अध्ययन के दौरान बीमारी देख सकते हैं
1379.wav,हम भी सर्वे कराएंगे और केवल जीतने वाले दावेदार को प्रत्याशी बनाएंगे
1380.wav,कई विश्वास है कि यह चलेगा सबसे लंबे समय तक धातु उपकरण होते हैं
1381.wav,टीचर पूनम उसे हेयर स्टाइल और छोटी पैंट पर बेल्ट से पीटती थी
1382.wav,मगर कोई भी अधिकारी इस ओर ध्यान नहीं दे रहा है
1383.wav,जल्द ही आरोपी पुलिस के हत्थे चढ़ जाएगा
1384.wav,रिश्वत की राशि नहीं देने पर लाइनमैन ने पोल बदलने से इंकार कर दिया
1385.wav,मामला मुंबई के टैक्सी ड्राइवरों से जुड़ा हुआ है
1386.wav,जबकि आग से रेंगने वाले जतुंओं को भारी नुकसान होता है
1387.wav,बिहार को विकसित राज्यों की श्रेणी में लाने के लिए कार्यक्रम लागू
1388.wav,पंजाबी में यह प्रथम प्रयास अमितोज के बाद पाश ही कर पाया था
1389.wav,इन दोनों जगहों के नेताओं को लखनऊ बुला कर वे मीटिंग भी कर चुके हैं
1390.wav,नानो का कहना है कि उसके सूंघने की तुलना अन्य लोगों से ज्यादा है
1391.wav,अब देखना होगा क्या नतीजे भी उस तरह के आते हैं या नहीं
1392.wav,ऐसे में जाहिर है लोगों की उम्मीदें उनसे टूटी हैं
1393.wav,इस अनुभाग में उद्योग के भीतर आपके व्यापार की जगह का सारांश भी शामिल होगा
1394.wav,अब वे अपने बेटे की शिक्षा पर मुख्य रूप से संवाद करते हैं
1395.wav,एनआईए हथियार छीनने की इस घटना की जांच कर रही है
1396.wav,बंगाल में टाटा के निवेश को भुना रही तृणमूल कांग्रेस
1397.wav,जी हां होगवीड काफी जहरीला पौधा माना जाता है
1398.wav,केंद्रीय कैबिनेट की बैठक में सिलिंडर के दाम नहीं बढ़ाने का भी फैसला किया गया
1399.wav,उसके बाद अजगर का पेट को चीरकर खोला गया
1400.wav,दस्त भी अब स्वाइन फ्लू के लक्षणों में जुड़ गया है
1401.wav,पुलिस कर्मी और वन्य जीव विभाग की टीम पहुंची
1402.wav,इस लिहाज से उनका इस्तीफा अहम माना जा रहा है
1403.wav,क्योंकि रात में इंफेक्शन का खतरा सबसे ज्यादा होता है
1404.wav,बदमाशो ने चाकू की नोक पर चलती बस में बुजुर्ग को लुटा
1405.wav,गिरफ्तार दोनों आरोपियों के नाम उपकार सिंह और जगतार सिंह बताया जा रहा है
1406.wav,सिनेमा के सितारे खुद को उज्ज्वल व्यक्त करने के हर अवसर का उपयोग करते हैं
1407.wav,इसके अलावा दिल्ली एयरपोर्ट से चलने वाली सभी उड़ानें भी देरी से चल रही हैं
1408.wav,उन्होंने कहा कि यह पहला मौका है कि जिला परिषद का अध्यक्ष भाजपा समर्थित
1409.wav,स्कॉटलैंड में मुफ्त सैनिटरी प्रॉडक्ट्स देने का कानून पारित किया गया था
1410.wav,इस फिल्म में उनके साथ परेश रावल और मृणाल ठाकुर हैं
1411.wav,दिवाली की रात दिन के मुकाबले तीन से चार गुना ज्यादा प्रदूषण था
1412.wav,जो आपके फार्मल और कैजुअल लुक को मानसून सीजन में आसानी से कंप्लीट करेगें
1413.wav,अंतिम सूचना तक टूटी नहर से पानी का बहाव जारी था
1414.wav,दिवंगत पॉप स्टार माइकल जैक्सन अपने नाम से कपड़ों का ब्रांड शुरू करना चाहते थे
1415.wav,इस फिल्म में अनुपम खेर पूर्व पीएम मनमोहम सिंह की भूमिका में हैं
1416.wav,अजायब में विजेता खिलाड़ी का स्वागत करते गांव वासी
1417.wav,जनप्रतिनिधियों को जनता से संवाद कर अपनी तरफ से संवाद जारी रखना होगा
1418.wav,मंच संचालन तदर्थ समिति के सदस्य अशोक खुराना ने किया
1419.wav,स्विमिंग सूट के निचले हिस्से वंक्षण सिलवटों ऊपर काटा जा सकता है
1420.wav,यह दीपक पर्यावरण के अनुकूल है और शोर के बिना काम करता है
1421.wav,लेकिन अमांपुर गाँव के हिंदुओ ने उन दंगाइयो को मुँहतोड़ जवाब दिया है
1422.wav,भारतीय क्रिकेट टीम ने नीली ड्रेस नहीं पहनी थी
1423.wav,रणबीर और जॉन दोनों का फुटबाल में सक्रिय योगदान है
1424.wav,आत्मसमर्पण करने पर यह घोषित इनाम की राशि का चेक उन्हें सौंप दिया गया
1425.wav,उनका कहना है कि जनप्रतिनिधि किसी भी दल का हो वो सबका होता है
1426.wav,इंटरनेट के आने के बाद इस दिशा में विशेष उन्नती हुई
1427.wav,बिग बॉस ने घर में ही कुछ कंटेस्टेंट को भूत बनने को कहा
1428.wav,मधुरिमा तुली हुई बिग बॉस के घर से बाहर
1429.wav,इसके लिए राष्ट्रीय सुरक्षा परिषद सचिवालय के तहत एक कार्यबल भी गठित किया गया है
1430.wav,एक्सप्रेसवे पर कई जगह बोर्ड लगाकर भी लोगों को सतर्क रहने की चेतावनी दी जाएगी
1431.wav,काफी हद तक ये लोगों में दहशत पैदा कर चुके थे
1432.wav,यह समय धैर्य रखने के लिए प्रेरित कर रहा है
1433.wav,जिसके चलते भारी पुलिस बल व ड्यूटी मजिस्ट्रेट की मौजूदगी में अवैध निर्माण हटाया गया
1434.wav,बीते दिनों पूनम पांडे पति सैम बॉम्बे के साथ गोवा में थीं
1435.wav,दांम्पत्य जीवन के सुख में कमी रह सकती है
1436.wav,इस फिल्म में अदिति के छोटे से रोल की काफी तारीफ हुई थी
1437.wav,इस सूचना पर पुलिस महकमे में खलबली मच गई
1438.wav,लोग प्राइवेट बसों व निजी वाहनों पर लटक कर अपने संस्थानों व कार्यालय तक पहुंचे
1439.wav,इसमें वह प्लीटेड स्कर्ट के साथ खूबसूरत जंपर में दिख रही हैं
1440.wav,वे पार्टी के राष्ट्रीय अधिवेशन में हिस्सा लेने के बाद से कर्नाटक नहीं लौटे हैं
1441.wav,इसलिए सभी समुद्रों का रंग नीला दिखाई देता है
1442.wav,केरल के कोच्चि में रविवार को बाढ़ के पानी में डूबे मकान
1443.wav,इस हफ्ते के अंत तक फिल्म की कमाई का असली फिगर सामने आ जाएगा
1444.wav,मॉडल्स ने अजीब तरह की ड्रेस पहन रखी थी
1445.wav,योजना के तहत सभी आवेदन ऑनलाइन स्वीकार किए जाएंगे
1446.wav,विधानसभा के मानसून सत्र में नेता प्रतिपक्ष पद को लेकर हंगामा होगा
1447.wav,यह दो साल में एयर इंडिया के विनिवेश का दूसरा प्रयास है
1448.wav,फ्रैकल्स असल में छोटे छोटे तिल नुमा धब्बे होते हैं
1449.wav,आपके हाथों कोई धार्मिक या पुण्य का कार्य होगा
1450.wav,पाणु राम अपने क्षेत्र में सबसे बुजुर्ग मतदाता हैं
1451.wav,लोगों ने बच्ची को बेहोशी की अवस्था में अस्पताल में भर्ती कराया
1452.wav,और देखना है कि इस बार टीवी का सलमान खान कौन बनता है
1453.wav,हर साल नेटवर्क पर खरीदारी करने वाले लोगों की संख्या बढ़ रही है
1454.wav,वह बिहार से है और बोल और सुन नहीं सकती
1455.wav,इस दौरान पीएम ने भी बच्चों से हाथ मिलाया
1456.wav,भाजपा पर दोष मढने की बजाए कांग्रेस आत्मचिंतन करे
1457.wav,इसलिए हमे अपने छात्रों को वैश्विक स्तर पर प्रतिस्पर्धा के लिए तैयार करना है
1458.wav,ब्रिटेन की जूली लुइस इस दौड़ में लगातार चौथी बार हिस्सा लेंगी
1459.wav,अमिताभ बच्चन ने अभी हाल में ही इस अभियान का समर्थन किया था
1460.wav,बीएमसी की कार्रवाई को लेकर कंगना रनौत ने बॉम्बे हाईकोर्ट में याचिका भी लगाई है
1461.wav,जाटों के आंदोलन में इसके मुकाबले नरमी बरती गई
1462.wav,इसी बात को लेकर दोनों में गरमागर्मी हो गई
1463.wav,दोनों गुटों ने एक दूसरे पर किरपाण और तेजधार हथियारों से हमला किया
1464.wav,व्यय सचिव टीवी सोमनाथन भी पीएमओ से आए हैं
1465.wav,इस तकनीक में हमेशा पड़ती है बिजली की जरूरत
1466.wav,जिसके बाद तेज बहादुर अपने समर्थकों के साथ बुधवार को धरना दे रहे थे
1467.wav,संजू सैमसन पारी की दूसरी गेंद पर ही अवेश का शिकार बने
1468.wav,चुनाव जीतने के लिए सक्रिय कार्यकर्ता और मजबूत बूथ होना जरूरी है
1469.wav,अदम्य साहस और उत्कृष्ट नेतृत्व क्षमता के लिए उन्हें वीरता पदक से सम्मानित किया गया
1470.wav,ओला ड्राइवरों का आरोप है के पुलिस की लाठी में कई गंभीर चोट आई है
1471.wav,मलिक और अकमल का विश्व कप में खेलना संदिग्ध
1472.wav,बीफ पर प्रतिबंध जलवायु परिवर्तन का खतरा कम कर सकता है
1473.wav,अजलन शाह के पहले मैच में ऑस्ट्रेलिया से हारा भारत
1474.wav,इसका मतलब है यह मानना कि भविष्य में भी मौसम का रुख ऐसा ही रहेगा
1475.wav,फिल्म में राजकुमार राव ने एक पत्रकार का किरदार निभाया था
1476.wav,हम नहीं कहते कि ये सभी अपनी इस जिम्मेदारी का पालन नहीं करते होंगे
1477.wav,कुल मिलाकर आठ लाख के करीब सक्रिय केस हैं
1478.wav,हमारा तो दिनमान ही सेंसेक्स देख कर तय होता है
1479.wav,इन फोटोज़ में वह बेहद हॉट नजर रही हैं
1480.wav,वेसे महीने के आखिर सप्ताह में कहीं से धन लाभ हो सकता है
1481.wav,पाकिस्तान अपने लिए संकट पर संकट खड़े किए जा रहा है
1482.wav,युवती प्रीति ने मोबाइल पर मैसेज भेजकर अपनी आपत्ति दर्ज कराई है
1483.wav,पर ताकतवर इंजनों से लैस स्पीड बोटें भी कम खतरा नहीं बनी हुई हैं
1484.wav,टिप्पण लायक है कि ऊपर शेखर बारटेंडर के लिए बहुत उपयुक्त नहीं है
1485.wav,इस अहंकार का जवाब जनता कैसे देती है ये देखना दिलचस्प रहने वाला है
1486.wav,सायशा की पहली फिल्म शिवाय आज रिलीज हुई है
1487.wav,इसकी रिकवरी कराने की व्यवस्था के लिये विभाग ने कलेक्टर को पत्र लिखा है
1488.wav,प्रधानमंत्री मोदी की यूएन महासचिव से दो माह में यह दूसरी मुलाकात है
1489.wav,ऐसी स्टाइल और फिटिंग का चुनाव करें जो आपके लिए खास हो
1490.wav,अपनी वापसी के दौरान जर्मनी के ग्रांड पैलेस में आग लगा दी
1491.wav,संतों की सीख में वह रास्ता बताया जाता है जो सही होता है
1492.wav,आरोपी को गिरफ्तार कर लिया गया है और उससे पूछताछ की जा रही है
1493.wav,दुष्कर्म करने वाला एक मौलवी था जो उसे कुरान पढ़ाता
1494.wav,इस गैंग के सरगना चरन सिंह को यूपी एटीएस पहले भी गिरफ्तार कर चुकी है
1495.wav,इन सभी अभ्यर्थियों को कंपनी ने अब शीघ्र अपनी ज्वानिंग देने के आदेश दिए हैं
1496.wav,इस दौरान व्यापार मंडल के सहयोग से शोभा यात्रा निकाली गई
1497.wav,कुछ दिनों बाद उसकी मौत सिंगापुर के एक अस्पताल में हो गई
1498.wav,फिर इस में काली मिर्च और काला नमक मिलाकर चूंसे
1499.wav,उद्योग मंत्री ने कहा कि गौ माता पवित्र व पूज्य है
1500.wav,तीन महीने का बच्चा प्रतिबिंब के अनुसार कार्य करता है
1501.wav,विराट कोहली का एक शतक और बनेंगे तीन रिकॉर्ड
1502.wav,जिनके करोड़ों रुपये के एड आपके मुखपत्र को मिलते हैं
1503.wav,शाहरुख़ खान के ससुर रमेश चंद्रा छिब्बर नहीं रहे
1504.wav,कैंसर से जूझ रहे मशहूर अभिनेता ने इमोशनल मैसज लिखकर मांगी मदद
1505.wav,सूत्रों के अनुसार भाजपा नेतृत्व इस मामले में जल्दबाजी नहीं करना चाहता है
1506.wav,बीते सप्ताह वरुण की पत्नी राजेश्वरी सचदेव कोरोना वायरस से संक्रमित हुईं थी
1507.wav,उन्होंने बताया गंभीर हालत के कारण राजबहादुर को लखनऊ रेफर कर दिया गया है
1508.wav,सेक्स के बाद महिलाओं में उदासी की भावना पैदा होती है
1509.wav,मैं पीतल के उपकरणों पर एक करीब से देखता हूं
1510.wav,सिन्क्रोट्रॉन प्रकाश प्रायः इलेक्ट्रॉन को त्वरित करके प्राप्त की जाती है
1511.wav,जिसके बाद पार्टी ने उनका नाम उम्मीदवार के तौर पर पेश किया था
1512.wav,मशहूर काष्ठ मंदिर और जानकी मंदिर को भी भारी नुकसान पहुंचा है
1513.wav,सिएटल और नॉर्थवेस्ट में खाद्य प्रवृत्तियों के नवाचार और खेती का लंबा इतिहास है
1514.wav,विपक्ष चाहे तो वह कभी भी सरकार का बहुमत परीक्षण कर ले
1515.wav,उत्तर में शिकार इस व्यंजन रूस मछुआरों के बहुत शौकीन
1516.wav,मैं टेनिस प्रीमियर लीग टीम का हिस्सा बनकर खुश हूं
1517.wav,हिन्दू जनजागृति समिति द्वारा प्रयाग के बार एसोसिएशन के अधिवक्ताओं को मार्गदर्शन
1518.wav,गनीमत यह रही कि वे मलबे की चपेट में आ गए
1519.wav,अब इस मामले की जांच की कहां आवश्यकता है
1520.wav,एएसआई ओम प्रकाश सहित कई पुलिस कर्मचारियों को चोटें आई हैं
1521.wav,इलाचयी पाउडर भी वजन घटाने में काफी कारगर होता है
1522.wav,इसके बाद इसमें नींबू का जूस और आम का गूदा मिलाएं
1523.wav,अच्छे उद्देश्य के लिए सरचार्ज वसूल रही एसटीः हाईकोर्ट
1524.wav,तब उनकी मतदाता पर्ची का मिलान नहीं हो पाया
1525.wav,प्रदेश भर में यह मुद्दा बहुत पहले चर्चा में आया था
1526.wav,बिहारियों को प्राइवेट नर्सिंग होम और क्लिनिक में इलाज करवाने की आदत है
1527.wav,उसने मुख्यमंत्री को जनता से अलग कर दिया है
1528.wav,यह शरीर को शुद्ध और विषाक्त पदार्थों को खत्म मदद करता है
1529.wav,मैं फिर से अपना जीवन जीना चाहती हूं
1530.wav,पुलिस ने आरोपी बेटे और उसका मां मनोरमा देवी को गिरफ्तार कर लिया है
1531.wav,एक्सिस बैंक ने सैलरी अकाउंट के नियमों में भी बदलाव किया है
1532.wav,इटली के बाद यूरोप में स्पेन पर कोरोना वायरस का कहर सबसे ज्यादा टूटा है
1533.wav,लद्दाख लोकसभा सीट के बारे में बातचीत चल रही है
1534.wav,अब वह निर्देशन क्षेत्र में ही कुछ करना चाहते थे
1535.wav,तुम्हारा पाणिग्रहण स्वयं पति रूप में भगवान नारायण ही करेंगे
1536.wav,पॉली हसल ने अपनी बीवियों के लिए सिस्टर वाइव्स नाम से टीशर्ट भी बनवाई हैं
1537.wav,इस मार्ग से अमरनाथ यात्रियों को सोमवार से दर्शन के लिए रवाना किया जाएगा
1538.wav,शादी के वेन्यू की फोटोज सोशल मीडिया पर वायरल हो रही है
1539.wav,ओबामा ने अमेरिका के पूर्वी तट से सटे इस क्षेत्र
1540.wav,हमारे पास ऐसे गेंदबाज हैं और इसी कारण हम अच्छी स्थिति में हैं
1541.wav,कानून इन संहिताओं से कई मायनों में अलग है
1542.wav,इस पर रिम्स के डॉक्टरों और कर्मचारियों ने गुरुवार को ड्यूटी पर बहिष्कार किया
1543.wav,ऑस्ट्रेलिया में एक क्रिकेटिंग स्लैजिंग होती है जो गलत नहीं है
1544.wav,पीयू की ओर से आयोजित पीएचडी प्रवेश परीक्षा तीन सालों तक मान्य होती है
1545.wav,मलयेशिया का दानहार्ता बैड बैंक का सफल मॉडल है
1546.wav,इसके अलावा इस महीने को काम और मोक्ष देने वाला भी कहा गया है
1547.wav,बता दें कि पहले यह फोन सिर्फ ऑनलान चैनल्स पर ही बेचा जा रहा था
1548.wav,तो मैं हमेशा यही सोचती हूं कि अब इसके बाद क्या करुंगी
1549.wav,मजे की बात यह है कि ये सभी चीजें इस्तेमाल करने लायक हैं
1550.wav,परियोजना को लागू न किये जाने के कारण समस्या आ रही है
1551.wav,कलेक्टर ने कब्रिस्तान की जमीन को लेकर कोर्ट को गुमराह किया है
1552.wav,साथ ही देश पर विदेशी कर्ज भी काफी ज्यादा है
1553.wav,मगर दावा किया जा रहा है कि फिल्म की निर्माता शीतल तलवार होंगी
1554.wav,विराट और अनुष्का ने शादी के बाद दो रिसेप्शन दिए थे
1555.wav,यह कविता बता सकते हैं या एक गाना गाना करने के लिए मजबूर नहीं होंगे
1556.wav,मोदी ने लद्दाख में सेना को संबोधित किया और उनके पराक्रम की प्रशंसा की
1557.wav,राखी बंधवाने के दौरान उसकी तबीयत खराब हो गई
1558.wav,पहले जैसा गुलाब के फूल प्रेमी या प्रेमिका के हाथों में दिखाई नहीं होंगे
1559.wav,सोने के लिए मुलायम गद्दे की बजाय सख्त गद्दा प्रयोग करें
1560.wav,जसप्रीत बुमराह की शॉर्ट पिच गेंद पर डैरेन ब्रावो चोटिल होकर पवेलियन लौट गए हैं
1561.wav,कंपनी संस्थागत निवेशकों को आकर्षित करने के लिए कॉल ऐंड पुट ऑप्शन देगी
1562.wav,गुजरात में एक महिला न्यायाधीश दुनिया के सामने मानवता की मिसाल पेश की है
1563.wav,महीने में बदला लेने की कसम खाई थी
1564.wav,पाक में ईसाइयों के लिए अलग राज्य की मांग
1565.wav,आंदोलन कर रहे सभी ग्रामीण माकपा से जुड़े हैं
1566.wav,कांग्रेस के संपर्क में आते ही बिजली बदचलन हो गई
1567.wav,उस व्यक्ति उपहार और एक अन्य चरित्र के प्रसन्न बनाने इसका मतलब यह है
1568.wav,उस अदृश्य ताकत ने मुझे मेरी इच्छा के विपरित पीछे धकेला
1569.wav,बीएसएफ के जवानों के साथ ही स्थानीय पुलिस भी सक्रिय हो गई है
1570.wav,निवास ने कुछ गणित की किताबे भी लिखी है
1571.wav,ट्रेन में सवार होने के दौरान परीक्षार्थियों ने यात्रियों के साथ भी उलझ गए
1572.wav,क्योकि नचिकेता नाम का भूत अचानक कांग्रेस और यूपीए की रुह में नहीं समाया
1573.wav,धूमल को मुख्यमंत्री मनोनीत करने की सम्भावना से इंकार नहीं किया जा सकता
1574.wav,इतना ही नहीं बीते सताईस माह से विकास दर निरंतर बढ़ रही थी
1575.wav,जानकारी अनुसार देर रात को कुछ लोगों ने दुकान को खुला हुआ देखा
1576.wav,उन्होंने कहा कि अजितेश साक्षी के भाई विक्की का दोस्त था
1577.wav,अभी एकॉन अपनी सिटी को लेकर खबरों में हैं
1578.wav,उनकी मां जिस स्कूल में पढ़ाती थीं उसकी टीम से बुमराह क्रिकेट खेलने लगे
1579.wav,फ़ार्सी शब्दों के दृष्टिगत ज़ादुल मुसाफ़ेरीन का एक विशेष महत्व है
1580.wav,ये किसी भी हालात में गुस्से को अपने आप पर हावी नहीं होने देते
1581.wav,पूरे देश के राज्यों में कृषि सेस लगा है
1582.wav,पश्चिम बंगाल के आसनसोल में महिला ने फायरमैन को मारा थप्पड़
1583.wav,इंडिया पोस्ट पेमेंट बैंक के तहत घर घर खाते खोलने जाएंगे पोस्टमैन
1584.wav,जिसकी तस्वीरें शेयर करते हुए एक्टर ने अपनी खुशी जाहिर की है
1585.wav,इंजन से पटरी निकालने के लिए तकनीकी टीम को बुलाया गया
1586.wav,युवक ने मंगेतर को यह भी लिखकर दिया कि मैं तुमसे बहुत प्यार करता हूं
1587.wav,गौ सेवा धाम में अक्षय तृतीया व परशुराम जन्मोत्सव पर की गई गौ सेवा
1588.wav,इन उत्पादों के निर्माता से उन्होंने विभिन्न उत्पादों के बारे में पूछा
1589.wav,एक भविष्य मां भी स्वाभाविक रूप से जन्म दे सकती है
1590.wav,उन्होंने बताया कि पुलिस ने तीन और आरोपियों को रविवार शाम को गिरफ्तार किया
1591.wav,फिल्म दरबार में रजनीकांत के अलावा लीड रोल में हैं सुनील शेट्टी और एक्ट्रेस नयनतारा
1592.wav,बड़े वाहनों को भरवाईं स्थित पार्किंग में खडे़ करने की व्यवस्था की गई है
1593.wav,इसकी डिजाइन कालिख कणों की अवधारण के लिए एक फिल्टर धारणाओं
1594.wav,इस जीत के बाद बीसीसीआई ने अपने आधिकारिक ट्विटर हैंडल पर ट्वीट किया है
1595.wav,आधिकारिक बयानों की पुष्टि के बाद हमें यह खबर प्राप्त हुई है
1596.wav,इस आजीविका भवन के बनने का तहबाजारियों को भी बेसब्री से इतंजार है
1597.wav,बुधवार को हुई मंत्रिमंडल की बैठक में यह फैसला किया गया
1598.wav,लेकिन सरकार में आते ही लोगों के बुरे दिन आ गए
1599.wav,ट्रोइलस और क्रिसडेड जेफ्री चौसर द्वारा एक कविता है
1600.wav,बजट विधेयक में अगले साल सितंबर तक के सरकारी खर्च की अनुमति का प्रावधान है
1601.wav,दूरी से आए थे तथा मेला समाप्त होने तक उपस्थित रहें
1602.wav,हाल ही में उन्होंने अपने बचपन के एक दिलचस्प किस्से का खुलासा किया है
1603.wav,मशाल को समूचे भारत में अपनी यात्रा पूरी करके सितंबर में भारत पहुंचना है
1604.wav,ओट मिल्क यानि जई का दूध ओट्स के पोधों से प्राप्त किया जाता है
1605.wav,यहां डॉक्टर साकेत सा शव फांसी के फंदे से झूलता हुआ मिला
1606.wav,इस आयोग के जरिये ही सरकार अपनी पसंद का डीजीपी नियुक्त कर सकेगी
1607.wav,इस मामले में आयोग ने अपनी रिपोर्ट भी सरकार को सौंप दी थी
1608.wav,इसके जरिए आरबीआई आम लोगों को धोखाधड़ी और फर्जीवाड़े से बचाने के लिए अभियान चलाएगा
1609.wav,वरुण धवन गर्लफ्रेंड नताशा दलाल के साथ स्विटजरलैंड में न्यू ईयर मनाएंगे
1610.wav,इस ताप का सैद्धांतिक तौर पर विद्युत उत्पादन के लिए इस्तेमाल किया जा सकता है
1611.wav,वह अपना वक्त कम्फर्ट केयर में बिताना चाहती हैं
1612.wav,भैय्यू जी महाराज अपनी चार महीने की बेटी को भी बहुत प्यार करते थे
1613.wav,चीन सिक्किम सेक्टर के डोंगलांग में सडक बना रहा है
1614.wav,योगेंद्र की अपनी पत्नी से पिछले काफी समय से अनबन चल रही है
1615.wav,हिन्दू धर्म में भगवान गणेश को प्रथम पूजनीय बताया गया है
1616.wav,और एक बहुत ही सफल और मुलायम प्रकाश के लिए सभी धन्यवाद
1617.wav,पुलिस ने बताया कि बाजार में सड़क किनारे बम लगाया गया था
1618.wav,ऐसे में उन्हें नेत्रियों को टैकल करने में ज्यादा असुविधा नहीं होती
1619.wav,इसके साथ ही भैया दूज के दिन बिहार में गोधन कूटने की भी प्रथा है
1620.wav,सप्ताह के अंत तक सफलता मिलेगी लेकिन इस हफ्ते यात्रा से बचें
1621.wav,इस वजह से देश में इस इस्पात की भरमार हो गई है
1622.wav,इस रकम से अफोर्डेबल हाउसिंग के लिए विशेष फंड बनाया जाएगा
1623.wav,यह आपके शरीर को स्थानांतरित करने के लिए अच्छा महसूस कर सकता है
1624.wav,उन्होंने इस बात पर जोर दिया कि कामकाज में देसी भाषा की प्रमुखता होनी चाहिए
1625.wav,सोयाबीन की वजह से महंगा हो रहा चिकन फीड
1626.wav,जिससे बड़ी संख्या में नए रोजगार के अवसर पैदा होंगे
1627.wav,बाबा को उरद की इमर्ती बहुत प्रिय है
1628.wav,आपत्तिजनक ट्वीट्स के मामले में ट्विटर की ओर से कार्रवाई की गई
1629.wav,इस महोत्सव में मुझे भी शरीक होने का मौका मिला
1630.wav,घरेलू कलह के कारण सिर में गोली मार जान दी
1631.wav,रूही कहती है कि रोमी को उसकी शादी में होना चाहिए
1632.wav,आदित्यनाथ का दरबार सभी स्थानीय लोगों के लिए हर वक्त खुला रहता है
1633.wav,इनके अतिरिक्त अन्य सभी सेक्टर्स में गिरावट दर्ज की जा रही है
1634.wav,अच्छे स्वास्थ्य के गठन में एक महत्वपूर्ण कारक एक दैनिक दिनचर्या निभाता है
1635.wav,उन्होंने बताया की हरियाणा में दो लाख अस्सी हजार के लगभग सेवानिवृत्त पेंशनर्स हैं
1636.wav,चोरी के बाद तीन लोग भागने में रहे कामयाब
1637.wav,हिंसा पर दिल्ली पुलिस ने बयान जारी कर शांति बनाए रखने की अपील की
1638.wav,मानव जीवन का लक्ष्य आत्मा का परमात्मा से मिलन है
1639.wav,यह देश की संसद के इतिहास में एक और निराशाजनक प्रकरण रहा
1640.wav,आजाद ने कहा कि यह दुखद घटना राज्य सरकार की लापरवाही की वजह से हुई
1641.wav,बाजार में तेजी का रुख फिर से कायम हुआ
1642.wav,विभागों के कर्मचारी पंचायत प्रतिनिधियों के असहयोगपूर्ण व्यवहार के आगे लाचार नजर आते हैं
1643.wav,अब इस बजट को लेकर चर्चा शुरू हो चुकी है
1644.wav,वाराणसी में ट्रेन को फिर से चेक किया गया
1645.wav,ऐसे मामलों पर हमारी चुप्पी समाज के लिए खतरनाक स्थिति पैदा कर सकती है
1646.wav,उनके करियर और इमेज में बदलाव तब आया जब उन्होंने जमाई राजा को चुना
1647.wav,पूर्वी लद्दाख में रणनीतिक रूप से महत्वपूर्ण पुल तैयार
1648.wav,जामुन की गुठली में डायबिटीज को कंट्रोल का करने का बेहतरीन गुण है
1649.wav,इस कारण पार्टी सही जानकारी लोगों तक पहुंचाने के लिए संकल्पित है
1650.wav,दूध को आप फेस पैक बना कर यूज़ कर सकती हैं
1651.wav,नदी पार करते समय उसमें तांबे का सिक्का प्रवाहित करें
1652.wav,ऋहान और ऋदान दोनों हर रविवार को पूरे परिवार के साथ लंच करते हैं
1653.wav,इसके साथ ही सैन्य प्रतिष्ठानों की सुरक्षा बढ़ा दी गई है
1654.wav,गणेश भगवान अपने भक्त की सारी मनोकामनाएं पूरी करते हैं
1655.wav,पिछले साल इसके लिए स्कूलों को राशि भी जारी की गई थी
1656.wav,केवल मैं ही नहीं पूरी दुनिया तुम्हें दोबारा मैदान में खेलते हुए देखना चाहती है
1657.wav,किसी प्रियजन के समर्थन के बिना निपटने के लिए बहुत मुश्किल होगा
1658.wav,भगवान परशुराम ने स्वयं कर्ण की श्रेष्ठता को स्वीकार किया था
1659.wav,केरोसीन का वितरण नियमानुसार ही किया जा रहा है
1660.wav,फिलहाल यामी के घर में इंटीरियर का काम चल रहा है
1661.wav,इस इमारत में कई अहम सरकारी विभागों के ऑफिस हैं
1662.wav,इसके अलावा साल भर कई बोर्ड बैठकें भी होती हैं
1663.wav,इसके तहत प्राप्त होने वाले आवेदन में बताई सुविधाओं की जांच की जाना है
1664.wav,रेवेन्यू जोन व कैडर कंट्रोल एक जगह रहने से काम करना सुविधाजनक होता है
1665.wav,यह दोनों सिद्धांत और वास्तविक आंकड़ों इसका सबूत है
1666.wav,राहुल गांधी की टिप्पणी से पत्रकार संगठन नाराज़ है
1667.wav,इस पत्र को अनुराग ने अपने ट्वीट पर भी पोस्ट किया था
1668.wav,उन्होंने इस मामले में स्पष्ट कहा कि आकाश विजयवर्गीय को कुछ नहीं होगा
1669.wav,शमी ने अंतिम ओवर में शानदार हैट्रिक लेते टीम को जीत दिलाई
1670.wav,दिल्ली के चांदनी महल में ज़ोरों से चल रही स्वच्छता की प्रक्रिया
1671.wav,अगरवुड की लकड़ी की राल से ओड तेल निकाला जाता है
1672.wav,पहले से कोई छाप नहीं रहा है कि बाजार की अर्थव्यवस्था के खिलाफ हैं हम
1673.wav,बॉलीवुड एक्ट्रेसेस के लिए फिल्मों में इंटीमेट सीन देना एक ट्रेंड सा बन गया है
1674.wav,यह अकेली नहीं है जो हमें इस उत्पाद के साथ आपूर्ति करती है
1675.wav,आर्थिक मोर्चे पर पहले काम करने की जरूरत है
1676.wav,इन दिनों बॉलीवुड इंडस्ट्री स्टार किड से सजने लगी है
1677.wav,इस बार कोरिया गणराज्य की प्रथम महिला इसमें सहभागी बनी
1678.wav,वित्त आयोग देश के संवैधानिक ढांचे का अहम हिस्सा हैं
1679.wav,उन्हें कभी भी सुबह या शाम को नहीं नहलाना चाहिए
1680.wav,इससे मुझे भी फायदा हो रहा है और किसानों को भी मदद मिल रही है
1681.wav,पुथूर भारत के केरल राज्य के कोल्लम जिले में एक ग्राम है
1682.wav,बैठक में महिला उत्पीड़न के दो मामले उजागर हुए
1683.wav,वहां किसी कमरे में उसके साथ सामूहिक दुष्कर्म किया गया
1684.wav,इस फ़िल्म में उन्होंने गीत भी लिखे थे और उन्हें स्वरबद्ध भी किया
1685.wav,इसके बाद राष्ट्रपति ने अनुच्छेद हटाने की अधिसूचना जारी कर दी
1686.wav,भारी उबलते बिंदु परिसर अवशेषों में से अधिकांश चक्रवात हैं
1687.wav,इस मौके पर अनुष्का शर्मा ने खूबसूरत पिंक ड्रेस पहनी हुई थी
1688.wav,दोनों शहर में कई आपराधिक वारदातों को अंजाम दे चुके हैं
1689.wav,यह चूहे अमानती सामान घर में यात्रियों के सामान को काफी नुकसान पहुंचाते हैं
1690.wav,उन्होने कहा कि कृषि कानूनों को सरकार को वापस लेना ही होगा
1691.wav,ग्रेजुएशन करने वाले छात्रों के लिए यह कोर्स काफी कठिन माना जाता
1692.wav,इस बार दीपावली गुरुवार को आ रही है जो अति शुभ है
1693.wav,कुछ दिनों पहले गृहमंत्री अमित शाह ने दौरा किया था
1694.wav,अजीत सोनी ही नीरज और उनके ड्राइवर का घर का खर्चा उठाता था
1695.wav,यहां पार्टी की सारी वेबसाइट्स और फेसबुक पेज के लिंक भी हैं
1696.wav,वेदांत ने भी दूसरे चरण में समाधान योजना सौंपी है
1697.wav,यही नहीं भारत के भी कुछ इलाकों में लोगों के मरने की खबर है
1698.wav,आप के समर्थकों को एयरपोर्ट से सीधे पंजाब के धर्मकोट ले जाया जायेगा
1699.wav,उसके बाद घर से सामान पैसे और गहनों से चोरी करती थी
1700.wav,यह उल्लेखनीय आदमी का विवरण क्रूज के लिए शुरू किया और आज भी लोकप्रिय हैं
1701.wav,अक्सर ऐसा आहार में एक बहुत ही उपयोगी और आवश्यक पदार्थ है
1702.wav,महानगर में काइम की वारदातें थमने का नाम नहीं ले रही है
1703.wav,इस फिल्म में शाहरुख ने एक बौने व्यक्ति का किरदार निभाया था
1704.wav,बीती सर्दियों में ऑस्ट्रेलिया दौरे का खिलाड़ियों को फायदा मिलेगा
1705.wav,दाइश द्वारा चुराया गया तेल तुर्की में ही बिका करता था
1706.wav,भारत के चुनावों में शराब और मीट भात पर वोट बिकते रहे हैं
1707.wav,दुश्मन के बहुत से रैंक में हम अपने बैंड पाएंगे
1708.wav,लेकिन ऐसा नहीं है कि वह जाए और उसे तुरंत पौधा मिल जाएगा
1709.wav,पैग़म्बरे इस्लाम ने इमरऊल कैस को बुलवाया और उससे इस बारे में पूछा
1710.wav,सरकार अब टैक्स स्लैब को नए सिरे से बनाने पर विचार कर रही है
1711.wav,इस पेपर को उनमें से किसी स्टूडेंट ने वॉट्सऐप ग्रुप पर सर्कुलेट कर दिया
1712.wav,इस मामले में मुंबई में भी काफी समस्या रही है
1713.wav,और यह नहीं शास्त्रीय वाद्य वोल्फगैंग एमॅड्यूस मोजार्ट द्वारा लिखित काम करता है
1714.wav,विमान कंपनी स्कूट एयर की यह उड़ान आखिरी दिन फुल होकर रवाना हुई
1715.wav,इसके लिए मंडल भाजपा विशेष तौर पर अभियान चलाएगी
1716.wav,स्थिति नियंत्रण करने के लिए पुलिस ने भी लाठीचार्ज किया
1717.wav,साथ ही फल और कपड़े का दान करना चाहिए
1718.wav,आपके समार्टफोन का जो मैक्सिमम रेजोल्यूशन है उस पर ही फोटो क्लिक करें
1719.wav,विस्थापित कश्मीरी पंडितों के फायदे के लिए आरक्षण नियमों में संशोधन
1720.wav,अनन्या पांडे पहले भी कई मैगजीन के लिए बोल्ड फोटोशूट करवा चुकी हैं
1721.wav,लिथियम के बाद वेनेडियम के माध्यम से ऊर्जा स्टोरेज का भविष्य अच्छा है
1722.wav,दरअसल मंगलवार को एक कांवड़िये को कार से चोट लग गई
1723.wav,इस ऐप से यूजर्स अपना बैलेंस और डाटा चेक कर सकते हैं
1724.wav,खाना खाने के हमेशा आधे घंटे बाद ही पानी पिएं
1725.wav,इस प्रकार अन्नग्रहण से निर्मित सात्त्विकता जीव की देह में शीघ्र फैल जाती है
1726.wav,एसएस जैन गल्र्स कमेटी के प्रधान पद चुनावों में केदार जैन प्रधान बने
1727.wav,इन फॉर्म ऑस्ट्रेलियाई बल्लेबाज स्टीवन स्मिथ इस मैच में वापसी करेंगे
1728.wav,यह तो आपको जान से मारने की तैयारी कर रहा था
1729.wav,अभी तक इन दलों ने कोई भी विरोध नहीं किया था
1730.wav,जिग्नेश मेवाणी ने कहा कि उनकी राहुल गांधी से कोई मुलाकात नहीं हुई है
1731.wav,उंगली जोड़ों के माध्यम से फर्श के कुछ प्रकाश दबाव लागू करें
1732.wav,आखिर टायर ठीक से आधार पर चुना आरामदायक और सुरक्षित किसी भी वाहन चला
1733.wav,अधिमानी श्रेणियां और प्रीस्कूलर संग्रहालय में मुफ्त में जा सकते हैं
1734.wav,उनका कहना है कि पहाड़ी से पत्थर आने से यह हादसा हुआ है
1735.wav,पहली चीज यह है कि आपको उन्हें बताना होगा कि इक्विटी निवेश का जरिया है
1736.wav,अंत में सबसे अधिक कीमत लगाने वाले व्यक्ति काे वीआईपी नंबर जारी कर दिए जाएंगे
1737.wav,चुनाव प्रचार के दौरान वह अलग ही रूप में दिख रहे हैं
1738.wav,पर आपको शायद पता नहीं होगा कि यह किसकी देन हैं
1739.wav,उनका यंग लुक और आकर्षक फिगर आज भी बॉलीवुड की नवयौवनाओं को पीछे छोड़ता है
1740.wav,स्वरा के विवादित सीन पर रणबीर का मजेदार जवाब
1741.wav,क्रेडिट का रिकॉर्ड भी खराब कर चुके होते हैं
1742.wav,इसके बाद तिहाड़ जेल प्रशासन ने इसकी रिपोर्ट हरि नगर थाने में दर्ज कराई
1743.wav,एसेक्स के बाद पहले चार जहाजों ने कक्षा के प्रारंभिक डिजाइन का पालन किया
1744.wav,अभी तक इसकी आधिकारिक पुष्टि नहीं की गई है
1745.wav,अपनी प्रतिबद्धता को बनाए रखना शुरू करने का सबसे कठिन हिस्सा है
1746.wav,किस्में के दो पहलू पर व्यवस्थित और अधिक सटीक उच्च माथे बनाते हैं
1747.wav,उस दौरान प्रधानमंत्री नरेंद्र मोदी भी वहीं मौजूद थे
1748.wav,नागरिकता संशोधन कानून को लेकर नीतीश कुमार पर प्रशांत किशोर ने खड़ा किया बड़ा सवाल
1749.wav,रईस में जीशान ने भी अहम किरदार निभाया था
1750.wav,आप इस नंबर पर कॉल करके जानकारी हासिल कर सकते हैं
1751.wav,हायरिंग करते वक्त सीटीसी का भी ध्यान जरूर रखें
1752.wav,सचिन चेन्नई में खेले गए पहले मैच के दौरान चोटिल हो गए थे
1753.wav,एक कला पेंट ब्रश का आकार कैसे इंगित किया जाता है
1754.wav,लेकिन डायरेक्टर मनीष शर्मा ने इन सारी अटकलों पर फिलहाल विराम लगा दिया है
1755.wav,माइक्रोसॉफ्ट इस दिसम्बर से अपने लुमिया स्मार्टफोंस को करेगी बंद
1756.wav,दरअसल बाथरूम में उसे एक बड़ा सा काला अजगर नजर आया
1757.wav,एसपी सिटी ने दोषियों के खिलाफ कड़ी कार्रवाई के निर्देश दिए हैं
1758.wav,जैसे गर्भधारण करते ही गर्भवती स्त्री की कलाई पर लाल रंग का धागा बांधना चाहिए
1759.wav,इस मौके पर आइये जानते है कि साजिद खान कितने करोड़ के मालिक है
1760.wav,सभा में आए लोगों से राममंदिर बनवाने के लिए संकल्प दिलवाया गया
1761.wav,इससे सरकारी और निजी क्षेत्र की एजेंसियां विभिन्न क्षेत्रों में हाई लेवल रिसर्च कर सकेंगी
1762.wav,सुप्रीम कोर्ट पनामा पेपर लीक में फैसला सुना रहा था
1763.wav,अब पंजाब और गोवा का चुनाव आप सभी लोगों को लडऩा है
1764.wav,होटल न्हा ट्रांग वंडरलैंड होटल रिजॉर्ट शहर में स्थित है
1765.wav,कांग्रेस मोदी को वापसी का कोई मौका नही देना चाहती
1766.wav,तरीके से प्रयोगशालाओं को तक पहुंचाया जा रहा है
1767.wav,पहली शादी अभी भी ग्रैंड डची के वारिस अपने पिता द्वारा स्थापित किया गया है
1768.wav,अपनी श्रेष्ठता स्थापित करने के कारण अर्जुन को महान धनुर्धर कहा गया
1769.wav,वैसे भी उनकी नोंकझोंक देखना दर्शकों को पसंद आया और उनकी मासूमियत भी
1770.wav,परीक्षा में अब करीब तीन महीने ही बचे हैं
1771.wav,एमसीएक्स ने सीटीटी निरस्त करने या घटाने की मांग की थी
1772.wav,उसके बाद से नगर पुलिस ने कई बार लाखों रुपयों की बरामदगी की
1773.wav,ऐसी भाषा में अखबार भी इसी की तरह बनावटी और मानकहीन खोखले निकल रहे थे
1774.wav,अक्सर फेसबुक में बैगेज को वेटलेस करने की ट्रिक्स डिफाल्ट शो होती हैं
1775.wav,यूं तो बीच में इनके कमबैक की खबरें आईं थीं लेकिन ऐसा हो नहीं पाया
1776.wav,तभी से इस दिन को शहीद दिवस के रूप में मनाया जाता है
1777.wav,डिजिटल दर्शकों की संख्या बढऩे के साथ उनका राजस्व नहीं बढ़ रहा है
1778.wav,इस मामले में चार मुजरिमों को मौत की सजा सुनाई गई है
1779.wav,घायलों को जिला आरबीएम अस्पताल में भर्ती कराया गया
1780.wav,उन्होंने कप्तान विराट कोहली और एमएसके प्रसाद को भी सूचित कर दिया
1781.wav,अफ़ग़ानिस्तान के गृहमंत्रालय के प्रवक्ता ने इस हमले की पुष्टि की है
1782.wav,इसके बाद इसकी सूचना कुलाबा पुलिस और दमकल विभाग को दी गयी
1783.wav,अर्थ लाभ के सारे मार्ग पवित्र रखें तो ही अच्छा रहेगा
1784.wav,हम सभी अपने लिए एक बेहतर स्मार्टफोन की तलाश करते रहते हैं
1785.wav,इस बीच पायलट भी दिल्ली आ गए हैं तथा रविवार तक यहीं रहेंगे
1786.wav,वो अपने पर्दे को थोड़ा ऊपर रखती हैं ताकि उनकी लेगिंग्स दिख सके
1787.wav,घटना के बाद से ग्रामीणों में दहशत का माहौल बन गया है
1788.wav,मगर यह प्रक्रिया खासी जटिल है क्योंकि इसमें विदेशी विनिमय लेनदेन जुड़ा होता है
1789.wav,पीपुल्स आर्मी कमांडर ने कहा कि मध्यम दूरी के चार बैलेस्टिक मिसाइल छोड़े जाएंगे
1790.wav,युवराज सिंह भी बीएमडब्लू की कारों के फैन हैं
1791.wav,आर्यों पर हड़प्पा सभ्यता नष्ट करने के आरोप हैं
1792.wav,चुनाव से पहले नरेंद्र मोदी कांग्रेस पर इसे लेकर निशाना साधा करते थे
1793.wav,वे लोग दंड देने के लिए भी तैयार हैं
1794.wav,भारतीय वायुसेना में आठ अपाचे हेलिकॉप्टरों को शामिल किया गया है
1795.wav,दिए जा रहे मुआवजा लेने से बिसाई इंकार कर रहे हैं
1796.wav,वहां ये सब चीन के तकलाकोट बाज़ार से आता है
1797.wav,राजस्थान के लिए रोबिन और अशोक नाबाद हैं
1798.wav,हाल ही में दिग्गज अभिनेता कादर ख़ान के निधन की ख़बर आयी थी
1799.wav,यह परियोजना लैंको तीस्ता हाइड्रो पावर द्वारा विकसित की जा रही है
1800.wav,उनका कहना है कि वह चंडीगढ़ के लोगों के सहयोग के साथ दिनरात मेहनत करेंगे
1801.wav,सड़ी दाल व घटिया चीनी को वापस मंगवाया गया
1802.wav,हर तरफ केवल एक ही सुपरस्टार की चर्चा है
1803.wav,ग्रामीणों ने इस केंद्र की चाबी रिकार्ड सहित स्थानीय पंच के हवाले कर दी है
1804.wav,कहा जाता है कि तट नरम रेत के साथ कवर किया जाता है
1805.wav,दोनों मजदूरों के नीचे गिरते ही वहां हड़कम्प मच गया
1806.wav,तो आइये जानते हैं अप इस ऑफर का लाभ कैसे उठा सकते
1807.wav,एक शुरू करने पूरक के रूप में आमतौर पर सीमेंट रचनाओं का इस्तेमाल किया
1808.wav,इस अवसर पर रामलीला कमेटी के लिये स्थान देने की मांग की जायेगी
1809.wav,उदयनराजे के खिलाफ उन्हें मजबूत उम्मीदवार माना जा रहा है
1810.wav,आपको आज भी डैशबोर्ड प्लास्टिक का ही मिलेगा
1811.wav,अयोध्या में दीपावली के अवसर पर मुख्यमंत्री योगी ने किए रामलला के दर्शन
1812.wav,शॉ का कंधा रणजी ट्राफी मैच के दौरान चोटिल हो गया था
1813.wav,आज के दिन आप समस्याओं को हल करने में सक्षम हों सकते है
1814.wav,अखिलेश यादव ने मल्टि ब्रैंड रीटेल सेक्टर में एफडीआई का भी विरोध किया
1815.wav,पिता बालकराम बघेल प्राथमिक विद्यालय मिलिक द्वितीय में प्रधानाध्यापक हैं
1816.wav,जहां विविध प्रकार के एल्पाइन वनस्पति व जीव जन्तु हैं
1817.wav,हालाकि इस बार भी यह पर्व अन्य वर्षों की तरह ही रक्त रंजित साबित हुआ
1818.wav,स्याही फेंकने वाले को योग गुरु ने किया माफ
1819.wav,इसलिए वे लोकसभा के चैम्बर में शिफ्ट हो सकते हैं
1820.wav,पूंजी की मात्रा उनकी हिस्सेदारी के स्तर के बराबर ही होती है
1821.wav,राजेश मूणत पिछले तीन बार से चुनाव जीतते आ रहे हैं
1822.wav,इन चुनावों में भाजपा के प्रमुख चेहरा वही थे
1823.wav,लेकिन बाद में उन्होंने अपना वजन कम भी किया
1824.wav,इस सोमवार भगवान शिव अपनी प्रिए पार्वती के साथ पूजन स्वीकार करेंगे
1825.wav,यह बायोप्रिंटर इस स्थिति में बहुत कारगर साबित हो सकता है
1826.wav,विशेष ध्यान बालवाड़ी प्रतिकारी जैसे संस्थानों के इस प्रकार के लिए भुगतान किया जाना चाहिए
1827.wav,वह मद है सरकारी बैंकों की भारी रकम बट्टे खाते में चली जाना
1828.wav,उन्होंने मध्य प्रदेश की बोली की शैली और उच्चारण सीखने के लिए क्लास भी किया
1829.wav,इन सभी गुणों यह बहुत ही आकर्षक फोम गद्दा बनाते हैं
1830.wav,उन्होंने कहा कि इस मामले में अनिश्चितता पूरी तरह से खत्म होनी चाहिए
1831.wav,इस दिन कपल्स लाइफ के स्ट्रेस और बाकी चीजों को इग्नोर कर देते हैं
1832.wav,बाद में अन्य विपक्षी दलों के नेता एवं कार्यकर्ता इस प्रदर्शन से जुड़े
1833.wav,इलियाना ने इस फिल्म के खिलाफ़ शिकायत करने की भी बात की थी
1834.wav,शाओमी कंपनी को भारत में काफी पसंद किया जाने लगा है
1835.wav,हर आने जाने वाले से सघन पूछताछ हो रही है
1836.wav,गंगा की पवित्रता से हमारी आस्था मजबूत होती है
1837.wav,इस फोन को कंपनी ने ब्लैक और ऑरेंज कलर ऑप्शन में पेश किया है
1838.wav,लोगों द्वारा घटना की जानकारी पुलिस को दी गई
1839.wav,बीसीसीआइ के कई बड़े अधिकारी इस सिफारिश के खिलाफ हैं
1840.wav,महाभारत को पौराणिक कथाओं और सांस्कृतिक प्रभाव के लिए जाना जाता रहा है
1841.wav,सोशल एक्टिविटी में ध्यान लगाएं और फिजिकल वर्कआउट करें
1842.wav,वैश्विक बाजार में मांग घटने से निर्यात कारोबार मुश्किल दौर से गुजर रहा है
1843.wav,इसकी वजह यह है कि वह गूगल के पूर्व कर्मचारी यानी जूगलर हैं
1844.wav,कलाकारी फिल्म फेस्टिवल महोत्सव त्योहार ने कई फिल्मों की स्क्रीनिंग की
1845.wav,यही कारण उनकी हंसी मेें खुश और दुख में रोने लगते हैं
1846.wav,इसके बाद अमेरिकी राष्ट्रपति डोनाल्ड ट्रंप की पत्नी ने न्यूयॉर्क का रुख किया
1847.wav,रोमांटिक मोर्चे पर कुछ बहुत सुखद होने की संभावना है
1848.wav,सुबह उठते ही गर्म पानी में नींबू डालकर लें
1849.wav,दक्षिण अफ्रीका और पाकिस्तान का सामना लॉड्स मैदान पर रविवार को होगा
1850.wav,उसका कहना है कि महज एक घंटे के भीतर ही करीब चालीस रॉकेट दागे गए
1851.wav,साथ ही डीलरशिप में घुसने के लिए भी गाइडलाइन जारी किये गए है
1852.wav,जमीन बेच कर पति ने जमा कराए थे पैसे
1853.wav,इसे रोकने से इन शिव भक्तों को निश्चित रूप से झटका लगा होगा
1854.wav,अब वह आने वाले समय में इस ब्रांड के लिए प्रचार करती नजर आएंगी
1855.wav,यूरोप में आलू उत्पादकों को भी भारी मात्रा में नुकसान का सामना करना पड़ा है
1856.wav,भारतीय निवेशकों के बीच इंडेक्स फंड को लेकर जानकारी का भी अभाव है
1857.wav,यही कारण है कि मीडिया के चुनावी अनुमान अधिकांशतया गलत साबित होते हैं
1858.wav,यहां के तांबे परिवार ने बप्पा को बैठाया है
1859.wav,भारत के इतिहास में दर्ज कारगिल युद्ध की छीटें हमेशा दुखदायी होती हैं
1860.wav,झामुमो के कार्यकारी अध्यक्ष सोरेन ने पाकुड़ में एक चुनाव रैली में यह टिप्पणी की
1861.wav,वह स्थूल ज्ञान ऐसा होता है जैसे वह फूल लाल है यह स्थूल ज्ञान है
1862.wav,भोपाल सेंट्रल जेल से फरार सिमी के आठों सदस्य मुठभेड़ में मारे गए
1863.wav,भारत और जिम्बाब्वे के खिलाफ यह श्रृंखला शुक्रवार से शुरू हो रही है
1864.wav,ऐसी स्थिति सोची में समुद्र के पास लगभग सभी अतिथि गृह प्रदान करते हैं
1865.wav,भूपेश ने कहा कि मैंने विधानसभा में कहा था कि झीरम कांड एक षडयंत्र था
1866.wav,छोटा राजन को जबरन वसूली के मामले में दो साल कैद की सजा
1867.wav,इसलिए नौसेना के अधिकारियों ने नेवी कमांडर्स को ही जाने की अनुमति दी
1868.wav,इस तरह की परिस्थिति से बचने के लिए मांसपेशियों को मज़बूत बनाना बहुत ज़रूरी है
1869.wav,जीत के लिए तरस रही दक्षिण अफ्रीकी टीम से जुड़े पूर्व कप्तान ग्रीम स्मिथ
1870.wav,इसके साथ ही सारी रात तेज बारिश भी हुई
1871.wav,मैंने ऐसा कभी नहीं कहा कि यह हमारी सरकार का है
1872.wav,लेकिन इसके बावजूद उन्हें लाल कार्ड मिला और अब वह अगला मैच नहीं खेल पाएगा
1873.wav,आत्माविश्ववासी लोगों के पास लक्ष्य और योजनाएं होती हैं
1874.wav,प्रति वर्ष करोड़ों लोग सडेन कार्डियक अरेस्ट से मरते हैं
1875.wav,उस समय भी राहुल ने शांति बरती थी और उत्तेजित नहीं हुए थे
1876.wav,शिमला से बाहर जाने का उनका कोई भी कार्यक्रम नहीं है
1877.wav,लॉकडाउन का फायदा उठाकर बाजार में उतारे गए नकली प्रोडक्ट
1878.wav,समझें कि अंतर्राष्ट्रीय तिथि रेखा कैसे काम करती है
1879.wav,इन सभी बच्चों को हमें श्रम से निकालकर स्कूलों तक ले जाना है
1880.wav,इन्हीं शिकायतों के आधार पर इस कार्यालय को हमीरपुर स्थानांतरित किया गया है
1881.wav,पत्रिका की साजिश का शिकार रिपोर्टर शेख वसीम को भी बनाया गया
1882.wav,दोनों की डूबने से मौत होने का कयास हैं
1883.wav,देश में अनेक बड़े शहरों से यहां लिए नियमित फ्लाइटें हैं
1884.wav,क्रिकेटर हार्दिक पांड्या ने हाल ही में एक्ट्रेस नताशा से दुबई में सगाई कर ली
1885.wav,पुलिस ने उसकी तलाश भी प्रारंभ कर दी है
1886.wav,दिलशान को इरफान पठान की गेंद पर धोनी ने विकेट के पीछे लपका
1887.wav,उस समय पैसेंजर अपने क्रेडिट या डेबिट कार्ड से चार्ज का पेमेंट कर सकेगा
1888.wav,एनएसयूआई ने मांग की है कि दिशा रवि को तुरंत रिहा किया जाए
1889.wav,जनसत्ता में हर तरह से अपन उनके साथ थे
1890.wav,सागरमाला जैसी परियोजना के आधार पर ही न्यू इंडिया का निर्माण किया जा सकेगा
1891.wav,जिसके बाद भी किसानों को एक बार फिर आश्वासन पर ही सब्र करना पड़ा है
1892.wav,एटीएस के पास रकम लेन देन के सबूत भी मिले हैं
1893.wav,विधानमंडल के सेंट्रल हॉल में आयोजित इस कार्यक्रम में शब्दों के तीर जमकर चले
1894.wav,अंकल मिल्टन नेशनल ज्योग्राफिक से एक डरावना क्रॉलर के साथ आगंतुकों को बाहर निकालो
1895.wav,हम इसके माध्यम से मोबाइल एटीएम को लोगों के समीप ला रहे हैं
1896.wav,फोन करने वाले ने बताया कि वह जिला जेल से विकास बोल रहा है
1897.wav,विपक्षी दलों ने भी इस बिल का समर्थन किया है
1898.wav,अपने जीवन में कुछ परिवर्तन और सुधार लाने की सख्त जरूरत आप महसूस करेंगे
1899.wav,सेब का उत्पादन बढ़ाने में न्यूजीलैंड वित्तीय मदद करेगा
1900.wav,रामपुर में एसपी को सम्मानित करतीं साध्वी प्राची
1901.wav,वैसे यूपी में चन्द्रकला की छवि कड़क और ईमानदार अफसर की रही है
1902.wav,बाद में उसके मांगने पर उन्होंने चार लाख रुपए भी जगपालजीत सिंह को भेजे
1903.wav,वेबसाइट पर फॉर्म भरने के बाद सब्मिट कर दें
1904.wav,राष्ट्रीय किसान मंच के राष्ट्रीय अध्यक्ष ने दिया इस्तीफा
1905.wav,मुख्यमंत्री प्रेमकुमार धूमल शुक्रवार को शिमला में जन शिकायतें सुनते हुए
1906.wav,इसके अलावा आप गरीबों को भी खाना खिला सकते हैं
1907.wav,नीतीश कुमार भी कहते हैं कि हर घर में शौचालय बनवायेंगे
1908.wav,डंपर के पहिए नीचे आकर दूर तक घसीटता चला गया
1909.wav,अम्बेदकर को संविधान सभा में दाखिल ना होने देने के लिए कांग्रेस ने साजिश रची
1910.wav,जहां चोपादारू घाटी में ट्रक और कार की भीषण टक्कर हो गई
1911.wav,यही वजह है कि यहां का नाम भी रत्नपुरा रखा गया है
1912.wav,ऐसे ही कई उदाहरण आये दिन जनता के सामने आ रहे हैं
1913.wav,तस्वीर को हजारों लोगों ने लाइक व कमेंट्स कर उनकी तारीफ की है
1914.wav,हत्या के आरोपियों में से एक के बारे में चौंकाने वाला खुलासा हुआ है
1915.wav,प्रत्येक शुभ कार्यों में इसका विशेष महत्व के साथ प्रयोग किया जाता है
1916.wav,सीईओ देर शाम तक सदस्यों को ठंडा पिलाते रहे
1917.wav,पंख को बीच के हिस्से को खींचकर और नीचे की ओर दबाकर बनाया जाता है
1918.wav,शनिवार को हरियाणा के बिजली मंत्री रणजीत सिंह की रिपोर्ट पॉजिटिव आई है
1919.wav,यह योजना देश के सभी राज्यों और केन्द्र शासित प्रदेशों में लागू होगी
1920.wav,बता दें कि बेहतर ग्रेड के लिए एचपीयू में यह विकास कार्य जरूरी हैं
1921.wav,आशा ने कुछ सालों बाद कैड्रिफ यूनिवर्सिटी से बिजनेस मैनजमेंट की डिग्री ली
1922.wav,हमारे उत्पादों की लागत जहां भी किफायती आएगी हम वहां स्थानीय स्तर पर विनिर्माण करेंगे
1923.wav,पुलिस के अनुसार गिरफ्त में आया दीपक गांव दड़वा का ही रहने वाला है
1924.wav,वह सब है कि विचार के लिए समर्पित आकर्षित करती है
1925.wav,आउटसोर्स कर्मचारियों के साथ भी सरकार ने बड़ा कुठाराघात किया है
1926.wav,सिलेंडरों में हुए ये धमाके कैमरे में कैद हुए हैं
1927.wav,हम केवल अपने स्वयं के अनुरोध पर गुलदस्ते प्रस्तुत करते हैं
1928.wav,इसके बाद इन्होंने कई ऐसी मलयालम फिल्मों में भी काम किया
1929.wav,मगर यह अंतर अब एक बार फिर सामान्य स्तर पर लौट आया है
1930.wav,कागज के थैले या पेपर बैग कागज के निर्मित थैले हैं
1931.wav,शिल्पा का आरोप है कि कोहली शूटिंग के दौरान उसके साथ छेड़छाड़ करते थे
1932.wav,इसलिए आप आत्मा के किसी भी चुन सकते हैं
1933.wav,इसे सिर्फ धर्मनिरपेक्ष राज्य ही सुनिश्चित कर सकता है
1934.wav,हालांकि संभावित उम्मीदवारों की पहली लिस्ट में शायद उनके नाम शामिल नहीं है
1935.wav,राष्ट्रपति रामनाथ कोविंद और पीएम मोदी ने रामविलास पासवान को दी श्रद्धांजलि
1936.wav,निर्णय लिया गया कि अब सभी कार्य संयुक्त मोर्चे के बैनर तले ही होगा
1937.wav,अपनी फर्म के ज़रिए मैं कंपनियों को उनके बिज़नेस में मदद करता था
1938.wav,इनमें प्राइवेट और सरकारी तेल कंपनियां शामिल हैं
1939.wav,अब महाशय नौकरी पर जाने के बजाय छुट्टी लेकर अस्पताल में दिन गुजार रहे हैं
1940.wav,इस घटना के बाद पूरे गांव में तनाव फैल गया
1941.wav,चोरों ने ट्रेन के सात डिब्बों में लूट की वारदात को अंजाम दिया
1942.wav,टियागो का फ्रंट डिजाइन अल्ट्रोज हैचबैक से प्रेरित है
1943.wav,पीटर महान के समय के उसके संबंधित के निर्माण का इतिहास
1944.wav,कटप्पा ने बाहुबली को क्यों मारा इस राज से तो पर्दा उठ चुका है
1945.wav,इससे पहले भी मंगल ग्रह पर कई पैरों वाली आकृतियां मिली हैं
1946.wav,उन आलू से बचें जिनकी त्वचा में हरी कास्ट है
1947.wav,मुलायम और अखिलेश की आज हो सकती है मुलाकात
1948.wav,पठान ने इसके अलावा कुलदीप यादव की गेंदबाजी की भी तारीफ की
1949.wav,शीर्ष अदालत सोमवार को इस मामले की सुनवाई करेगा
1950.wav,शाहाबाद में शुक्रवार को छात्राओं से बातचीत करते रॉकी मित्तल
1951.wav,मंदिर के पुजारी और मंदिर ट्रस्ट के कर्मचारी ही आज जोत प्रज्जवलित के गवाह होंगे
1952.wav,उसने एंटीगुआ में भारतीय पासपोर्ट सरेंडर कर दिया है
1953.wav,प्रौपर्टी डीलर आज किसी काम को शुरू कर सकते हैं जिससे सफलता निश्चित हासिल होगी
1954.wav,इस जहाज़ पर पनामा का झंडा लगा हुआ था
1955.wav,पर अब मैंने सब कुछ व्यवस्थित कर लिया है
1956.wav,मध्य प्रदेश की सरकार का कहना है कि जुर्माने की राशि काफी अधिक है
1957.wav,जो कि घर पर ही आसानी से निकाला जा सकता है
1958.wav,इसे ध्यान में रखकर स्क्रिप्ट्स के फॉन्ट बनाए जाते थे
1959.wav,फिर भी वह खुद को ग्लोबल आइकॉन नहीं मानते हैं
1960.wav,न से लथपथ युवक का इलाज ट्रामा सेंटर में चल रहा है
1961.wav,जो लोग ध्यान व योग में रूचि रखते हैं यह वर्ष उनके लिए श्रेष्ठ है
1962.wav,लंबे समय तक पुलिस कंट्रोल रूम में अपनी सेवाएं दीं
1963.wav,एक्ट्रेस अपने परिवार के साथ न्यू ईयर मनाने के लिए अपने घर गईं थीं
1964.wav,शासन ने कनिष्ठ अध्यापकों को पदोन्नति देकर वरिष्ठ बना दिया है
1965.wav,राज्य सरकार उनकी चिंताओं को समझती है और उन्हें निवेश के लिए अच्छा वातावरण देगी
1966.wav,ऐसे में बुधवार शाम को बदले मौसम ने राहत दी है
1967.wav,इस मारपीट के कारण उसकी बेटी के सिर पर चोटें आई हैं
1968.wav,अनौपचारिक भाग के दौरान बच्चों की सुरक्षा के बारे में भूल नहीं
1969.wav,जिसके बाद से इन राज्यों के सभी जिलों में अलर्ट घोषित किया गया है
1970.wav,भारत में वो हर खिलाड़ी कोशिश कर रहा हैं जो कर सकता है
1971.wav,पीजीआई से वापस आए मरीज को भी किया ठीक
1972.wav,यह मैच इंग्लैंड और भारत के बीच नागुपर में खेला गया था
1973.wav,लोगों का घरों से निकलना मुहाल हो गया है
1974.wav,लेकिन यह बात राजनीतिक दलों पर लागू होती है
1975.wav,इसी वजह से वो ज्यादातर नए निर्देशकों के साथ काम करते हैं
1976.wav,हालांकि कुछ हेटर्स इस फिल्म को नापसंद भी कर रहे हैं
1977.wav,बेहतर होगा आप उन्हें प्यार से संभालने का प्रयास करें
1978.wav,इन सभी फिचर्स को पहली बार ट्विट के लिए इस्तेमाल किया जाएगा
1979.wav,अस्पताल में सार्वजनिक छुट्टी के दिन नहीं मिलती स्मार्ट कार्ड की सुविधा
1980.wav,मोटापा यूरिक एसिड को ट्रिगर कर सकता है
1981.wav,अधिकारी ने कहा कि उक्त ग्राहक इसकी शिकायत पुलिस में कर सकता है
1982.wav,ऐसा लग रहा था कि अंतरराष्ट्रीय संघर्ष की तस्वीर बदल गई है
1983.wav,पहला टेस्ट कानपुर के ग्रीन पार्क स्टेडियम में खेला जाएगा
1984.wav,बेल बॉटम का ऐलान पिछले साल नवंबर में हुआ था
1985.wav,सपा ने शुरू की विजय रथ के स्वागत की तैयारियां
1986.wav,इसे एक सप्ताह में ऑन लाइन कर दिया जाएगा
1987.wav,कर्मचारी मामलों की गिनती बढ़ाने का अर्थ आम जनता से भी तो पूछा जाए
1988.wav,इनमें इन वाद्य बजंतरियों को उपस्थित रहना पड़ता है
1989.wav,हाईकोर्ट ने डीजीपी को बुलाकर साफ कहा था कि जो एक्शन करना है करें
1990.wav,उन्होंने कहा कि प्रचलित राजनीति की बजाय वैकल्पिक राजनीति से देश को परिवर्तन मिलेगा
1991.wav,बॉलीवुड अभिनेत्री अनुष्का शर्मा ने भी इस फिटनेस चैलेंज को पूरा कर लिया है
1992.wav,जिसके बाद सागर ने मेडिकल थाने और साइबर सेल में शिकायत दर्ज की
1993.wav,आईपीपीबी ने इस सुविधा के लिए अपने बैंक सॉफ्टवेयर को अनुकूल बनाया है
1994.wav,हम भी चाहेंगे कि इस बार जातिगत जनगणना हो
1995.wav,मृगांका सिंह के चार बच्चे हैं जिनमें तीन बेटियां और एक बेटा है
1996.wav,भारत स्वदेश में बनी एसजी गेंदों का इस्तेमाल करता है
1997.wav,पाकिस्तान ने उस वक्त कारगिल युद्ध छेड़ दिया था
1998.wav,इससे ध्यान हटाने के लिए देश को धर्म के आधार पर बांटा जा रहा है
1999.wav,आधुनिक शहर महिदापुर शिपा नदी के किनारे में स्थित हैं
