file_name,transcript
0.wav,അതുകൊണ്ട് തന്നെ മറ്റുള്ളവരോട് ഇടപെടുമ്പോള് അവര് ഇങ്ങോട്ട് ഇടപെടണം എന്നാണ് ഇവര് ആഗ്രഹിക്കുന്നത്
1.wav,തങ്ങളുടെ നിലവിലെ ചിത്രവും പത്തു വര്ഷം മുന്പുള്ള ചിത്രവും സോഷ്യല് മീഡിയയില് പോസ്റ്റ് ചെയ്യുക എന്നതാണ് ഈ ചലഞ്ച്
2.wav,ദുരിതാശ്വാസ നിധിയിൽ ഇത്രയും പണം ഉണ്ടായിട്ടും പാവങ്ങൾക്ക് നല്കാന് എന്തുകൊണ്ടാണിത്ര വൈകുന്നതെന്ന് കെ സുരേന്ദ്രന്
3.wav,മൂന്നു വർഷത്തിലൊരിക്കൽ ഇത്രയും തന്നെ തുക അടച്ച് ഇത് പുതുക്കുകയും വേണം
4.wav,ഇന്ന് ഡൽഹിയിൽ ചേരുന്ന എൻഡിഎ യോഗത്തിൽ പാർലമെന്ററി പാർട്ടി നേതാവായി നരേന്ദ്ര മോദിയെ തെരഞ്ഞെടുക്കും
5.wav,അവളുടെ സെൽ ഫോൺ ഫോണിന്റെ ഉപയോഗം പഴയ മാർക്കറ്റിലെ ദി ഷോപ്പ്സ് ലെ ലെഗസി മാളിൽ ആണ്
6.wav,മഹല്ലിലെ സകാത്ത് സംവിധാനം കാര്യക്ഷമമായി ഉപയോഗപ്പെടുത്തിയാല് അവസാനിക്കുന്നതേയുള്ളൂ മഹല്ലിലെ ദാരിദ്ര്യ പ്രശ്നം
7.wav,രോഗം മൂര്ച്ഛിച്ചതിനുശേഷം മാത്രമേ ഇവര് പറയുകയുള്ളോ എന്ന ആധിയും അദ്ദേഹത്തില് വർധിച്ചുവരുന്നു
8.wav,ഒരു ഗര്ഭിണിയടക്കം അഞ്ച് വനിതകളും നാല് പുരുഷന്മാരും ഉള്പ്പെടെ ഒമ്പത് പേരാണ് ദുബായില് നിന്നെത്തിയത്
9.wav,കുടിവെള്ളക്ഷാമം നേരിടുന്ന സ്ഥലങ്ങളില് ടാങ്കര് ലോറി വാങ്ങി ജലം ശുദ്ധീകരിച്ചു വിതരണം ചെയ്യുമെന്ന പ്രഖ്യാപനവും പാളി
10.wav,ബോൾ എറിയുന്നതിന് മുൻപ് പന്ത് പറഞ്ഞത് പോലെ ആ ബോൾ ബൌണ്ടറിയായി
11.wav,നിങ്ങള് ദിവസവും കഴിക്കുന്ന ചില ആഹാരസാധനങ്ങള് തന്നെയാകും നിങ്ങളുടെ പല്ലിനെ സെന്സിറ്റിവിറ്റിയിലേക്ക് നയിക്കുന്നത്
12.wav,ഒരിക്കല് അയാള് താന് അവളുമായി പുലര്ത്തുന്ന ഉടല് ബന്ധം കുറ്റകരമായ ഒരു കാര്യമാണെന്ന് പറയാന് ഇടയായി
13.wav,ഏഷ്യയിലെ ആദ്യ അപ്പര് ആം ഡബിള് ട്രാന്സ്പ്ലാന്റേഷന് കൊച്ചി അമൃത ആശുപത്രിയില് വിജയകരമായി പൂര്ത്തിയാക്കി
14.wav,അല്പം തമാശയും ചിന്തയും ചിരിയും കലര്ന്ന വിനയ് ഫോര്ട്ടിന്റെ പ്രകടനമേന്മ തന്നെയാണ് തമാശ
15.wav,അതിനാൽ ഈ സഖാവ് ദീർഘകാലത്തേക്ക് ഒരു ന്യൂറോസിസ് മുതൽ സൌഖ്യം പ്രാപിക്കേണ്ടിവരും
16.wav,ഇത്തരത്തില് ദുരന്തങ്ങളിലകപ്പെട്ട് നഷ്ടങ്ങള് ഉണ്ടായവരെ ഈ അവസരത്തില് ഓര്ക്കുന്നെന്നും അദ്ദേഹം പറഞ്ഞു
17.wav,ജില്ലാ പഞ്ചായത്ത് നിയമപ്രകാരം ഒരിക്കല് തെരഞ്ഞെടുപ്പ് മാറ്റിവച്ചാല് ക്വാറം തികഞ്ഞില്ലെങ്കിലും തെരഞ്ഞെടുപ്പ് നടത്താന് വരണാധികാരിയായ ജില്ലാ കളക്ടര്ക്ക് അധികാരമുണ്ട്
18.wav,കര്ഷകസമരം വിശാലമായ അര്ത്ഥത്തിലുള്ള ജനകീയ പ്രക്ഷോഭണമായി രൂപാന്തരം പ്രാപിച്ചതോടെ ഗോദി
19.wav,തൃണമൂല് കോണ്ഗ്രസ് അഭിപ്രായമില്ലെന്ന് അറിയിച്ചപ്പോള് നിയമത്തില് ഭേദഗതി വരുത്തി അഭിപ്രായ സര്വ്വേകളെ നിരോധിക്കണമെന്ന് എഐഎഡിഎംകെ ആവശ്യപ്പെട്ടു
20.wav,എന്നാല് നായകന് കാര്ത്തി മറ്റൊരു ചിത്രത്തിന്റെ തിരക്കായതിനാല് ചിത്രീകരണം സെപ്തംബറിലേക്ക് മാറ്റി വച്ചിരിക്കുകയാണ്
21.wav,പിന്നെ സു സുവിസുധി വാത്മീകത്തിന്റെ ചര്ച്ചകൾക്കു വേണ്ടി രഞ്ജിത് ശങ്കർ വീട്ടിലെത്തിയപ്പോഴാണ് ഇക്കാര്യം സൂചിപ്പിച്ചത്
22.wav,ഏയ് ഓട്ടോ എന്ന ചിത്രത്തിലെ പാട്ട് ഇരുവരും രസിച്ച് പാടുന്ന വീഡിയോ ആണ് വൈറലാകുന്നത്
23.wav,ശൈഖ് സയീദ് എന്ന എത്യോപ്പിയക്കാരന് ആണ് ഇപ്പോള് മദീനയിലെ അഖവാത്തുകളുടെ നേതാവ്
24.wav,എന്നാല് കത്തുകിട്ടിയ വനംമന്ത്രി തന്റെ വകുപ്പില് തിരക്കിയപ്പോള് ഇതൊന്നും നടക്കാന് പോണില്ല സാറേ എന്നാണു മറുപടി കിട്ടിയത്
25.wav,മുല്ലപ്പെരിയാര് ഡാം പൊളിച്ച് മാറ്റി പുതിയ ഡാം സ്ഥാപിക്കണം എന്ന കേരളത്തിന്റെ ആവശ്യം കോടതി തള്ളി
26.wav,ഓസ്ട്രേലിയൻ ഓപ്പൺ കിരീടം നേടിയപ്പോൾ സൈനയ്ക്ക് കോഹ്ലി ട്വിറ്ററിലൂടെ അഭിനന്ദനം അറിയിച്ചിരുന്നു
27.wav,പുതിയ തെലുഗ് ചിത്രത്തിനായി വെല്ലുവിളികള് നിറഞ്ഞ ഒരു വേഷം കൈകാര്യം ചെയ്യാനൊരുങ്ങുകയാണ് താരം
28.wav,കോളജ് മാനേജറും കോട്ടയം അതിരൂപത സഹായ മെത്രാനുമായ മാര് ജോസഫ് പണ്ടാരശേരില് അധ്യക്ഷതവഹിച്ചു
29.wav,ഇതോടെ വിപണിയില് എത്തി ചുരുങ്ങിയ നാളുകള് കൊണ്ട് രാജ്യത്ത് ഏറ്റവും കൂടുതല് വിറ്റഴിക്കപ്പെടുന്ന ഇലക്ട്രിക്ക് സ്കൂട്ടറുകളിലൊന്നായി മാറി ആംപിയര് സീല്
30.wav,കാര്ഷിക മേഖലയുടെ വികസനത്തിനൊപ്പം പരിസ്ഥിതി സംരക്ഷണവും പ്രധാനമായി കണ്ടാണ് പ്രൊജക്ടുകള് തയ്യാറാക്കിയതെന്നും അദ്ദേഹം പറഞ്ഞു
31.wav,കുഞ്ചാക്കോ ബോബൻ നായകനാകുന്ന പുതിയ ചിത്രത്തിന്റെ ടൈറ്റിൽ പോസ്റ്റർ പുറത്ത് വിട്ടു
32.wav,റോഡ് ഷോയുടെ നീളം കൂട്ടാൻ ഇ്പ്പോഴും കോൺഗ്രസ് നേതാക്കൾ ശ്രമിക്കുന്നുണ്ട്
33.wav,അതേ പോലെ തന്നെയാണ് പിഷാരടിയും ആര്യയുമില്ലാത്ത ബംഗ്ലാവ് കാണില്ലെന്ന കടുത്ത തീരുമാനത്തിലാണ് ചിലര്
34.wav,ഫ്ലാറ്റുകളുടെ അവശിഷ്ടങ്ങള് കൈകാര്യം ചെയ്യുന്നതില് വീഴ്ച വരില്ലെന്നും ഇതിനുളള പദ്ധതി തയ്യാറാക്കിയിട്ടുണ്ടെന്നും സബ് കലക്ടര് സ്നേഹില് കുമാര് പറഞ്ഞു
35.wav,കുട്ടിയുടെ ജീവന് വരെ ഭീഷണിയാവുന്ന തരത്തില് ഈ വിരകള് വളര്ന്നിരുന്നുവെന്നും യഥാമസമയത്ത് ശസ്ത്രക്രിയ നടത്തിയതിനാല് ജീവന് അപകടമുണ്ടായില്ലെന്നും ഡോക്ടര്മാര് പറഞ്ഞു
36.wav,ക്വട്ടേഷന് സംഘത്തെ ഉപയോഗിച്ചു നടത്തിയ സംഭവത്തിൽ സംഘത്തിലെ രണ്ട് പേരും പൊലീസിന്റെ പിടിയിലായിട്ടുണ്ട്
37.wav,എന്തൊക്കെയാണ് ഇത്തരത്തില് നമുക്ക് എട്ടിന്റെ പണി തരുന്ന വസ്തുക്കള് എന്നു നോക്കാം
38.wav,അതിനിടെ ഐസിസിനേ വേണ്ടി ട്വിറ്റർ അക്കൌണ്ട് പ്രവർത്തിപ്പിച്ചിരുന്നത് താൻ തന്നെയാണെന്ന് ബെംഗളൂരുവിൽ പിടിയിലായ മെഹ്ദി മസ്രൂർ ബിശ്വാസ് സമ്മതിച്ചു
39.wav,പൊട്ടിത്തെറിച്ച ഗ്യാസ് സിലിണ്ടറിന്റെ ചീളുകള് പരിക്കേറ്റവരുടെ മുഖത്തും കഴുത്തിലുമാണ് പതിച്ചതെന്ന് ദൃക്സാക്ഷികള് പറഞ്ഞു
40.wav,ആണിയെക്കുറിച്ചും പെട്രോളിനെക്കുറിച്ചും ബസ്സുകളെ കുറിച്ചുമുള്ള പരാമർശങ്ങളുമായി ആറാംപടിയിൽ നിൽക്കുന്ന ഗ്രന്ഥകാരനെ നമുക്കു കാണാം
41.wav,മുൻകായികതാരമായ ദിൽഷാദ് ഇപ്പോൾ സെൻട്രൽ എക്സൈസ് കസ്റ്റംസ് ഡിപ്പാർട്ട്മെന്റിൽ ജോലി നോക്കുകയാണ്
42.wav,തനിക്കോ തന്റെ ബന്ധുക്കള്ക്കോ കക്കാടംപൊയിലില് പാറമടകളില്ലെന്നും ആരോപണം ഉന്നയിക്കുന്നവര് തെളിയിക്കണമെന്നും അന്വര് ഫേസ്ബുക്കില് കുറിച്ചു
43.wav,ഇന്ന് വൈകുന്നേരം നാല് മണിയോടെ നെല്ലനാട് ഭൂതമടക്കി പ്ലാപ്പെട്ടിയില് വച്ചായിരുന്നു സംഭവം
44.wav,ഈ ഉൽപന്നം അലർജിക്ക് കാരണമായേക്കാമെന്നതിനാൽ ഇത് പരീക്ഷണാടിസ്ഥാനത്തിൽ പരീക്ഷിക്കുന്നത് നല്ലതാണ്
45.wav,അപൂര്വമായി ബൌള് ചെയ്യാറുള്ള ന്യൂസിലാന്റ് നായകന് കെയ്ന് വില്യംസനും റിപ്പോര്ട്ട് ചെയ്യപ്പെട്ടിട്ടുണ്ട്
46.wav,ഇതിനു പിന്നാലെ പാക്കിസ്ഥാനിലെ ജയ്ഷെ ഭീകര ക്യാംപിൽ ഇന്ത്യ മിന്നലാക്രമണം നടത്തി
47.wav,വസ്ത്രധാരണം ന് ര്ഹിനെസ്തൊനെസ് നിറം ലെ തിളക്കമാർന്ന ഘടകങ്ങൾ ഉപയോഗിച്ച് ഏറ്റവും വലിയ ജ്വല്ലറി ആക്സസറികളും തിരഞ്ഞെടുക്കുക
48.wav,എന്നാല് പുറത്തായ വനിതാ വിജയകുമാര് തിരികെ വന്നതും വൈല്ഡ് കാര്ഡ് എന്ട്രിയിലൂടെ നടി കസ്തൂരി എത്തിയതും പ്രശ്നങ്ങള് ഉണ്ടാകാന് കാരണമാവുകയായിരുന്നു
49.wav,നടി മാത്രമല്ല മറ്റു പലരുമായും ദിലീപിനു കച്ചവട ബന്ധങ്ങൾ ഉണ്ടെന്നും മനസ്സിലായി
50.wav,കഴിഞ്ഞ ജൂണിൽ പാർട്ടി അംഗത്വം നേടിയ ഇയാളെ ഐടി വിഭാഗത്തിന്റെ പ്രചാരകനായി സൂറത്ത് സിറ്റിയിലെ ഒരു വാർഡിൽ നിയമിക്കുകയും ചെയ്തു
51.wav,എല്ലാ കാലാവസ്ഥയിലും പൈനാപ്പിൾ വിളയുമെങ്കിലും വാണിജ്യാടിസ്ഥാനത്തിൽ കൃഷി ചെയ്യുമ്പോൾ സ്ഥലത്തിന്റെ ഘടന ശ്രദ്ധിക്കണം
52.wav,സംസ്ഥാനത്ത് തന്നെ ഏറ്റവും കൂടുതല് കേന്ദ്ര പദ്ധതികള് നടപ്പിലാക്കിയ ഒരു മണ്ഡലമാണ് കോഴിക്കോട്ട്
53.wav,സ്വന്തം കഴിവ് ഉപയോഗിച്ച് സ്വന്തം പ്രശ്നങ്ങൾക്ക് പ്രതിവിധി കാണാനാണ് അവർ ഇഷ്ടപ്പെടുന്നത്
54.wav,നാട്ടില് നിന്നുള്ള ധാരണയനുസരിച്ച് രണ്ടാം പ്രതിയാണ് ജബല് അലി പോര്ട്ടിലൂടെ മയക്കുമരുന്നു ഗുളികകള് രാജ്യത്തെത്തിച്ചത്
55.wav,കഴിഞ്ഞ വർഷം ഫെബ്രുവരിയിൽ ഖത്തറിൽവെച്ച് നടന്ന ചർച്ചയിലാണ് അഫ്ഗാൻ ഭരണകൂടവും താലിബാനും തമ്മിലുള്ള വെടിനിർത്തൽ കരാർ പ്രാബല്യത്തിൽ വന്നത്
56.wav,മുകളില് തന്നെ പിടിച്ചു നില്ക്കാനുള്ള ശ്രമം വിജയിക്കില്ലെന്നായപ്പോള് ഞാന് ഒരു ഉപാധി വെച്ചു
57.wav,പകുതി കാര്യമായും പകുതി കളിയായുമാണ് ഇങ്ങനെ പറയാറുള്ളതെങ്കിലും തമിഴകത്തിന്റെ വിധിയെഴുത്ത് ഇക്കാര്യത്തില് പിഴക്കാറില്ലെന്നതാണ് സത്യം
58.wav,എന്നാല് നടി നിര്മ്മാതാവിനെ ബ്ലാക്ക് മെയില് ചെയ്യുന്ന ഓഡിയോ സന്ദേശം മനോരമ ന്യൂസ് പുറത്തുവിട്ടു
59.wav,ഇരുവരും തമ്മില് ഇപ്പോള് വാക്കേറ്റം അരങ്ങേറിയിരിക്കുന്നു ഒരു ചാനല് ചര്ച്ചയ്ക്കിടെ ആയിരുന്നു സംഭവം
60.wav,ഈ ചിത്രം എടുക്കുന്നസമയം വയറും കുടലും തന്റെ കൈകളിലായിരുന്നു എന്ന് മെല് കുറിക്കുന്നു
61.wav,ഭരണകൂട ഭീകരതയെ ഭയന്ന് ഈ സംസ്ഥാനങ്ങളിലെ സാധാരണക്കാര്ക്ക് ജീവിക്കാന് കഴിയാത്ത അവസ്ഥയാണ്
62.wav,ശോഭനാ കുമാരിയെ അറസ്റ്റ് ചെയ്ത് ആശുപത്രിയിലേക്ക് മാറ്റിയതിനെത്തുടര്ന്ന് മറ്റ് നാല് പേര് നിരാഹാരസമരം തുടരുകയാണ്
63.wav,അദ്ദേഹമാണ് ട്രംപിന്റെ കുഴപ്പം പിടിച്ച വിദേശനയത്തിന്റെ പിന്നിലെ പ്രധാനി എന്നാണ് വിചാരിക്കേണ്ടത്
64.wav,തെരഞ്ഞെടുപ്പിനും അതിന് മുമ്പും സാമൂഹിക മാധ്യങ്ങളിലൂടെ സ്വാധീനം വര്ദ്ധിപ്പിക്കാന് ഒബാമയ്ക്കായി
65.wav,വധശിക്ഷയെ തുറന്നെതിർത്തും മേമന്റെ നിരപരാധിത്വം ചൂണ്ടിക്കാട്ടിയും സോഷ്യൻ മീഡിയകളിലും മറ്റും ഉയർന്ന വാദഗതികൾ കോടതിയുടെ മനസ്സുമാറ്റിയില്ല
66.wav,ഇതോടെയാണ് വിവിധ ട്രേഡ് യൂണിയനുകള് സമര പ്രഖ്യാപനവുമായി കമ്പനിക്ക് മുന്പില് കൊടിനാട്ടി കുത്തിയിരുപ്പ് സമരം തുടങ്ങിയത്
67.wav,കേന്ദ്ര സര്ക്കാരിന്റെ സ്വദേശ് ദര്ശന് തീര്ത്ഥാടന ടൂറിസം പദ്ധതിയില് വയനാട്ടില് നിന്ന് മൂന്ന് ആരാധനാലയങ്ങള്
68.wav,ആലുവയില് യുവാവിനെ തട്ടികൊണ്ട് പോയി കൊലപ്പെടുത്തുവാന് ശ്രമിച്ച സംഘത്തെ ആലുവ പൊലീസ് പിടികൂടി
69.wav,തന്റെ നിലപാടുകൾ ആരുടെ മുന്നിലും തുറന്ന് പറയുന്ന താരം പലപ്പോഴും വാർത്തകളിൽ ഇടപിടിക്കാറുണ്ട്
70.wav,ഇക്കാരണത്താൽ നിങ്ങൾക്ക് വീണ്ടും ഫാസ്റ്റ് ഫുഡ് കഴിക്കാനുള്ള അദമ്യമായ ആഗ്രഹം ഉണ്ടാകുകയും ചെയ്യും
71.wav,കരി മരുന്നു പ്രയോഗ വും കലാ പരി പാടി കളും കാണാൻ സ്വദേശി കളും വിദേശി കളും തിങ്ങി നിറഞ്ഞു
72.wav,ഇവയെ കൊലപ്പെടുത്തിയതിന് അറസ്റ്റിലായ നെട്ടൂർ സ്വദേശി സഫർ ഷായുമായി നടത്തിയ തിരച്ചിലിലാണ് മൃതദേഹം കണ്ടെത്തിയത്
73.wav,കുട്ടികളുടെ മുറിയിലെ സംയുക്ത വാൾപേപ്പറുപയോഗിച്ച് ഇത് പ്രാവർത്തികമാക്കുന്നത് എളുപ്പമാണെന്ന് നിങ്ങൾക്ക് കാണാൻ കഴിയും
74.wav,പക്ഷെ പോഗ്ബ നേടിയ മൂന്നാം ഗോളിനും എംബാപ്പെയുടെ നാലാം ഗോളിനും ന്യായീകരണമില്ല
75.wav,പൌരത്വ നിയമത്തിനെതിരെ സമര്പ്പിക്കപ്പെട്ട ഹര്ജിയും പരിഗണിക്കുന്നതില് സുപ്രീം കോടതിക്കുള്ള താല്പര്യമില്ലായ്മ ഇതിനകം തന്നെ ഏറെ വിമര്ശിക്കപ്പെട്ടതാണ്
76.wav,ഇന്ത്യയ്ക്ക് അഭിമാനമായിരുന്ന ഫുട്ബോള് താരം വിപി സത്യന്റെ ജീവിതകഥയെ ആസ്പദമാക്കി നവാഗതനായ പ്രജേഷ് സെന് സംവിധാനം ചെയ്ത സിനിമയായിരുന്നു ക്യാപ്റ്റന്
77.wav,വീഴ്ച ശ്രദ്ധയിൽ പെട്ടാൽ ഉടൻ വാച്ചിന്റെ സ്ക്രീനിൽ ഒരു അറിയിപ്പ് വരും
78.wav,ശിഖര് പുറത്തായ ശേഷം ഇന്ത്യയുടെ കുതിപ്പ് ഹോങ്കോംഗ് ബൌളര്മാര് നിയന്ത്രിച്ചു
79.wav,ഒമ്പത് റണ്സിന് ജെയ്സന് റോയി പുറത്താകുന്നതോടെയാണ് ഇംഗ്ലണ്ടിന്റെ വിക്കറ്റ് വീഴ്ച തുടങ്ങുന്ത്
80.wav,രാഹുൽ ഗാന്ധി ഉറങ്ങുകയും താങ്കൾ ഉണർന്നിരിക്കുകയും ചെയ്യുന്ന ചിത്രം പോസ്റ്റ് ചെയ്ത ചാലക്കുടി എം
81.wav,എന്നിട്ട് അവര്ക്ക് എന്തേ കോഹ് ലിയെ പോലെ റണ്സ് സ്കോര് ചെയ്യാന് സാധിക്കുന്നില്ലാ എന്ന് സെവാഗ് ചോദിക്കുന്നു
82.wav,പ്രചാരണത്തിന് പോയ വാഹനവ്യൂഹത്തിന് നേരെ സ്ഫോടകവസ്തു ഉപയോഗിച്ച് നടത്തിയ ആക്രമണത്തില് എംഎല്എയും അഞ്ച് പോലീസുകാരും കൊല്ലപ്പെട്ടു
83.wav,നിരന്തരം സൈബര് ഇടത്തില് നേരിടുന്ന ആക്രമണങ്ങളോട് പ്രതികരിച്ചിരിച്ച് നടി സാനിയ അയ്യപ്പന്
84.wav,ജീവിതം എങ്ങനെയെങ്കിലും ഒരു കരയ്ക്കെത്തിക്കണമെന്ന് ആഗ്രഹിക്കുന്ന മനുവിന് കാത്തിരുന്നൊരു ജോലി ലഭിക്കുന്നു
85.wav,അതേസമയം ജാഥയ്ക്ക് നേരെ ആര്എസ്എസ് ആസൂത്രിതമായി അക്രമം നടത്തുകയായിരുന്നുവെന്ന് എസ്ഡിപിഐ നേതാക്കൾ പ്രതികരിച്ചു
86.wav,ഗര്ഭിണികളെ നിരീക്ഷിച്ചതില് നിന്ന് കണ്ടെത്തിയ ഏറ്റവും പുതിയ പഠന റിപ്പോര്ട്ടാണ് ഇപ്പോള് ശ്രദ്ധേയമാകുന്നത്
87.wav,ഇത്രയും പണം ഉടമകള്ക്കും അതിന്റെ ഒരു പങ്ക് ഇടനിലക്കാര്ക്കും കിട്ടും
88.wav,ഇവര് ഒട്ടേറെ കഞ്ചാവ് കേസുകളിലെ പ്രതികളാണെന്നും വാട്സാപ് സന്ദേശം വഴിയാണ് ആക്രമണം ആസൂത്രണം ചെയ്തതെന്നും പോലീസ് പറഞ്ഞു
89.wav,പണപ്പെരുപ്പം നിയന്ത്രണവിധേയമായ പശ്ചാത്തലത്തില് പലിശനിരക്ക് കുറയ്ക്കാന് റിസര്വ് ബാങ്ക് തയ്യാറാകുമെന്നാണ് റിപ്പോര്ട്ടുകള്
90.wav,കൊളോണിയല് മാനസികാവസ്ഥ പിന്തുടരുന്ന രാജ്യത്തെ വിദ്യാഭ്യാസ സമ്പ്രദായത്തില് ദിശാമാറ്റം ഉള്പ്പെടെ വിഭാവനം ചെയ്യുന്നതാണ് പുതിയ നയമെന്ന് അദ്ദേഹം വ്യക്തമാക്കി
91.wav,വീണ്ടും ലംഘിച്ചാല് മെന്നും ജസ്റ്റിസ് എം ആര് ഷാ കൂടി അംഗമായ ബെഞ്ച് അറിയിച്ചു
92.wav,ഇവരെ കൂടാതെ സ്വകാര്യ വ്യക്തിയായ മറ്റത്തില് അശോകനെന്നയാളും ആറ്റമംഗലം പള്ളിയും കായല് കയ്യേറി
93.wav,ദമനി എന്ന പേരില് പരാമര്ശിക്കുന്നത് മഅദനിയെയാണെന്ന് മാതൃഭൂമി ന്യൂസ് നേരത്തെ റിപ്പോര്ട്ടു ചെയ്തിരുന്നു
94.wav,ജനാധിപത്യത്തെയും ആശയ സംവാദത്തെയും ഭയക്കുന്നവരാണ് ഇരുട്ടിന്റെ മറവിൽ കൊടിമരം പിഴുതെറിയാൻ ശ്രമിച്ചതെന്ന് യൂണിറ്റ് കമ്മിറ്റി പ്രസ്താവനയിൽ ആരോപിച്ചു
95.wav,ഇന്ത്യ ഇതുവരെ കാണാത്ത തെരഞ്ഞെടുപ്പ് യുദ്ധമാണ് നടക്കാനിരിക്കുന്നത് എന്നതിനാൽ സർവ ശക്തിയുമെടുത്താണ് രാഷ്ട്രീയ പാർട്ടികൾ അണിയറയിൽ തയാറെടുപ്പുകൾ നടത്തി വരുന്നത്
96.wav,ഉത്സവം ദര്ശിക്കാന് നാടിന്റെ നാനാഭാഗത്തുനിന്നും ആയിരക്കണക്കിന് ജനങ്ങളാണ് ക്ഷേത്രത്തില് എത്തിച്ചേര്ന്നത്
97.wav,നേരത്തെ പ്രചരിച്ചിരുന്ന റിപ്പോർട്ടുകളെയെല്ലാം നിഷ്പ്രഭമാക്കി ലൂയിസ് ആർതർ ചാൾസ് എന്നാണ് ഷാർലറ്റിന്റെയും ജോർജിന്റെയും കുഞ്ഞനിയന് രാജകുടുംബം പേര് നൽകിയത്
98.wav,ധോണി ഇപ്പോളും ലോകത്തെ ഏറ്റവും മികച്ച ഫിനിഷർ ആണെന്നാണ് മലിംഗയുടെ പക്ഷം
99.wav,ഒരു ഭരണാധികാരി എങ്ങനെ ആകരുത് എന്നതിന്റെ ഉത്തമ ഉദാഹരണമായി മാറുകയായിരുന്നു പിണറായി വിജയന്
100.wav,അച്ഛന്റെ ഡ്രസ്സ് നനയില്ലെ ഞാൻ ഇവിടെ നിന്ന് വെള്ളം കോരി ഒഴിച്ച് കുളിച്ചോളാം
101.wav,എന്നാല് എണ്ണിച്ചുട്ട അപ്പം പോലെ ലഭിക്കുന്ന വെള്ളം നിത്യോപയോഗത്തിനു തികയുന്നില്ല എന്ന് ഇവര് പറയുന്നു
102.wav,ഫ്രഞ്ച് കമ്പനിയായ ടാസൂ ഏവിയേഷനാണ് റിലയന്സ് ഡിഫന്സിനെ ഇന്ത്യയിലെ പങ്കാളിയാക്കി നിയോഗിച്ചത്
103.wav,കരാറുകാരന് സെക്യൂരിറ്റി തുക തിരിച്ച് നൽകുന്നതിൽ സൂപ്രണ്ടിംഗ് എഞ്ചിനീയർ ഉൾപ്പെടുന്ന സാങ്കേതിക വിഭാഗം അസാധാരണ തിടുക്കം കാട്ടി
104.wav,നിസാമിനെ കുറ്റക്കാരനായി വിധിച്ച കോടതിവിധി കേട്ട ശേഷം പുറത്തേക്കിറങ്ങിയ ചന്ദ്രബോസിന്റെ ഭാര്യയും അമ്മയും മാധ്യമങ്ങളോട് പ്രതികരിച്ചു
105.wav,അതാകട്ടെ പ്രവര്ത്തി ദിവസമായ വ്യാഴാഴ്ച ആയതിനാല് നാഷണല് കമ്മിറ്റിയിലെ ഭൂരിപക്ഷം അംഗങ്ങള്ക്കും പങ്കെടുക്കാന് സാധിക്കുകയുമില്ല
106.wav,വിവിധ മിശ്രണം ഒരേ സമയം നിങ്ങളുടെ കുഞ്ഞിനെ ഭക്ഷണം വിലക്കപ്പെട്ടതാണ്
107.wav,ഞങ്ങൾ മുകളിൽ സിറപ്പിൽ ഒഴിച്ചു മൂടിയോടു അടച്ച് താഴ്ന്ന താപനിലയിൽ ഒരു മുറിയിലേക്ക് അയയ്ക്കുന്നു
108.wav,റെയില്വേയുടെ വികസനത്തിനും യാത്രക്കാരുടെ മികച്ച സേവനത്തിനും സര്ക്കാരും റെയില്വേ ജീവനക്കാരും യൂണിയനും ഒന്നിച്ചു പോകേണ്ടതുണ്ടെന്ന് മന്ത്രി പ്രഭു പറഞ്ഞു
109.wav,പഴയ ഡാന് ക്രിസ്റ്റ്യന്റെ സ്ഥാനത്തേക്കു പെരേരയോ സമിയോ വരുമെന്നു മാത്രം
110.wav,പാക് രഹസ്യാന്വേഷണ ഏജന്സി ഐഎസ്ഐ അനുവദിക്കാത്തതിനാലാണ് ദാവൂദ് ഇന്ത്യയിലേയ്ക്ക് മടങ്ങാത്തത് എന്നതുള്പ്പെടെ നിര്ണായക വിവരങ്ങള് കസ്കര് ഇന്ത്യക്ക് കൈമാറിയിരുന്നു
111.wav,മറ്റുള്ളവരിൽ നിന്ന് ഒരു ദൃഷ്ടി ദോഷം പോലും എന്നിലും പതിക്കരുത് എന്നും പ്രാർത്ഥിക്കണം
112.wav,ഫലസ്തീനികളിൽ ഒരു ചെറിയ വിഭാഗത്തെയെങ്കിലും മടങ്ങാൻ അനുവദിച്ചാൽ അത് ജൂത രാഷ്ട്രത്തിന്റെ അവസാനമായിരിക്കുമെന്ന് അവർ വിലയിരുത്തുന്നു
113.wav,ഇരുപത് വർഷം വരെ തടവ് ലഭിക്കാവുന്ന കുറ്റമാണ് ഇതെന്നും ചാനൽ ചർച്ചയിൽ കേട്ടു
114.wav,മാമുക്കോയയുടെ ഏറ്റവും പുതിയ മേക്ക് ഓവര് ചിത്രങ്ങളാണ് സോഷ്യല് മീഡിയയില് വൈറലായിരിക്കുന്നത്
115.wav,ആകർഷ കമായ വിളംബര യാത്ര യോടെ യാണ് കൊയ്ത്തുത്സവ ത്തിന് തുടക്ക മായത്
116.wav,ഒബ്റോൺ മാളിലെ നാലാം നിലയിലെ ഈ സ്ഥാപനത്തിലെ അകക്കാഴ്ചകൾ ഒരു അറേബ്യൻ മാളികയെ ഓർമിപ്പിക്കുന്നതാണ്
117.wav,ഇന്നലെ പ്രിയദര്ശന് മോഹന്ലാലിന്റെ കുഞ്ഞാലി മരക്കാര് സിനിമ തുടങ്ങാന് പോവുന്നു എന്ന് പറഞ്ഞു
118.wav,നോട്ട് പ്രതിസന്ധിയെ തുടർന്നായിരുന്നു നാളെ മുതൽ അനിശ്ചിതകാല സമരം ആഹ്വാന ചെയ്തത്
119.wav,എഡിറ്റേഴ്സ് ഗില്ഡ് ഓഫ് ഇന്ത്യ ഒരു സ്വയം സേവന സ്ഥാപനമായി മാറി
120.wav,മിഠായി ഒക്കെ തന്നെങ്കിലും തനിക്ക് പൊലീസ് ആകേണ്ടെന്നായിരുന്നു മറ്റൊരു കൂട്ടുകാരന്റെ നിലപാട്
121.wav,ഡല്ഹി എന്സിഡിസിയില് നടത്തിയ പരിശോധനയില് എട്ടു പേര്ക്കും മീററ്റില് രണ്ടര വയസുള്ള കുട്ടിക്കും വകഭേദം വന്ന കൊവിഡ് വൈറസ് സ്ഥിരീകരിച്ചു
122.wav,ഇവര് പിടിച്ചെടുത്ത സേനാ ആസ്ഥാനം കരസേന വളഞ്ഞതോടെയാണ് കലാപകാരികള് അടങ്ങിയത്
123.wav,ലാത്തികൊണ്ടും കൈകൊണ്ടുമെല്ലാമുള്ള മര്ദ്ദനം മൂലം ശരീരം അനക്കാന് പോലും പറ്റാത്ത അവസ്ഥയിലാണ് ഈ കുട്ടികള് ഇപ്പോള് ഉള്ളതെന്നു ബന്ധുക്കളും പറയുന്നു
124.wav,ഇഖാമ കാലാവധി ആറു വര്ഷമായി നിജപ്പെടുത്തുന്നതിന് മറ്റു ഗള്ഫ് രാജ്യങ്ങളുമായി സൌദി അറേബ്യ ധാരണയിലെത്തണം
125.wav,തങ്ങളുടെ അഭിപ്രായങ്ങള് രേഖപ്പെടുത്തുന്നതില് തെറ്റില്ലെങ്കിലും അത് ഭരണഘടനയുടെ ചട്ടക്കൂടിനുള്ളില് നിന്നുകൊണ്ട് വേണമെന്നും ഉപരാഷ്ട്രപതി പറഞ്ഞു
126.wav,സ്പീക്കറുടെ അനാവശ്യ ഇടപെടലാണ് പ്രശ്നങ്ങള്ക്ക് കാരണമെന്ന് പ്രതിപക്ഷനേതാവ് രമേശ് ചെന്നിത്തല പറഞ്ഞു
127.wav,ഇത് പരിശോധിച്ചപ്പോഴാണ് കുടുംബത്തിലെ മരണത്തിന്റെ ദൂരുഹത നീക്കുന്ന തെളിവുകള് കിട്ടിയത്
128.wav,മൂന്നുവര്ഷം മുന്പ് ഒരു അഭിമുഖത്തില് തിരുവനന്തപുരത്തെ റോഡുകളുടെ മോശം അവസ്ഥയെപറ്റി മല്ലിക പ്രതികരിച്ചിരുന്നു
129.wav,രാജ്യമെമ്പാടും ഇതിനെതിരെ പ്രതിഷേധം ശക്തമായിക്കൊണ്ടിരിക്കുന്നതിനിടെയാണ് നിയമം നടപ്പിലാക്കണമെന്നാവശ്യപ്പെട്ട് ബിജെപിയുടെ റാലി
130.wav,സെപ്റ്റംബര് ഒന്ന് മുതല് സ്കൂളുകളും കോളേജുകളും തുറക്കുമെന്ന് തമിഴ്നാട് സര്ക്കാര് അറിയിച്ചു
131.wav,ഈ പേരു വരാൻ കാരണം മാമോത്തുകൾ ഭൂമിക്കടിയിൽ തുരങ്കങ്ങളുണ്ടാക്കിയാണ് ജീവിച്ചിരുന്നതെന്ൻ വളരെക്കാലം നിലവിലുണ്ടായിരുന്ന വിശ്വാസത്തിൽ നിന്നാണ്
132.wav,അടിയന്തിര ടെലിഗ്രാം ക്ഷണം അയയ്ക്കുക അല്ലെങ്കിൽ റേഡിയോ വഴി ക്ഷണം ഓർഡർ ചെയ്യുക
133.wav,ഭോപ്പാലിലുള്ള ഓള് ഇന്ത്യ ഇന്സ്റ്റിറ്റ്യൂട്ട് ഓഫ് മെഡിക്കല് സയന്സസിലേക്ക് സ്റ്റാഫ് നഴ്സ് തസ്തികകളില് അപേക്ഷ ക്ഷണിച്ചു
134.wav,ബ്രിട്ടീഷ് അധിനിവേശ കാലത്ത് ജന്മിത്വത്തിനും സാമ്രാജ്യത്വത്തിനും ജാതീയ ഉച്ചനീചത്വത്തിനുമെതിരെ കേരളം ശബ്ദമുയര്ത്തിയത് മമ്പുറം തങ്ങന്മാരുടെ നേതൃത്വത്തിലായിരുന്നു
135.wav,ഈ വര്ഷം ഫെബ്രുവരി മൂന്നോടു കൂടി നിലവിലുള്ള അനുമതി കാലാവധി അവസാനിക്കും
136.wav,എം എൽ ഏ യെ കാര്യം പറഞ്ഞു മനസ്സിലാക്കാൻ ഞങ്ങൾ ശ്രമിച്ചെങ്കിലും അയാൾ വഴങ്ങിയില്ല
137.wav,കഴിഞ്ഞ ഓണക്കാലത്തിറങ്ങിയ രാജാധി രാജയുടെ വിജയത്തിന് ശേഷം മമ്മൂട്ടിയ്ക്ക് തുടര്ച്ചയായി വിജയങ്ങളാണ്
138.wav,സൂക്ഷ്മ പരിശോധനക്ക് ശേഷം സ്ഥാനാർഥി ജോസഫ് കണ്ടത്തിൽ പത്രിക പിൻവലിക്കുമെന്നും ജോസഫ് മാധ്യമങ്ങളോട് പറഞ്ഞു
139.wav,അതോടൊപ്പം ഭരണാധികാരി എന്ന നിലയില് ദയനീയമായി പരാജയപ്പെട്ട മന്മോഹന് സിംഗിന്റെ ഭരണത്തില് ഇന്ത്യക്കു സംഭവിച്ച സാമ്പത്തിക വീഴ്ചയും
140.wav,ബംഗ്ലാദേശിലെ പെയിന്റിങ് തൊഴിലാളിയായ സഹീബുള്ഖാന് ഫേയ്സ്ബുക്കിലൂടെയാണ് വയനാട് മേപ്പാട് സ്വദേശിനിയുമായി പരിചയത്തിലാകുന്നത്
141.wav,ഐലീഗ് ടീമുകളും എഐഎഫ്എഫും തമ്മിലുള്ള തർക്കങ്ങൾ മുറുകുന്നതിനിടയ്ക്കാണ് ഇങ്ങനെയൊരു അഭിപ്രായവുമായി ബൂട്ടിയ രംഗത്തെത്തിയിരിക്കുന്നത്
142.wav,അനീഷിന്റെയും ജയപ്രകാശിന്റെയും പരാതിയിൽ അന്വേഷണം തുടങ്ങിയതായി തളിപ്പറമ്പ് സിഐ സത്യനാഥൻ മറുനാടൻ മലയാളിയോട് പറഞ്ഞു
143.wav,അതിനാല് അതേക്കുറിച്ച് പ്രത്യേകം ചര്ച്ച ചെയ്യേണ്ടതുണ്ടെന്ന് തോന്നുന്നില്ലെന്നും ഇന്നസെന്റ് പറഞ്ഞു
144.wav,പുറത്ത് എത്തിയ കുട്ടികള് വഴിയില് വെച്ച് കണ്ട ഒരാളുടെ സഹായം തേടി
145.wav,തെലുങ്കാന സര്ക്കാരിന് കീഴിലെ സര്ക്കാര് ആശുപത്രിയായ എംഎന്ജിയ്ക്ക് ഇത് വലിയ നേട്ടമാണ്
146.wav,നവംബര് രണ്ടിന് തീസ് ഹസാരി കോടതിയില് പാര്ക്കിംഗിനെച്ചൊല്ലി ഉണ്ടായ സംഘര്ഷമാണ് പിന്നീട് വന് കലാപ സമാനമായ സംഘര്ഷത്തിലേക്ക് നയിച്ചത്
147.wav,അർധ നാരീശ്വര സങ്കൽപ്പം പോലും ഉണ്ടായത് സതി ശിവന് തുല്യയായത് കൊണ്ടാണ്
148.wav,ടെലികോം മേഖലയില് നിന്നും മാധ്യമങ്ങളില് നിന്നും ഇതുസംബന്ധിച്ച നിരവധി പ്രശ്നങ്ങള് ഇപ്പോള് തന്നെ ഉയര്ന്ന് വന്നിട്ടുണ്ടെന്നും പ്രധാനമന്ത്രി കത്തില് ചൂണ്ടികാട്ടുന്നുണ്ട്
149.wav,വെന്റിലേറ്റർ സൌകര്യമുള്ള ആമ്പുലൻസ് എത്താൻ വൈകിയതോടെയാണ് ആശുപത്രിയിലേക്ക് മാറ്റാൻ കഴിയാതെ വന്നത്
150.wav,തുടര്ന്ന് കുട്ടിയുടെ പുറത്ത് മുട്ടികുത്തിനിന്ന് അവളുടെ ഷാള്കൊണ്ട് കഴുത്ത് മുറുക്കി കൊല്ലുകയായിരുന്നു
151.wav,ബുധനാഴ്ച വൈകിട്ട് മൂന്നരയോടെയാണ് സോപാനം ഓഡിറ്റോറിയത്തില് ദേശാഭിമാനിയുടെ ജില്ലാതല പ്രചാരണ പരിപാടി ഉദ്ഘാടനം ചെയ്യുന്നതിനിടെ അദ്ദേത്തിന് ദേഹാസ്വസ്ഥ്യം അനുഭവപ്പെട്ടത്
152.wav,ത്യശൂരില് കെ എസ് ആര് ടി സി ബസിന് നേരെയുണ്ടായ കല്ലേറില് ഡ്രൈവര്ക്ക്
153.wav,പൊലീസിന് ഗുണ്ടാ ആക്രമണങ്ങൾ നോക്കാൻ സമയമില്ലെന്നും ഉന്നത ഉദ്യോഗസ്ഥർ തമ്മിലുള്ള കിടമത്സരമാണ് നടക്കുന്നതെന്നും അദ്ദേഹം ആരോപിച്ചു
154.wav,കൊറോണ സ്ഥിരീകരിച്ചതിനു പുറമെ പ്രായാധിക്യവും വിവിധ ആരോഗ്യ പ്രശ്നങ്ങളും കണക്കിലെടുത്ത് വിദഗ്ധ ചികിത്സ ലഭ്യമാക്കുന്നതിനാണ് ഇവരെ കോട്ടയത്തേക്ക് കൊണ്ടുവന്നത്
155.wav,കാഴ്ചാവൈകല്യമുള്ള കുട്ടി ഉള്പ്പെടെയുള്ള കുടുംബത്തിനോട് മനുഷ്യത്വപരമായ നിലപാടുകള് സ്വീകരിക്കണമെന്നും കമ്മീഷന് ആവശ്യപ്പെട്ടു
156.wav,കൂട്ടുകാരോടൊത്ത് ഒരുമിച്ചൊരു യാത്ര നീട്ടി കൊണ്ടു പോകുന്നതിന്റെ ഈർഷ്യയിലാണു ഒറ്റയ്ക്ക് പോകാൻ തീരുമാനമെടുത്തത്
157.wav,ജനങ്ങളെ കൊള്ളയടിക്കാന് എണ്ണക്കമ്പനികള്ക്ക് സൌകര്യംചെയ്യുന്ന നയത്തിനെതിരെ വിപുലമായ ജനകീയ ഇടപെടല് ഉണ്ടാകേണ്ടതുണ്ട്
158.wav,നീണ്ട നാളുകളിലെ നിരീക്ഷണത്തിലൂടെ ഗവേഷകർ മനസിലാക്കിയത് ഉയർന്ന അളവിൽ ചോക്ലേറ്റ് കഴിക്കുന്നതിലൂടെ കാർഡിയോവയോബിളിക് ഡിസോർഡിയറുകളുടെ അപായ സാധ്യത കുറയ്ക്കാനാകുമെന്നാണ്
159.wav,തനിക്കും കുടുംബത്തിനും വേണ്ടി പ്രാർത്ഥിച്ചവർക്ക് നന്ദി അറിയിച്ച് ബോളിവുഡ് നടി ഐശ്വര്യ റായ്
160.wav,പോണ്ടിച്ചേരി സർവ്വകലാശാലാ കാംപസിൽ മോളെ ചേർക്കാൻ കൊണ്ടുചെന്നപ്പോൾ എന്നെ ഏറ്റവുമധികം ആകർഷിച്ചത് കാംപസിലെ ഹോസ്റ്റലുകളുടെ പേരുകളാണ്
161.wav,നിയമത്തിന്റെ കരങ്ങള് തങ്ങളിലേക്കെത്തില്ലെന്ന് ബോധ്യമായാല് അവസരം ദുരുപയോഗം ചെയ്യാനും അവര് മടിക്കില്ല
162.wav,എന്സിപിയും സേനയും ചേര്ന്ന് രൂപീകരിക്കുന്ന സര്ക്കാരിന് കോണ്ഗ്രസ് പുറത്തുനിന്ന് പിന്തുണ നല്കിയേക്കുമെന്ന വാര്ത്തയും വന്നിരുന്നു
163.wav,കായിക രംഗത്തെ മികവുകളെ കണ്ടെത്തുന്ന സ്കൂള് തല മാതൃക ചൂണ്ടിക്കാണിച്ച നരേന്ദ്ര മോഡി
164.wav,സ്റ്റാന്ഡ്ബൈ മോഡിലാണെങ്കിലും സ്ക്രീനിലെ ഡേറ്റും സമയവും പ്രധാന നോട്ടിഫിക്കേഷനുകളുമൊക്കെ കാണാന് സാധിക്കുമെന്നതാണ് ഓള്വേസ് ഓണ് സംവിധാനം കൊണ്ടുള്ള നേട്ടം
165.wav,എഞ്ചിന് തകരാര് മൂലം വിമാനം നിലത്ത് പതിച്ച് പൈലറ്റ് മരിക്കുന്ന ഞെട്ടിക്കുന്ന വീഡിയോ
166.wav,പിന്നീട് പൊലീസാണ് കാന്തിയില്നിന്നും ഇദ്ദേഹത്തിന്റെ മൃതദേഹം കണ്ടെടുത്തതായി വിവരം ബന്ധുക്കളെ അറിയിക്കുന്നത്
167.wav,അതേസമയം അദാനി ഇതില് നിന്നും എത്രമാത്രം അടിച്ചുമാറ്റുമെന്ന കാര്യത്തില് യാതൊരു കണക്കുകൂട്ടലുകളുമില്ല
168.wav,മതസംഘടനകള് തമ്മിലുള്ള വഴക്കും പഴിചാരലും മറയാക്കി അവര് മതപരിസരത്ത് നിന്ന് വഴിമാറുകയായിരുന്നു
169.wav,ഈ സാഹിത്യ മൂല്യം കലാകാരൻ വസ്തുക്കൾ സഹായത്തോടെ ബാധ്യത ശ്രമിക്കുന്നു എന്നതാണ് ഒരു യഥാർത്ഥ ജീവിതത്തിലെ വ്യക്തി രൂപം
170.wav,തുടര്ന്ന് അര്ബുദ രോഗത്തെ തുടര്ന്ന് മുറിയില് കട്ടിലില് വിശ്രമിക്കുന്ന മാതാവിന്റെ അരികിലെത്തി രോഗ വിവരങ്ങള് അന്വേഷിച്ചു
171.wav,വരാനിരിക്കുന്നത് വൻ വിലക്കയറ്റവും രാജ്യത്തിന്റെ സാമ്പത്തിക ഭദ്രയ്ക്ക് ക്ഷീണവുമാണ് എന്ന കാര്യം ശ്രദ്ധിക്കാതെ പോകുന്നു
172.wav,ഇതിന് പുറമേ യോഹന്നാൻ സ്വന്തമായി സുവിശേഷ റേഡിയോയും ടെലിവിഷൻ ചാനലും നടത്തിവരുന്നു
173.wav,ഈ ഇടപാടുകളെല്ലാം നടന്നത് കോണ്ഗ്രസ് സര്ക്കാരിന്റെ കാലത്താണെന്നും ഓപ് ഇന്ത്യ ഡോട്ട് കോം റിപ്പോര്ട്ട് ചെയ്യുന്നു
174.wav,അതിനിടെ മേജര് സോക്കര്ലീഗ് ടീം എല്എ ഗ്യാലക്സിയിലേക്ക് ഇബ്ര ചേക്കേറുമെന്ന റിപ്പോര്ട്ടുകളും വരുന്നുണ്ട്
175.wav,രണ്ടാം ഗോളിന് ശേഷം മിശിഹാക്കും അനുചരന്മാര്ക്കും സെമിയിലേക്കുള്ള വാതില് തുറന്നുകൊടുക്കുകയല്ലാതെ വെനുസ്വേലക്ക് ഒന്നും ചെയ്യാനുണ്ടായിരുന്നില്ല
176.wav,പുതിയ വെളിപ്പെടുത്തല് മീടു ഹാഷ് ടാഗോടു കൂടി സോഷ്യല് മീഡിയയില് പ്രത്യക്ഷപ്പെടുകയായിരുന്നു
177.wav,എന്നാല് സ്വാതി കൃതികളേ മത്സരത്തിനു ചെയ്യാവൂ എന്ന് ആരോ അതിനെ വളച്ചൊടിച്ചു
178.wav,ഇതിന്റെ പരിശോധനാ ഫലം ലഭിക്കും വരെ സാക്ഷി വിസ്താരം നിര്ത്തിവെക്കണമെന്നാണ് പുതിയ ഹര്ജിയിലെ ദിലീപിന്റെ ആവശ്യം
179.wav,സ്വന്തം മുത്തശ്ശിയെ കൊലപ്പെടുത്തിയ ശേഷം ഇയാൾ ഫെയിസ്ബുക്കിൽ ലൈവായി പ്രദർശിപ്പിച്ചു എന്നതാണ് ഞെട്ടലുണ്ടാക്കിയത്
180.wav,ശരീരത്തിലെ കൊഴുപ്പു കുറയ്ക്കാനും ഇതുവഴി തടി കുറയ്ക്കാനും ഇത് നല്ലൊരു വഴിയാണ്
181.wav,ഇത്തരം മായം കലര്ന്ന അരി വാങ്ങുന്നതില് സര്ക്കാരിന് സാമ്പത്തിക നഷ്ടവും ഉണ്ടാകുന്നുണ്ട്
182.wav,ഇത് ഒതുക്കമുള്ളതും ചെലവ് കുറഞ്ഞതും എളുപ്പത്തില് എവിടെനിന്നും ഇന്സ്റ്റാള് ചെയ്യാന് കഴിയും
183.wav,റോഹിങ്ക്യൻ മുസ്ലീമുകൾക്കെതിരായ പട്ടാളനടപടിക്ക് കൂട്ടുനിന്നതിനാൽ അന്താരാഷ്ട്രമനുഷ്യാവകാശ സംഘടനയായ ആംനസ്റ്റി ഓങ്സാൻ സൂചിക്ക് നൽകിയ പുരസ്കാരം തിരിച്ചെടുത്തിരുന്നു
184.wav,സെലക്ട് കമ്മിറ്റിക്ക് വിടണമെന്ന് എല്ലാ പാർട്ടികളും ആവശ്യപ്പെട്ടിട്ടും തിരക്കുപിടിച്ച് പാസാക്കിയതിന്റെ ഉദ്ദേശം ജാർഖണ്ഡ് തെരഞ്ഞെടുപ്പായിരുന്നു
185.wav,ജിദ്ദയിൽ നിന്നുള്ളവരെയും വഹിച്ചുള്ള വിമാനം റിയാദിലിറങ്ങി ഇവിടെ നിന്നുള്ളവരെയും കൂടി കയറ്റിയാണ് ഡൽഹിയിലേക്ക് പുറപ്പെട്ടത്
186.wav,നിങ്ങള്ക്ക് ഒലിവ് ഓയില് ഒരു നുള്ള് ഉപ്പ് എന്നിവ ഉപയോഗിച്ച് ചിക്കന്സ് ടോസ്റ്റ് ചെയ്യാം
187.wav,ചൈന ഈ ദുഷ്കര ദൌത്യം ഏൽപ്പിച്ചത് പെനാങിൽ ജനിച്ച് കേംബ്രിഡ്ജിൽ വൈദ്യശാസ്ത്രം പഠിച്ചിറങ്ങിയ ഡോ
188.wav,മറ്റ് ചില പ്രാദേശിക പാര്ട്ടികള് കൂടി പുതിയ കക്ഷിയില് കൂട്ടുചേരുമെന്നാണ് സൂചന
189.wav,സിദ്ധീക്കിനോടുള്ള രാഷ്ട്രീയ വൈര്യം തീർക്കാൻ തന്നെയും കുടുംബത്തേയും ചിലർ വ്യക്തിഹത്യ നടത്തുകയാണെന്ന് പരാതിയിൽ ചൂണ്ടിക്കാട്ടുന്നു
190.wav,സ്വകാര്യ ആശുപത്രിയുടെ വീഴ്ച സംബന്ധിച്ച് ജില്ലാ കളക്ടർ അന്വേഷണം നടത്തുന്നുണ്ടെന്ന് ഡിഎംഒ
191.wav,ഹര്ജിയനുസരിച്ച് ഡല്ഹി പട്യാല ഹൌസ് കോടതി തീഹാർ ജയിൽ അധികൃതർക്ക് നോട്ടീസ് നൽകി
192.wav,എന്നാൽ അന്ന് പോലും തിമൂറിനെ കൊല്ലാനോ തിന്നാനോ ഒന്നും അമൂർ തുനിഞ്ഞില്ല
193.wav,ചില പ്രധാനപ്പെട്ട വ്യക്തികളെ രക്ഷിച്ചു കൊണ്ട് വന്നാല് പല പ്രത്യേക കഴിവുകളും നമുക്ക് ലഭിക്കും
194.wav,മത്സരിക്കാനും ഫലങ്ങൾ അവലോകനം ചെയ്യാനും റിപ്പോർട്ടുകൾ എഴുതാനും വ്യത്യസ്ത പതിപ്പുകൾ ഉപയോഗിക്കുക
195.wav,ആപ്പ് വഴി ടിക്കറ്റുകൾ ബുക്ക് ചെയ്യാനും റദ്ദാക്കാനും ട്രെയിൻ വിവരങ്ങൾ അറിയാനും സാധിക്കും
196.wav,നിലവിൽ തിരുവനന്തപുരം മെഡിക്കൽ കോളജിലായതിനാൽ നല്ല ചികിത്സ ലഭ്യമല്ലേ എന്നും വാദത്തിനിടെ ആരാഞ്ഞു
197.wav,ഗാന്ധിജി ജീവിച്ചിരിക്കുന്നില്ലെങ്കിലും അദ്ദേഹത്തിന്റെ സന്ദേശങ്ങള് എന്നും ജീവിക്കുമെന്നും ഉമാ ഭാരതി പറഞ്ഞു
198.wav,ഇവര് കവാടത്തിന് മുന്നില് എത്തുന്നതിന് തൊട്ടുമമ്പായി സ്ഥലത്തെ ഡ്യൂട്ടിനോക്കുന്ന പോലീസുകാരന്റെ ബന്ധുക്കളായ ഇരുപത്തഞ്ചംഗ സംഘത്തെ ഇതുവഴി കടത്തിവിട്ടിരുന്നു
199.wav,വ്യാപകമായി വാഴ നശിച്ച ഔസേപ്പിന് ഇത്രയും കാലമായിട്ടും സര്ക്കാരില് നിന്നുള്ള ഒരു സഹായവും കിട്ടിയുമില്ല
200.wav,ആര്ക്കും വിമര്ശിക്കാന് അവകാശമുണ്ടെങ്കിലും ശ്രീനിവാസനെതിരായ രാജീവ് രവിയുടെ വിമര്ശനം അതിരുകടന്നതാണെന്ന് വിനയന് പറഞ്ഞു
201.wav,പോര്ട്ടല് വഴി വേണം എന്നുള്ളവര്ക്ക് അങ്ങനെ തന്നെ മറുപടി ഓണ്ലൈനായി ലഭിക്കും
202.wav,വലിയ ഭരണി നിറയെ സ്വര്ണ നാണയങ്ങളും കൈയില് എടുത്ത് നില്ക്കുന്നതടക്കമുള്ള ചിത്രങ്ങളാണ് ഉണ്ടായിരുന്നത്
203.wav,ഇതിനകം ഇപ്പോൾ ഞങ്ങൾ പുതിയ കണക്ഷൻ ഓപ്ഷനുകൾ ഡിജിറ്റൽ ഉള്ളടക്കത്തിന്റെ ട്രാൻസ്മിഷൻ മോഡുകൾ സമീപനം സംസാരിക്കാൻ കഴിയുന്ന
204.wav,ഒരുക്കം സ്പുതുമ് ആൻഡ് ബ്രൊന്ഛി നിന്നും അതിന്റെ തുടർന്നുള്ള നീക്കം ലികുഎഫച്തിഒന് പ്രോത്സാഹിപ്പിക്കുന്ന
205.wav,പ്രധാനമായും പ്രഭുക്കൻമാരെയും ഉന്നതകുലജാതരെയും സംബോധന ചെയ്യാനാണ് സർദാർ എന്ന പദം ഉപയോഗിച്ചിരുന്നത്
206.wav,വെയില് സിനിമയുമായി ബന്ധപ്പെട്ട വിവാദങ്ങളില് തനിക്ക് തെറ്റ് പറ്റിയിട്ടില്ലെന്നായിരുന്നു ഷെയിന് പ്രതികരിച്ചത്
207.wav,ഗാമപഞ്ചായത്തിന് ലഭിക്കേണ്ട ടെണ്ടര് സേവിംങ്ങ് വരുമാനമാണ് ഇതോടെ നഷ്ടപ്പെട്ടതെന്ന ആക്ഷേപവും ശക്തമാണ്
208.wav,വിമാനയാത്രക്കിടയില് വച്ച് അടുത്തിരുന്നയാള് തന്നോട് മോശമായി പെരുമാറിയെന്നും ഇതേപറ്റി വിമാനയാത്രക്കാരോട് പരാതിപ്പെട്ടിരുന്നു
209.wav,എംസി ഖമറുദ്ദീന്റെ ജൂവലറി നിക്ഷേപ തട്ടിപ്പ് കേസിൽ അന്വേഷണ സംഘം ചോദ്യം ചെയത എജിസി ബഷീറായിരുന്നു ജില്ല പഞ്ചായത്ത് പ്രസിഡണ്ട്
210.wav,അല്ലാത്തപക്ഷം വരും തലമുറ ഗുരുതര പ്രതിസന്ധികളെ അഭിമുഖീകരിക്കേണ്ടിവരുമെന്ന് കോടതി നിരീക്ഷിച്ചു
211.wav,ആഫ്രിക്കൻ നേഷൻസ് കപ്പ് ഉദ്ഘാടന മത്സരത്തിന് മണിക്കൂറുകൾ മാത്രം ശേഷിക്കെ ആശങ്കയായി സിംബാവെ ടീമിന്റെ ഭീഷണി
212.wav,ഈ സ്പിൻ സൈക്കിൾ ജമ്പുകളിൽ സമയത്ത് എന്തുകൊണ്ട് വാഷിംഗ് മെഷീൻ വിശദമാക്കുന്ന ഒരു സാധാരണവും കാരണം ആണ്
213.wav,ബിജെപി സംസ്ഥാന അധ്യക്ഷനെ പ്രഖ്യാപിച്ചതിന് ശേഷമാവും അമിത് ഷായുടെ സന്ദർശനമെന്നാണ് സൂചന
214.wav,ഈ വാദം അംഗീകരിച്ചാണ് മാപ്പിളപ്പാട്ടുകളുടെ പകര്പ്പവകാശ തര്ക്കങ്ങളില് നിര്ണ്ണായകമാവുന്ന വിധി കോടതി പുറപ്പെടുവിച്ചത്
215.wav,രണ്ടിന്നിങ്സിലുമായി ഏഴ് വിക്കറ്റ് നേടിയ പേസർ കെയ്ൽ ജാമീസണാണ് ഫൈനലിലെ താരമായി തെരഞ്ഞെടുക്കപ്പെട്ടത്
216.wav,ബാല്യവും കൌമാരവും ചിലവഴിച്ച മുഹമ്മയിലെ താമരശേരിയിൽ ഇല്ലത്താണ് പി പരമേശ്വരന് അന്ത്യവിശ്രമം ഒരുക്കിയത്
217.wav,ചാവക്കാട് പുന്ന നൌഷാദ് കൊലപാതക കേസില് ഒരു എസ്ഡിപിഐ പ്രവര്ത്തകന് കൂടി പിടിയിൽ
218.wav,ഭാവിയില് കുറച്ചു സമയമെങ്കിലും ഞങ്ങള് അത് ചെയ്യാന് പോകുകയാണെന്നു പറയാന് കഴിയില്ല
219.wav,വസ്ത്രം ധരിച്ചേ പറ്റു എന്നത് ഏതോ കാലത്തെ ഫാസിസം ആയിരുന്നിരിക്കില്ലേ
220.wav,എഫ്ബിയില് പത്ത് ലക്ഷം ലൈക്കുകള് തികയ്ക്കുന്ന ആദ്യ മലയാളിയാളി താരമെന്ന പദവിയും ഇനി മോഹന്ലാലിന് സ്വന്തം
221.wav,ഒരു കോടി വരെ വിറ്റുവരവുള്ളവര് െ്രെതമാസ റിട്ടേണ് സമര്പ്പിച്ചാല് മതി
222.wav,പുരോഗമനമായ നടപടികളിലൂടെയാണ് ശ്രീ ചിത്തരിതിരുനാൾ ചരിത്രത്തിൽ ഇടം നേടിയതെന്ന് അദ്ദേഹം പറഞ്ഞു
223.wav,വിവിധ പദയാത്രകളിലായി എത്തിയ നൂറുകണക്കിന് പീതാംബര വേഷധാരികളാല് ശിവഗിരിക്കുന്ന് നിറഞ്ഞു
224.wav,പാർട്ടിയുടെ പുതിയ നേതാവ് സുഗയ്ക്ക് താൻ ബാറ്റൻ കൈമാറുകയാണെന്ന് ഷിൻസെ ആബെ പറഞ്ഞു
225.wav,എന്തായാലും നമ്മുടെ നാട്ടിലെ മൂഷികസേനക്കാര്ക്കും ഡിങ്കനാരാധകര്ക്കും സന്തോഷിക്കാം ലണ്ടനിലെ സായിപ്പുമാരെ ഞെട്ടിച്ചുകൊണ്ട് മൂഷിക ഭീമന്മാര് വിലസുന്നുവെന്നാണ് പുതിയ വാര്ത്ത
226.wav,പിന്നീട് സി പി ഐ ആയി മാറിയ വിഭാഗത്തില് പെട്ടവരാണ് അത് തടഞ്ഞത്
227.wav,കഴിഞ്ഞ വെള്ളിയാഴ്ചയാണ് ബ്രിട്ടന്റെ എണ്ണക്കപ്പലായ സ്റ്റെനാ ഇംപറോ ഹോർമൂസ് കടലിടുക്കിൽ വെച്ച് ഇറാൻ പിടിച്ചെടുത്തത്
228.wav,ഈ പുതിയ നിയമം മുസ്ലീം സ്ത്രീകളക്കു കൂടുതല് ദുരിതങ്ങളിലേയ്ക്കു നയിക്കുവാനേ ഉപകരിച്ചുള്ളു എന്നതാണ് വസ്തുത
229.wav,അതുകൊണ്ട് ആ ബാറ്റൺ നിങ്ങളുടെ കയ്യിൽ ഉണ്ടെങ്കിൽ നമ്മൾ പുറത്തു പോകണം
230.wav,സാധാരണക്കാരായ ജനങ്ങളുടെ മേല് കുതിര കയറാന് അധികാര ശക്തികള് തെല്ലെങ്കിലും ഭയപ്പെടുന്നുണ്ടെങ്കില് അത് ഈ സംഘശക്തി ഒന്നുകൊണ്ട് മാത്രമാണ്
231.wav,പീഡനത്തിന്റെ ദൃശ്യങ്ങള് സോഷ്യല് മീഡിയ വഴി പ്രചരിപ്പിക്കുമെന്നും പ്രതികള് പെണ്കുട്ടിയെ ഭീഷണിപ്പെടുത്തിയിരുന്നു
232.wav,റുപേ ഡെബിറ്റ് കാർഡും യുപിഐയും ജനപ്രിയമാക്കുന്നതിനുള്ള പ്രചാരണവും ബാങ്കുകൾ ആരംഭിക്കുമെന്ന് മന്ത്രി പറഞ്ഞു
233.wav,ഈ നാല് രാജ്യങ്ങളില് നിന്ന് യാത്ര ചെയ്യാന് ആഗ്രഹിക്കുന്ന ഖത്തര് റസിഡന്റ് പെര്മിറ്റുള്ളവരെ ഇനി പോകാനനുവദിക്കില്ല
234.wav,ആളുകളെ തെരഞ്ഞു പിടിച്ച് മര്ദ്ദിച്ചും വാഹനങ്ങള്ക്ക് തീവെച്ചുമാണ് അക്രമികള് കലാപത്തിന് കോപ്പു കൂട്ടിയത്
235.wav,കുടുംബം എന്ന ഈ കടമ്പയെ മറികടക്കാന് ശ്രമിച്ചവരായിരുന്നു വാസ്തവത്തില് ആനന്ദ് മേനോനും സുഭദ്രാമേനോനും
236.wav,കാരണം വഴിയേ പോകുന്ന തീ ഓട്ടോറിക്ഷ പിടിച്ചു തലയിലേക്ക് ഇടേണ്ട കാര്യം ഇല്ലല്ലോ
237.wav,ദേശീയ രാഷ്ട്രീയത്തില് കോണ്ഗ്രസിന്റെ പടലപ്പിണക്കങ്ങളും നേതാക്കള് തമ്മിലുള്ള അവിശ്വാസവും പരാമര്ശിച്ചുകൊണ്ടാണ് അദ്ദേഹം മറുപടി ആരംഭിച്ചത്
238.wav,മിസൈല് ഭാഗങ്ങള് ജനവാസ കേന്ദ്രങ്ങിലാണ് ചിതറിയതെങ്കിലും ആളപായമോ നാശനഷ്ടമോ റിപ്പോര്ട്ട് ചെയ്തിട്ടില്ല
239.wav,മുഖ്യമന്ത്രിയുടെ ഓഫീസുമായി ബന്ധപ്പെട്ട സ്വര്ണക്കടത്ത് കേസില് ഒരു ന്യായാധിപന്റെ അടുത്ത ബന്ധുവിന്റെ പങ്കും എന്ഐഎ അന്വേഷിക്കുന്നുണ്ട്
240.wav,നീല നീല മിഴികളോ എന്നു തുടങ്ങുന്ന ഗാനം വിജയ് യേശുദാസാണ് ആലപിച്ചിരിക്കുന്നത്
241.wav,മൂക്കും വായും മാസ്ക് കൊണ്ട് കൃത്യമായി മറച്ച് കുട്ടികളെ സൈക്കിൾ ചവിട്ടാൻ വിടാം
242.wav,ലക്ഷദ്വീപ് അഡ്മിനിസ്ട്രേറ്റര് സ്ഥാനത്ത് നിന്ന് പ്രഫുല് പട്ടേലിനെ മാറ്റണമെന്ന് ആവശ്യപ്പെട്ടുള്ള പ്രതിഷേധസമരങ്ങള്ക്ക് പിന്തുണയുമായി വിദ്യാര്ഥി സംഘടനകളായ എസ്എഫ്ഐയും കെഎസ്
243.wav,പാലക്കാടും കോഴിക്കോടും ഇടുക്കിയിലുമായി മൂന്ന് കോളം എന്ജീനിയറിംഗ് വിഭാഗത്തിലെ സൈനികര് പ്രവര്ത്തിക്കുന്നുണ്ട്
244.wav,സുഷമയുടെ പ്രചാരണത്തിന് എല്ലാ സഹായവും നല്കി ബെല്ലാരിയിലെ റെഡ്ഡി സഹോദരന്മാരെ കൂടെ നിന്നു
245.wav,പിറ്റേന്നു തന്നെ ഡിസ്ചാര്ജ് വാങ്ങി നാടന് ചികിത്സ തുടങ്ങിയെങ്കിലും അവസ്ഥ ഗുരുതരമായതോടെ ചെറുപുഴയിലെ സ്വകാര്യ ആശുപത്രിയിലെത്തിച്ചു
246.wav,ഇന്ഷുറന്സ് കമ്പനികള് ഇത് ഗൌവരത്തോടെയാണ് എടുത്തതെങ്കിലും ഇന്ഷുറന്സ് റെഗുലേറ്ററി ഡെവലപ്മെന്റ് അതോറിറ്റി ഓഫ് ഇന്ത്യ ഇത് നിര്ബന്ധമാക്കിയിട്ടില്ല
247.wav,അതേസമയം കഴിഞ്ഞ മൂന്ന് സീസണുകളിലായി ഗംഭീര പ്രകടനം നടത്തുന്ന രാഹുലിനെ വീഴ്ത്തുകയാണ് മുംബൈയുടെ ഗെയിം പ്ലാനെന്ന് ഇതോടെ വ്യക്തമായിരിക്കുകയാണ്
248.wav,ഇന്നലെ തിരുവനന്തപുര െത്തത്തിയ കേന്ദ്ര അഡീഷണല് സെക്രട്ടറി റാങ്കിലുള്ള ദേശീയ വനിത കമ്മീഷന് അംഗം സുഷമാ സാഹുവിനെയാണ് അപമാനിച്ചത്
249.wav,മെഡിക്കല് കോളജിലേക്ക് മാറ്റാന് ശ്രമിച്ചുവെങ്കിലും രക്തസമ്മര്ദ്ദത്തിലുണ്ടായ വ്യതിയാനം മൂലം ശ്രമം ഉപേക്ഷിക്കുകയായിരുന്നു
250.wav,കൂടെ അഭിനയിക്കുന്നവർക്ക് കോ ആക്ടറിന്റെ മോറൽ സപ്പോർട്ട് ഉണ്ടെങ്കിൽ മാത്രമേ ആ ക്യാരക്ടർ നന്നാക്കാൻ കഴിയു
251.wav,താനിപ്പോൾ രഞ്ജിത്തിന്റെ കമ്പനിക്ക് വേണ്ടി മറ്റൊരു സിനിമ ചെയ്തുകൊണ്ടിരിക്കുകയാണെന്നും അദ്ദേഹം വ്യക്തമാക്കി
252.wav,വള്ളങ്ങൾ ഇങ്ങനെ മറിയുന്നതിനാൽ കഠിനംകുളം കായലിൽ വള്ളമിറക്കി തെക്കോട്ടു സഞ്ചരിച്ച് പൊഴി വഴി കടലിൽ ഇറക്കുകയാണ് ചെയുന്നത്
253.wav,സർക്കാരിനെ പുകഴ്ത്തുന്ന സിനിമകൾക്ക് മാത്രം അനുമതി ലഭിക്കുന്ന കാലമാണ് വരാനിരിക്കുന്നതെന്നാണ് ബിജെപിയേയും കേന്ദ്രത്തേയും കളിയാക്കി ചിദംബരം പറഞ്ഞത്
254.wav,അതേസമയം ലോക്ക്ഡൌണ് നിയന്ത്രണങ്ങളെക്കുറിച്ച് ചര്ച്ച ചെയ്യാനായി ഇന്ന് മുഖ്യമന്ത്രി പിണറായി വിജയന്റെ നേതൃത്വത്തില് ഉന്നതതല യോഗം ചേരും
255.wav,കഴിവുണ്ടായിട്ടും അത് ലോകത്തിന് മുൻപിൽ അവതരിപ്പിക്കാൻ സാധിക്കാതെ പോയ ഒട്ടേറെ കലാകാരന്മാരെ വളർത്തുന്ന
256.wav,ശരീരത്തിലുണ്ടാകുന്ന വേദനകൾക്കും നീർക്കെട്ടിനും ഈ എണ്ണ മരുന്ന് കൂട്ട് ഫലപ്രദമാണ്
257.wav,ഈ നിലയില് കാര്യങ്ങള് കൈവിട്ടു പോകുന്ന അവസ്ഥയിലേക്ക് കാര്യങ്ങള് എത്തിയെന്ന് മുഖ്യമന്ത്രി കൂട്ടിച്ചേര്ത്തു
258.wav,തെരഞ്ഞെടുപ്പ് ഫലം പുറത്തുവരും മുന്പ് തന്നെ പാര്ട്ടിയിലുണ്ടായ പൊട്ടിത്തെറി സിപിഎം നേതൃത്വത്തെ ഞെട്ടിച്ചിരിക്കുകയാണ്
259.wav,അസമില് പ്രതിഷേധം ശക്തമാകുന്ന സാഹചര്യത്തില് തലസ്ഥാനമായ ഗുഹാഹട്ടിയിലടക്കം ഇന്റര്നെറ്റ് സേവനം റദ്ദ് ചെയ്തിരിക്കുകയാണ്
260.wav,ഏകദിന ക്രിക്കറ്റിൽ വിക്കറ്റ് കീപ്പർമാരിൽ ഏറ്റവുമധികം പേരെ പുറത്താക്കിയ റെക്കോർഡ് ഇദ്ദേഹത്തിന്റെ പേരിലാണ്
261.wav,ജനറല് ആശുപത്രിയില് ഉപകരണങ്ങള് കേടായാല് നന്നാക്കാനുള്ള യാതൊരു നടപടിയും ഉണ്ടാകാറില്ലെന്നു പരാതികള് ഉയര്ന്നിട്ടുണ്ട്
262.wav,പാക്കിസ്ഥാനെ അനുകൂലിച്ച് മുദ്രാവാക്യം വിളിച്ച് പ്രകടനമായെത്തിയ എല്ലാവേരുയും നിയമത്തിന് മുന്നിൽ കൊണ്ടുവരണമെന്നായിരുന്നു വിഎച്ച്പിയുടെ നിലപാട്
263.wav,പിടിയിലുളളത് ഡമ്മി പ്രതികളല്ലെന്ന് ഡിജിപി ജനങ്ങള്ക്ക് മുന്നില് തെളിയിക്കണമെന്നും സുധാകരന് ആവശ്യപ്പെട്ടു
264.wav,മെഡിക്കൽ ബോർഡ് രൂപവത്കരിക്കാനുള്ള അനുമതിക്കായി വിജിലൻസ് സംഘം കോടതിയിൽ അപേക്ഷ നൽകി
265.wav,മമ്മൂട്ടിയുടെ അമ്മായി അപ്പനായി വരാനുള്ള യോഗവും ലാലു അലക്സിനുണ്ടായി എന്നു പറഞ്ഞാല് മതിയല്ലോ
266.wav,കോഴിക്കോട് മെഡിക്കല് കോളേജില് നിന്നുള്ള പ്രത്യേക മെഡിക്കല് സംഘത്തെ നിയോഗിച്ച് ചികിത്സ നല്കുന്നു
267.wav,പയ്യപ്പാടി സ്വദേശി സന്തോഷിന്റെ മൃതദേഹമാണെന്ന് കണ്ടെത്തിയ പൊലീസ് കേസിന്റ ചുരുളഴിച്ചത് വളരെ വേഗത്തിലായിരുന്നു
268.wav,ഓള് റൌണ്ടര് ഷെയ്ന് വാട്സന് ഉള്പ്പെടെയുള്ളവരുടെ സ്ലെഡ്ജിങ്ങില് പ്രകോപിതനായ ഗംഭീര് പരിധി വിട്ടു
269.wav,കൂടുതൽ ഉന്നത ഉദ്യോഗസ്ഥരെയും ആയുധധാരികളായ പ്രത്യേക സംഘത്തെയും സന്നിധാനത്ത് വിന്യസിക്കാനാണ് പൊലീസ് തീരുമാനം
270.wav,റഷ്യൻ അക്കാഡമി ഓഫ് ആസ്ട്രോഫിസിക്സിൽ ഹൈ എനർജി ആസ്ട്രോഫിസിക്സ് ഡിപ്പാർട്ട്മെന്റിൽ ഇദ്ദേഹം മേധാവിയായിരുന്നു
271.wav,ഇന്ത്യക്കെതിരായ നാണംകെട്ട തോല്വിക്ക് പിന്നാലെ ഓസീസ് ടെസ്റ്റ് ടീമില് നിന്ന് സൂപ്പര് താരം പുറത്ത്
272.wav,രോഗകാരണം നിപാ വൈറസ് തന്നെയാണോയെന്ന് സ്ഥിരീകരിച്ചില്ലെങ്കിലും സാധ്യത അതു തന്നെയാണെന്നാണ് വിദഗ്ധര് ചൂണ്ടിക്കാട്ടുന്നത്
273.wav,ആഴ്ച്ചകള്ക്ക് മുന്പ് എയ്ഞ്ചല് ഡി മരിയയും സമാനമായ രീതിയില് ഗോള് നേടിയിരുന്നു
274.wav,സ്റ്റാഫ് റൂമിൽ നീരാജയോട് യാത്ര പറഞ്ഞിറങ്ങാൻ നേരം ഫോൺ വീണ്ടും ബെല്ലടിച്ചു
275.wav,ബാലാമണി അമ്മ ഇംഗ്ലീഷും സംസ്കൃതവും സ്വന്തമായി പഠിച്ചു സ്വന്തം കവിതകള് ആ ഭാഷകളിലേക്ക് വിവര്ത്തനം ചെയ്ത അനുഗ്രഹീത കവയിത്രി ആണ്
276.wav,കേരളീയ പൊതു സമൂഹം മലയാള പത്രമാധ്യമങ്ങളിലെ കാര്ട്ടൂണ് വരകളെ പരമാവധി ആസ്വദിച്ചിരുന്നു ഒരു ഘട്ടം വരെയും
277.wav,അഡനോവൈറസ് അടിസ്ഥാനമാക്കിയുള്ള വാക്സീനാണ് ഗമലെയയില് വികസിപ്പിച്ചതെന്ന് നാഷനല് റിസര്ച് സെന്റര് തലവന് അലക്സാണ്ടര് ഗിന്റ്സ്ബര്ഗ് പറയുന്നത്
278.wav,തിരഞ്ഞെടുപ്പ് കഴിയും വരെ പിടിച്ച് നില്ക്കാനുള്ള തന്ത്രമാണിതെന്നും അതിന് ശേഷം ഈ ആനുകൂല്യം ഇല്ലാതാക്കാനാണ് ശ്രമമെന്നും ജീവനക്കാര് ആരോപിക്കുന്നു
279.wav,പത്മനാഭന്റെ വേർപാട് അറിഞ്ഞതോടെ ഭക്തരും ആനപ്രേമികളും പൊതുജനങ്ങളുമായി ആയിരങ്ങൾ ആനക്കോട്ടയിലേക്ക് ഒഴുകിയെത്തി
280.wav,ഒരു വിദ്യാര്ത്ഥി സംഘടന എന്ന നിലയില് മറ്റുള്ളവരെ പോലെ പ്രതിഷേധിക്കാനും അഭിപ്രായം പറയാനുമുള്ള സ്വാതന്ത്ര്യം എബിവിപിക്കുമുണ്ട്
281.wav,മുഴുവന് ബാറുടമകളുടെയും പിന്തുണ നേടാന് ജനറല് ബോഡി വിളിക്കാനും യോഗം തീരുമാനിച്ചു
282.wav,ചോദ്യങ്ങള്ക്കും തന്റെ ഉള്ളിലെ ഡാറ്റ അനുസരിച്ച് പ്രോസസ്സ് ചെയ്ത് ആ യന്ത്രം പ്രതികരിക്കുന്നു
283.wav,ആ പാർട്ടിയുടെ നേതാക്കളിൽ നിന്ന് ദേശസ്നേഹം പഠിക്കേണ്ട ഗതികേട് ആർഎസ്എസിനും ബിജെപിക്കുമില്ല
284.wav,മൂന്ന് മാസം പിന്നിട്ടിട്ടും വിവരമൊന്നും കണ്ടെത്താന് കഴിയാത്ത സാഹചര്യത്തില് ചോദ്യം ചെയ്യല് ഊര്ജ്ജിതമാക്കും
285.wav,എന്നാല് യുദ്ധകാലത്ത് രാജ്യത്തെ രക്ഷിക്കാന് ചാവേറാക്രമണമാകാമെന്നാണ് ഇസ്ലാമിക പണ്ഡിതര് പറയുന്നത്
286.wav,പെരുന്നാള് കഴിയുന്നതോടെ വീണ്ടും ഓട നിര്മാണത്തിനായി ഈ കുഴി തെളിക്കേണ്ടിയും വരും
287.wav,വീടിന്റെ അകത്തളങ്ങളിൽ ഇരുന്ന് ദൈവം തനിക്ക് ഒരു കഴിവു പോലും തന്നില്ലല്ലോ എന്ന് പലപ്പോഴും ചിന്തിക്കുമായിരുന്നു
288.wav,ഒരു സിനിമ ഹിറ്റായിക്കഴിയുമ്ബോള് താന് ആണ് സിനിമയുടെ എല്ലാം എന്ന് കരുതുന്നത് ശരിയായ കാര്യമല്ല
289.wav,അതുകൊണ്ടു തന്നെ ധോണിക്കു കീഴില് സിഎസ്കെയ്ക്കു വേണ്ടി കളിക്കാന് ആഗ്രഹിക്കാത്ത താരങ്ങളുണ്ടാവില്ല
290.wav,പരസ്യങ്ങള് ഇല്ലാതെയുളള വീഡിയോ അനുഭവം ഉപയോക്താക്കള്ക്കു നല്കുകയാണ് യൂട്യൂബ് പ്രീമിയം ചെയ്യുക
291.wav,ഇങ്ങനെ രണ്ടു സ്ഥാപനങ്ങളില് പ്രവര്ത്തിക്കുന്ന ഡോക്ടര്മാരെ ആദ്യത്തെ സ്ഥാപനത്തില് മാത്രമേ സ്ഥിരം ജീവനക്കാരനായി പരിഗണിക്കൂ
292.wav,പ്രാവച്ചമ്പലം സ്വദേശിയായ ഇയാളാണു കത്തി ഉപയോഗിച്ചു മാംസം അറുത്തെടുത്തതെന്ന് പിടിയിലായവര് പൊലീസിനു മൊഴി നല്കി
293.wav,കെട്ടിടം തകരുന്ന ശബ്ദം കേട്ട് സമീപവാസികളെത്തി ഫയര്ഫോഴ്സിനെയും പോലീസിനെയും വിവരമറിയിച്ചു
294.wav,ക്രിസ്മസ് തലേന്ന് കപ്പി കാച്ചി കള്ള് ചേർത്തു വെള്ളയപ്പത്തിനു കുഴച്ചു വെയ്ക്കും
295.wav,മൊത്തത്തിലുള്ള ശരീരഭാരത്തിൽ നിന്ന് കുറച്ചു കിലോ എടുത്തു മാറ്റാനായി പല വിദ്യകളും മാറിമാറി പരീക്ഷിക്കുന്നവരാണ് മിക്ക ആളുകളും
296.wav,അതേസമയം പിണറായി വിജയന് നയിക്കുന്ന സിപിഐഎമ്മിന്റെ നവകേരള മാര്ച്ചിന് ഇന്ന് കാസര്കോട് തുടക്കമാകും
297.wav,അഴിമതി ആരോപണം ഇത്രയും വഷളാകാന് കാരണം മന്മോഹന് സിംഗിന് പറ്റിയ വീഴ്ചയാണ്
298.wav,സമരം ചെയ്യുന്ന കന്യാസ്ത്രീകൾ സഭാവസ്ത്രം ഉപേക്ഷിക്കണമെന്നും മഠം വിട്ട് പോകണമെന്നും ജോർജ് പറഞ്ഞു
299.wav,അനധിക്യത മരമുറി ശ്രദ്ധയില്പ്പെട്ട ഉടനെ ഡിഎഫ്ഒ ഉള്പ്പടെയുള്ള ഉദ്യോഗസ്ഥരെ അറിയിച്ചെങ്കിലും സംഭവം നടന്നദിവസം ഉച്ചക്കഴിഞ്ഞാണ് സ്ഥലം സന്ദര്ശിക്കാനെങ്കിലും ഇവര് തയ്യാറായത്
300.wav,സൌദി സിവില് ഏവിയേഷന് അതോറിറ്റിയുടെ അന്തിമ അനുമതി ലഭിച്ചാല് വിമാന യാത്ര ഷെഡ്യൂള് പ്രസിദ്ധീകരിക്കും
301.wav,പഠനശേഷം അവിടെ തന്നെയുള്ള യൂണിവേഴ്സൽ ഹീറ്റ് എക്സ്ചേഞ്ചേഴ്സ് എന്ന ഫാക്ടറിയിൽ ജോലിയും ലഭിച്ചു
302.wav,ചെണ്ടയില് കൈകൊണ്ടും കോലുകൊണ്ടും കേള്പ്പിക്കുന്ന ശബ്ദങ്ങളുടെ വായ്ത്താരി പുസ്തകമാവുന്നതിലൂടെ വാമൊഴിയായി നിലനിന്നിരുന്ന ഒരു തനതു കലാരൂപം വരമൊഴിയായി സംരക്ഷിക്കപ്പെടുകയാണ്
303.wav,സംഘ ശക്തി എന്ന് പേരുള്ള കെട്ടിടം തുറന്ന് പൊലീസ് സംഘം പരിശോധന നടത്തി
304.wav,വിശുദ്ധ റമദാന് ഉള്പ്പെടെ പുണ്യകാലത്ത് കൂടുതല് നന്മ വളര്ത്താനും പൊതുസമൂഹത്തിനു വിഷമങ്ങള് വരുത്താതിരിക്കാനും ശ്രദ്ധിക്കണം
305.wav,അവരുടെ ക്ലാസിഫൈഡ് പരസ്യങ്ങൾ പ്രയോജനപ്പെടുത്തുന്നതിന് റോളർ സ്പോർട്സ് വ്യാപാര പ്രസിദ്ധീകരണങ്ങളിലേക്ക് സബ്സ്ക്രൈബ് ചെയ്യുക
306.wav,ഓഫീസര്മാര് പൊതുവെ നഗരങ്ങളില്നിന്നും ജവാന്മാര് ഗ്രാമ പ്രദേശങ്ങളില്നിന്നും ഉള്ളവരാണെന്ന് കേന്ദ്ര സര്ക്കാര് പറഞ്ഞു
307.wav,രാവിലെ മുതല് വൈകുന്നേരം വരെ ഒരു മടിയുമില്ലാതെ വെയിലത്ത് പണിയെടുക്കാന് സാഗര് കാണിക്കുന്ന ഉത്സാഹം മറ്റുള്ളവര്ക്കും പ്രചോദനമാണ്
308.wav,അട്ടപ്പാടി എങ്ങും പോകില്ലെന്നും കോവിഡ് കഴിയട്ടേ എന്നും നാട്ടുകാര് പറയുന്നു
309.wav,പിത്തസഞ്ചി ലെ ശാസ്ത്രം തന്നെ കണ്ടെത്തൽ മേൽ ഭക്ഷണത്തിൽ പരിപാടികൾ ബൾക്ക് ഫാറ്റി ഭക്ഷണങ്ങൾ ഉപഭോഗം തുക കുറയ്ക്കുകയും ആവശ്യമാണ്
310.wav,ഇതു പ്രകാരം നിലവില് നിശ്ചയിച്ച അഞ്ച് സിഗ്നല് ലൈറ്റിന് പുറമെ ഈ ഭാഗത്ത് ഒരു സിഗ്നല് ലൈറ്റ് കൂടി സ്ഥാപിക്കും
311.wav,ലോക നേതാക്കള് രാജ്യം സന്ദര്ശിക്കുമ്പോള് പാലിക്കാറുള്ള സ്വാഭാവിക പ്രോട്ടോക്കോള് നടപടികള് പാലിച്ചിട്ടുണ്ടെന്നും സര്ക്കാര് വൃത്തങ്ങള് പറയുന്നു
312.wav,തുടർച്ചയായ ഹിറ്റുകളിലൂടെ മലയാളി സിനിമയിലെ ഭാഗ്യ നായിക എന്ന പേര് നേടിയ നടിയാണ് നിക്കി ഗൽറാണി
313.wav,ഏഥന്സില് വച്ചാണ് വിശുദ്ധന് വിശുദ്ധ ബേസിലുമായി തന്റെ കേള്വികേട്ട സുഹൃത്ബന്ധം തുടങ്ങിയത്
314.wav,ഇന്ത്യയുടെ പ്രധാനമന്ത്രി പദം വരെ എത്താന് സോണിയക്ക് സമ്മത സൂചകമായ ഒരു മൂളല് മാത്രം മതിയായിരുന്നു
315.wav,ജോലി ചെയ്തിരുന്ന വീട്ടിലെ ഉടമസ്ഥനിൽ നിന്നും കൊടിയ പീഡനങ്ങളാണ് ഈ യുവാവിന് നേരിട്ടത്
316.wav,ഒറ്റമുറിയിലിരുന്നു ടൈപ്പ്റൈറ്ററില് ലേഖനങ്ങള് എഴുതിക്കൂട്ടുകയും പത്രമോഫീസുകള് തോറും കൊണ്ട് കൊടുക്കുകയും ചെയ്യുന്ന പണി തുടര്ന്നു
317.wav,കാവലുണ്ടായിരുന്ന പോലീസുകാരുടെ കൈയ്യില് ചോദ്യം ചെയ്യലിന് ഹാജരാവാനുള്ള നോട്ടീസ് നല്കി സംഘം മടങ്ങുകയായിരുന്നു
318.wav,അതേ വർഷം അദ്ദേഹം ചരിത്രപരമായ സയൻസ് സ്ഥാനാർത്ഥി ശീർഷകം നൽകി അതുപോലെ വി സഭായോഗം സ്റ്റേറ്റ് ഡ്യൂമ വീണ്ടും തിരഞ്ഞെടുക്കപ്പെട്ടു
319.wav,നവംബര് ഒന്ന് മുതല് നിലവില് വരുന്ന പുതിയ പാചകവാതക നയവും അദ്ദേഹം പ്രഖ്യാപിച്ചു
320.wav,മുടി നിറം കൊണ്ട് നിറയുന്ന ഒരു ഇലാസ്റ്റിക് ബാൻഡ് ഉപയോഗിച്ച് ഒരു വാൽ ഉണ്ടാക്കുക
321.wav,കവറിലൂടെ വെടിയുണ്ട കണക്കെയായിരുന്നു പൃഥ്വിയുടെ ബാറ്റില് നിന്നും പന്ത് ബൌണ്ടറി ലൈന് കടന്നത്
322.wav,മാർക്കിന്റെ അനുയായികൾ അവിടം സ്മാരകമാക്കുമെന്നും രൂപതയുടെ കയ്യിൽ നിന്നും ആ വസ്തു കൈവിട്ടുപോകുമെന്നും ഇവർ രൂപതാ നേതൃത്വത്തെ അറിയിച്ചത്
323.wav,കഴിഞ്ഞദിവസം നടന്ന ഇന്ത്യന് സൂപ്പര് ലീഗ് മത്സരത്തില് പുനെയ്ക്ക് എതിരെ നോര്ത്ത് ഈസ്റ്റിന് വിജയം
324.wav,എലി പിടിക്കുന്ന പൂച്ചയായാലും കലം ഉടച്ചു തുടങ്ങിയാല് അതിനെ വെച്ചു വാഴിക്കുന്നതിലര്ഥമില്ലെന്നു കണ്ണൂര് കമ്മ്യൂണിസ്റ്റുകാര് തെളിയിച്ചിരിക്കുന്നു
325.wav,കുറച്ചുദിവസം ബന്ധുവീടുകളിലൊക്കെ കറങ്ങി ഈപ്പന്റെ മാമ്മോദീസയുടെ തലേന്ന് വൈകുന്നേരം അപ്പൻ തിരിച്ചെത്തി
326.wav,പ്രതികളെ ഇന്നു മജിസ്ട്രേട്ടിനു മുന്നിൽ ഹാജരാക്കുമെന്നു സേലം എസിപി ഭൂപതി രാജൻ പറഞ്ഞു
327.wav,ആ വാക്കു വച്ച് ഇതാ ഒരു ചലച്ചിത്ര ഗാനമായി തന്നെ എത്തിയിരിക്കുന്നു
328.wav,താലിബാന് പിടിച്ചെടുത്ത് അഫ്ഗാനിസ്ഥാനില് നിന്നും പാഠം പഠിച്ചുകൊണ്ട് ജമ്മികശ്മീരിലെ പ്രതിസന്ധികള് ഉടന് പരിഹരിക്കണമെന്നും മുഫ്തി പറഞ്ഞു
329.wav,ഓരോ ബ്ലോക്കില് ചെല്ലുമ്പോഴും പ്രവര്ത്തകരുടേയും സമൂഹത്തിന്റെ മറ്റ് തുറകളിലുള്ളവരുടേയും ഭാഗത്തുനിന്ന് വലിയ രീതിയിലുള്ള പിന്തുണയാണ് ലഭിച്ചത്
330.wav,സിന്ഡിക്കേറ്റില് പൊതുമണ്ഡലങ്ങളില് നിന്നുള്ള ആറു അംഗങ്ങളെക്കൂടി ഉള്പ്പെടുത്താനുള്ള നിയമഭേദഗതി ഓര്ഡിനന്സ് സര്ക്കാര് ഗവര്ണറുടെ അംഗീകാരത്തിനായി അയച്ചു
331.wav,എന്നും ഇടതു പക്ഷത്തോടൊപ്പം ജനങ്ങള് നിന്നത് പൂര്ണ്ണമായും അവരുടെ പ്രശ്നങ്ങള് പരിഹരിക്കാന് കഴിയുമെന്ന പ്രത്യാശയോടെയാണ്
332.wav,രാജ്യത്തെ നികുതിദായകരെ പിഴിഞ്ഞ് ഇത്രയേറെ വലിയൊരു ബാധ്യത ഇനിയും സർക്കാർ കൊണ്ടുനടക്കേണ്ടതില്ലെന്ന കണ്ടെത്തലിലാണ് ഇത്തരമൊരു നിർദേശം നീതി ആയോഗ് നൽകിയത്
333.wav,പ്രാദേശിക ഷെഫ് പഴയ റഷ്യൻ ഭക്ഷണവിഭവങ്ങൾ റഷ്യൻ എന്ന പാചക ഉപയോഗിച്ച് യഥാർത്ഥ പാചക മരുമക്കളും സൃഷ്ടിക്കുന്നു
334.wav,ഇവാൻ നികൊലെവിഛ് ക്രമ്സ്കൊയ് പ്രചോദനം ഒരു വലിയ റഷ്യൻ കലാകാരനായ ആയിരുന്നു വാൻഡേഴ്സ് ഒഴുക്കിനെ സംഘടിപ്പിച്ച
335.wav,സിറിയൂര് ആനകട്ടി മേഖലയില് ഗേറ്റ് സ്ഥാപിച്ച് വികസനസമിതിയുടെ നിയന്ത്രണത്തിലാക്കിയാല് അത് വന്യജീവികളുടെ സ്വൈര സഞ്ചാരത്തിനും തടസ്സം സൃഷ്ടിക്കുമെന്ന് ആശങ്കയുണ്ട്
336.wav,വളരെ വൈകിയാണ് ക്യാമ്പസിലെ അതിക്രമത്തില് യൂണിവേഴ്സിറ്റി അഡ്മിനിസ്ട്രേഷന് പ്രതികരിച്ചിരിക്കുന്നത് എന്നത് ശ്രദ്ധേയമാണ്
337.wav,പുരോഹിതന്റെ പെരുമാറ്റം തനിക്ക് മാനസിക പ്രശ്്നം ഉണ്ടാക്കിയെന്ന യുവതി വെളിപ്പെടുത്തിയതോടെയാണ് പുരോഹിതനെ ഫെഡറല് ജയിലിലടക്കാന് കോടതി ഉത്തരവിട്ടത്
338.wav,ലാലിന്റെ ബ്ലാഗിലൂടെ നേരുന്നു ശുഭയാത്രകള് എന്നതിലാണ് സമൂഹം നേരിടുന്ന പൊതു പ്രശ്നത്തെക്കുറിച്ച് എഴുതിയിരിക്കുന്നത്
339.wav,കാക്കിക്കുള്ളിലെ ഗായകനെ തന്റെ ട്വീറ്റിലൂടെ ആരാധകർക്ക് പരിചയപ്പെടുത്തുകയാണ് സാക്ഷാൽ അദ്നാൻ സമി
340.wav,ശരീരത്തിലെ പ്രത്യേക ഭാഗങ്ങളിൽനിന്ന് അശുദ്ധ രക്തം വലിച്ചെടുത്ത് പുറത്ത് കളയുന്ന ചികിത്സയാണ് ഹിജാമ അഥവ കപ്പിങ് എന്ന പേരിലറിയപ്പെടുന്നത്
341.wav,പ്ലാന്റേഷൻ മേഖലകളിലെ ഭൂമി കൈയേറിയ മുതലാളിമാരോട് സർക്കാർ ഉദാര സമീപനം സ്വീകരിക്കുകയും ഭൂമിയില്ലാത്ത ജനങ്ങളോട് വഞ്ചനാപരമായ നിലപാടുമാണ് സർക്കാർ സ്വീകരിക്കുന്നത്
342.wav,ഇയാള് ധരിച്ച ഓവര് കോട്ടിന്റെ കീശയില് സൂക്ഷിച്ച നിലയിലായിരുന്നു അത്യുഗ്രശേഷിയുള്ള ഈ വെടിയുണ്ടകള്
343.wav,ബലാത്സംഗ കേസിനൊപ്പം പെണ്കുട്ടിയുടെ പിതാവ് കസ്റ്റഡിയില് മരിച്ച സംഭവവും സിബിഐ അന്വേഷിക്കും
344.wav,ഒരായുഷ്കാലത്തെ മുഴുവൻ അധ്വാനവും പഠനവും ഗവേഷണവും ഇതിന്റെ പിന്നിലുണ്ടെന്നതു വ്യക്തമാണ്
345.wav,ഉന്നതരുമായി സൌഹൃദം സ്ഥാപിച്ചാണ് അരുണ് മുഖ്യമന്ത്രിയുടെ ഐടി ഫെല്ലോ എന്ന പദവിയിലേക്ക് എത്തപ്പെടുന്നത്
346.wav,പാകിസ്താനില് ഇന്ത്യന് ചാരനെ പിടികൂടിയതായ ആരോപണം യൂറോപ്യന് യൂണിയന് ഉള്പ്പെടെയുള്ള അന്താരാഷ്ട്ര വേദികളില് ഉയര്ത്താനാണ് പാകിസ്താന് നീക്കം നടത്തുന്നത്
347.wav,സെറ്റിനുവേണ്ടി തൊടുപുഴയിലെ കുടയത്തൂരിൽ സർക്കാർ സംരക്ഷിത പച്ചത്തുരുത്ത് കൈയ്യേറിയെന്ന ആരോപണവുമായി ഹരിത മിഷൻ പ്രവർത്തകർ രംഗത്തെത്തി
348.wav,എട്ടുപേർക്കിരുന്നു ഭക്ഷണം കഴിക്കാൻ പാകത്തിൽ ഒരുക്കിയ ഊണുമേശയും കസേരകളും ജിഐ ഫ്രയിമിൽ നിർമിച്ചു പെയിന്റ് ഫിനിഷ് ചെയ്തെടുത്തവയാണ്
349.wav,ഇങ്ങനെ ലഭിച്ച ഭൂഭാഗം അദ്ദേഹം താന് വിവിധ സ്ഥലങ്ങളില് നിന്ന് ക്ഷണിച്ചുകൊണ്ട ുവന്ന ബ്രാഹ്മണകുടുംബങ്ങള്ക്ക് ദാനം ചെയ്തു
350.wav,കല്ക്കരിപ്പാടം അനുമതിയുമായി ബന്ധപ്പെട്ട എല്ലാ മാര്ഗനിര്ദ്ദേശങ്ങളും ഘടകങ്ങളും പരിശോധിയ്ക്കാന് തനിയ്ക്ക് കഴിയില്ലായിരുന്നു
351.wav,ഇപ്പോൾ സ്വന്തമായി കാര്യങ്ങൾ തീരുമാനിക്കാനുള്ള കരുത്ത് കൂടെ ലഭ്യമാകുന്നതോടെ വിഷയം കൂടുതൽ ഗൌരവം നിറഞ്ഞതാകും
352.wav,ഇസ്ലാഹി സെന്റർ ഓർഗനൈസിംഗ് സെക്രെട്ടറി സഅദുദ്ദീൻ സ്വലാഹി കാവന്നൂർ ചർച്ച നിയന്ത്രിച്ചു
353.wav,ഇയാളുടെ മരണത്തില് തങ്ങള്ക്ക് യാതൊരു തരത്തിലും ഉത്തരവാദിത്തമില്ലെന്ന് രജ്പുത്ര കര്ണി സേന വ്യക്തമാക്കി
354.wav,ഒമ്പത് മാസത്തോളം നീണ്ടു നിൽക്കുന്ന കപ്പലോട്ടം ലോകത്തിലെ പല തുറമുഖങ്ങൾ വഴിയും കടന്നുപോകം
355.wav,അതു കൊണ്ട് വിഷയത്തില് ആധികാരിക അഭിപ്രായം പറയേണ്ടതും മോഡേണ് മെഡിസിനില് ഉള്ളവര് തന്നെ
356.wav,പൂര്വ്വിക സ്വത്തുമായി ബന്ധപ്പെട്ട കാര്യങ്ങളില് തീരുമാനമുണ്ടാക്കാനാകും ഒരു സുഹൃത്തിനോടുള്ള തര്ക്കം പരിഹരിക്കാനുള്ള സാധ്യതയുണ്ട്
357.wav,കത്ത് വാങ്ങിയാല് എംഡി എടുക്കുന്ന ഏകപക്ഷീയമായ തീരുമാനങ്ങളെ അനുകൂലിക്കേണ്ടി വരുമെന്നാണ് യൂണിയനുകളുടെ വിലയിരുത്തല്
358.wav,പ്രൊഫസർമാർക്കും അഡ്മിഷൻ കമ്മിറ്റികളിൽനിന്നും ചോദിക്കുന്ന ഉചിതമായ ചോദ്യങ്ങളിൽ നിന്നും പ്രതീക്ഷിക്കുന്ന പൊതു ചോദ്യങ്ങൾ ഞങ്ങൾ ചർച്ചചെയ്തു
359.wav,ക്രഷര് യൂണിറ്റില് ഓഹരി പങ്കാളിത്തം വാഗ്ദാനം ചെയ്താണ് ഭൂമി തട്ടിയെടുത്തത്
360.wav,പ്രത്യേക കൊലയാളി സംഘം വീട്ടിലെത്തി ശശീന്ദ്രനെയും കുട്ടികളെയും കെട്ടിത്തൂക്കി കൊന്നുവെന്നാണു ശശീന്ദ്രന്റെ കുടുംബാംഗങ്ങളുടെ വാദം
361.wav,മണൽ കയറ്റി വന്ന ടിപ്പർ ലോറി പോലീസുകാർ സഞ്ചരിച്ച ബൈക്കിൽ ഇടിക്കുകയായിരുന്നു
362.wav,മുൻപ് മകളെ അലി എന്ന യുവാവ് തട്ടിക്കൊണ്ടുപോയെന്ന് കാട്ടി യുവതിയുടെ ബന്ധുക്കള് പരാതി നല്കിയിരുന്നുവെന്ന് പോലീസ് പറഞ്ഞു
363.wav,പ്രശ്നപരിഹാരശ്രമം തുടരുകയാണെന്നും വൈകാതെ തിരുത്തലുകള് ഉണ്ടാകുമെന്നും ജസ്റ്റിസ് കുര്യന് ജോസഫ് പറഞ്ഞു
364.wav,ട്രേഡ് യൂനിയന് സമ്മേളനം ഐ എന് ടി യു സി ജില്ലാ പ്രസിഡന്റ് കെ അപ്പു ഉദ്ഘാടനം ചെയ്തു
365.wav,തീവ്രവാദ പ്രവർത്തനങ്ങൾക്കായി ഫണ്ട് ശേഖരിച്ചെന്നാരോപിച്ച് ഏഴു നേതാക്കളെ അറസ്റ്റ് ചെയ്തതിന് പിന്നാലെയാണ് നടപടി
366.wav,കെഎസ്ഇബിയുടെ നീല ടാഗും ധരിച്ച് കറുത്ത ബുള്ളറ്റിൽ ഫോട്ടോഗ്രാഫറോടൊപ്പം കറങ്ങി ട്രാൻസ്ഫോമറുടെ ഫോട്ടോകളെടുത്തു
367.wav,മരങ്ങളുടെ തടസ്സങ്ങളൊന്നുമില്ലാതെ മകരജ്യോതി കാണാന് കഴിയുന്ന പാണ്ടിത്താവളത്ത് നിറയെ പര്ണ്ണശാലകള് ഉയര്ന്നിരുന്നു
368.wav,എന്നാല് അധികം വൈകാതെ വെബ്സൈറ്റില് നിന്നും അഭിമുഖം നീക്കം ചെയ്യുകയും ചെയ്തു
369.wav,വണ്ടി പുല്പ്പരപ്പിലൂടെ തെന്നിത്തെറിച്ച് റോഡിന് ഇടതുവശത്തുള്ള കൊ ക്കയുടെ മുകളിലൂടെ താഴേയ്ക്ക് പതിച്ചു
370.wav,നിങ്ങൾ അല്പം തോളിൽ തുറക്കുന്നതും അപ്പർ ബാക്ക് ശക്തിപ്പെടുത്തുന്നതുമായി ഈ വ്യായാമങ്ങൾ വലിച്ചെറിയാൻ പല തവണ ശ്രമിക്കാമെന്നാണ് നിങ്ങൾ കരുതുന്നത്
371.wav,മുപ്പതു മുതൽ അമ്പത് മിനിറ്റ് വരെ വ്യത്യാസപ്പെട്ടിരിക്കും ഈ വിഭവം തയാറാക്കുന്ന സമയം
372.wav,എഐഎസ്എഫിന്റെ മാതൃസംഘടനയായ മലബാര് ഐക്യ വിദ്യാര്ഥി സംഘടനയുടെ നാട്ടിക മേഖല സെക്രട്ടറിയായിരുന്നു
373.wav,തമിഴ് മഹാകവിയും സാമൂഹ്യപ്രവര്ത്തകനുമായ സുബ്രഹ്മണ്യ ഭാരതിയായി കമല് വെള്ളിത്തിരയില് എത്തുമോ എന്ന ആകാംക്ഷയിലാണ് സിനിമാ ലോകം
374.wav,ഡൽഹിയിലെ പ്രാദേശിക വിഷയങ്ങളിൽ തുടങ്ങിയ പ്രചാരണം പൌരത്വ നിയമ ഭേദഗതിക്കെതിരായ സമരങ്ങളിൽ വരെ എത്തി നിന്നു
375.wav,ജനരക്ഷാ യാത്രയില് നിന്നും അമിത് ഷാ പെട്ടെന്നു ഡല്ഹിയിലേക്ക് മടങ്ങിയ കാര്യത്തെക്കുറിച്ചും കണ്ണന്താനം പ്രതികരണം നടത്തി
376.wav,നടപടികള് വേണ്ടിവന്നാല് ഇരുപക്ഷത്തും എന്ന വാദങ്ങള് വന്നതോടെ പാണക്കാട് കുടുംബത്തിലെ ഏതംഗത്തിനെതിരേയുള്ള നടപടിയും തങ്ങള്ക്കെതിരേയുള്ളതുതന്നെ എന്ന വാദവും ഉയര്ന്നു
377.wav,പകരക്കാരനായി ഇടംകൈയന് പേസര് ബ്യുറെന് ഹെന്ഡ്രിക്സിനെ ലോകകപ്പ് ടീമിലുള്പ്പെടുത്തിയതായി ദക്ഷിണാഫ്രിക്ക അറിയിച്ചു
378.wav,ആദ്യം കോട്ടയം മെഡിക്കൽ കോളേജിൽ പ്രവേശിപ്പിച്ച കുട്ടിയെ പിന്നീട് വിദഗ്ധ ചികിത്സയ്ക്കായി കിംസിൽ പ്രവേശിപ്പിച്ചു
379.wav,കുറഞ്ഞസ്ഥലത്ത് എല്ലാ ഫലവൃക്ഷങ്ങളും നട്ടു പിടിപ്പിക്കുന്ന പ്രവൃത്തിയും കരാര് പ്രകാരം ഷംസുധീര്ദാസ് ചെയ്തുകൊടുക്കുന്നുണ്ട്
380.wav,ഗ്രാമത്തിലെ വിനോദം മോശമായ ആണ് ഓരോ സന്ദർശകരെ നിർബന്ധമായും സ്വയം അനുയോജ്യമായ എന്തെങ്കിലും കണ്ടെത്തുന്നു
381.wav,ഒരു ചെറിയ ഹാളും രണ്ട് ബാത് അറ്റാച്ച്ഡ് റൂമുകളും ബാല്ക്കണിയും ഓപ്പണ് ടെറസുമാണ് മുകളിലത്തെ നിലയിലുള്ളത്
382.wav,പുരാതന കാലത്ത് അംഗച്ഛേദം മുതല് വധശിക്ഷ വരെയുള്ള പ്രാകൃത ശിക്ഷാരീതികള് ഇവയില് നിന്നറിയാം
383.wav,രാജ്യാന്തര നിയമങ്ങള് പ്രകാരം അപകടം നടന്നത് ഏത് രാജ്യത്തുവച്ചാണോ ആ രാജ്യത്തിനാവും അന്വേഷണത്തിന്റെ ഉത്തരവാദിത്വമെന്നും അദ്ദേഹം ചൂണ്ടിക്കാട്ടി
384.wav,വാട്ടർ ഹീറ്റർ റിപ്പയർ ആൻഡ് കസ്റ്റമർ സർവീസ് കോൾ പരാജയങ്ങൾ നിങ്ങളെ ആവശ്യമുള്ളപ്പോൾ എന്നാൽ സമയമാണ്
385.wav,ഇന്നേവരെ കേള്ക്കാത്ത ഇംഗ്ലീഷ് വാക്കുകള് ഇന്ത്യക്കാര്ക്ക് പരിചയപ്പെടുത്തി കൊടുക്കുന്നതില് ശശി തരൂര് എംപി ബഹുദൂരം മുന്പിലാണ്
386.wav,ഏത് ലെന്സ് ഉപയോഗിച്ച് ചിത്രമെടുത്താലും തെളിച്ചം പോരെന്ന് തോന്നുന്നതരത്തില് പ്രകൃതി ഒരുങ്ങിനില്ക്കുന്നു
387.wav,തിങ്കളാഴ്ച വീടിന് സമീപം വച്ച് ഇരു ചക്ര വാഹനം ഇടിച്ച് തെറിപ്പിക്കുകയായിരുന്നു
388.wav,രോഗിയെ എത്രയും വേഗം ആന്റി സ്നേക് വെനം ലഭ്യമായ ആശുപത്രിയിലെത്തിക്കുകയാണു വേണ്ടത്
389.wav,ഫൈനലുകളില് മുംബൈ ഇന്ത്യന്സിന്റെ ഏക തോൽവി ചെന്നൈ സൂപ്പര് കിംഗ്സിന് മുമ്പിലാണ്
390.wav,പ്രേമം എന്ന ചിത്രത്തിലൂടെ ശ്രദ്ധേയായ മഡോണ സെബാസ്റ്റ്യനാണ് ഇബ്ലീസീല് ആസിഫലിയുടെ നായികയാവുന്നത്
391.wav,മെറ്റ്കോണ് എന്ന കമ്പനിയുടെ പഠനറിപ്പോര്ട്ടിന്റെ അടിസ്ഥാനത്തിലാണ് മാലിന്യപ്ലാന്റ് നിര്മിക്കാന് തീരുമാനിച്ചത്
392.wav,സംഭവ സ്ഥലത്തിനടുത്ത് ഹെഡ്ബോള് കളിച്ച് കൊണ്ടിരിക്കുന്നവരാണ് അജിത്തിന്റെ നിവിളി കേട്ട് ഓടിയെത്തി ആശുപത്രിയിലെത്തിച്ചത്
393.wav,ടാറ്റയുടെ ആല്ഫ പ്ലാറ്റ്ഫോമില് തന്നെയാണ് ഈ സെഡാന് വാഹനവും വിപണിയില് എത്തുക
394.wav,ഇതിന്റെ പരസ്പരം രുചി പഴച്ചാറുകൾ മറ്റ് പാനീയങ്ങളും കൂടെ നന്നായി പോകുന്നു
395.wav,ചായയ്ക്ക് ഒരു പ്രത്യേക ഡെസേർട്ടിന് അല്ലെങ്കിൽ ജേണലായി ഒരു പൂരിപ്പിക്കൽ പോലെ റോളുകൾ തയ്യാറാക്കുവാൻ ഉപയോഗിക്കുക
396.wav,ശരീഅത്ത് നിയമം ലംഘിക്കുന്നവര്ക്കുള്ള പാഠമാണ് ശിക്ഷയെന്ന് പ്രവിശ്യ ക്ലെറിക്സ് കൌണ്സില് അംഗം അബ്ദുല് ഗനി ഇസ അഭി്പ്രായപ്പെട്ടു
397.wav,പന്ത് പ്രതിരോധം തുളച്ച് വലയില് കയറുമ്പോള് നിസ്സഹായനായിരുന്നു ഗോളി കെയ്ലര് നവാസ്
398.wav,അവയെല്ലാം പരിഹരിക്കാന് ഒരു സംഘടനയ്ക്കും ആവില്ല പക്ഷെ അതിനായി എന്തെങ്കിലും തുടങ്ങിവയ്ക്കാന് സാധിക്കണം
399.wav,മോഡി ഗുഹയില് ധ്യാനത്തിനിരിക്കുന്ന ചിത്രം ബിജെപി പരാജയം തിരിച്ചറിഞ്ഞതിന്റെ സൂചനയാണെന്നും കോടിയേരി കൂട്ടിച്ചേര്ത്തു
400.wav,ഈ ടൂര്ണമെന്റില് കളിക്കാന് താല്പ്പര്യം പ്രകടിപ്പിച്ചിരിക്കുകയാണ് ഇന്ത്യയുടെ മുന് ഇതിഹാസ ഓള്റൌണ്ടര് യുവരാജ് സിങ്
401.wav,സ്തീകളെ ബാധിക്കുന്ന വിഷയങ്ങള് ഏറ്റെടുത്ത് പ്രതിപക്ഷറോളില് മഹിളാമോര്ച്ച ശക്തമായി രംഗത്തിറങ്ങുമെന്നും അവര് പറഞ്ഞു
402.wav,പനാമയുടെ രാഷ്ട്രീയ നിലപാടിൽ കൈകടത്താതെ തന്നെ പറയട്ടെ കുട്ടികൾക്ക് ലൈംഗീക വിദ്യാഭ്യാസം നൽകണം
403.wav,ഇത്തരത്തില് സൃഷ്ടിച്ച വിവാദം ചീഫ് ജസ്റ്റിസ് ദീപക് മിശ്രക്കെതിരെയുള്ള ഇംപീച്ച്മെന്റ് നീക്കത്തിന് വരെ വഴിതെളിച്ചിരുന്നു
404.wav,ഓട്ടിസം ബാധിച്ച കുഞ്ഞുങ്ങളേയും മാതാപിതാക്കളേയും അധിക്ഷേപിക്കുന്ന തരത്തിലുള്ള പ്രസംഗമാണ് ഫാ
405.wav,ഖനനം തടയണമെന്നതുള്പ്പെടെയുള്ള ആവശ്യമടങ്ങുന്ന ഹരജി ഫയലില് സ്വീകരിച്ച കോടതി ഒരാഴ്ചക്കകം കേസ് പരിഗണിക്കുമെന്നും വ്യക്തമാക്കി
406.wav,നിങ്ങൾ വിയന്ന പോലെ ഈ അത്ഭുതകരമായ യൂറോപ്യൻ തലസ്ഥാന നടന്നു പ്രസാദം ഉറപ്പുണ്ടെങ്കിൽ
407.wav,അവൻ ഉയർന്ന നിലവാരമുള്ള വസ്തുക്കൾ നിർമ്മാണം ഉപയോഗവുമായി വിശ്വസനീയമായ നന്ദി ആണ്
408.wav,ആഴക്കടലിന്റെ മടിത്തട്ടിലിരുന്ന് നോമ്പ് തുറന്ന് നിസ്കരിച്ച് ജോലി ചെയ്യുന്ന മൽസ്യത്തൊഴിലാളികളുടെ ജീവിതം വേറിട്ടൊരു കാഴ്ചയാണ്
409.wav,അയൽരാജ്യങ്ങൾ ലളിതമായ ഒരു സംസ്ഥാന അതിർത്തി ഉടമ്പടിയിൽ ഉടമ്പടിയിൽ ഒപ്പുവയ്ക്കാൻ കഴിയും
410.wav,ഫ്രെഡ്ഡിയിലെ ഏറ്റവും താഴ്ന്ന കലോറി കസ്റ്റാർഡ് ഡെസ്റ്റിനേഷൻ ചോക്ലേറ്റ് ഒരിയോ കസ്റ്റാർഡ് കുക്കി സാൻഡ്വിച്ച് ആണ്
411.wav,ഒരു ഫാമില് ഓറിയന്റഡ് അപ്ലിക്കേഷന് എന്നാണ് അണിയറ പ്രവര്ത്തകര് ഇതിനെ വിശേഷിപ്പിക്കുന്നത്
412.wav,ഈ ദുര്ഗന്ധം കാരണം പല വിമാനത്താവളങ്ങളിലും ഹോട്ടലുകളിലും ദുരിയാന് പഴം നിരോധിച്ചിരിട്ടുണ്ട്
413.wav,ഇവരെ ചോദ്യം ചെയ്തതിൽ നിന്നു ലഭിച്ച വിവരങ്ങളുടെ അടിസ്ഥാനത്തിലാണ് റിയയെ ചോദ്യം ചെയ്യുന്നത്
414.wav,ഡല്ഹിയില് നിന്ന് തിരുവനന്തപുരത്ത് എത്തുന്ന അദ്ദേഹത്തിന് ബിജെപി പ്രവര്ത്തകര് വിമാനത്താവളത്തില് സ്വീകരണം ഒരുക്കിയിട്ടുണ്ട്
415.wav,അഞ്ച് വ്യത്യസ്തപ്രതലത്തില് ഓഫ് റോഡ് ഉപയോഗിക്കാന് പറ്റും എന്നത് ലാന്റ് റോവറിന്റെ പാരമ്പര്യം നിലനിര്ത്താന് സഹായകമാകുന്നു
416.wav,ഡീസൽ ഇന്ധനം മാത്രം സ്വീകരിക്കുന്നതിനായി ഫോക്സ്വാഗൻ അതിന്റെ ഇന്ധന ഫില്ലറുകൾ പുനർരൂപകൽപ്പന ചെയ്യുകയും ചെയ്തു
417.wav,ഇംഗ്ലീഷ് പ്രീമിയര് ലീഗിലെ പ്രതാപശാലികളായ മാഞ്ചസ്റ്റര് യുണൈറ്റഡ് ഇന്ത്യൻ മണ്ണിൽ കളിക്കാനെത്തുന്നു
418.wav,അതിൽ പങ്കെടുത്ത എല്ലാ വനിതകളെയും സഹായവുമായി വിവിധ തലങ്ങളിലിടപെട്ട എല്ലാവരെയും അഭിനന്ദിക്കുന്നു
419.wav,എന്നാല് ഫിഫ ക്ലബ് ലോകകപ്പ് ഫൈനലില് വീണ്ടും ഫോമിലേക്ക് തിരിച്ചെത്തിയ ബെയ്ല് ഈ വര്ഷം നന്നായി അവസാനിപ്പിക്കാനുള്ള ഒരുക്കത്തിലാണ്
420.wav,എന്നാല് മുഖ്യമന്ത്രിയെ വിമര്ശിച്ചാല് അവരുടേയും ഗതി ഇത് തന്നെയാകുമെന്ന് മനസിലാക്കണമെന്ന് കൃഷ്ണദാസ് കൂട്ടിച്ചേര്ത്തു
421.wav,ശ്രേയ കഴിഞ്ഞ ദിവസം ഒരു സുഹൃത്തിന്റെ വിവാഹത്തിന് പോകുന്നതിനായി ആഭരണങ്ങളും വസ്ത്രങ്ങളും ഓര്ഡര് ചെയ്തിരുന്നു
422.wav,ബോഡി ലോഷന് വാങ്ങുമ്പോള് ആല്ഫാ ഹൈഡ്രോക്സി ആസിഡ് അടങ്ങിയിട്ടുള്ളവ വാങ്ങാന് പ്രത്യേകം ശ്രദ്ധിക്കാം
423.wav,മുന് ഇടത് എംഎല്എയുടെ കാര് വായ്പയും സ്വര്ണ വായ്പയും അടച്ചുതീര്ക്കാന് ലക്ഷങ്ങള് നല്കിയത് ദുരിതാശ്വാസനിധിയില് നിന്ന്
424.wav,ഗൂഗിൾ ഫ്രീ വൈഫൈ നൽകാൻ ആരംഭിച്ചതോടെ മുകേഷ് അംബാനിയുടെ നേതൃത്വത്തിലുള്ള ടെലികോം കമ്പനിയായ റിലയൻസ് ജിയോ നിലവിൽ വന്നു
425.wav,ഒരു ടാറ്റ് എടുക്കുന്ന പ്രക്രിയ അനാവശ്യമായ വേദന ഉണ്ടാക്കുകയും അണുബാധയ്ക്കുള്ള സാധ്യത അവതരിപ്പിക്കുകയും ചെയ്യുന്നു
426.wav,മമ്മൂട്ടിയുടെ കരിയറിലെ ഏറ്റവും വലിയ റിലീസായെത്തിയ ചിത്രത്തിന്റെ പ്രീമിയർ ഷോ യുഎസിലും യുഎഇ യിലും ഫെബ്രുവരി ഏഴിന് സംഘടിപ്പിച്ചിരുന്നു
427.wav,തദ്ദേശ തെരഞ്ഞെടുപ്പില് ഗെയില് വാതക പൈപ്പ്ലൈന് കടന്നുപോകുന്ന പ്രദേശങ്ങളിലെ ഇരകളുടെ മനസ്സില് ഒറ്റ വിഷയമേയുള്ളൂ
428.wav,കഴിഞ്ഞ മാസം മൂന്നാം തീയതിയാണ് ശാരീരിക അസ്വസ്ഥതകൾ മൂലം ബിന്ദു മാവേലിക്കരയിലെ സ്വകാര്യ ആശുപത്രിയിൽ ചികിത്സയ്ക്ക് തേടിയത്
429.wav,ഇതിന്റെ ദൃശ്യങ്ങൾ അടങ്ങിയ വീഡിയോ ക്ലിപ്പിംഗ് മറ്റൊരാൾ ചിത്രീകരിച്ച് സാമൂഹികമാധ്യമങ്ങളിലൂടെ പുറത്തുവിട്ടു
430.wav,സോഫ്റ്റ് വെയര് തകരാറുകാരണം കൃത്യമായി പരിശോധനകളുടെ എണ്ണം രേഖപ്പെടുത്താന് കഴിയുന്നില്ലെന്നാണ് സര്ക്കാര് നല്കുന്ന ന്യായീകരണം
431.wav,പോക്കിരി രാജയുടെ രണ്ടാം ഭാഗമല്ല മധുരരാജയെന്ന് നേരത്തെ തന്നെ അണിയറപ്രവര്ത്തകര് വ്യക്തമാക്കിയിരുന്നു
432.wav,എന്റെ മേലധികാരികളില് നിന്നും മറ്റും എനിക്ക് നല്ല പ്രചോദനവും പ്രോത്സാഹനവും ലഭിക്കുന്നുണ്ട്
433.wav,അത്യാവശ്യംവന്നാല് ഉപയോഗിക്കാനുള്ള തുക എപ്പോഴും നിങ്ങളുടെ സേവിങ് ബാങ്ക് അക്കൌണ്ടിലോ ബാങ്ക് എഫ്ഡിയിലോ ഉണ്ടായിരിക്കണം
434.wav,ഇത്തരമൊരവസ്ഥയെ ഏങ്ങനെ മറികടക്കാം എന്ന ചിന്തയില് നിന്നാണ് ഇത്തരമൊരാശയം ഉരിതിരിഞ്ഞതെന്ന് ഇരുവരും പറയുന്നു
435.wav,സമീപത്തെ സഹകരണ ബാങ്കിനു മുന്നില് അശാസ്ത്രീയമായി സ്ഥാപിച്ച സിഗ്നല് സംവിധാനവും ഗുണത്തേക്കാളേറെ ദോഷം വരുത്തുന്നുണ്ട്
436.wav,കൈ നനയാതെ മീന്പിടിക്കാനിറങ്ങിയ ചില സംവിധായകരും നിര്മാതാക്കളുമാണ് ഈയൊരു ഗതികേട് വരുത്തിവച്ചത്
437.wav,അതേ സമയം പള്ളിയില് പ്രവേശിക്കാന് അനുവദിക്കില്ലെന്ന നിലപാടില് ആണ് യാക്കോബായ വിഭാഗം
438.wav,കൃത്യമല്ലാത്ത ട്രാൻസ്പ്ലാൻറ് വഴി പരിക്കേൽപ്പിക്കുന്ന ഡോർസൽ ഫിനിഷിൽ അവയ്ക്ക് മൂർച്ചയുള്ള നട്ടെല്ല് ഉണ്ട്
439.wav,ഈ അപേക്ഷയെ തുടര്ന്ന് സര്വ്വകലാശാല നടത്തിയ പരിശോധനയിലാണ് സര്ട്ടിഫിക്കറ്റുകള് വ്യാജമാണെന്ന് കണ്ടെത്തിയത്
440.wav,ആക്രമിക്കപ്പെട്ട നടിയോട് കൂറുപ്രഖ്യാപിച്ചുകൊണ്ടാണ് നടി ഊര്മിളാ ഉണ്ണിക്കൊപ്പം വേദിപങ്കിടാനാകില്ലെന്ന് ദീപാ നിശാന്ത് അറിയിച്ചത്
441.wav,മുസ്ലിം ലീഗ് പ്രവർത്തകൻ മൻസൂറിന്റെ കൊലപാതകത്തിന് പിന്നാലെയുള്ള ഫേസ്ബുക്ക് പോസ്റ്റിനെതിരെ വ്യാപക പ്രതിഷേധം ഉയർന്നിട്ടുണ്ട്
442.wav,പക്ഷേ കോടതിയുടെ മുന്നിലെത്തിയ ചോദ്യവും കോടതി നല്കിയ ഉത്തരവും നീതിയുക്തമാണ് എന്ന പൂര്ണബോധ്യത്തില് കൂടിയുണ്ടാകേണ്ടതാണ് സ്വാഭാവികമായ സമാധാനം
443.wav,ഇവർ നാല് ഹിന്ദു കുട്ടികളും രണ്ടു മുസ്ളീം കുട്ടികളും ആയിരുന്നു അങ്ങനെ മാറി താമസിച്ചിരുന്നത്
444.wav,അതിനു മുകളില് മറ്റുനിരവധി സാധനങ്ങള് ഇട്ട് മൂടുകയും ചെയ്തുവെന്ന് പ്രതി സമ്മതിച്ചു
445.wav,ഈ യാഥാര്ഥ്യത്തെ നിരാകരിച്ച് ഭൂപരമോ രക്തപരമോ ആയ അവകാശവാദങ്ങളുന്നയിക്കുന്നവരാണ് ലോകത്തെ ആക്രാമക വംശീയവാദികള് മുഴുവനും
446.wav,മുന്പ് ഹവാല ഇടപാടുമായി ബന്ധപ്പെട്ട് തന്റെ പേരില് ആരോപണം ഉയര്ന്നപ്പോള് എംപി സ്ഥാനം രാജിവച്ചത് അദ്വാനി ഓര്മിപ്പിച്ചു
447.wav,എഴുപത്തിമൂന്നാം വിവാഹ വാഷികത്തിന്റെ നിറവില് ആണ് ക്വീന് എലിസബത്തും പ്രിന്സ് ഫിലിപ്പും
448.wav,അങ്ങിനെ എണ്ണിയാലൊടുങ്ങാത്ത പാര്ട്ടികളും അവര്ക്കുള്ള ചിഹ്നങ്ങളും തെരഞ്ഞെടുപ്പ് കമ്മിഷന് അനുവദിച്ചു തുടങ്ങി
449.wav,എന്നാൽ രാഹുൽ താൻ പ്രവർത്തകർക്ക് ഒപ്പമാണെന്ന് വെറുതെ അധരവ്യായമം നടത്തുക മാത്രമാണ് ചെയ്യുന്നതെന്നും വടക്കൻ പറയുന്നു
450.wav,പത്ത് സെക്കന്ഡ് ഇങ്ങനെ കിടന്നതിന് ശേഷം കാല്മുട്ടുകള് നിവര്ത്തി നേരെ വയ്ക്കുക
451.wav,ഈ സാഹചര്യത്തിൽ റിസർവ് ബാങ്കിന്റെ ഇടപെടലുണ്ടാകണമെന്നും മൊറട്ടോറിയം നീ്ട്ടാൻ നടപടിയെടുക്കണമെന്നും രാഹുൽ ഗാന്ധി ആവശ്യപ്പെട്ടു
452.wav,സാലറി ചലഞ്ചിന് പ്രത്യേക അക്കൌണ്ട് വേണമെന്നും സിപിഎം പ്രളയഫണ്ട് മുക്കിയത് സാലറി ചലഞ്ചിന്റെ വിശ്വാസ്യത നഷ്ടപ്പെടുത്തിയെന്നും പ്രതിപക്ഷനേതാവ് പറഞ്ഞു
453.wav,രാജ്യത്തെ മതനിരപേക്ഷത ശക്തിപ്പെടാനും ആര്എസ്എസ്സിന്റെയും ബിജെപിയുടെയും പൊള്ളത്തരം തിരിച്ചറിയാനും അതു സഹായിച്ചു ചന്ദ്രശേഖര് ആസാദ് പറഞ്ഞു
454.wav,കർഷക പ്രക്ഷോഭത്തിന് ഐക്യദാര്ഢ്യവുമായി പ്രതിപക്ഷ നേതാക്കള് ഇന്ന് വൈകിട്ട് രാഷ്ട്രപതി രാംനാഥ് കോവിന്ദിനെ കാണും
455.wav,കുംഭം രാശിക്കാർ യുക്തിയുടെയും എതിർപ്പുകളുടേയും മിശ്രണമാണ് അവർ എന്തു ചെയ്യാൻ പോകുന്നു എന്നു മനസ്സിലാക്കുക എളുപ്പമല്ല
456.wav,ഒരു ഓഡിയോ സിസ്റ്റത്തിന്റെ ആവൃത്തിയുള്ള പ്രതികരണ സ്വഭാവസവിശേഷതകൾ മാറ്റം വരുത്താൻ ഓഡിയോ എക്സിസറുകൾ ഉപയോഗിക്കുന്നു
457.wav,മറിച്ച് പ്രവാചകന് മാതൃക കാണിച്ചപോലെ അവരുമായി കൂടിയാലോചിക്കുകയും തീരുമാനത്തില് പങ്കാളികളാക്കുകയും വേണം
458.wav,അപ്പോഴും പിതാവ് അറിഞ്ഞില്ല തന്റെ മകളെ കൊന്ന ശേഷമാണ് തന്നെ മദ്യം കുടിപ്പിച്ചതെന്ന്
459.wav,അടിയന്തരസാഹചര്യങ്ങളിൽ ഫയർ സർവീസിന്റെ സൌകര്യങ്ങളുപയോഗിച്ച് മൂന്നുനിലയിൽ കൂടുതലുള്ള കെട്ടിടങ്ങൾക്കുമേൽ കയറാനാവില്ല
460.wav,തീർച്ചയായും എടുക്കണം എന്നു ഞാൻ പറഞ്ഞപ്പോൾ സാറിന്റെ മനസ്സിൽ എന്തെങ്കിലും ഐഡിയ ഉണ്ടോ എന്നു ചോദിച്ചു
461.wav,സിബിഐ കുരുക്ക് സുപ്രീംകോടതിയിലേക്ക് നീങ്ങിയെങ്കിലും ആരെയും ഭയക്കാത്ത മുഖ്യമന്ത്രിയെ ഇനി കാണാൻ സാധിച്ചേക്കും
462.wav,കഴിഞ്ഞ ദിവസം വിജയ് സേതുപതി ചിത്രമായ മാമനിതെന്റ ഷൂട്ടിങ് ലൊക്കേഷനിലും അച്ചാമ്മ എത്തിയിരുന്നു
463.wav,ഈ പ്രശ്നത്തെക്കുറിച്ച് ബോധവാന്മാരായാൽ ആത്മവിശ്വാസം ഉയർത്തുന്ന സാഹചര്യങ്ങളിൽ നിങ്ങൾക്ക് സ്വയം പൊരുത്തപ്പെടാൻ കഴിയും
464.wav,കന്യാകുമാരി വിവേകാനന്ദ കേന്ദ്രത്തിന്റെ അധ്യക്ഷനെന്ന നിലയ്ക്ക് സേവനത്തെക്കുറിച്ചുള്ള സ്വാമികളുടെ ആദര്ശം രാജ്യത്തിന്റെ വിദൂരകോണുകളില്പ്പോലും പ്രാവര്ത്തികമാക്കുന്നതിന് മാര്ഗദര്ശനം നല്കി
465.wav,ആത്മീയ നിറത്തിലുള്ള ഒരു പാസ്റ്റർ തൻറെ ജനത്തിന് ദൈവിക ദാനങ്ങളിൽ ഒന്നാണ്
466.wav,ദിഗ്വിജയ് സിംഗിന് വേണ്ടിയാണ് കര്ക്കറെ ആര്എസ്എസ് പ്രവര്ത്തകരെ പ്രതിയാക്കിയതെന്നും സുമിത്രാ മഹാജന് പറഞ്ഞു
467.wav,എന്നാല് ഇത്തരം പ്രതികരണങ്ങള്ക്ക് എതിരെ തുറന്നടിച്ചിരിക്കുകയാണ് സംവിധായകന് പ രഞ്ജിത്ത്
468.wav,ബോള്ഡ് ആയിട്ട് കാര്യങ്ങള് പറയുന്നത് കൊണ്ട് ഞങ്ങളെപ്പോലുള്ളവരെ പ്രശ്നക്കാരികളും അഹങ്കാരികളുമായിട്ടാണ് കാണുന്നത്
469.wav,സുധാകരനു ബിജെപി ചായ്വ് ഉണ്ടെന്ന രാഷ്ട്രീയ ആരോപണം ഏതാനും ദിവസം മുൻപ് സിപിഎം സംസ്ഥാന സെക്രട്ടേറിയറ്റ് ഉന്നയിച്ചിരുന്നു
470.wav,ആദിവാസി പ്രമോട്ടര്മാര്ക്കുള്ള വേതനം നാലായിരം രൂപയില് നിന്ന് എണ്ണായിരം രൂപയാക്കാനുള്ള തീരുമാനത്തിന് ഇപ്പോള് തടസ്സംനില്ക്കുന്നത് നമ്മുടെ ധനവകുപ്പ് തന്നെയാണന്നറിയുന്നു
471.wav,അന്നത്തെ യോഗത്തില് സംഭവിച്ച കാര്യങ്ങളെക്കുറിച്ചും മോഹന്ലാലിന്റെ സമീപനത്തിലുള്ള അതൃപ്തിയെക്കുറിച്ചും ഇവര് തുറന്നടിച്ചിരുന്നു
472.wav,ദിവസഗുണവർധനയ്ക്ക് ഭദ്രകാളി ക്ഷേത്രത്തിൽ ദർശനം നടത്തുന്നതും ഭദ്രകാളി അഷ്ടകത്താൽ പുഷ്പാഞ്ജലി നടത്തിക്കുന്നതും ഗുണകരമായിരിക്കും
473.wav,നടിയെ ആക്രമിക്കാന് ക്വട്ടേഷന് നല്കിയത് ഒരു സ്ത്രീ ആണെന്ന് ആദ്യം തന്നെ സുനി പറഞ്ഞിരുന്നു
474.wav,പകരം ഇവയുടെ ഉൽപാദകരും വിൽപനക്കാരും ഇറക്കുമതിക്കാരും ബ്രാൻഡഡ് ഉൽപന്ന പാക്കറ്റുകൾ ഉപഭോക്താക്കളിൽ നിന്നു തിരികെ ശേഖരിക്കാനുള്ള
475.wav,ജുഡീഷ്യല് കമ്മീഷന് അന്വേഷണ റിപ്പോര്ട്ട് മുഖ്യമന്ത്രിയ്ക്ക് കൈമാറിയെന്നും ഇതുമായി ബന്ധപ്പെട്ട വിശദാംശങ്ങള് മുഖ്യമന്ത്രി പങ്കുവെയ്ക്കുമെന്നും ജസ്റ്റിസ് ശിവരാജന് അറിയിച്ചു
476.wav,മേല്പറഞ്ഞ ചില സഭകളുടെ ഇത്തരം ദൈവവചനവിരുദ്ധ ആചാരങ്ങളുടെ ഉദ്ദേശ്യവും അതില് നിന്നു മനസ്സിലാക്കാവുന്നതാണ്
477.wav,കൊമ്പിന്റെ വാദനത്തിലൂടെ മാത്രം പ്രശസ്തമായ കുടുംബക്കാരുടെ ചരിത്രം ഇതിനെ സാധൂകരിക്കുന്ന തെളിവായി കണക്കാക്കപ്പെടുന്നു
478.wav,അഗ്നിശമന സേനാംഗങ്ങൾ ജോലിയിൽ മറ്റൊരു ദുഷ്കരമായ ദിവസത്തെ അഭിമുഖീകരിക്കുന്നതിനൊപ്പം ഇവിടുത്തെ ജനങ്ങളും ആശങ്കയിലാണ്
479.wav,ചാടാനും ഓടാനും പടികള് കയറാനുമൊക്കെ ശേഷിയുള്ള റോബോട്ടിന് അമേരിക്കന് ഗവേഷകര് രൂപംനല്കി
480.wav,ഈ പച്ചക്കറി രുചി ടെക്സ്ചർ പുതിയ നിന്നും പ്രായോഗികമായി യാതൊരു വ്യത്യസ്തമാണ്
481.wav,നിത്യം ഇതു ഗാനം ചെയ്തുകൊണ്ടാൽ നിങ്ങളുടെ സങ്കടങ്ങൾ ഒക്കവെ പോവാൻ കഴിവു വരും എന്നിങ്ങിനെ അരുളിച്ചെയ്തു മഹർഷി എഴുന്നെള്ളുകയും ചെയ്തു
482.wav,മൂന്നു സുഹൃത്തുക്കള്ക്കൊപ്പം ധ്രുവ് തന്റെ ആഢംബര കാറില് യാത്ര ചെയ്യുകയായിരുന്നുവെന്ന് ഇന്ത്യാ ടുഡേ റിപ്പോര്ട്ട് ചെയ്യുന്നു
483.wav,ഇന്നു ചേര്ന്ന യോഗത്തില് നാലുപേരൊഴിച്ച് ഭൂരിപക്ഷം പേരും രാഷ്ട്രീയ പാര്ട്ടി വേണമെന്ന നിലപാടിലായിരുന്നു
484.wav,ഭർത്താവ് സെയ്ഫ് അലി ഖാന്റെ പുതിയ ചിത്രമായ രംഗൂണിന്റെ സ്ക്രീനിങ്ങിലെയും താരമായിരുന്നു കരീന
485.wav,പൊതു തെരെഞ്ഞെടുപ്പിന് മുമ്പേ പ്രമുഖ പ്രതിപക്ഷ നേതാക്കളുടേയും മനുഷ്യാവകാശ പ്രവര്ത്തകരുടെയും മാധ്യമ പ്രവര്ത്തകരുടേയും ഫോണ് ചോര്ത്തിയതിന് തെളിവ് പുറത്തു വരികയാണ്
486.wav,ഒരു പരമ്പരാഗത റഷ്യൻ തൂവാല അല്ലെങ്കിൽ ഒരു കയർ കച്ചവടം നാടകീയമായി മാറ്റാൻ കഴിയും
487.wav,ഈസ്റ്റര് ആഘോഷത്തിനായി പള്ളികളില് ആരും ഒത്തുകൂടരുതെന്ന നിര്ദ്ദേശം വത്തിക്കാന് ലോകമെമ്പാടുമുള്ള പുരോഹിതര്ക്ക് നല്കി കഴിഞ്ഞു
488.wav,കേസന്വേഷണം ശരിയായ ദിശയിലേക്കു നീങ്ങുന്നുവെന്നു കണ്ടതിനെതുടര്ന്നാണ് അന്വേഷണം അട്ടിമറിക്കുക എന്ന ലക്ഷ്യത്തോടെ അന്വേഷണ ഉദ്യോഗസ്ഥനെ തന്നെ മാറ്റിയതെന്നും അദ്ദേഹം ആരോപിച്ചു
489.wav,ഇത് വിദേശ വിനോദ സഞ്ചാരികള്ക്ക് കൌതുകം പകരുന്നതിനൊപ്പം കേരളത്തിന്റെ വിനോദസഞ്ചാര മേഖലയ്ക്കാകെ പുതിയ ഉണര്വ് പകരുമെന്നും ഉറപ്പാണ്
490.wav,ഇയാന് ഹ്യൂമിനൊപ്പം കളിക്കാന് കഴിഞ്ഞതില് സന്തോഷമുണ്ടെന്നും സി കെ വിനീത് പറഞ്ഞു
491.wav,ഇതുമായി ബന്ധപ്പെട്ട തുടർ നടപടികൾക്കായി റോഡ്സ് ആന്റ് ബ്രിഡജസ് കോർപ്പറേഷൻ പുന സംഘടിപ്പിക്കും
492.wav,ഉപയോക്താക്കളുടെ ഡേറ്റ അവരറിയാതെ കടത്തുന്നത് അനുവദനീയമല്ലെന്ന് ഒരിക്കല് കൂടെ അസന്നിഗ്ധമായി പ്രഖ്യാപിക്കകയാണ് ആപ്പിള്
493.wav,ജോർജ് വാഷിങ്ടൺ സർവ്വകലാശാലയിൽ നിന്ന് മനഃശാസ്ത്രത്തിൽ ബിരുദം നേടിയ ശേഷമാണ് പാട്ടിനൊപ്പം കളിക്കാനിറങ്ങിയത്
494.wav,പ്രസിഡന്റ് ആകുന്നതിനു മുൻപ് റീഗൻ സിനിമാ താരവും കൌബോയിയും കാലിഫോർണിയ ഗവർണറുമായിരുന്നു
495.wav,മാധവിക്കുട്ടിയില് നിന്നും കമലാ സുരയ്യയായി മാറിയ ആ കാലത്തെ വളരെ പക്വതയോടെയാണ് കമല് അവതരിപ്പിച്ചിരിക്കുന്നത്
496.wav,കഴിഞ്ഞ ദിവസം മുല്ലപ്പെരിയാര് സംഭരണിയില് പരമാവധി അനുവദിച്ചിട്ടുള്ള അളവിനു തൊട്ടടുത്തേക്ക് ജലനിരപ്പുയര്ന്നപ്പോള് ഈ പരിമിതി കണ്ടതാണ്
497.wav,മൻസൂർ കൊല്ലപ്പെട്ട് ദിവസങ്ങൾക്ക് ശേഷമാണ് ഫേസ്ബുക്കിൽ പോസ്റ്റിട്ട ശേഷം സുഹൈൽ കീഴടങ്ങിയത്
498.wav,വന് തുക മുടക്കി അത്യാധുനിക സാങ്കേതികവിദ്യയുടെ സഹായത്തോടെയാണ് പരസ്യം അഡിഡാസ് ചിത്രീകരിച്ചിരിക്കുന്നത്
499.wav,പൌരത്വ ഭേദഗതി നിയമത്തിനെതിരെ പതിയെ തുടങ്ങിയ പ്രതിഷേധങ്ങള് വലിയ ജനകീയ പ്രക്ഷോഭമായി മാറുന്നു
500.wav,സെക്രട്ടേറിയറ്റില് രാവിലെ എത്തിയ മുഖ്യമന്ത്രിയും മന്ത്രിമാരും രക്തസാക്ഷി മണ്ഡപത്തിലെത്തി അവിടെ നിന്ന് പ്രകടനമായാണ് ആര് ബി ഐ ഓഫീസിന് മുന്നിലെത്തിയത്
501.wav,സിബിഐ അന്വേഷണം ആവശ്യമെങ്കിൽ കേന്ദ്രസർക്കാർ തയ്യാറാണെന്ന് കേന്ദ്ര ആഭ്യന്തര മന്ത്രി രാജ്നാഥ് സിംഗും വ്യക്തമാക്കിയിട്ടുണ്ട്
502.wav,നൂറുകണക്കിന് വിദ്യാര്ത്ഥികള് തങ്ങള്ക്കിഷ്ടപ്പെട്ട വിഷയങ്ങള് പഠിക്കാന് സോപാനത്തിന്റെ പടികയറിയെത്തുമ്പോള് ഡോ
503.wav,മനോഹരമായ ദൃശ്യങ്ങളും ആ പഴയ കാലഘട്ടത്തിന്റെ അനുഭവങ്ങളും ഹൃദയഹാരിയായ സംഗീതവും ചേര്ന്ന് ഈ ചിത്രത്തെ നല്ലൊരു ആസ്വാദനതലത്തിലേയ്ക്ക് ഉയര്ത്തുന്നു
504.wav,എന്നാല് താന് അതിന് തയ്യാറായില്ലെന്നും ഉത്തരവ് നല്കാനുള്ള അപേക്ഷ തള്ളിക്കളഞ്ഞെന്നും കല്യാണ്സിംഗ് വ്യക്തമാക്കി
505.wav,മമ്മൂട്ടി പുഞ്ചിരിച്ച് കാറില് കയറി പോയെങ്കിലും ക്ഷുഭിതരായ ആരാധകര് രാജുവിനെ വളഞ്ഞു
506.wav,സിപിഎമ്മിനെ അടിച്ചൊതുക്കാൻ മമത സ്വീകരിച്ച വഴി ഇപ്പോൾ ബിജെപി അതിനെക്കാൾ ശക്തമായി ഉപയോഗിക്കുകയാണെന്ന് രാഷ്ട്രീയ നിരീക്ഷകർ വിലയിരത്തുന്നു
507.wav,ഖുര്ആനിലെ ഈ രണ്ട് ആയത്തുകളും പരിശോധിക്കുമ്പോള് മിഅ്റാജ് സംഭവം നടന്നതാണോ എന്ന ഒരു സംശയം ജനിക്കുന്നു
508.wav,കഴിഞ്ഞ തവണത്തെ വെള്ളിമെഡൽ ജേതാവിൽ നിന്ന് മെഡലിൽ കുറഞ്ഞതൊന്നും ഇന്ത്യ പ്രതീക്ഷിക്കുന്നില്ല
509.wav,ദീപുവും പ്രശാന്ത് പിള്ളയും രംഗനാഥ് രവിയും കണ്ണന് ഗണപതും ഗോകുല്ദാസും പെട്ടെന്ന് മുന്നിലെത്തുന്ന പേരുകള്
510.wav,ഇതിനെ തുടർന്നാണ് അന്വേഷണ ഉദ്യോഗസ്ഥൻ കേസ് ഫയലും അനുബന്ധരേഖകളും കൈമാറിയതെന്ന് ജില്ലാപൊലീസ് മേധാവി വ്യക്തമാക്കി
511.wav,കാലത്തിന്റെ കൈയൊപ്പ് പതിപ്പിക്കുന്ന ഫോട്ടോകള് നോക്കി എത്ര നേരം വേണമെങ്കിലും നാമങ്ങനെ ഇരുന്നുപോകും
512.wav,രാജ്യത്ത് സാധാരണ ജനങ്ങളുടെ വോട്ട് ലക്ഷ്യമിട്ടാണ് മുഴുവന് ആളുകള്ക്കും സൌജന്യ ആരോഗ്യ പരിരക്ഷ കോണ്ഗ്രസ് തെരഞ്ഞെടുപ്പ് പ്രകടന പത്രികയില് ഉള്പ്പെടുത്തുന്നത്
513.wav,സരിതയ്ക്ക് എതിരെ പുറപ്പെടുവിച്ച അറസ്റ്റ് വാറന്റ് നടപ്പിലാക്കാത്തതെന്തെന്ന കോടതിയുടെ ചോദ്യത്തിനാണ് പൊലീസ് ഈ മറുപടി നൽകിയത്
514.wav,മുന്നിലും പിന്നിലുമായി സിംഗിൾ ഷോക്ക് ലിങ്ക് വഴിയാണ് സസ്പെൻഷൻ സജ്ജീകരിച്ചിരിക്കുന്നത്
515.wav,കരൾ നിന്ന് സ്ലഗ്സ് നോബേല് ചെയ്തത് ഉപയോഗിക്കുക സോഡിയം ഥിഒസുല്ഫതെ രാസവസ്തുക്കൾ മരുന്നുകൾ വിഷാംശം ശേഷിപ്പുകൾ നിന്ന് വെടിപ്പാക്കി സഹായിക്കുന്നു
516.wav,അതുകൊണ്ടു ഞങ്ങൾ നടപടിക്രമം ചെയ്യാൻ വേണ്ടയോ എന്ന് ഉറപ്പിച്ചു പറയാൻ കഴിയില്ല
517.wav,തുക അൽപ്പം കൂടിയെങ്കിലും ക്ലാർക്ക് തെറ്റായി കൈമാറിയ ടിക്കറ്റിനുള്ള പണം ഒക്സാന അടയ്ക്കുക തന്നെ ചെയ്തു
518.wav,പ്രണയമീനുകളുടെ കടല് എന്ന സിനിമയിലെ നായിക വേഷം വാഗ്ദ്ധാനം ചെയ്ത് പീഡിപ്പിച്ചുവെന്നാണ് യുവതിയുടെ പരാതി
519.wav,കേയ്റ്റിന്റെയും വില്യമിന്റെയും ഇളയ പുത്രനായ ഒരു വയസുകാരന് ലൂയീസിനെ കൊണ്ടു വന്നിരുന്നില്ല
520.wav,ഇക്കാര്യത്തിൽ കാര്യമായ ശ്രദ്ധ ചെലുത്തണമെന്ന് ഇടതുപക്ഷ അനുഭാവികളോടു റിയാസ് ആവശ്
521.wav,തുര്ക്കിയില്നിന്ന് അതിര്ത്തി കടന്ന് നിരവധി ഭീകരരാണ് ജനങ്ങളെയും സൈനികരെയും ആക്രമിക്കാന് സിറിയയില് എത്തുന്നത്
522.wav,ലിവര്പൂളും ടോട്ടനവും മൈതാനത്തിൽ ഏറ്റുമുട്ടിയപ്പോള് സ്വിം സ്യൂട്ടില് മൈതാനത്തിലിറങ്ങിയ ഓടിയ യുവതിക്ക് പിന്നാലെയാണ് ഇപ്പോള് സോഷ്യല് മീഡിയ
523.wav,പ്രാദേശിക ഋഷിമാരെ ഭീഷണിപ്പെടുത്തി ഉപദ്രവിച്ച നിരവധി അസുരന്മാരെ ലക്ഷ്മണൻ വധിച്ചുവെന്നാണ് വിശ്വാസം
524.wav,എനിക്ക് എന്റെ ചിത്രത്തിൻറെ നിര്മ്മാതാവിനെ കാണുമ്പോൾ ഓടി ഒളിക്കണം എന്നല്ല ചിന്ത
525.wav,നാലു ശതമാനം ഫീസ് ഈടാക്കാന് തീരുമാനിച്ചത് ഊഹക്കച്ചവടത്തിന് അറുതി വരുത്താന് സഹായകരമായിട്ടുണ്ട്
526.wav,ഇത്തരത്തിലുള്ള രക്ത സ്രാവം അപകടകരമല്ല അമ്മയ്ക്കും കുഞ്ഞിനും ഇത് ദോഷം ചെയ്യില്ല
527.wav,ഇന്ത്യന് തിരിച്ചടിക്ക് പിന്തുണ പ്രഖ്യാപിച്ച് കോണ്ഗ്രസ് അധ്യക്ഷ സോണിയ ഗാന്ധി നേരത്തെ രംഗത്തെത്തിയിരുന്നു
528.wav,നയതന്ത്ര രംഗത്തു യുഎസിന്റെ കപട മുഖം തുറന്നുകാട്ടുന്ന രണ്ടര ലക്ഷത്തോളം രേഖകൾ വിക്കിലീക്സിലൂടെ ലോകമറിഞ്ഞു
529.wav,യാതൊരു നെഗറ്റീവുകളും ഇല്ല അല്ലെങ്കിൽ നാഗരികതകളും വെള്ളം കേടുപാടുകൾ ഏത് ഫോട്ടോഗ്രാഫുകൾ ആരംഭിക്കുക
530.wav,ഏഴ് സീറ്റുള്ള ഹ്യുണ്ടായ് ക്രെറ്റയുടെ പേര് അൽകാള്ട്സർ എന്നായിരിക്കും എന്നാണ് പുതിയ റിപ്പോര്ട്ടുകള്
531.wav,ബാംഗ്ലൂരില് നിന്നു സാധനങ്ങള് വാങ്ങിക്കൊണ്ടു വില്ക്കുന്ന രീതി നാലഞ്ചു വര്ഷം തുടര്ന്നു
532.wav,പാര്ട്ടി പ്രവര്ത്തനങ്ങള് ഏകോപിപ്പിക്കാന് വേണ്ടിയാണ് ഇദ്ദേഹം തിരുവനന്തപുരത്ത് എത്തിയതെന്നാണ് ബിജെപി നല്കിയ വിശദീകരണം
533.wav,നിലയ്ക്കലിൽ കൊവിഡ് പരിശോധനയ്ക്കായി കൂടുതൽ കൌണ്ടറുകൾ ഏർപ്പെടുത്തിയാൽ കൂടുതൽ തീർത്ഥാടകരെ സന്നിധാനത്തേക്ക് അയയ്ക്കാൻ സാധിക്കും
534.wav,തുടയിടുക്കിൽ തിങ്ങി വളരുന്ന കാടിനകത്ത് ഒളിച്ചിരിക്കുന്ന മാംസപുഷ്പത്തിൽ നിന്നും സ്വന്തം കാമത്തിൻറെ രൂകഷഗന്ധം അവളുടെ മൂക്കിലേക്കടിച്ചു
535.wav,വ്യക്തിപരമായ കാരണങ്ങളാലാണ് തൻ പാർട്ടിയിൽ നിന്ന് രാജി വയ്ക്കുന്നതെന്നായിരുന്നു ഗോവിന്ദാസ് നൽകിയ വിശദീകരണം
536.wav,അപ്പോള് മോഹന്ലാല് കഥകളിക്കാരനാകുമ്പോള് മീശയും താടിയുമെല്ലാം ഇല്ലാതെയാണ് ക്യാമറയ്ക്കു മുന്പില് വരുന്നത്
537.wav,തന്റെ രണ്ടാം ഭാര്യ ആക്കാമെന്നും ഫാസില് മുസ്തഫ അഖിലയെ അറിയിച്ചു
538.wav,ഒരു കസേരയിലിരുന്ന് പിന്നിലെ സീറ്റിന്റെ ഒരു കോപ്പി ഒരു ടൂത്ത്പിക്കിളിൽ നിന്ന് ഉണ്ടാക്കുന്നു
539.wav,റെനോ ക്വിഡിനെ ഇന്ത്യയിൽ പ്രിയതരമാക്കിയ ഇതേ ഫോർമുല തന്നെയാണ് എസ്പ്രേസ്സോയുടെയും അടിസ്ഥാന സമവാക്യം
540.wav,ഏതാണ് നൂറ് കോടി രൂപയിലെധികം വിലമതിക്കുന്ന ആസ്തികളാണ് പത്മനാഭ സ്വാമി ക്ഷേത്രത്തിനടുത്ത് ബിജു രമേശിന് ഉള്ളത്
541.wav,പത്തിനും അമ്പതിനും ഇടയിലുള്ളവര്ക്ക് പ്രവേശനമില്ലെന്ന പഴയ ബോര്ഡ് ദേവശ്വം ബോര്ഡ് മറച്ചു
542.wav,മുന് മുഖ്യമന്ത്രിമാര് അടക്കം നാന്നൂറോളം രാഷ്ട്രീയക്കാരും മൌലികവാദികളും സഹായികളുമടക്കം ഇതിനകം അറസ്റ്റിലായിട്ടുണ്ട്
543.wav,ജനോപകാര പദ്ധതികള് കാലതാമസം കൂടാതെ സമയബന്ധിതമായി യാഥാര്ഥ്യമാക്കുകയാണ് ലക്ഷ്യമെന്ന് എം എല് എ പറഞ്ഞു
544.wav,ഞങ്ങളുടെ ഫേസ്ബുക്ക് പ്രൊഫൈലുകളും ടൈംലൈനുകളും വഴി നമ്മളിൽ പലരും ഒരു ടൺ വ്യക്തിഗത വിവരങ്ങൾ മറ്റുള്ളവരുമായി പങ്കുവയ്ക്കുന്നു
545.wav,അവള് പഠിച്ച കള്ളി ആയ കാരണം അവള് കള്ളമേ പറയുമായിരുന്നുള്ളൂ
546.wav,ക്ഷേമനിധിയില് നിന്നും അടിയന്തര ധനസഹായം ലഭ്യമാക്കണമെന്ന ആവശ്യം എഴുതിയ പ്ലക്കാര്ഡുമായി മുഴുവന് അഭിഭാഷകരും സമരത്തിന്റെ ഭാഗമാവണമെന്ന് ഭാരവാഹികള് അഭ്യര്ത്ഥിച്ചു
547.wav,ആവശ്യമുള്ളപ്പോഴെന്ന നിലയിൽ മോഡറേഷനിൽ ഉപയോഗിക്കാനുള്ള ഒരു ഉപകരണമാണതെന്ന് അവർക്ക് മുന്നറിയിപ്പ് നൽകിയിരുന്നു
548.wav,സോഷ്യല്മീഡിയയില് സിപിഎമ്മിനെ വളഞ്ഞിട്ടാക്രമിക്കാന് ഈ സംഭവം വഴിയൊരുക്കുമെന്ന ഭയത്തിലാണ് പാര്ട്ടി നേതൃത്വം
549.wav,സ്വര്ണമടങ്ങിയ നയതന്ത്ര ബാഗേജ് കസ്റ്റംസ് തുറന്നുപരിശോധിച്ച ജൂെലെ അഞ്ചിനുശേഷമാണു നാലാംപ്രതി സന്ദീപ് നായരും സ്വപ്നയും ഒളിവില് പോയത്
550.wav,സുപ്രീംകോടതി ചീഫ് സെക്രട്ടറിയോട് വിശദീകരണം ചോദിച്ചതിനെത്തുടര്ന്നാണ് സെന്കുമാറിനെ വീണ്ടും ക്രമസമാധാന ചുമതലയുള്ള ഡിജിപിയായി നിയമിച്ചത്
551.wav,ഇന്ത്യയിൽ നികുതി വെട്ടിപ്പ് കേസുകളി ൽ പ്രോസിക്യൂഷ ൻ നടപടിക ൾ കാര്യമായി നടന്നിരുന്നില്ല
552.wav,സംസ്ഥാനത്തിന്റെ വിവിധ ഭാഗങ്ങളില് നടക്കുന്ന കൊവിഡ് ദുരിതാശ്വാസ പ്രവര്ത്തനങ്ങളുടെ മേല്നോട്ടം ഞങ്ങള് നടത്തുന്നുണ്ട്
553.wav,ക്ലോറിന് വാതകത്തിന്റെ ഇടപാട് നടത്തുന്ന കമ്പനി വെയര്ഹൌസില് വന് സ്ഫോടനമുണ്ടായിരുന്നതാണ് വാതക ചോർച്ചയ്ക്ക് കാരണം എന്നാണു വിലയിരുത്തപ്പെടുന്നത്
554.wav,അശാന്തന്റെ കാര്യത്തിലായാലും ആതിരയുടെ കാര്യത്തിലായാലും ജാതിയെ ഒരു ഭയവും കൂടാതെ അവതരിപ്പിക്കപ്പെട്ടിരിക്കുന്നു എന്നതാണ് ഭയപ്പെടുത്തുന്ന കാര്യം
555.wav,സാധാരണ ജീവിതത്തിലേക്ക് മടങ്ങാൻ അറ്റ്ലസ് രാമചന്ദ്രന് ഇനിയും നാളുകൾ വേണ്ടി വരും
556.wav,എന്നാല് കഴിഞ്ഞ ആറുമാസമായി സെക്രട്ടറി ജമീലയാണ് പണം അടയ്ക്കാന് ബാങ്കില് പോയിരുന്നത്
557.wav,ചിലരില് പ്രണയ ബന്ധം നല്ല രീതിയില് മുന്നോട്ട് പോവുമ്പോള് ചിലരിലാകട്ടെ അത് ഇടക്ക് വെച്ച് അവസാനിച്ച് പ്രണയനൈരാശ്യമായി മാറുന്നു
558.wav,തൃണമൂൽ കോൺഗ്രസ് സ്ഥാനാർഥിയായ മൌസം നൂർ മുസ്ലിം ഭൂരിപക്ഷ പ്രദേശമായ മാൽഡ സീറ്റിൽ പരാജയപ്പെട്ടത് എല്ലാവരുടേയും കണ്ണുതുറപ്പിക്കേണ്ടതാണ്
559.wav,ഡിവൈഎഫ്ഐ ചവറ ബ്ളോക്ക് കമ്മിറ്റി നേതാക്കള് നല്കിയ പരാതിയിലാണ് പൊലീസ് നടപടി
560.wav,എല്ലാ കാര്ഷിക മേഖലയും പ്രതിസന്ധിയിലായപ്പോള് ഹൈറേഞ്ചിന് കൈത്താങ്ങായ ഏലത്തിന് ഉയര്ന്ന വില ലഭിച്ചിരുന്നു
561.wav,ആഭ്യന്തരം കൈയ്യിലിരുന്നിട്ടും പിണറായിക്ക് കേസില് ഒന്നും ചെയ്യാനായില്ലന്നാണ് പുറത്തുവരുന്ന റിപ്പോര്ട്ടുകള് സൂചിപ്പിക്കുന്നത്
562.wav,പ്രസിഡന്റ് വിസി മഷ്ഹൂദിന്റെ അധ്യക്ഷതയിൽ ചേർന്ന യോഗം ഐ സി സി ജനറൽ സെക്രട്ടറി സീനു പിള്ള ഉത്ഘാടനം ചെയ്തു
563.wav,കേസ് അന്വേഷണം എൻഐഎക്ക് കൈമാറണം എന്ന ഹർജി പരിഗണിക്കവേയാണ് കോടതിയുടെ വിമർശനം
564.wav,പിന്നെ ഓരോ ലോബും ജ്യൂസ് വേർതിരിക്കാനാവശ്യമായ ഒരു ടൂത്ത്പിക്ക് ഉപയോഗിച്ച് നിരവധി സ്ഥലങ്ങളിൽ കുത്തിയിരിക്കുകയാണ്
565.wav,ആയിരത്തോളം കോടി രൂപയുടെ നഷ്ടം ഈ ദിവസങ്ങളില് സ്ഥാപനത്തിന് ഉണ്ടായെന്നാണ് ഏകദേശ വിലയിരുത്തല്
566.wav,നമ്മുടെ അടുക്കളകള് മായങ്ങളുടെ പാചകപ്പുരകളായി മാറിക്കൊണ്ടിരിക്കുന്ന ദുരവസ്ഥ കണ്ട് കവി അയ്യപ്പപ്പണിക്കര് കുറിച്ചിവിട്ട വരികളാണിത്
567.wav,മന്ത്രി എസി മൊയ്ദീനും ജില്ലാ ഭരണകൂടവും മരിച്ചവരുടെ വീടുകളിലെത്തി ബന്ധുക്കളെ ആശ്വസിപ്പിച്ചു
568.wav,അറ്റകുറ്റപ്പണി നടത്തി പാലം ഗതാഗത യോഗ്യമാക്കാനുള്ള ശ്രമം പുരോഗമിക്കുന്നതിനിടെയാണ് വിള്ളൽ ഗുരുതരമാണെന്ന കണ്ടെത്തലിനെത്തുടർന്ന് ഗതാഗതം നിരോധിച്ചത്
569.wav,റേഷൻ കടകളിലെ ഉത്പന്നങ്ങൾ ഇപ്പോൾ വിൽക്കുന്ന അതേ വിലയ്ക്ക് തന്നെ ഇനിയും വിൽക്കും
570.wav,അദ്ദേഹത്തിന് പാക്കിസ്ഥാനിലേക്ക് പോകാനുള്ള വീസ അയച്ചുകൊടുക്കുമെന്ന് ആക്രോശിച്ച സംഘപരിവാര് അദ്ദേഹത്തിന്റെ മരണം ലഡു വിതരണം ചെയ്തു ആഘോഷിക്കുകയും ചെയ്തു
571.wav,രൂപമാറ്റങ്ങള് പലത് സംഭവിച്ചാണ് സെക്യുലര് അടിത്തറയുള്ള പാര്ട്ടിയായി അവാമി ലീഗ് മാറിയത്
572.wav,അവരുടെ പരാതി സാധൂകരിക്കുന്നതാണ് മെട്രോ പദ്ധതികള്ക്കെതിരെ ചീഫ് സെക്രട്ടറിയും മറ്റു ഉദ്യോഗസ്ഥ മേധാവികളും നടത്തുന്ന ചരടുവലികള്
573.wav,പുരാതന ലളിതമായ പാചകക്കുറിപ്പ് മെലിഞ്ഞ മില്ലറ്റ് കഞ്ഞി പോലും ആണാണോ പാചകം ലഭ്യമാണ്
574.wav,ഏതെങ്കിലും അമ്പയര് മനപൂര്വം തെയാറ്റി ഔട്ട് വിധിക്കും എന്ന് ഞാന് വിശ്വസിക്കുന്നില്ല
575.wav,നാടകശാലയുടെ വലുപ്പം മുതലായി ഭരതമുനി നാട്യശാസ്ത്രത്തില് വര്ണ്ണിച്ചിരിക്കുന്ന എല്ലാം തന്നെ ഈ നാലെണ്ണവുമായി ഏതെങ്കിലും തരത്തില് ബന്ധപ്പെട്ടവ ആണെന്നു കാണാം
576.wav,ഡൌണിങ് സ്ട്രീറ്റിൽ കരഘോഷം മുഴക്കി അദ്ദേഹവും ആരോഗ്യപ്രവർത്തകരോടുള്ള കൃതജ്ഞത പ്രകാശിപ്പിച്ചു
577.wav,കഴിഞ്ഞ ദിവസമാണ് തനിക്കെതിരെ ആരോപണം ഉന്നയിച്ച യുവതിയുമായി നടത്തിയ വാട്സ്ആപ്പ് ചാറ്റും സ്വകാര്യ ചിത്രങ്ങളും നെയ്മര് പുറത്തു വിട്ടത്
578.wav,അതുകൊണ്ട് തന്നെ ഗർഭകാലത്ത് മുകളിൽ പറഞ്ഞ കാര്യങ്ങളിൽ അതീവശ്രദ്ധ ചെലുത്തിയില്ലെങ്കിൽ അത് കുഞ്ഞിന്റെ ആരോഗ്യത്തെ വളരെയധികം പ്രതിസന്ധിയിൽ ആക്കുന്നുണ്ട്
579.wav,അല്ലാതെ ഈഴവരുടെ മാതിരിയോ നസ്രാണികളുടെ മാതിരിയോ നമ്പൂതിരി പോലെയോ ഒരു കൃത്യമായ ജാതി അല്ല നായര്
580.wav,ഈ വേദി ഇത്തരം നല്ല കാര്യങ്ങള്ക്ക് ഉപയോഗിക്കുന്നതിന് കേരള ബ്ലാസ്റ്റേഴ്സ് പ്രശംസ അര്ഹിക്കുന്നു
581.wav,ഈജിപ്തിലും ലിബിയയിലും സിറിയയിലും യമനിലും ജോര്ദാനിലും വമ്പിച്ച ജനാധിപത്യ പ്രക്ഷോഭങ്ങള്ക്ക് തെരുവിലിറങ്ങാന് അറബ് ജനതയെ പ്രചോദിപ്പിച്ചത് തുനീഷ്യന് പോരാട്ടത്തിന്റെ വിജയമായിരിന്നു
582.wav,ഫണ്ട് വാങ്ങി സിനിമയെടുക്കുന്നവരുടെ മാത്രം ചിത്രങ്ങള് മേളയിലെത്തുകയും സ്വതന്ത്രരായി സിനിമ നിര്മ്മിക്കുന്നവരുടെ സിനിമകള് മേളയില് കുറയുകയും ചെയ്യുന്നു
583.wav,പഴകിയ ഇഷ്ടികകള് വിരിച്ച നിലത്ത് കൊച്ചുപായകളും കുഷ്യനുകളും കൊണ്ടുള്ള ഇരിപ്പിടങ്ങളും അവിടെ തയാറാക്കിയിരുന്നു
584.wav,ഇക്കാര്യം ഭര്ത്താവിനോട് പറഞ്ഞപ്പോള് സ്ത്രീധനം പൂര്ണമായും നല്കാത്തതിനാല് നിനക്ക് തന്ന ശിക്ഷയെന്നാണ്
585.wav,ഇത്തരം ഭാഗം നീക്കണമെന്ന് ആവശ്യപ്പെട്ട് തമിഴ്നാട് വിവരസാങ്കേതിക വകുപ്പ് മന്ത്രി കടമ്പൂര് രാജന് രംഗത്തുവന്നിരുന്നു
586.wav,ചെക്ക്പോസ്റ്റ് ഡ്യൂട്ടിയിലുള്ള മെഡിക്കല് ഓഫീസര് വാഹനത്തിലുള്ളവരെ പരിശോധിച്ച് ആവശ്യമായ നിര്ദേശങ്ങള് നല്കണം
587.wav,തായമ്പകയിൽ നവക്കൂർ ചിട്ടപ്പെടുത്തിയും ഉദയാസ്തമയ തായമ്പക യജ്ഞം അവതരിപ്പിച്ചും രാധാകൃഷ്ണ മാരാർ പ്രശസ്തി നേടിയിട്ടുണ്ട്
588.wav,പകുതി മുകളിലേക്ക് കയറിയ ശേഷം ഗേറ്റിന്റെ വിടവിലൂടെ ഒരു തെരുവ് സർക്കസുകാരന്റെ മെയ്വഴക്കത്തോടെ അകത്തേയ്ക്ക് ചാടിക്കടന്നു
589.wav,പരമ്പര ജേൻസ് പിതാവിന്റെ ആത്മാവിൽ കോമിക്ക് സ്കെച്ചുകൾ ഒരു നിധി കുംഭം തന്നെയാണ്
590.wav,വീ ആർ സോഷ്യൽ ആൻഡ് ഹൂട്സുട്ടിന്റെ റിപ്പോർട്ടിൽ സ്നാപ്ചാറ്റിനെ ഇന്ത്യയിലെ പത്താമത്തെ ഏറ്റവും സജീവ സാമൂഹിക മാധ്യമ ശൃംഖലയായി തിരഞ്ഞെടുത്തിരുന്നു
591.wav,കൊഴിഞ്ഞു വീഴുന്ന ആലിൻകായ്കൾക്കും ചെറുകമ്പുകൾക്കും കരിയിലകൾക്കു പോലും പ്രത്യേകമായ ഒരു ജീവതാളമുണ്ടെന്ന് ഞാനറിഞ്ഞത് ഓലഷീറ്റ് മേഞ്ഞ ആ ഒറ്റമുറി വീട്ടിനുള്ളിലിരുന്നാണ്
592.wav,ആ ഘട്ടത്തില് ജനസംഘം സ്ഥാപക ജനറല് സെ ക്രട്ടറി ദീനദയാല് ഉപാധ്യായ കേരളത്തില് പര്യടനമായി എത്തി
593.wav,ചരിത്രം കുറിച്ച് കോട്ടയം സിഎംഎസ് കോളേജിലേക്ക് ഇക്കുറി ട്രാന്സ്ജെന്ഡര് വിഭാഗക്കാരും
594.wav,ഈ അവസ്ഥ കുട്ടികളില് ഏറെ മാനസിക സംഘര്ഷമുണ്ടാക്കുകയും പഠനത്തോടുള്ള താല്പര്യം കുറക്കുകയും ചെയ്യുന്നുവെന്നതാണ് സത്യാവസ്ഥ
595.wav,കഴിഞ്ഞ ദിവസം ളാഹയില് മരിച്ച നിലയില് കണ്ടെത്തിയ മൃതദേഹം പൊലീസ് നടപടിയില് കൊല്ലപ്പെട്ടയാളുടേതാണെന്ന് ഹര്ജിക്കാരന്റെ ആവശ്യത്തോട് പ്രതികരിക്കുകയായിരുന്നു കോടതി
596.wav,തുടർന്നുണ്ടായ സങ്കർഷം റിപ്പോർട്ട് ചെയ്യാനെത്തിയ മാതൃഭൂമി ചാനൽ ക്യാമറമാനെ സ്കൂൾ മാനേജ്മന്റ് അധികൃതർ ആക്രമിക്കുകയായിരുന്നു
597.wav,ഫലത്തിൽ നഷ്ടങ്ങളുടെ ഒരു വീഴ്ചയിലേക്കുള്ള ത്രിശങ്കുസ്വർഗ്ഗത്തിൽ നിൽക്കുകയാണ് സച്ചിൻ പൈലറ്റ്
598.wav,മരുന്നുകഴിച്ചാല് ഒരാഴ്ച കൊണ്ടും മരുന്നു കഴിച്ചില്ലെങ്കില് ഏഴ് ദിവസം കൊണ്ടും ജലദോഷം മാറുമെന്ന് ഒരു ചൊല്ലുതന്നെയുണ്ട്
599.wav,നമ്മുടെ പ്രഭാത ഭക്ഷണത്തിന്റെ കാര്യത്തില് ഇഡ്ഡലിയ്ക്കുള്ള പ്രാധാന്യം ഒന്നു വേറെ തന്നെയാണ്
600.wav,സർക്കാർ സഹായത്തോടെ കമ്പനിയെ ഇപ്പോൾ രക്ഷിച്ചെടുത്താലും ഉയർന്ന കടബാധ്യതയുള്ള കമ്പനിക്ക് ആറു മാസത്തിലധികം മുന്നോട്ടു പോകാനാകില്ലെന്നാണ് കണക്കാക്കുന്നത്
601.wav,ജൈവ പച്ചക്കറി എന്ന പേരില് ലഭിക്കുന്ന പച്ചക്കറികള് രാസവളവും കീടനാശിനികളും ഉപയോഗിച്ച് ഉത്പാദിപ്പിച്ചതാണോ എന്ന് പരിശോധിക്കാന് യാതൊരു സംവിധാനവും ജില്ലയില്ല
602.wav,പരിസ്ഥിതിയുടെ പേരിലായാലും മനുഷ്യത്വത്തിന്റെ പേരിലായാലും അരാജകത്വം സൃഷ്ടിക്കാനിറങ്ങിത്തിരിക്കുന്നവരെ അറിയാനും ആട്ടിപ്പായിക്കാനും ജനം സജ്ജരാകുന്നുവെന്നതാണ് അതിന് ഏറ്റവും വലിയ തെളിവ്
603.wav,രാവേറെ വൈകിയും ഇത്രയും സജീവമായ നഗരങ്ങൾ ലോകത്ത് മറ്റൊരിടത്തും കാണുക പ്രയാസമാണ്
604.wav,ചൊവ്വാഴ്ച രാത്രിയോടെ ഇവരെ വീട്ടില് നിന്ന് വലിച്ചിറക്കിക്കൊണ്ടുവന്ന ആള്ക്കൂട്ടം പല്ല് അടിച്ചുകൊഴിക്കും മുമ്പ് നിര്ബന്ധിച്ച് മലം തീറ്റിക്കുകയായിരുന്നു
605.wav,ചൊവ്വാഴ്ച ചേർത്തല നഗരസഭാ ടൌൺഹാളിൽ നടന്ന നിധി സമാഹരണത്തിൽ വിവിധ മേഖലകളിൽനിന്നുള്ളവർ സംഭാവനയുമായെത്തി
606.wav,വേങ്ങര മണ്ഡലത്തിൽ ഡെമോക്രാറ്റിക് സോഷ്യൽ ജസ്റ്റിസ് പാർട്ടിയുടെ സ്ഥാനാർത്ഥിയായിയാണ് ഇവർ മത്സരിക്കാനിരുന്നത്
607.wav,ഉത്തര് പ്രദേശ് സ്റ്റേറ്റ് റോഡ് ട്രാന്സ്പോര്ട്ട് കോര്പ്പറേഷന്റെ ആഡംബര ബസിനാണ് യുവതി തീവെച്ചത്
608.wav,ഇതുവരെ പ്രത്യക്ഷപ്പെടാത്ത രീതിയിൽ പുതുമയുള്ള ഒരു ലുക്ക് വേണമെന്നുണ്ടായിരുന്നു എനിക്ക്
609.wav,ചീര പേസ്റ്റ് രൂപപ്പെടുന്നത് വരെ മെഷീൻ പ്രവർത്തിക്കുകയും പെസ്റ്റോ പ്രക്രിയ ചെയ്യുകയും ചെയ്യുന്ന സമയത്ത് ചീരയും പാഴുകളും ചേർക്കുക
610.wav,എറണാകുളം ജില്ലയിൽ സമ്പർക്കത്തിലൂടെ കോവിഡ് ബാധിക്കുന്ന രോഗികളുടെ എണ്ണം ദിനം പ്രതി വർധിക്കുന്ന സാഹചര്യത്തിൽ കൂടുതൽ കണ്ടെയ്ൻമെന്റ് സോണുകൾ പ്രഖ്യാപിച്ചു
611.wav,എല്ലാവരും ഒരുമിച്ചിറങ്ങി ഓരോ വാഹനത്തില് കയറിയതോടെ മന്ത്രിക്ക് പോകാന് വാഹനമില്ലാതായി
612.wav,ജോലി ചെയ്യുമ്പോൾ മെച്ചപ്പെട്ട ശമ്പളവും തൊഴിൽ സാഹചര്യങ്ങളും ഓരോ തൊഴിലാളിയുടെയും അവകാശമാണ്
613.wav,ലോകമെങ്ങുമുള്ള ഇസ്ലാം മത വിശ്വാസികൾക്ക് ജറുസലമിലെ അഖ്സ മോസ്ക്കിൽ പ്രാർഥനക്കെത്താൻ കരാർ വഴിയൊരുക്കുമെന്ന് ട്രംപ് പറഞ്ഞു
614.wav,പുതിയ കണക്കുകൾ പ്രകാരം ഏറ്റവും കൂടുതൽ ബാറുകൾ പ്രവർത്തിക്കുക എറണാകുളം ജില്ലയിലാണ്
615.wav,മാഞ്ചസ്റ്റര് പരിശീലകന് ഹോസെ മൌറീന്യോ കുപിതനാകുകയും ഇയാനിക്കെതിരെ പാഞ്ഞടുക്കുകയും ചെയ്തെങ്കിലും സുരക്ഷാ ഉദ്യോഗസ്ഥര് പ്രശ്നത്തിലിടപെട്ടതിനാല് കൂടുതല് അനിഷ്ട സംഭവങ്ങുണ്ടായില്ല
616.wav,താന് ഭാഗമായ ഫൌണ്ടേഷന് ഫോര് റിസ്റ്റോറേഷന് ഓഫ് നാച്വറല് വാല്യൂസ് ഇതു സംബന്ധിച്ച പൊതുതാത്പ്പര്യ ഹര്ജി സമര്പ്പിക്കുമെന്ന് അദ്ദേഹം പറഞ്ഞു
617.wav,നെയ്മര് ലൈംഗികമായി പീഡിപ്പിച്ചു എന്ന് ആരോപിച്ച യുവതി താനുമായി സംസാരിച്ചതിന്റെ വിവരങ്ങളും യുവതിയുടെ ചിത്രങ്ങളും ഉള്പ്പെടെയുള്ള വീഡിയോ നെയ്മര് പുറത്തുവിടുകയായിരുന്നു
618.wav,ചൈനയില് ഉല്പ്പന്നങ്ങള് പരസ്യം ചെയ്യുന്നതുമായി ബന്ധപ്പെട്ട പുതിയ നിയമങ്ങളാണ് ഷവോമിക്കെതിരെ അന്വേഷണം നടത്താന് അധികൃതര് പരാതിയുടെ അടിസ്ഥാനത്തില് തയ്യാറായിരിക്കുന്നത്
619.wav,അമേരിക്കൻ ഒറ്റ നില വീടുകൾ നിയോഗങ്ങളായി അതിന്റെ വൈവിധ്യം കൊണ്ട് മതിപ്പുളവാക്കുന്നു
620.wav,ഈ ദുരന്തകാലത്ത് മലയാളികള് എങ്ങനെയാണ് കടന്നു പോകുന്നത് എന്നതിന്റെ പരിച്ഛേദം കൂടിയാണ് ഈ എഴുത്തുകള്
621.wav,രോഗവ്യാപനം കുറയുന്നു എന്നല്ല ഇതിന്റെ അർത്ഥം മറിച്ച് രോഗവ്യാപന ഗ്രാഫ് ഉയരാതെയും താഴാതെയും തിരശ്ചീനമായി പോകുന്നു എന്നതാണ്
622.wav,എംബസി മുഖേന ഇവരുടെ മടക്ക് യാത്രയ്ക്കുള്ള ടിക്കറ്റും സംഘടിപ്പിച്ചാണ് ഇന്നലെ നാട്ടിലേക്ക് അയച്ചത്
623.wav,മര്യാദകൾ സമൂഹത്തിൽ സ്വഭാവം മാനദണ്ഡങ്ങൾ അനിവാര്യമായും എല്ലാവർക്കും വിവേകിയുമായ അപ്പീൽ ബന്ധപ്പെട്ട
624.wav,കഴിഞ്ഞ ഒരു വര്ഷമായി അവരുടെ കുട്ടികളെ വീട്ടില് നിന്ന് പഠിക്കുന്നത് നിലനിര്ത്താന് സാധ്യതയുണ്ട്
625.wav,ബ്രൊന്ഛൊസ്ചൊപ്യ് ആൻഡ് സ്പുതുമ് ശേഷം ലഭിച്ച ഉള്ളടക്കം ലബോറട്ടറി പരിശോധനകൾ ലേക്ക് അയച്ചു
626.wav,കോടതിയില് ഹാജരാകാതിരുന്നാല് യുഎസില് പിന്നീട് പ്രവേശിക്കുന്നതിന് അഞ്ചു വര്ഷത്തേക്കു വിലക്കു വരും
627.wav,കോണ്ഗ്രസ്സിനും ജനപക്ഷത്തിനും മൂന്ന് അംഗങ്ങളും ബിജെപിക്ക് രണ്ട് അഗംങ്ങളും പൂഞ്ഞാര് പഞ്ചായത്തിലുണ്ട്
628.wav,ഇത്തരം പുരുഷന്മാർ എപ്പോഴും നമ്മുടെ ലോകത്തിന്റെ നല്ല ലൈംഗിക ഒരു ബലഹീനത ഉണ്ടായിരുന്നു
629.wav,കേരളത്തിന്റെ ഭാവി ശോഭനമാകണമെങ്കില് എന്ഡിഎ സ്ഥാനാര്ത്ഥികളെ വിജയിപ്പിക്കണമെന്നും പ്രധാനമന്ത്രി നരേന്ദ്ര മോദി ആവശ്യപ്പെട്ടു
630.wav,അതേസമയം നടി കീര്ത്തി സൂരേഷും ചിത്രത്തില് വിജയുടെ നായികയായി എത്തുന്നുമെന്ന തരത്തില് റിപ്പോര്ട്ടുകള് വന്നിരുന്നു
631.wav,സ്രഷ്ടാവ് ഉപയോഗിക്കുന്ന സൃഷ്ടിപരമായ പ്രക്രിയകളെക്കുറിച്ച് ശാസ്ത്രീയ അന്വേഷണം ഒന്നും നമുക്ക് കണ്ടെത്താനാവില്ല
632.wav,നേരത്തെ ചില ഇറ്റാലിയൻ മാധ്യമങ്ങൾ താരത്തിന് ഒരു മാസം പുറത്തിരിക്കേണ്ടിവരുെമന്ന് റിപ്പോർട്ട് ചെയ്തിരുന്നു
633.wav,സാധാരണ ഞാന് അഭിനയിച്ച ചിത്രങ്ങള്ക്ക് ഇത്രത്തോളം പ്രേക്ഷക ശ്രദ്ധ പിടിച്ചുപറ്റാന് സാധിച്ചിട്ടില്ല
634.wav,വിദേശത്തുനിന്ന് ഇങ്ങോട്ട് വസ്തുക്കള് വന്നിരുന്നതുപോലെ തിരിച്ചും പായ്ക്കറ്റുകള് കടത്തിയിട്ടുണ്ടെന്ന രേഖകള് അന്വേഷണ ഏജന്സികള്ക്ക് പരിശോധനയില് ലഭിച്ചിരുന്നു
635.wav,മുട്ട് വരെ ഇറക്കുമുള്ള ടോപ് അങ്ങനെ മെല്ലെ ഉയര്ന്ന് അവളുടെ അരക്കെട്ട് വരെയെത്തി
636.wav,അന്വര് റഷീദ് എന്റര്ടെയ്ന്മെന്റിന്റെ ബാനറില് അന്വര് റഷീദ് തന്നെയാണ് ചിത്രം നിര്മിക്കുന്നത്
637.wav,ബിയറ്റിയുടെ ചിത്രങ്ങളുടെ കൂട്ടത്തില് പ്രധാനമാണ് ലോകത്തിന്റെ വിവിധ ഭാഗങ്ങളില് നിന്നും പകര്ത്തിയ കുട്ടികളുടെ ചിത്രങ്ങള്
638.wav,കോളേജ് ബിരുദധാരിയായ ആരെങ്കിലും തന്നെ വേണം എന്നായിരുന്നു അമ്മയുടെ ആഗ്രഹവും നിര്ബന്ധവും
639.wav,ഇടുക്കി ജില്ലയില് കനത്ത മഴ തുടരുന്ന സാഹചര്യത്തില് മുല്ലപ്പെരിയാര് റിസര്വോയറിന്റെ ക്യാച്മെന്റ് ഏരിയയില് ജല നിരപ്പ് വളരെ വേഗത്തില് ഉയര്ന്നുകൊണ്ടിരിക്കുകയാണ്
640.wav,കുടുംബസുഹൃത്തെന്ന നിലയിൽ കണ്ടുമുട്ടിയ സ്വിറ്റ്സർലണ്ടുകാരി മാർഗരെറ്റ് റെസ്പിഞ്ഞറുമായി വിറ്റ്ജൻസ്റ്റൈൻ അടുപ്പത്തിലായിരുന്നെങ്കിലും അവരെ വിവാഹം കഴിക്കാനുള്ള അദ്ദേഹത്തിന്റെ പരിപാടി നടപ്പായില്ല
641.wav,ആറു മാസം കഴിഞ്ഞിട്ടും സജി ബഷീറിനെ പ്രോസിക്യൂട്ട് ചെയ്യാൻ സർക്കാർ അനുമതി നൽകാത്തത് വിവാദമായിരുന്നു
642.wav,മോദി സര്ക്കാരിന്റെ സാമ്പത്തിക നയങ്ങളെ രൂക്ഷമായി വിമര്ശിക്കുകയാണ് അഭിജിത്ത് ബാനര്ജി ചെയ്തത്
643.wav,സേവന പുസ്തകത്തിൽ രേഖപ്പെടുത്തി ഒരേ സമയം വാഹനത്തിന്റെ ഇന്റീരിയർ എല്ലാ ഇടപെടലുകളും
644.wav,എന്നാൽ കളിയുടെ നിർണായകമായ അഞ്ചാം ദിവസമാണ് എല്ലാം ഇന്ത്യയുടെ കൈവിട്ടു പോയത്
645.wav,ഗൂഡാലോചന നടത്തിയവർ പിടിക്കപ്പെടും എന്ന ഭയമാണ് കൊണ്ടാണ് സി ബി ഐ അന്വേഷണത്തെ മുഖ്യമന്ത്രി ഭയക്കുന്നതെന്നും സുധീരൻ പറഞ്ഞു
646.wav,അതിനാൽ കേസിൽ കോടതിക്കു പുറത്ത് ഒരു സമവായത്തിൽ എത്തി പരിഹരിക്കണമെന്നാണ് ഇറ്റലിയുടെ പ്രധാന ആവശ്യം
647.wav,ഇതാദ്യമായാണ് ഡചസ് ഓഫ് കാംബ്രിഡ്ജ് ഒരു പാലസ് സ്റ്റേറ്റ് ഡിന്നറിൽ ഭാഗഭാക്കായതെന്ന പ്രത്യേകതയും ഈ ഡിന്നറിനുണ്ട്
648.wav,വഴിയിൽ നിൽക്കുന്ന ആരേയും പിടിച്ചുകൊണ്ടുപോകാനും സാരോപദേശം നൽകാനും മർദിക്കാനും പോലീസിന് അധികാരമില്ല
649.wav,സ്വതന്ത്ര രാഷ്ട്രമാകണം എന്ന കാറ്റലോണിയക്കാരുടെ ആവശ്യം പരിഗണിച്ച് അടുത്തിടെ ഹിതപരിശോധന നടന്നിരുന്നു
650.wav,തെരേസ മേയുടെ നേതൃത്വത്തെ ചോദ്യം ചെയ്ത് ഒരുവിഭാഗം കൺസർവേറ്റീവ് പാർട്ടി എംപിമാർ കൊണ്ടുവന്ന അവിശ്വാസ പ്രമേയത്തെ അവർ അതിജീവിച്ചു
651.wav,അക്രമകാരികളായ നായകളെ വന്ധ്യംകരിക്കുമെന്ന് മാത്രം പരാമര്ശിച്ചാണ് സംസ്ഥാന സര്ക്കാര് സുപ്രീംകോടതിയില് സത്യവാങ്മൂലം സമര്പ്പിച്ചിരുന്നത്
652.wav,പ്രമുഖ വിഷ്വല് ഇഫക്റ്റ്സ് എഡിറ്റര് പീറ്റര് പോളുമായുള്ള വനിതയുടെ വിവാഹജീവിതം അധികനാൾ തുടര്ന്നില്ല
653.wav,തുടർന്ന് അറിയപ്പെടാത്ത ഗുരുദേവ ചരിത്രം എന്ന വിഷയത്തിൽ ബിബിൻ ഷാ പ്രഭാഷണം നടത്തി
654.wav,വണ് നൈറ്റ് സ്റ്റാന്റ് എന്ന ചിത്രത്തിന് ശേഷം ബോളിവുഡിലെ മറ്റ് ചിത്രങ്ങളുടെ തിരക്കിലാണ് സണ്ണി ലിയോണ്
655.wav,ആ ഒരൊറ്റ രാവില് നിങ്ങള് ഇബാദത്തുകളിലേര്പ്പെടുന്നത് മറ്റുള്ളവരുടെ ആയിരം മാസമുള്ള ആരാധനാ കര്മങ്ങളെ കവച്ചുവെക്കുന്നതാണ്
656.wav,ചിത്രത്തില് ഉപയോഗിച്ച നീല നിറത്തിലുള്ള വാനാണ് അദ്ദേഹം ദുല്ഖറിന് ജന്മദിന സമ്മാനമായി കൊടുത്തത്
657.wav,ആദ്യം ജില്ലാ ആശുപത്രിയില് പ്രവേശിപ്പിച്ച സ്ത്രീയുടെ നില ഗുരുതരമായതിനെത്തുടര്ന്ന് മെഡിക്കല് കോളജിലേക്ക് മാറ്റുകയായിരുന്നു
658.wav,ബോക്സ് ഓഫീസ് കളക്ഷന്റെ കാര്യത്തിലും നേട്ടമുണ്ടാക്കി കൊണ്ടാണ് ബിഗ് ബഡ്ജറ്റ് ചിത്രം പ്രദര്ശനം തുടരുന്നത്
659.wav,നോട്ട് നിരോധനവും ജി എസ് ടിയുമാണ് പ്രതികൂലമായി ബാധിച്ചതെന്ന് സർക്കാരിന്റെ തന്നെ സ്റ്റാറ്റിസ്റ്റിക്സ് ഡിപ്പാർട്മെന്റ് വിലയിരുത്തുന്നു
660.wav,വിനയ് ഫോർട്ടിനൊപ്പം ചിത്രത്തിൽ നായകൻ ഫഹദ് ഫാസിലും ദിനേശ് നായരും കൂടെയുണ്ട്
661.wav,ഫിറ്റ്നസ് മോഡലുകളും പ്രൊഫഷണലുകളും വർഷത്തിൽ അവരുടെ ശരീരത്തിന് കരുത്തുറ്റ ശരീരങ്ങളെ നിലനിർത്താൻ ഏതാനും തന്ത്രങ്ങൾ പിന്തുടരുന്നു
662.wav,ലോക്ക് ഡൌൺ മൂലം രാജ്യത്തേറ്റവും കൂടുതൽ മലയാളികൾ കുടുങ്ങി കിടക്കുന്ന കർണാടകയിലാണ്
663.wav,രോഗം മാറാൻ ഉറുക്കെഴുതിക്കെട്ടുന്നതും സോറിയാസിസ്സ് ശമിക്കാൻ പാമ്പിനു മുട്ട നേദിക്കുന്നതും ഈ ചികിത്സമാർഗത്തിനുദാഹരണം തന്നെ
664.wav,രണ്ട് മണിക്കൂറിന് ശേഷം കോടതിയുടെ പടവുകള് ഇറങ്ങുമ്പോള് മുഖത്ത് കാണാന് കഴിഞ്ഞത് നിരാശ
665.wav,ദക്ഷിണാഫ്രിക്കൻ പെയ്സർ ലുൻഗി എൻഗിഡിയെ അടിസ്ഥാന തുകയായ അരക്കോടി രൂപക്ക് ടീമിലെടുക്കാൻ സാധിച്ചത് ചെന്നൈ സൂപ്പർ കിംഗ്സിന് വലിയ നേട്ടമായി
666.wav,അച്ഛനേയും അമ്മയേയും നഷ്ടപ്പെട്ട് ആ റോഡരികിൽ നിന്ന മക്കളെ ആണ്ടാൾ കൂടെ കൂട്ടി
667.wav,അനധികൃത ഖനനത്തില് ഇവരുടെ പങ്കിനെക്കുറിച്ച് അന്വേഷിക്കാനാണ് കര്ണാടകയിലെ പ്രത്യേക അന്വേഷണ സംഘത്തോട് ആവശ്യപ്പെട്ടത്
668.wav,പനഗുഡിയിലെ ഒരു സ്കൂളില് ആറ് വര്ഷത്തോളം ഇയാള് താല്ക്കാലിക അധ്യാപകനായി ജോലി ചെയ്തിട്ടുണ്ട്
669.wav,എന്നിട്ട് ഇപ്പോൾ ചേട്ടൻ തന്നെ അച്ഛന്റെ ശവസംസ്കാരം വീട്ടിൽ നടത്തുന്നതിനെ തടയുന്നു
670.wav,വേണ്ടത്ര ന്യൂട്രിയൻസ് കിട്ടാതെ വരുമ്പോൾ മുടി നേർത്തതാകുകയും ഇതു മൂലം മുടിയുടെ അടിഭാഗം പിളരുകയും ചെയ്യുന്നു
671.wav,ചിരിച്ചാണ് അശ്വതി ഫോട്ടോയ്ക്ക് പോസ് ചെയ്തതെങ്കിലും ശ്രീകാന്തിന്റെ ഭാവം ഏറെ വ്യത്യസ്തമായിരുന്നു
672.wav,മൂന്നു മാസത്തിനകം അനന്തലാല് തുക പരാതിക്കാരനായ കളമശ്ശേരി വളമംഗലം വീട്ടില് സജി ഈപ്പന് എന്നു വിളിക്കുന്ന മാത്യൂ ഈപ്പന് നല്കണം
673.wav,ഒരുപാട് പേരുടെ നിലവിളിയും ചോരയും മനോവിഭ്രാന്തിയുമൊക്കെയാണ് ഈ കളിയുടെ പരിണിത ഫലം
674.wav,സ്കൂള് പഠനം നേരത്തെ അവസാനിപ്പിച്ച ഗുരാംഗ് അത്തരമൊരു പാവപ്പെട്ട അവസ്ഥയില് നിന്നാണ് ഇന്ന് ഗൂര്ഖാലാന്ഡ് പ്രക്ഷോഭത്തിന്റെ കുന്തമുനയായി മാറുന്നത്
675.wav,മാരുതി സുസുക്കിയുടെ ജനപ്രിയ എംപിവി എര്ട്ടിഗ സെഗ്മെന്റില് മികച്ച വില്പ്പന നേടി മുന്നേറുകയാണ്
676.wav,ഈ ആത്മവിശ്വാസത്തില് സര്ക്കാര് രൂപീകരിക്കാനുള്ള അവകാശവാദം ഗവര്ണ്ണറുടെ മുന്നില് ഉന്നയിക്കുകയും ചെയ്തു കോണ്ഗ്രസ് നേതാക്കള്
677.wav,കാശ്മീര് വിഷയം ചര്ച്ചയിലൂടെ പരിഹരിക്കണമെന്ന് സുപ്രീം കോടതി നേരത്തെ കേന്ദ്രത്തോട് ആവശ്യപ്പെട്ടിരുന്നു
678.wav,തന്റെ തന്നെ ഒരു പ്രൊഡക്ഷന്റെ ഷൂട്ടിങ്ങിൽ വെച്ചാണ് മസ്താൻ ആദ്യമായി സോനയെ കണ്ടത്
679.wav,ഏതായാലും പിണറായി വിജയന്റെ നേതൃത്വത്തില് ഇടതുഭരണം ആരംഭിച്ചപ്പോള് മാര്ക്സിസ്റ്റ് വിരുദ്ധര് പോലും ഇങ്ങനെയൊരു ഇരുട്ടടി പ്രതീക്ഷിച്ചിരിക്കില്ല
680.wav,അന്താരാഷ്ട്ര സ്കൂട്ടര് ബ്രാന്ഡായ പിയാജിയോയുടെ വെസ്പ സ്കൂട്ടര് ഇന്ത്യയില് ലോഞ്ച് ചെയ്തു
681.wav,ഫേസ് ബുക്കിൽ പോസ്റ്റ് ചെയ്ത വീഡിയോയിലൂടെയാണ് അനു മമ്മൂട്ടിക്ക് ആശംസകള് നേര്ന്നിരിക്കുന്നത്
682.wav,സുമിത് ഗോയലിന് ചില ഉന്നത രാഷ്ട്രീയ നേതാക്കളുമായി ബന്ധമുണ്ടെന്ന് ഹൈക്കോടതിയിലടക്കം വിജിലൻസ് വ്യക്തമാക്കിയിരുന്നു
683.wav,മരങ്ങളെയും കിളികളെയും മനുഷ്യരെയും സ്നേഹിക്കുമ്പോള് നമ്മള് യഥാര്ഥത്തില് ദൈവത്തെ തന്നെയാണ് സ്നേഹിക്കുന്നത് എന്നൊരു ഉള്വെളിച്ചം ബഷീറിനുണ്ടായിരുന്നതായി ഒരു പ്രബന്ധത്തില് വായിച്ചിട്ടുണ്ട്
684.wav,എക്സ്റ്റേണല് കമേഴ്സ്യല് ബാങ്കിങ് പദ്ധതി വഴി വിദേശരാജ്യങ്ങളില് നിന്ന് കടമെടുക്കാനുള്ള റിസര്വ് ബാങ്കിന്റെ പദ്ധതി അനുസരിച്ചാണ് ഈ നടപടി
685.wav,നൂറ് വർഷത്തിലധികം പഴക്കുള്ള ക്ലബ്ബായ ഈസ്റ്റ് ബംഗാൾ സെപ്റ്റംബർ നാലിനകം കരാറിൽ ധാരണയിലെത്തുകയും ഐഎസ്എല്ലിലേക്ക് പോവുകയും ചെയ്യും
686.wav,മാധ്യമപ്രവർത്തകരെ അല്ലാതെ മറ്റാരെയും ബിഷപ്പ് എത്തുന്ന ഘട്ടത്തിൽ ചോദ്യംചെയ്യൽ കേന്ദ്രം ഉള്ള ഇട റോഡിലേക്ക് പ്രവേശിപ്പിച്ചില്ല
687.wav,പരീക്ഷ ചീഫും നീലേശ്വരം ഹയർ സെക്കണ്ടറി സ്കൂൾ പ്രിൻസിപ്പലുമായ കെ റസിയയുടെ ജാമ്യാപേക്ഷ നാളെ പരിഗണിക്കും
688.wav,മോഷണം കഴിഞ്ഞ് സാധനങ്ങളുമായി പുറത്തെത്തുമ്പോള് കാര് തിരികെ എത്തി ഇവരെ കൊണ്ടുപോകും
689.wav,ജില്ലാതല സമിതികളിലെ തിരഞ്ഞെടുപ്പ് നടപടികള് പൂര്ത്തിയാകുന്ന മുറയ്ക്ക് ബോര്ഡ് രൂപീകരണം ഉണ്ടാകുമെന്നും എ സി മൊയ്തീന് മീഡിയവണിനോട് പറഞ്ഞു
690.wav,സഊദി അറേബ്യ ഉള്പ്പടെയുള്ള രാജ്യങ്ങളില് നിന്നും ആസ്പത്രികളില് നിന്നും രോഗികളെ പുറത്താക്കുന്നതുള്പ്പടെയുള്ള നടപടികള് സ്വീകരിച്ചതായി ഡോ
691.wav,ജാതി മേല്ക്കോയ്മയ്ക്ക് എതിരെ നിരന്തരം പടവെട്ടിയാണ് തോള് തിരുമാവളവന് ചിദംബരത്ത് നിന്നും പാര്ലമെന്റിലേക്ക് എത്തുന്നത്
692.wav,മലയാളത്തില് കാലുറപ്പിച്ച മിയാ ജോര്ജും മറ്റ് നായികമാരെ പോലെ തന്നെ ഇനി പോകുന്നത് തമിഴകത്തേക്കാണ്
693.wav,നിങ്ങൾ യഥാർത്ഥ ചെലവുകൾ നികുതി കിഴിവ് ഉപയോഗിക്കുകയും കഴിഞ്ഞ വർഷങ്ങളിൽ വേഗത്തിലുള്ള അന്തിമ തീരുമാനമെടുക്കുകയും ചെയ്തു
694.wav,വിഷയത്തില് അധികൃതരുമായി കൂടി ആലോചിച്ചു തീരുമാനമെടുക്കാമെന്ന കൊല്ലം കോടതി ഉത്തരവിന്റെ പകര്പ്പ് ഇറ്റാലിയന് മന്ത്രി മുഖ്യമന്ത്രിക്ക് കൈമാറി
695.wav,ഒരുമിച്ച് അഭിനയിച്ച സൂപ്പർ താരങ്ങളെക്കുറിച്ച് ഒരു അഭിമുഖത്തിൽ അഭിപ്രായം ചോദിച്ചപ്പോഴാണ് നടി രസകരമായ മറുപടി പറഞ്ഞത്
696.wav,തുടര്ന്ന് പ്രവാസികളുടെ വ്യാപക പ്രതിഷേധത്തിനൊടുവില് ഇന്ന് വൈകുന്നേരം കേന്ദ്ര സര്ക്കാര് പ്രത്യേക ഉത്തരവിറക്കുകയായിരുന്നു
697.wav,സമുദ്രത്തിലെ ജലനിരപ്പ് ഈ വിധം ഉയർന്നാൽ മുങ്ങിപ്പോകാവുന്ന വൻ നഗരങ്ങളിൽ ഇന്ത്യയിലെ മുംബൈയുമുണ്ട്
698.wav,ഒരു വീട്ടമ്മയുടെ നൈസർഗ്ഗീകമായ ഭാവങ്ങൾ പോലും പുണ്യത്തിന്റെ പാതകളും പടികളുമായി ഫ്രാൻസിസ് പാപ്പാ വ്യാഖ്യാനിക്കുന്നു
699.wav,അല്പം കഴിഞ്ഞതോടെ സമീപത്തെ കോളനികളില് നിന്ന് ആളുകളെത്തിയതോടെ പ്രതിഷേധക്കാരുടെ എണ്ണം രണ്ടായിരത്തിലധികമായി ഉയര്ന്നു
700.wav,എന്നാല് തത്കാലം പുനഃസംഘടന നടത്തിയശേഷം സംഘടനാ തിരഞ്ഞെടുപ്പിലേക്ക് പോകാമെന്നാണ് സുധീരന്റെ നിലപാട്
701.wav,എന്നാൽ വിഷ്ണുനാഥിനെ ഒഴിവാക്കി പകരം തന്റെ നോമിനിയായ വെളിയം ശ്രീകുമാറിനെ ഉൾപ്പെടുത്തണമെന്നായിരുന്നു കൊടിക്കുന്നിൽ സുരേഷിന്റ ആവശ്യം
702.wav,മുലക്കാമ്പുകൾ വീർത്തൂന്തി അവൻറെ നെഞ്ചിൽ വരവറിയിച്ചപ്പോൾ അവൻ അധര പാനത്തിൽ നിന്നും ഗതി തിരിച്ചു
703.wav,വ്യാഴാഴ്ച ആകെ നാലുമണിക്കൂര് മാത്രമാണു സിബിഐക്ക് ചോദ്യം ചെയ്യാന് അവസരം കിട്ടിയത്
704.wav,മധ്യപൂര്വേഷ്യയിലേയും വടക്കേ ആഫ്രിക്കന് മേഖലയിലേയും നേതാക്കളില് ഫേസ്ബുക്കില് ഏറ്റവും കൂടുതല് ആളുകള് പിന്തുടരുന്ന മൂന്നാമത്തെ നേതാവാണ് ഷെയ്ഖ് മൊഹമ്മദ്
705.wav,അന്ന് നിരാശയും വേദനയും തോന്നിയെങ്കിലും പിൻമാറാതെ കഠിനാധ്വാനം ചെയ്തതുകൊണ്ടാണ് തിരിച്ചുവരാനായതെന്നും സച്ചിൻ വിശദീകരിച്ചു
706.wav,സാധാരണമെങ്കിലും വ്യത്യസ്തരോഗങ്ങളായ ആസ്തമയ്ക്കും അമിതരക്തസമ്മര്ദത്തിനും ഫലപ്രദമായ പ്രതിവിധിയാണ് പാഷന്ഫ്രൂട്ട് ചികിത്സയെന്നു പഠനത്തിനു നേതൃത്വം നല്കിയ റൊണാള്ഡ് വാട്ട്സണ് അഭിപ്രായപ്പെട്ടു
707.wav,ഇതോടെ പ്രേക്ഷകരുടെ അഭിപ്രായത്തെ അവഗണിച്ചു എന്ന വിധത്തിലായി തുടർന്നുള്ള ഫേസ്ബുക്ക് ചർച്ചകൾ
708.wav,വിവിധ രാഷ്ട്രീയ കക്ഷികളും ബില്ലിനെതിരെ സുപ്രീം കോടതിയെ സമീപിക്കാന് ഒരുങ്ങുകയാണ്
709.wav,ആ തിരശ്ശീല വീഴുന്നത് വരെ ഞാന് ഇവിടെയൊക്കെ തന്നെ ഉണ്ടാകുമെന്നുമായിരുന്നു മോഹന്ലാല് പറഞ്ഞത്
710.wav,കഴിഞ്ഞ ദിവസം രാവിലെ സ്കൂളിലേയ്ക്ക് പോകും വഴി വിവാഹ വാഗ്ദാനം നല്കി യുവാവ് പെണ്കുട്ടിയെ ഓട്ടോറിക്ഷായില് കയറ്റി വീട്ടിലേയ്ക്ക് കൊണ്ടുപോയി
711.wav,നിയമസഭയില് വയ്ക്കേണ്ട റിപോര്ട്ട് നിയമ നടപടികള് പാലിക്കാതെ പരസ്യമാക്കിയ ധനമന്ത്രിയുടെ നടപടി സത്യപ്രതിജ്ഞാ ലംഘനമാണെന്ന് ആര്എസ്പി ചൂണ്ടിക്കാട്ടി
712.wav,ഈ സംഭവം നടന്ന് ആറു മാസങ്ങള്ക്ക് ശേഷം ആണ് നൊവായ ഗസറ്റയില് വിവാദ ലേഖനം വരുന്നതെന്ന് ഓര്ക്കുക
713.wav,ചൂടുള്ള ഭക്ഷണം ഒരു തരത്തിലും പ്ലാസ്റ്റിക് കവറുകളില് ഉപയോഗിക്കരുതെന്നും അദ്ദേഹം ഓര്മിപ്പിച്ചു
714.wav,തന്റെ അമ്മയെക്കുറിച്ച് മോശമായി സംസാരിച്ചതിനെ തുടര്ന്നാണ് ട്രംപുമായുള്ള ബന്ധം അവസാനിപ്പിച്ചതെന്ന് മക്ഡോഗല് വ്യക്തമാക്കി
715.wav,പഴയകാല നടി മധുബാലയുടെ ജീവിതം വെള്ളിത്തിരയില് അഭിനയിക്കണമെന്നാണ് സോനാക്ഷിയുടെ മോഹം
716.wav,അതേസമയം ഈ വിധിയിൽ ഇളവു വേണമെന്ന് ആവശ്യപ്പെട്ട് വിമത എംഎൽഎമാർ സുപ്രീംകോടതിയിലും ഹര്ജി സമര്പ്പിച്ചിട്ടുണ്ട്
717.wav,സാഹിത്യവും ചിത്രരചനയും ധ്യാനവും പ്രാര്ഥനയും സംഗീതവും പൂന്തോട്ടനിര്മാണവുമെല്ലാം വെറും ടൈംപാസ് ആണെന്നും ആത്യന്തിക ലക്ഷ്യം ആത്മതത്ത്വത്തില് ഉറയ്ക്കുകയാണെന്നും അദ്ദേഹം പറഞ്ഞു
718.wav,അദ്ദേഹം ടീമിലുണ്ടെങ്കില് താനടക്കം ഏതു പരിശീലകനും ചാമ്പ്യന്സ് ലീഗ് അടക്കമുള്ള ഏതു ടൂര്ണമെന്റിന്റെയും ഫൈനലിലെത്താന് സാധിക്കുമെന്നും അദ്ദേഹം കൂട്ടിച്ചേര്ത്തു
719.wav,കൈവിട്ടുപോയെന്നുകരുതിയ ആ കൂട്ടുകാരി നാട്ടില് മറ്റൊരു കോഴ്സില് ചേര്ന്ന് പഠനം പുനരാരംഭിച്ച വാര്ത്തയാണ് പിന്നീട് സുഹൃത്തുക്കള്ക്ക് അല്പമെങ്കിലും ആശ്വാസമായത്
720.wav,അതേ സമയം കുട്ടിയുടെ മാതാവ് തങ്ങളോട് അപമര്യാദയോടെ സംസാരിച്ചതിനാലാണ് തങ്ങൾക്ക് അങ്ങനെ സംസാരിക്കേണ്ടി വന്നതെന്നാണ് പ്രിൻലിപ്പളും എച്ച
721.wav,അവര് ഫോണിന്റെ ഉടമസ്ഥനെ തേടി വരുകയും ഫോണ് കണ്ടെത്താന് ഉടമസ്ഥനെ സഹായിക്കുകയും ചെയ്യും
722.wav,ചര്ച്ചകള് കൂടാതെ അപ്പം ചുട്ടെടുക്കുന്ന ലാഘവത്തോടെയാണ് സഭയില് ഇന്ന് ബില്ലുകള് പാസ്സാക്കുന്നത്
723.wav,അല്ലാത്തവരെ കേസുകള് കാണിച്ച് വിരട്ടിയും പരസ്യം നിഷേധിച്ചും കൂടെനിർത്താനും മോദി സർക്കാറിനു കഴിഞ്ഞിട്ടുണ്ട്
724.wav,ലങ്കൻ ടീമിൽ എയ്ഞ്ചലോ മാത്യൂസും രംഗണ ഹെറാത്തും മാത്രമേ ഇതിനു മുൻപ് ഇന്ത്യൻ മണ്ണിൽ ടെസ്റ്റ് മൽസരങ്ങൾ കളിച്ചിട്ടുള്ളൂ
725.wav,ഇതിനിടെ ഹസിന്റെ മാച്ച് ഫിക്സ് അടക്കമുള്ള ആരോപണങ്ങള് തള്ളി ലണ്ടന് വ്യവസായ് മുഹമ്മദ് ഭായ് രംഗത്തെത്തി
726.wav,ഇടുക്കിയില് ഫലപ്രദമായ ഇടപെടല് പോലും നടത്താന് സര്ക്കാര് ശ്രമിച്ചില്ലെന്ന പരാതി ഉയര്ന്നു കഴിഞ്ഞു
727.wav,നിര്ധന കുടുംബങ്ങളുടെ വീടുകള് കണ്ടെത്തി ലോണ് ലഭിക്കുമെന്ന് വിശ്വസിപ്പിക്കുകയും അപേക്ഷ നല്കാനായി താമരശ്ശേരിയിലെത്താന് നിര്ദ്ദേശിക്കുകയുമായിരുന്നു ചെയ്തിരുന്നത്
728.wav,ഒരു നല്ല സ്കൂൾ ബാഗ് തിരഞ്ഞെടുക്കുന്നത് ഏത് പ്രായത്തിലും വളരെ പ്രധാനമാണ്
729.wav,പുൽവാമ ആക്രമണത്തിന്റെ ഉത്തരവാദിത്വം ഏറ്റെടുത്ത ജെയ്ഷെ മുഹമ്മദിന്റെ ഏറ്റവും വലിയ പരിശീലനകേന്ദ്രമാണ് ബാലാകോട്ടിലേത്
730.wav,പരിശോധനകള്ക്കും മറ്റുമായി ഓഫീസുകള് സന്ദര്ശിക്കുന്ന ഉദ്യോഗസ്ഥര്ക്ക് ഓഫീസിനെ കുറിച്ചുള്ള അഭിപ്രായം ഓണ്ലൈനായി രേഖപ്പെടുത്താവുന്നതാണെന്നും ജില്ലാ കലക്ടര് പറഞ്ഞു
731.wav,ചിത്രത്തിന്റെ പേര് സൂചിപ്പിക്കുന്നതു പോലെ ഒരു ഹൊറർ കോമഡി ചിത്രമാണ് പ്രേതമെന്നാണ് അണിയറക്കാർ പറയുന്നത്
732.wav,കയ്യിലും കഴുത്തിന്റെ പിന്നിലും എന്തിനു ശരീരത്തിന്റെ ഏത് ഭാഗത്തും ടാറ്റു ചെയ്യുന്നവരെ അത്ഭുതപ്പെടുത്തുന്ന ഒരു ടാറ്റു മാസ്റ്ററുണ്ട് അങ്ങു ഫിലിപ്പിന്സില്
733.wav,നിയമസഭാതെരഞ്ഞെടുപ്പില് പാലായിലെ യുഡിഎഫ് സ്ഥാനാര്ത്ഥി മാണി സി കാപ്പനാകുമെന്നാണ് പിജെ ജോസഫ് മാധ്യമങ്ങളോട് പറഞ്ഞത്
734.wav,അവരിൽ ചിലർ ഇപ്പോഴും മലയാളം ന്യൂസിന്റെ ആദ്യകാല കോപ്പികൾ സൂക്ഷിച്ചുവെച്ചിരിക്കുന്നു എന്നതു തന്നെ അവരുടെ സ്നേഹത്തിന്റെ ആഴമാണ് കാണിക്കുന്നത്
735.wav,പെർമനന്റ് സങ്കീര്ണ്ണത പറ്റി എന്ന പൊസ്തുപെല്നൊഎ ചലനം സജീവമായ പരിണാമ പ്രക്രിയയുടെ ഒരു അനന്തരഫലമാണ്
736.wav,കനക ദുര്ഗ എവിടെയാണ് എന്ന് അന്വേഷിച്ചെത്തുന്ന വീട്ടുകാരുടെ ഫോണ് കോളുകള്ക്ക് കോട്ടയം എസ്പി മറുപടി നല്കുന്നില്ലെന്ന് അവര് പറഞ്ഞു
737.wav,ഏഷ്യനെറ്റ് പ്ലസിലെ റണ് ബേബി റണ് എന്ന ചാറ്റ്ഷോയില് സംസാരിക്കവെ പറഞ്ഞു
738.wav,തുടക്കം മുതലേ ആക്രമിച്ചു കളിച്ച രോഹിത് അതിവേഗം സ്കോർ ബോർഡ് ചലിപ്പിച്ചു
739.wav,മഞ്ഞു മൂടിക്കിടക്കുന്ന സമയങ്ങളില് അപകടം നടന്നാല് താഴേക്ക് പോയ വണ്ടികള് കണ്ടുപിടിക്കാന് പോലും പറ്റില്ലാത്രേ
740.wav,കാരണം രക്തം അതിന്റെ ഉയർന്ന ഏകാഗ്രത മൂത്രം ഗ്ലൂക്കോസ് സമ്പർക്കം ദ്രാവകം നഷ്ടം സഹായിക്കുന്നു
741.wav,മറ്റെല്ലാ ജയിലിലുള്ളവര്ക്കും ശിക്ഷയിളവിന് അര്ഹതയുണ്ടാവുകയും തുറന്ന ജയിലിലുള്ളവര്ക്ക് ആ ഇളവിന് അര്ഹതയില്ലെന്ന നിലപാട് സ്വീകരിക്കുകയും ചെയ്യുന്നത് നീതിപൂര്വകമാണോ എന്ന് ആലോചിക്കണം
742.wav,ഇപ്പോള് ഇതര സംസ്ഥാനങ്ങളില് നിന്നു ശബരിമല തീര്ഥാടകരുമായി വരുന്ന വാഹനങ്ങള്ക്കു താല്ക്കാലിക പെര്മിറ്റു ലഭിക്കണമെങ്കില് ചെറുവഞ്ഞൂരിലുള്ള ചെക്ക് പോസ്റ്റില് എത്തണം
743.wav,മലയാളം വിഭാഗത്തില് പുരസ്ക്കാരം കിട്ടിയ മനുഷ്യന് ഒരു ആമുഖം സുഭാഷ് ചന്ദ്രന്റെ പ്രഥമ നോവലാണ്
744.wav,ഇടുക്കി നെടുങ്കണ്ടം പൊലീസ് സ്റ്റേഷനില് നേരത്തെയും കസ്റ്റഡി മര്ദനമുണ്ടായതായി വെളിപ്പെടുത്തല്
745.wav,അഞ്ചുവർഷത്തിനിടെ പൊതുമേഖലാ ബാങ്കുകളുടെ മൂലധനസ്ഥിതി ശക്തിപ്പെടുത്തുന്നതിനായി കേന്ദ്രസർക്കാർ മൂന്നുലക്ഷംകോടി രൂപയിലധികമാണ് ചെലവഴിച്ചത്
746.wav,അന്വേഷണം ശക്തമാക്കുന്നതിന്റെ ഭാഗമായി ക്രൈംബ്രാഞ്ചിനോട് അന്വേഷണ സംഘത്തെ സഹായിക്കാന് ഡി ജി പി നിര്ദേശിച്ചിരുന്നു
747.wav,ഇതുമായി ബന്ധപ്പെട്ട പരിശോധനകള്ക്കത്തെിയ കോര്പറേഷന് അധികൃതരെ സിപിഐ ലോക്കല് കമ്മിറ്റിയുടെ നേതൃത്വത്തില് പ്രവര്ത്തകര് തടഞ്ഞു
748.wav,ഇന്നലെ ശ്രീദേവിയുടെ ജന്മദിനത്തിലാണ് ഇത് സ്ഥീരീകരിച്ച് ബോണി കപൂര് പ്രഖ്യാപനം നടത്തിയത്
749.wav,മസിൽ പെരുപ്പിച്ചു നിൽക്കുന്ന ബോഡി ബിൽഡർ എപ്പോഴും കാഴ്ചയുടെ അത്ഭുതം തന്നെയാണ്
750.wav,ഭക്തി കച്ചവടമാക്കുകയും ആള്ദൈവങ്ങള് മുളച്ചുപൊന്തുകയും ചെയ്യുന്ന നാട്ടില് ഇനി പൂര്ണ്ണാനന്ദ സ്വാമികളുമുണ്ടാവും
751.wav,വൈക്കം ഉപജില്ലാ കലാകായിക മേളയില് കരിപ്പാടം കാരുണ്യമാതാ സ്കൂളിന് മികച്ച വിജയം
752.wav,വസ്ത്ര ഡിസൈനർമാരിൽ ഏറ്റവും ആകർഷക സ്വഭാവമുള്ളത് സ്ത്രീകളുടെ ശരത്കാല ബൂട്ടുകളെ ഹണ്ടർ ഉപയോഗപ്പെടുത്താൻ നിർദ്ദേശിക്കുന്നു
753.wav,ഇത്തരത്തില് നിര്ദ്ദേശം വയ്ക്കുമ്പോള് ചില മാനേജ്മെന്റുകള് നടത്തുന്ന പ്രസ്താവന ശരിയാണോ എന്ന് ചിന്തിക്കണം
754.wav,ആര്ട്സ് കോളേജ് വിദ്യാര്ത്ഥികള്ക്ക് കെട്ടിടം നല്കണമെന്ന ആവശ്യവുമായി എന്ജിനിയറിംഗ് വിദ്യാര്ത്ഥികളുടെ സമരം
755.wav,കളക്ടറുടെ മോചനത്തിന് മാവോയിസ്റ്റുകളുമായി രഹസ്യധാരണയൊന്നും ഉണ്ടാക്കിയിട്ടില്ലെന്ന് ഛത്തീസ്ഗഡ് മുഖ്യമന്ത്രി രമണ് സിംഗ്
756.wav,അതിനാല് താരം കണക്കില് കൂട്ടാത്ത പണം കൈവശം സൂക്ഷിച്ചിട്ടുണ്ടെന്ന രഹസ്യവിവരത്തെ തുടര്ന്നാണ് റെയ്ഡ് നടന്നതെന്ന് റിപ്പോര്ട്ടുകള് സൂചിപ്പിക്കുന്നു
757.wav,യൂത്ത് ലീഗ് സംസ്ഥാന പ്രസിഡണ്ട് എന്ന നിലയിലാണ് സംബന്ധിച്ചതെന്നാണ് മുനവ്വറലി തങ്ങള് പറയുന്നത്
758.wav,വിവാഹങ്ങൾ മുടങ്ങിയതു സാമൂഹിക പ്രശ്നം മാത്രമല്ല അനേകം പേരുടെ ഉപജീവന പ്രശ്നം കൂടിയാണ്
759.wav,ഓട്ടോറിക്ഷ ചാർജ് പരിഷ്കരിച്ചുകൊണ്ട് സർക്കാർ ഉത്തരവ് ഇറക്കിയത് ഡിസംബർ നാലിനായിരുന്നു
760.wav,ഇവ പല ഔഷധച്ചെടികളുടെയും കൂട്ടുകളില് നിന്നും ഉണ്ടാക്കി പ്രത്യേകം പ്രത്യേകം ലഭിക്കുന്നു എന്നതും വളരെ ശ്രദ്ധേയമാണ്
761.wav,ഒരുലക്ഷം രൂപയില് താഴെ കുടുംബവാര്ഷിക വരുമാനമുള്ളവര്ക്ക് വിദ്യാഭ്യാസ യോഗ്യത ബാധകമല്ലാതെ ഇത് പ്രകാരമുള്ള വായ്പയും സബ്സിഡിയും ലഭിക്കും
762.wav,എല്ലാ കാലത്തും ആ കാലത്തിന്റെ വ്യഥകളെ സമൂഹത്തോട് പ്രതിബദ്ധതയുള്ള എഴുത്തുകാരെ എപ്പോഴും അലോസരപ്പെടുത്തും
763.wav,ഇന്നലെ രാവിലെമുതല്ത്തന്നെ താമരശ്ശേരി മേഖലയുടെ വിവിധ സ്ഥലങ്ങളില് സമരാനുകൂലികള് ഗതാഗതം തടസപ്പെടുത്തയിരുന്നു
764.wav,കൊറോണ വൈറസ് ഇന്ത്യയില് വ്യാപിച്ചു തുടങ്ങിയ ആദ്യഘട്ടം മുതല് മുന്നറിയിപ്പ് നല്കിയ നേതാവാണ് രാഹുല് ഗാന്ധി
765.wav,തൊഴുത്തും മാലിന്യവും നീക്കി സുഗന്ധപൂരിതമായ അന്തരീക്ഷം സൃഷ്ടിക്കാന് ഒരു വര്ഷം വേണ്ടിവന്നു
766.wav,നസീമില് വിശ്വാസം നഷ്ടപ്പെട്ടുവെന്നും ഈ അഭിഭാഷകനുമായി മുന്നോട്ടുപോയാല് തനിക്ക് ശിക്ഷ ഉറപ്പാണെന്നുമായിരുന്നു കക്ഷിയുടെ വാദം
767.wav,മഴയും കാറ്റും കനക്കുന്ന പശ്ചാത്തലത്തില് മുഖ്യമന്ത്രി പിണറായി വിജയന്റെ നേതൃത്വത്തില് ദുരന്ത നിവാരണ യോഗം ചേര്ന്ന് സ്ഥിതിഗതികള് വിലയിരുത്തി
768.wav,പരസഹായമില്ലാതെ യാത്ര ചെയ്യാന് പറ്റാത്ത രീതിയിലേക്ക് ആ അപകടത്തോടെ അദ്ദേഹത്തിന്റെ സഹധര്മ്മിണി മാറി
769.wav,വീട്ടിലെ വളര്ത്തുമൃഗങ്ങള്ക്കും മറ്റും യോജ്യമായ നോണ്ടോക്സിക് വിഭാഗത്തില് ഇവയെ പെടുത്താം
770.wav,തനിക്ക് മരിക്കേണ്ടെന്നും കുറ്റവാളികളായ അഞ്ച് പേരും തൂക്കിലേറ്റുന്നത് കാണണമെന്നാണ് ഗുരുതരമായി പൊള്ളലേറ്റ് ആശുപത്രിയിൽ കഴിയുന്ന പെൺകുട്ടി പ്രതികരിച്ചത്
771.wav,മോദി സർക്കാരിന്റെ സഹായത്തോടെയാണ് ഗുണ്ടകൾ വിദ്യാർത്ഥികൾക്കെതിരെ ആക്രമം അഴിച്ച് വിട്ടതെന്നും സോണിയ കുറ്റപ്പെടുത്തി
772.wav,സംഭവവുമായി ബന്ധപ്പെട്ട കൂടുതല് വിവരങ്ങള് ലഭിക്കുന്നതിനാണ് ഇവരെ വീണ്ടും ചോദ്യം ചെയ്യലിന് വിധേയമാക്കുക
773.wav,ആദ്യത്തെ മരണം സംഭവിച്ചപ്പോള് പാമ്പുരോഗ വിദഗ്ധരെ എത്തിച്ച് എല്ലാ പാമ്പുകളെയും പരിശോധിച്ചിരുന്നു
774.wav,പിന്നീടു റോഡ് മാര്ഗം മസ്കറ്റിലേക്കു കടത്തി രണ്ടേമുക്കാല് ലക്ഷം രൂപയ്ക്ക് അറബിക്കു വിറ്റു
775.wav,തൊട്ടുപിന്നാലെ ചങ്ങന്കുളങ്ങരയിലെ മുഹമ്മദ് ഫൈസലിന് തീവ്രവാദബന്ധം ഉണ്ടെന്നും എന്ഐഎ ഇയാളുടെ വീട്ടില് പരിശോധനയ്ക്കെത്തിയെന്നു മാധ്യമങ്ങളില് വാര്ത്ത വന്നു
776.wav,പർവത പ്രദേശത്തിലൂടെ നടന്നാണ് താൻ സൈനികപരിശീലന കേന്ദ്രത്തിനടുത്തെത്തിയതെന്ന് യമാട്ടോ അന്വേഷകരോട് വെളിപ്പെടുത്തിയിരുന്നു
777.wav,കോളേജ് ടോപ്പര് ആയിട്ടും ഒരു കമ്പനിയിലും പ്ലേസ്മെന്റ കിട്ടാത്തതിനെ തുടര്ന്നാണ് യുവാവ് ആത്മഹത്യ ചെയ്തത് എന്ന് പോലീസ് പറുന്നു
778.wav,തെരുവുനായ്ക്കളെ പിടികൂടുന്നതിനു പാലക്കാട് സ്വദേശിയായ മണിയുടെ നേതൃത്വത്തിലുള്ള ടീമംഗങ്ങള് നഗരസഭാ വാഹനത്തില് പട്രോളിംഗ് ആരംഭിച്ചു
779.wav,കേസ് റദ്ദാക്കാനാവില്ലെന്നും അന്വേഷണം അന്തിമഘട്ടത്തിലാണെന്നും പോലീസ് ഇന്നലെ ഹൈക്കോടതിയെ അറിയിച്ചിരുന്നു
780.wav,വളരെ സ്വകാര്യമായ നടന്ന ചടങ്ങില് താരത്തിന്റെ അടുത്ത ബന്ധുക്കള് മാത്രമാണ് പങ്കെടുത്തത്
781.wav,കൊവിഡ് പ്രതിരോധത്തിൽ പാളിച്ചപറ്റി എന്ന് ആരോപിച്ച് ഡൽഹി സർക്കാരിനെ പ്രതിക്കൂട്ടിലാക്കുന്നുണ്ട് അജയ് ഝാ
782.wav,നിരവധി പ്രതിബന്ധങ്ങളും പരിമിതികളും അതിജീവിച്ചുകൊണ്ടാണ് കേരളത്തില് ഉന്നത ഇസ്ലാമിക വിദ്യാഭ്യാസ സ്ഥാപനങ്ങള് ഉയര്ന്നുവന്നതും വളര്ന്നു വികസിച്ചതും
783.wav,തുടർന്ന് നടന്ന ഏറ്റുമുട്ടലിൽ രണ്ടു ഭീകരരെ വധിക്കുകയായിരുന്നുവെന്ന് പൊലീസ് അറിയിച്ചു
784.wav,നിയമവാഴ്ചയുടെ നഗ്നമായ നിഷേധമാണ് വ്യാപം ക്രമക്കേടിലെ പ്രതികളുടെ നടപടിയെന്നു സുപ്രീം കോടതി ചൂണ്ടിക്കാട്ടി
785.wav,ലോകത്തെ മുഴുവന് സ്നേഹിക്കാനും ഉള്ക്കൊള്ളാനുമുള്ള ഒരു വലിയ മനസ്സുണ്ടെങ്കിലും അതിലെനിക്കൊരു പ്രത്യേകസ്ഥാനം എന്നും തരണം
786.wav,പ്രൊഡ്യൂസേഴ്സ് അസോസിയേഷനുമായി തുറന്ന പോര് നടത്തിയ അമല തത്കാലം മോളിവുഡിലേയ്ക്കില്ലെന്ന തീരുമാനത്തിലാണ്
787.wav,ഇന്ത്യയിലെ വലിയ സംസ്ഥാനങ്ങളിലൊന്നായ യുപി തിരിച്ചുപിടിക്കുക എന്നത് ഇതില് ഏറ്റവും പ്രധാനമാണെന്ന് കോണ്ഗ്രസ് കരുതുന്നു
788.wav,ഫുൾ ഓട്ടോമാറ്റിക് മെഷീൻ കൊണ്ട് ഉണ്ടാക്കുന്ന ചപ്പാത്തിക്ക് ആവശ്യക്കാർ കുറവുള്ളതു കൊണ്ടാണ് സെമി മെഷിൻ ഉപയോഗിക്കുന്നത്
789.wav,ദീര്ഘകാലത്തെ കോടതി നടപടികളുടെ അന്ത്യത്തില് ഒരു രാഷ്ട്രാന്തര ഭീകരന് തൂക്കിലേറ്റപ്പെട്ടപ്പോള് അതിലും മത വിവക്ഷ നല്കുകയാണ് ചില നേതാക്കള്
790.wav,ഇതിന്റെ ഭാഗമായാണ് ബംഗ്ലാദേശ് സൈന്യത്തെ പരേഡിൽ പങ്കെടുക്കാൻ ഇന്ത്യ ക്ഷണിച്ചിരിക്കുന്നത്
791.wav,പാര്ട്ടി തന്നെ ഏല്പ്പിച്ച ചുമതല ഭംഗിയായി സത്യസനധതയോടുകൂടി ചെയ്തു എന്നാണ് വിശ്വാസം
792.wav,എന്നാല് സുരക്ഷാജീവനക്കാരനായ ഹരീന്ദ്രന് തന്നെ പൊലിസിനെ വിവരമറിയിക്കാന് ബാങ്ക് മാനേജരോട് ആവശ്യപ്പെടുകയായിരുന്നു
793.wav,ഇതേക്കുറിച്ച് ചര്ച്ച നടന്നിരുന്നുവെന്നും അനുകൂലമായാണ് പലരും പ്രതികരിച്ചതെന്നുമൊക്കെയുള്ള റിപ്പോര്ട്ടുകള് പുറത്തുവന്നതിന് പിന്നാലെയായാണ് നടിയും സുഹൃത്തുക്കളും സംഘടനയില് നിന്നും രാജി വെച്ചത്
794.wav,ജയിലിലെ പ്രതികളുടെ നല്ല പെരുമാറ്റം വധശിക്ഷ ഇളവ് ചെയ്യാനുള്ള കാരണമായി പരിഗണിക്കാനാകുമോയെന്നും മൂന്നംഗ ബെഞ്ച് ചോദിച്ചു
795.wav,രാജ്ഭവനിൽ തിരിച്ചെത്തിയ ഉടൻ അദ്ദേഹം അന്വേഷിച്ചത് മനു എസ് പിള്ളയുടെ പുസ്തകങ്ങൾ എവിടെ കിട്ടും എന്നായിരുന്നു
796.wav,ആവശ്യമായ ഫണ്ട് അനുവദിക്കാത്തതാണ് നിര്ദ്ദിഷ്ട മെഡിക്കല് കോളജിന്റെ ഇന്നത്തെ ദുരവസ്ഥക്ക് കാരണം
797.wav,സംഭവത്തിന് പിന്നില് സി പി എം പ്രവര്ത്തകരാണെന്നാണ് ആര് എസ് എസ് ആരോപിക്കുന്നത്
798.wav,ഈ സമ്മേളനത്തോടെ കേരളത്തിലെ കോൺഗ്രസ് സോഷ്യലിസ്റ്റ് പാർട്ടി അംഗങ്ങൾ എല്ലാം തന്നെ കമ്യുണിസ്റ്റുകാരായി മാറുകയായിരുന്നു
799.wav,ചിത്രം രണ്ടാമത് റിലീസ് ചെയ്യുമ്പോൾ തിയേറ്ററിൽ വൻ സ്വീകരണം ലഭിക്കുമെന്നാണ് അണിയറ പ്രവർത്തകരുടെ പ്രതീക്ഷ
800.wav,ചുവന്ന നിറം ധരിച്ച ആള് നിലവില് ഒരു ബന്ധത്തില് ആണ് എന്നാണു അര്ഥം
801.wav,ക്രിയേറ്റീവ് പരസ്യ ഏജൻസികളുടെയും മാർക്കറ്റ് ഗവേഷണ ദാതാക്കളുടെയും ചെറിയ ലോകത്ത് മതിപ്പ് പ്രധാനമാണ്
802.wav,ലോകക്രിക്കറ്റിലെ തന്നെ ഏറ്റവും മികച്ച ബാറ്റിങ്ങ് താരങ്ങളിലൊരാളാണ് ഓസീസ് താരമായ സ്റ്റീവ് സ്മിത്ത്
803.wav,എന്നാല് ശമ്പളം ലഭിക്കാതെ ആറോ ഏഴോ മാസം കഴിഞ്ഞതിന് ശേഷമാണ് ആളുകള് പരാതിയുമായി എംബസിയെ സമീപിക്കുന്നത്
804.wav,കഴിഞ്ഞ ദിവസം നടി തൃഷയുടെ പിറന്നാള് ആഘോഷത്തില് പങ്കെടുക്കാനായി നയന്താരയും ചിമ്പുവുമെല്ലാമെത്തിയിരുന്നു
805.wav,ചില പ്രദേശങ്ങളില് ആ ദിനം വാമനജയന്തി എന്ന പേരില്തന്നെ ആഘോഷിക്കപ്പെടുന്നു
806.wav,സംഘം ചേർന്ന് സാധനങ്ങൾ വാങ്ങണമെന്ന ആഹ്വാനത്തെ തുടർന്ന് ആമദാജിയുടെ കടയിൽ പോകാൻ ആളെ തേടുന്നുവെന്ന പരസ്യം ഉഗ്രനായെന്ന് നാണി
807.wav,ഇതോടൊപ്പം ശ്രദ്ധിക്കേണ്ട കാര്യം ഉരുളക്കിഴങ്ങ് പൊടിച്ചാൽ ഇതിലടങ്ങിയിരിക്കുന്ന നിക്കോട്ടിന്റെ അളവ് മൂന്നിരട്ടിയായി മാറുമെന്നതാണ്
808.wav,സമീപത്തെ വനത്തില് നിന്നെത്തിയ കാട്ടാനക്കൂട്ടം റോഡ് മുറിച്ചുകടക്കുന്നതിനായി സമീപത്തുള്ള റെയില്വേ ട്രാക്കില് എത്തിയപ്പോഴാണ് കുട്ടിക്കൊമ്പനെ ട്രെയിനിടിച്ചതെന്നാണ് പ്രാഥമിക നിഗമനം
809.wav,ചാലക്കുടിയിലെ ഇടതുപക്ഷ സ്ഥാനാര്ഥി ഇന്നസെന്റിനെതിരേ ഗുരുതര ആരോപണവുമായി കോണ്ഗ്രസ് നേതാവ് ജോസഫ് വാഴയ്ക്കന്
810.wav,വേഗംകൂടിയ അപകടങ്ങളില് സീറ്റ് ബെല്റ്റ് ധരിച്ചിരുന്നവരുടെ കാലുകളില് ഒന്നിലധികം ഒടിവുകള് ഉണ്ടാകാറുണ്ട്
811.wav,അനധികൃത സ്വത്ത് പലപ്പോഴും അന്വേഷണ ഉദ്യോഗസ്ഥരുടെ ശ്രദ്ധയിൽപ്പെട്ടിരുന്നെങ്കിലും കാര്യക്ഷമമായ അന്വേഷണം ഉണ്ടായിട്ടില്ല
812.wav,തനിക്ക് അറിയാവുന്ന പത്തിലധികം പേരാണ് ആക്രമിക്കാന് ആദ്യമെത്തിയതെന്നും ഇവര് എബിവിപി പ്രവര്ത്തകരാണെന്നും സൂരി ഇന്നലെ മാധ്യമങ്ങളോട് പറഞ്ഞിരുന്നു
813.wav,വന് ശക്തികളുടെ മുന്നറിയിപ്പുകള് അവഗണിച്ച് ആണവ സമ്പുഷ്ടീകരണം നടത്തിയിരുന്ന ഇറാനെതിരെ കഴിഞ്ഞ കാലങ്ങളില് അമേരിക്കയുള്പെടെ സാമ്പത്തിക ഉപരോധം ഏര്പെടുത്തിയിരുന്നു
814.wav,അക്രമത്തില് ഇടത് കണ്ണിന് സമീപം പരുക്കേറ്റ അബ്ദുള് ലത്വീഫിനെ ബീച്ച് ജനറല് ആശുപത്രിയില് പ്രവേശിപ്പിച്ചു
815.wav,ശനിയാഴ്ച സർജ്ജറി ചെയ്ത മലപ്പുറം സ്വദേശിയായ പെൺകുട്ടിക്ക് തുടർന്ന് കഠിനമായ പനി ബാധിച്ചു
816.wav,പ്രഫുലന് അഡ്മിഷന് വാങ്ങി നല്കുമെന്ന് സുമയെ വിശ്വസിപ്പിച്ചാണ് മനോജ് ഇവരില് നിന്ന് പണം വാങ്ങിയത്
817.wav,തെരഞ്ഞെടുപ്പ് പരാജയം മണക്കുന്നത് കൊണ്ട് തന്നെ എന്ഡിഎ ക്യാമ്പ് ഇനിയും ചോര്ന്നേക്കും എന്നാണ് വിലയിരുത്തപ്പെടുന്നത്
818.wav,മികച്ച കണ്സ്യൂമര് ഇലക്ട്രോണിക്സ് ഉല്പന്നങ്ങള് വിപണിയിലെത്തിക്കുന്നതില് എന്നും മുന്നിരയിലാണ് സോണിയുടെ സ്ഥാനം
819.wav,അമ്മയെ തിരഞ്ഞിറങ്ങി ഒടുവില് വീട്ടിലെത്താനാകാതെ പോയ അച്ഛന് ജീവനോടെ എവിടെയെങ്കിലും ഉണ്ടെന്നറിഞ്ഞാല് മതിയെന്നാണ് മക്കള് പറയുന്നത്
820.wav,രജിസ്ട്രേഷന് ഫോറം ഫോട്ടോ സ്റ്റാറ്റ് എടുത്ത് നല്കുകയാണെങ്കില് പോലും രണ്ട് രൂപയില് താഴെ മാത്രമാണ് ചിലവ് വരുന്നത്
821.wav,ഇന്ത്യയിലെ ഇനിയും വെളിപ്പെടാത്ത ജൈവവൈവിധ്യത്തെക്കുറിച്ച് കൂടുതല് പഠനങ്ങള് നടത്തേണ്ടതിന്റെ ആവശ്യകതയാണ് ഈ കണ്ടുപിടുത്തം തെളിയിക്കുന്നത് എന്ന് ഡോ
822.wav,സമാധാനത്തിന്റെയും സഹിഷ്ണുതയുടെയും ഉണര്ത്തുപാട്ട് പാടിയ തിരുനബിയുടെ മതം തീവ്രവാദത്തിന്റെയും ഭീകരവാദത്തിന്റെയും പേരില് ആരോപണ വിധേയമാക്കപ്പെടുന്നതിലെ വിരോധാഭാസമാണ് കൂടുതല് ഖേദകരം
823.wav,ആല്പ്സ് പര്വ്വതനിരയിലെ ഒരു കൊടുമുടിയിലാണ് കോര്ഷ് വെല് വിമാനത്താവളം സ്ഥിതി ചെയ്യുന്നത്
824.wav,ജനാഭിപ്രായം മാനിക്കാനും ആദരിക്കാനും പഠിപ്പിക്കുന്ന ഇസ്ലാം നമ്മുടെ ചിന്തകള്ക്കും കര്മങ്ങള്ക്കും ജനഹിതം മാനദണ്ഡമാക്കരുത് എന്ന് വ്യക്തമാക്കിയിരിക്കുന്നു
825.wav,യോര്ക്കറുകളും വേഗം കുറഞ്ഞ പന്തുകളും കൊണ്ടു ബംഗ്ലാ താരം ബാറ്റ്സ്മാന്മാരെ വട്ടം കറക്കി
826.wav,ആദ്യ ഏകദിനത്തിൽ വിജയിച്ച ഇന്ത്യ പരമ്പരയിൽ മുന്നിലുള്ളതിന്റെ ആത്മവിശ്വാസത്തിലാണ് നാളെ കളിക്കാനിറങ്ങുക
827.wav,തുമ്പക്കുടത്തിന് തുഞ്ചത്ത് ഊഞ്ഞാലിട്ട് അതിലിരുത്തി നമ്മുടെ മനസ്സിനെ ആകാശപ്പൊന്നാലിലകള് തൊടാന് പാകത്തില് ഉയര്ത്തി ആ ഗാനങ്ങള്
828.wav,നിക്ഷേപകരുടെ പ്രശ്നം തീർപ്പാക്കാൻ ജില്ലാ ട്രഷറർ കല്ലട്ര മാഹീനെയും ചുമതലപ്പെടുത്തി
829.wav,തിരക്കഥാകൃത്ത് ബെന്നി പി നായരമ്പലവും പ്രശാന്ത് നായർ ഐ എ എസും ചിത്രത്തിൽ സുപ്രധാന വേഷങ്ങളിൾ എത്തുന്നുണ്ട്
830.wav,മുഖ്യമന്ത്രി പിണറായിതന്നെ ആഭ്യന്തരവകുപ്പും കൈകാര്യം ചെയ്യുമ്പോള് സ്ഥിതിഗതികളില് യാതൊരു മാറ്റവും വരുന്നില്ല
831.wav,ഏഴുദിവസത്തെ ഡ്യൂട്ടിക്കുശേഷം മൂന്ന് ദിവസത്തെ സ്പെഷൽ ഓഫ് നൽകണമെന്നാണ് നഴ്സുമാരുടെ ആവശ്യം
832.wav,സ്ഥിതിഗതികള് വിലയിരുത്തി അറിയിക്കാന് തക്കവണ്ണം ഒരു സംവിധാനം അമേത്തിയിലുണ്ടാകണമെന്ന് രാഹുല് നിര്ദ്ദേശിച്ചതായാണ് വിവരം
833.wav,എന്നാല് വെറും മുപ്പത് മിനിറ്റിലധികം സോഷ്യല് മീഡിയ ഉപയോഗിക്കുന്നവരില് മാനിസക സമ്മര്ദ്ദം കൂടുമെന്ന് പുതിയ പഠനം പറയുന്നു
834.wav,വിസാ കാലാവധി കഴിഞ്ഞവര് സ്പോണ്സര് മുഖേന വിസ പുതുക്കാന് ഡയറക്ടറേറ്റ് ജനറലിനെ സമീപിക്കണം
835.wav,രാഷ്ട്രത്തെയും രാഷ്ട്രസ്തംഭങ്ങളെയും പ്രതീകങ്ങളെയും നെഞ്ചേറ്റുകയും കാത്തു സൂക്ഷിക്കുകയും ചെയ്യുന്ന ആലപ്പുഴക്കാരൻ ജോസഫ് ജെ പാലത്രയുടെ പിൻഗാമികൾ രാജ്യത്ത് എമ്പാടുമുണ്ടാകാം
836.wav,പള്ളികള്ക്ക് പകരം സിനിമാ തിയേറ്ററുകള് നിര്മ്മിക്കുന്ന നയസമീപനമാണ് സല്മാന്റേത് എന്ന ആരോപണത്തോടെയാണ് കഴിഞ്ഞ ദിവസം അല് ക്വയ്ദ പത്രക്കുറിപ്പ് ഇറക്കിയിരിക്കുന്നത്
837.wav,രണ്ടാമത്തെ പ്രഭാതഭക്ഷണം കൊഴുപ്പ് കുറഞ്ഞ തൈര് അല്ലെങ്കിൽ പഴത്തിൻറെ ഒരു സേവനമാണ്
838.wav,എന്നാല് മുതലക്കണ്ണീര് കൊണ്ട് ജനങ്ങളെ കയ്യിലെടുക്കാമെന്ന് ശശികല കരുതേണ്ടെന്ന് പനീര്ശെല്വം തിരിച്ചടിച്ചു
839.wav,ആ സ്ഥാനം ഒഴിഞ്ഞാണ് ഗില്ലസ്പി ദക്ഷിണ ഓസ്ട്രേലിയന് ടീമിന്റെ പരിശീലകസ്ഥാനം ഏറ്റെടുക്കുന്നത്
840.wav,ഇതിനു പുറമേ ആസൂത്രണ ബോര്ഡ് വിശദമായ മറ്റൊരു പഠനവും നടത്തുമെന്നും മുഖ്യമന്ത്രി വാര്ത്ത സമ്മേളനത്തില് പറഞ്ഞു
841.wav,ഇയാളില് നിന്ന് രക്ഷപ്പെട്ട് അവര് സമീപത്തുള്ള തങ്ങളുടെ വീട്ടിലേക്ക് ഓടിരക്ഷപ്പെട്ടെങ്കിലും പുറകേ വന്ന് വീണ്ടും അവരെ ആക്രമിച്ചു
842.wav,കുത്തേറ്റ മുഹമദ് ഷാനുവും ബംഗ്ലൂരുവില്നിന്നും മുമ്പ് സ്വര്ണം കടത്തിയ കേസില് പ്രതിയാണ്
843.wav,കണ്ണൂർ കാസർഗോഡ് ഒഴിച്ച് എല്ലാ ജില്ലകളിലും ഓറഞ്ച് അലർട്ട് പ്രഖ്യാപിച്ചിട്ടുണ്ട് മലയോരപ്രദേശങ്ങളിലുള്ളവർ അതീവജാഗ്രതയിലായിരിക്കണമെന്ന് മുന്നറിയിപ്പ് നൽകിയിട്ടുണ്ട്
844.wav,ഇന്നലെ കശ്മീരിലെ സംഘര്ഷം ചര്ച്ച ചെയ്യാന് പാക് മന്ത്രിസഭാ യോഗം പ്രത്യേകം വിളിച്ചു ചേര്ക്കുകയായിരുന്നു
845.wav,പാക്കിസ്ഥാന്റെ കാടത്ത നടപടിക്കെതിരെ ശക്തമായി തിരിച്ചടിക്കുമെന്ന് പ്രതിരോധ മന്ത്രാലയത്തിന്റെ ചുമതല കൂടി വഹിക്കുന്ന അരുണ് ജെയ്റ്റ്ലി വ്യക്തമാക്കിയിട്ടുണ്ട്
846.wav,ചൈനയുമായി നിരവധി വ്യാപാര ബന്ധങ്ങള് യമീന് ഭരണത്തിന്റെ കീഴില് മാലദ്വീപിനുണ്ടായിരുന്നു
847.wav,നരേന്ദ്രമോദി മന്ത്രിസഭയിലെ മാനവ വിഭവശേഷി വകുപ്പ് മന്ത്രി രമേഷ് പൊഖ്രിയാലിന്റെ ഡോക്ടറേറ്റ് വ്യാജമാണെന്നാണ് പുതിയ ആരോപണം
848.wav,പശ്ചിമഘട്ടത്തിൽ നിന്ന് വനേതര മേഖലകൾ ഒഴിവാക്കണമെന്ന സംസ്ഥാന സർക്കാരിന്റെ ആവശ്യം കേന്ദ്രം തള്ളി
849.wav,പദ്ധതി നടപ്പാക്കുന്നതിന്റെ ഭാഗമായി കൂടിയാലോചനകള് നടത്തുന്നതിനു വേണ്ടി ഒരു അനൌദ്യോഗിക സമിതി രൂപീകരിക്കാനും ധാരണയായി
850.wav,ഗുജറാത്ത് വികസനം നീണാള് വാഴാന് വേണ്ടി എത്ര പണമിറക്കാനും മോഡി തയ്യാറാണ്
851.wav,ആനപ്പേടി മാത്രമല്ല ഇക്കുറി പുലി കടുവ കരടി കൂടാതെ ദേ ഇപ്പോൾ രാജവെമ്പാലയും
852.wav,സിഹാനൂക് തങ്ങൾക്കു വിധേയനായി പ്രവർത്തിക്കുമെന്ന് കരുതിയാണ് പിതാവിനെ മറികടന്ന് അദ്ദേഹത്തെ രാജാവാക്കിയത്
853.wav,പെണ്കുട്ടിയുടെ മൂത്ത സഹോദരിയുടെ രേഖകള് ഉപയോഗിച്ചാണ് വിവാഹം നടത്തിയതെന്നും അന്വേഷണത്തില് തെളിഞ്ഞിട്ടുണ്ട്
854.wav,എന്ക്രിപ്റ്റഡ് ആയതു കൊണ്ട് തെളിവ് ചോദിക്കാൻ കഴിയില്ലെന്നും അവർ പറയുന്നു
855.wav,ഉറുമ്പിന്റെ മരണം തവളയുടെ മരണത്തിനു വഴിമാറുമെന്ന വാര്ത്താ ലോജിക്കു പോലെ ചുരമിറങ്ങുമ്പോള് ജനിച്ച മധു എന്ന മനുഷ്യന് ചുരമിറങ്ങുമ്പോഴേക്കും മരിച്ചിരുന്നു
856.wav,നിക്ഷേപതട്ടിപ്പ് കേസില് സഹാറ മേധാവി സുബ്രതാ റോയ് കഴിഞ്ഞ വര്ഷം മാര്ച്ച് മുതല് ജയിലിലാണ്
857.wav,ഏറെ അകലെ നടന്ന ഈ മുസ്ലിം സമ്മേളനം പ്രശ്നമാകാന് ഇടയുണ്ടെന്ന് ചൂണ്ടിക്കാട്ടിയാണ് അധികൃതര് സ്കൂള് നേരത്തെ വിട്ടത്
858.wav,ആദ്യം ശുചിമുറിയില് കയറിയ മകള് കതകിനോടു ചേര്ന്ന് മൊബൈല് ക്യാമറ വച്ചിട്ടുള്ളത് കണ്ടെത്തുകയും വിവരം മാതാവിനെ അറിയിക്കുകയായിരുന്നു
859.wav,രണ്ടാമത് സത്യജിത്ത് റായ് ഇന്റർനാഷണൽ ഡോക്യുമെന്ററി ആൻഡ് ഷോർട്ട് ഫിലിം ഫെസ്റ്റിവലിൽ മികച്ച കഥാചിത്രത്തിനുള്ള പുരസ്ക്കാരം സ്വന്തമാക്കിയത് ഈ ഹ്രസ്വചിത്രമായിരുന്നു
860.wav,എന്നാല് പിടിച്ചെടുത്ത ലൈസന്സ് ചൂണ്ടിക്കാട്ടി റസീത് നല്കേണ്ട ഉത്തരവാദിത്വം ട്രാഫിക് പൊലീസിന് ഉണ്ട്
861.wav,സൊചിഅലിജതിഒന് വികസന പുരോഗതി വൈദഗ്ധ്യവും ഏറ്റെടുക്കൽ സിസ്റ്റമാറ്റിക് മെഡിക്കൽ വിദ്യാഭ്യാസ സഹായം സഹായിക്കുന്നു
862.wav,സി പി എമ്മും മുസ്ലിം ലീഗും ഒത്തൊരുമിച്ച് അവിശുദ്ധ കൂട്ടുകെട്ടുണ്ടാക്കുകയാണെന്ന് കോണ്ഗ്രസ് പ്രവര്ത്തകര് ആരോപിച്ചു
863.wav,ഈജിപ്തിലെ വിപ്ലവത്തിന്റെ രണ്ടാം വാര്ഷികം പ്രമാണിച്ച് പ്രതിപക്ഷം ആരംഭിച്ച പ്രക്ഷോഭ പരിപാടികള് തുടരുന്നതിനിടെയുണ്ടായ പോര്ട്ട് സയിദ് സംഭവം ഈജിപ്തിനെ പ്രക്ഷുബ്ധമാക്കി
864.wav,ചില മോഡലുകൾ ഞങ്ങളെ എപ്പോൾ അവസാനിക്കും ലൈൻ ഉടനെ ത്രെഡ് മുറിച്ചു അനുവദിക്കുന്നു
865.wav,മഞ്ഞ സർക്കിളുകളും പുഫ്ഫിനെഷ് പ്രതിരോധിക്കാൻ നല്ല മാർഗ്ഗം നടപടിക്രമങ്ങൾ വ്യത്യസ്ഥമാക്കുന്നു ചെയ്യുന്നു
866.wav,പിന്നിട് ഓട്ടോയുടെ മുന്നിലെത്തി നിര്ത്താന് ബൈക്ക് റെഡര്മാര് ആവശ്യപ്പെട്ടപ്പോഴായിരുന്നു സംഭവം ഇവരുടെ ശ്രദ്ധയില്പ്പെട്ടത്
867.wav,പ്രതിഷേധവുമായി വിവിധ സംഘടനകളും രംഗത്ത് വന്നതോടെയാണ് ഓടയും കലുങ്കും പുനര്നിര്മിക്കാമെന്ന് അധികൃതര് ഉറപ്പ് നല്കിയത്
868.wav,ലീഡര്ക്ക് നല്കാവുന്ന ഏറ്റവും നല്ല മരണാന്തര ബഹുമതി ആയിരിക്കും മുരളിയെ തിരിച്ചെടുക്കുക എന്നത്
869.wav,ഏതാനും ആഴ്ച മുന്പ് വുഹാനിലാണ് ആദ്യം ഈ വൈറസ് ബാധ റിപ്പോർട്ടുചെയ്തത്
870.wav,പ്രത്യേകിച്ച് മല്ലികയുടെ ഭാഗത്ത് നിന്നും സംശയാസ്പദമായ ഒരു പെരുമാറ്റവും ഉണ്ടായില്ലെന്നും സുരക്ഷാ കാരണങ്ങളാലാണ് അവരെ മാറ്റിയതെന്നും പരപ്പന ജയിലധികൃതർ പറയുന്നു
871.wav,സിഗ്നൽ കാത്ത് കിടന്ന അനേകം കാറുകൾക്ക് മുകളിലേക്ക് കണ്ടയിനർ ലോറി പാഞ്ഞ് കയറിയത് ഭയാനകമായി
872.wav,ഇനിയും മുന്ഗണന റേഷന് കാര്ഡുകള് ലഭിച്ചിട്ടില്ലാത്ത ദുര്ബല വിഭാഗങ്ങളില്പ്പെട്ടവര്ക്ക് അവ ലഭ്യമാക്കാനും ഈ നീക്കം സഹായകമാവും
873.wav,സ്ഫോടനത്തില് ബിഡിഎസ് കോണ്സ്റ്റബിള് നിര്മ്മല് കുമാര് ഷായുടെ മുഖത്ത് മുറിവേറ്റിട്ടുണ്ട്
874.wav,ട്രാഫിക് നിയമം ലംഘിക്കുന്നവര്ക്കെതിരെ കര്ശന നടപടികള് സ്വീകരിച്ചാല് നഗരത്തിലെ ഗതാഗതക്കുരുക്കിനും അപകടങ്ങള്ക്കും ഒരുപരിധിവരെ തടയിടാന് കഴിയും
875.wav,ഗോപി സുന്ദറിന്റെ പാട്ടുകളെല്ലാം കോപ്പി അടിക്കുന്നവയാണെന്ന് പറഞ്ഞ് സോഷ്യല് മീഡിയ അദ്ദേഹത്തെ ട്രോളി കൊന്നിരുന്നു
876.wav,കേന്ദ്രപ്രമേയത്തിൽ നിന്ന് വിട്ടുനിൽക്കുന്ന ചില സബ്പ്ലോട്ടുകൾ ആണ് പടത്തിൽ എന്തെങ്കിലും തരത്തിലുള്ള ഉണർവ് തരുന്ന ചില നേരങ്ങൾ
877.wav,ഒരു പുതുമുഖ സംവിധായകൻ ആയി നിന്ന് കൊണ്ട് വെല്ലുവിളികൾ നിറഞ്ഞ ഈ പരീക്ഷണം നടത്തിയ ധൈര്യം അംഗീകരിച്ചേ മതിയാവൂ
878.wav,ബന്ദിന്റെ ഭാഗമായി ചൊവ്വാഴ്ചയും പ്രതിഷേധപ്രകടനങ്ങളും ട്രെയിന് തടയല് ഉള്പ്പെടെയുള്ള സമരങ്ങള് നടത്തും
879.wav,സോഷ്യല് മീഡിയ ഉപയോഗിക്കുന്ന മുസ്ലിം സ്ത്രീകള്ക്ക് കടുത്ത നിയന്ത്രണങ്ങളുമായി ദാറുല് ഉലൂം ദിയോബന്ത്
880.wav,ലേക് പാലസ് റിസോര്ട്ടിന് മുന്നിലെ പാര്ക്കിങ്ങും അപ്രോച്ച് റോഡും നിയമവിരുദ്ധമാണെന്നും രേഖകളും ഉപഗ്രഹ ചിത്രങ്ങളും പരിശോധിച്ചു തയാറാക്കിയ റിപ്പോര്ട്ടിലുണ്ട്
881.wav,ആഗോള ഭീകരതയുടെ വലിയ കണ്ണിയായി തടിയന്റവിട നസീര് വളര്ന്നതും കേരളത്തിന് വ്യാകുതലയുണ്ടാക്കിയില്ല
882.wav,വെങ്കിടങ്ങ് പഞ്ചായത്തിൽ ജീവനക്കാരനായ ജോസ് പോൾ നിർമിച്ച കാലുകൊണ്ട് ചവിട്ടി പ്രവർത്തിപ്പിക്കാവുന്ന അപേക്ഷാ ബോക്സ്
883.wav,അപകടകരമായ രീതിയിൽ വാഹനമോടിച്ചു എന്ന കുറ്റം ചുമത്തിയാണ് ഡിംപിളിനെതിരെ മെൽബൺ പോലീസ് കേസ് രജിസ്റ്റർ ചെയ്തിരുന്നത്
884.wav,ബേഠിബച്ചാവോ എന്ന മുദ്രാവാക്യം മുഴക്കി അധികാരത്തിൽ വന്നവരിൽ നിന്നാണ് രാജ്യത്തെ പെൺകുട്ടികൾക്ക് രക്ഷ വേണ്ടത്
885.wav,ഗോശാലകൃഷ്ണന്റെ ശ്രീകോവിലനടുത്തുള്ള ഇലഞ്ഞിത്തറയിലായിരുന്നു പണ്ട് ശ്രീ പാറമേക്കാവിലമ്മ കുടപ്പുറത്ത് എഴുന്നെള്ളി കുടിയിരുന്നതെന്നും ഐത്യഹ്യമുണ്ട്
886.wav,സർക്കാരിന്റെ നിലനിൽപ്പിന് വേണ്ടി മദ്യനയത്തിൽ വെള്ളം ചേർക്കേണ്ട സ്ഥിതിയിലേക്കാണ് കാര്യങ്ങളുടെ പോക്ക്
887.wav,സ്വാതന്ത്ര്യ ദിനത്തിനും റിപ്പബ്ലിക് ദിനത്തിനും ജനങ്ങള് ഇവിടെ ഒത്തു കൂടുകയും ത്രിവര്ണ പതാക ഉയര്ത്തുകയും ചെയ്യാറുണ്ട്
888.wav,തന്റെ പോരായ്മകൾ കൂടെ നൂറു ചികിത്സ വേണ്ടി ഒരു മോശം സ്ഥലം
889.wav,ജില്ലയില് കൊവിഡ് ബാധിച്ചുള്ള മരണങ്ങളും രോഗീ നിരക്ക് ഉയര്ന്നതും ആരോഗ്യ പ്രവര്ത്തകര് അടക്കമുള്ളവര്ക്ക് രോഗം സ്ഥിരീകരിച്ച സാഹചര്യത്തിലാണ് നിരോധനാജ്ഞ പുറപ്പെടുവിച്ചിട്ടുള്ളത്
890.wav,മെഴുകുതിരി തെളിയിച്ചും മുദ്രാവാക്യം വിളിച്ചും സദസ്സ് ഇന്ത്യയില് നടക്കുന്ന പോരാട്ടങ്ങളോട് ഐക്യപ്പെട്ടു
891.wav,ഭീതി ഇന്ത്യയെ ചൂഴ്ന്നു നില്ക്കുന്നുവെന്നാണ് ഗോപാല്കൃഷ്ണ ഗാന്ധി കഴിഞ്ഞ ദിവസം പറഞ്ഞത്
892.wav,എന്നാല് കെകളിലുടെ ഭക്ഷണം കഴിക്കുമ്പോള് ചൂടു കുടിയ ഭക്ഷണങ്ങളാണെന്ന് മനസിലാക്കാന് നമുക്ക് സാധിക്കും
893.wav,അന്വേഷണ കമ്മീഷന്റെ പ്രവര്ത്തനത്തിന് സൌകര്യമൊരുക്കിയെന്നും റിപ്പോര്ട്ട് കൃത്യസമയത്ത് നല്കാമെന്ന് ചെയര്മാന് അറിയിച്ചിട്ടുണ്ടെന്നും സര്ക്കാര് അറിയിച്ചിട്ടുണ്ട്
894.wav,മറ്റുള്ള മത്സരാര്ത്ഥികളുമായും രജിത്തിന് അഭിപ്രായ വ്യത്യാസങ്ങള് ഉണ്ടെങ്കിലും മഞ്ജുവുമായുള്ള ശത്രുതയോളം അത് നീണ്ടുനില്ക്കുകയോ തുടരുകയോ ചെയ്തിട്ടില്ല
895.wav,ശിരോവസ്ത്രത്തെ രാഷ്ട്രീയ ആയുധമാക്കി ഉയര്ത്തിക്കൊണ്ടുവന്നാണ് മതതാല്പര്യമുള്ള തീവ്ര വലതുപക്ഷമായ ജസ്റ്റിസ് പാര്ട്ടി അവിടെ അധികാരത്തില് വരുന്നത്
896.wav,അനിയത്തിയുടെ വിവാഹത്തിനിടെയാണ് യുവവൈദികന് തന്റെ സംഗീതമാധുര്യം കൊണ്ട് മിനിസ്ക്രീനിലും താരമായി മാറിയത്
897.wav,കലക്ടറുടെയും ഡിഎംഒയുടെയും സാന്നിധ്യത്തില് സാഹചര്യം വിലയിരുത്താന് യോഗം ചേര്ന്നതായും എല്ലാ ജാഗ്രതാനടപടികളും സ്വീകരിക്കുമെന്നും ജില്ലാ ഭരണകൂടവും അറിയിച്ചു
898.wav,ഇവിടെ ഫ്രാന്സിന്റെ നേതൃത്വത്തില് സൈനിക നടപടികള് നടക്കുന്നതിനിടെയാണ് മധ്യ മേഖലയിലും ദക്ഷിണ മേഖലയിലും തീവ്രവാദികള് കൂടുതല് ശക്തമാകുന്നത്
899.wav,കൊച്ചിയിൽ നടിയെ ആക്രമിച്ച കേസിൽ ഗൂഢാലോചന കുറ്റത്തിന് ജയിലിലായ ദിലീപിനെ പരസ്യമായി പിന്തുണച്ചത് പിസി ജോർജും മകൻ ഷോൺ ജോർജുമാണ്
900.wav,അദ്ദേഹം നല്കിയ രാജമുദ്രയും ഓണവില്ലുകളും കന്യാകുമാരിയുടെ പഴയകാലത്തെ അപൂര്വ ചിത്രവും ഞാന് വീട്ടില് ഭദ്രമായി തന്നെ കരുതിവച്ചിട്ടുണ്ട്
901.wav,മാധ്യമപ്രവര്ത്തകര്ക്ക് നേരെ വ്യാപക അക്രമങ്ങള് അരങ്ങേറുന്ന സാഹചര്യത്തിലാണ് ഹൈക്കോടതിയുടെ നിലപാട് വ്യക്തമാക്കി രജിസ്ട്രാര് രംഗത്തെത്തിയത്
902.wav,ചെറിയ വിലയുള്ള സ്ഥലത്തിന് ലക്ഷങ്ങൾ നൽകിയാണ് സമരം പൊളിക്കാൻ സിപിഎം രംഗത്തിറങ്ങിയത്
903.wav,കരുണാനിധിയുടെ ആരോഗ്യനില നേരിയതോതില് മോശമായെന്ന് വ്യാഴാഴ്ച പുറത്തിറങ്ങിയ മെഡിക്കല് ബുള്ളറ്റിനില് പറഞ്ഞിരുന്നു
904.wav,ദ എക്സ്ട്രാ ഓര്ഡിനറി ജേര്ണി ഓഫ് ഫക്കീറിന്റെ ട്രെയിലര് ലോഞ്ചിനിടെയായിരുന്നു ധനുഷ് ഇക്കാര്യം പറഞ്ഞത്
905.wav,ഇപ്പോൾ നിങ്ങൾ വീട്ടിൽ രണ്ടുപേർക്കും ആമാശയത്തിൽ നിങ്ങളുടെ ശരീരത്തെ ബാധിക്കുന്ന ഇല്ല കഴുകുവാൻ
906.wav,കയറ്റങ്ങളും ഇറക്കങ്ങളും നിറയെ വളവുകളും തിരിവുകളും നിറഞ്ഞ റോഡിനിരുവശവും നിറയെ കാഴ്ചകളായിരുന്നു
907.wav,സർക്കാർ നടത്തുന്ന നിർമ്മാണ പ്രവർത്തനങ്ങൾക്കും തുറമുഖ നടത്തിപ്പിനുമുള്ള ടെൻഡർ ഒരുമിച്ചാണ് ക്ഷണിച്ചിരിക്കുന്നത്
908.wav,വിദ്യാഭ്യാസരംഗത്തെ മാറ്റങ്ങള് ചര്ച ചെയ്യുന്ന ലേഖനങ്ങളും പഠനങ്ങളും ഉള്ക്കൊള്ളുന്ന ജേര്ണല് പ്രസിദ്ധീകരണമാരംഭിക്കും
909.wav,നമ്മുടെ ഭാഷയില് ഭാവനയെക്കുറിച്ചും എഴുത്തിനെക്കുറിച്ചും ഇങ്ങനെ ഒരു ചിത്രം സൃഷ്ടിക്കുന്നത് ആധുനികതയുടെ ദശകങ്ങളാണ്
910.wav,കശ്മീരും പൌരത്വ നിയമവും അടക്കമുളള വിഷയങ്ങള് കൈകാര്യം ചെയ്യുന്നതില് ഇന്ത്യയ്ക്ക് മേല് സമ്മര്ദ്ദം ഉയര്ത്താന് സാധിച്ചേക്കും
911.wav,മകനെ കാണാത്ത ഒരമ്മയുടെ വിഷമം മനസ്സിലാക്കിയ പൊലീസ് ഉദ്യോഗസ്ഥർ ജയയെ ആശ്വസിപ്പിക്കുകയും ചെയ്തു
912.wav,കുറഞ്ഞ മെയ്ന്റനന്സും ഉയര്ന്ന റീസെയില് വാല്യുവും നല്കുന്നത് കമ്പനിയുടെ ഉത്തവാദിത്വമാണെന്നും ടൊയോട്ട കിര്ലോസ്കര് മോട്ടോര്സ് ഡെപ്യൂട്ടി മാനേജിങ് ഡയറക്ടര് എന്
913.wav,വയനാടിന്റെ കാലാവസ്ഥയ്ക്കും മണ്ണിന്റെ ഘടനയ്ക്കും അനുസരിച്ചല്ലാതെയുള്ള കൃഷിരീതികളാണ് ഭൂഗര്ഭജലം താഴാനും മണ്ണിരയും ഞണ്ടും ചത്തുപൊങ്ങാനും കാരണമായത്
914.wav,എന്നാൽ ഈസ്റ്റർ സീസണിനു ശേഷം ഈസ്റ്റർ സീസണിന്റെ അന്ത്യം അവസാനിക്കുന്നില്ല
915.wav,ഇന്നലെ ദശമി വിളക്കിന്റെ ആഘോഷവേളയില് ഗജരാജ പ്രതിമയില് പുഷ്പാര്ച്ചനയും അനുസ്മരണവും നടന്നു
916.wav,ഇത് പരിഷ്കരിച്ചാല് മാത്രമേ ആങ് സാന് സ്യൂചിക്ക് പ്രസിഡന്റ് സ്ഥാനത്തെത്താന് കഴിയൂ
917.wav,മത്സരത്തിനു പിന്നാലെ സാമൂഹ്യ മാധ്യമങ്ങളിലും ഇന്ത്യ മനപൂര്വം തോല്വി വഴങ്ങിയതാണെന്ന തരത്തിലുള്ള പോസ്റ്റുകള് നിറയുകയാണ്
918.wav,ത്വാഇഫ് ജുഫാലി മസ്ജിദിൽ നടന്ന ഖബറടക്ക ചടങ്ങിൽ ബന്ധുക്കളും സാമൂഹിക പ്രവർത്തകരും പങ്കെടുത്തു
919.wav,എനിക്ക് പറയാന് ബുദ്ധിമുട്ടുണ്ടെന്നും ബിജു ഒരലക്ക് അലക്കിയേക്കെന്നും സുകേശന് പറയുന്നു
920.wav,അതേ ലിംഗഭേദം ലൈംഗിക ആകർഷണങ്ങളുമായി പാണ്ടുള്ള കളിപ്പാട്ടങ്ങൾ ഒപ്പം ശക്തമായ ആകർഷണീയമായ പോപ് മെലഡി സ്വീകരിക്കുന്നു
921.wav,രണ്ടാഴ്ചയോളം ആശുപത്രി കിടക്കയിലായിരുന്ന രാഹുല് കഴിഞ്ഞ ദിവസം അസുഖം മൂര്ച്ഛിച്ച് മരണപ്പെടുകയായിരുന്നു
922.wav,എന്നാല് പൊലീസ് സംരക്ഷണം ലഭിച്ചില്ലെങ്കിലും ശബരിമലയില് പോകുമെന്ന് ഉറച്ചു നില്ക്കുകയാണ് തൃപ്തി
923.wav,മലയാളിയുടെ ജനിതകം എന്ന ബുക്കിലൂടെ മലയാളികളുടെ എല്ലാ ജാതികളും കലര്പ്പാണ് എന്ന് താങ്കള് പറയുന്നുണ്ടല്ലോ
924.wav,അമ്മയുടെ നൂറുകണക്കിന് വിദേശ ശിഷ്യര് ഇന്ന് മലയാളം സംസാരിക്കുന്നതോടൊപ്പം മലയാളിത്തവും സ്വന്തമാക്കിയിരിക്കുന്നു
925.wav,കേസ് അട്ടിമറിക്കാൻ ദിലീപ് ഗൂഡോലചന നടത്തുന്നുവെന്ന ആക്ഷേപം പ്രോസിക്യൂഷൻ നേരത്തെ ഉന്നയിച്ചിരുന്നു
926.wav,പഴയ കെഎസ്യുക്കാരന്റെ നിലവാരത്തില് നിന്നും ബല്റാം ഇനിയും നിങ്ങള് മോചിതനായിട്ടില്ല
927.wav,സംഭവത്തിൽ ഉൾപ്പെട്ട എല്ലാ ഉദ്യോഗസ്ഥരുടെയും പേരുവിവരങ്ങൾ സ്ഥാനമാനങ്ങൾ നോക്കാതെ പുറത്തുവിടുമെന്ന് അന്വേഷണ ഉദ്യോഗസ്ഥൻ അറിയിച്ചു
928.wav,ഏഴു വർഷം മുമ്പാണ് രമണൻ സിനിമയിലെ അഭിനേതാക്കളുടെ ചിത്രങ്ങൾ പേനയും പെൻസിലും ഉപയോഗിച്ച് വരച്ചു തുടങ്ങിയത്
929.wav,ആഭ്യന്തര ക്രിക്കറ്റില് മികവുറ്റ പ്രകടനവും റെക്കോര്ഡ് തുക നേടാന് ക്രുണാലിനെ സഹായിച്ചിട്ടുണ്ട്
930.wav,ദേശീയ ശ്രദ്ധ ആകർഷിച്ച വയനാട്ടിൽ തെരഞ്ഞെടുപ്പ് പ്രചരണത്തിന് തുടക്കംകുറിക്കാൻ കോൺഗ്രസ് അധ്യക്ഷൻ രാഹുൽ ഗാന്ധി ഇന്നെത്തും
931.wav,ഈ സന്ദേശത്തോട് അനൂകൂലിച്ചും പ്രതികൂലിച്ചും ഒട്ടേറെ മറുപടികള് ഗ്രൂപ്പിലെത്തിയതോടെ അനില് രാജ് തന്റെ നിസഹായതയും നിലപാടും വ്യക്തമാക്കി മറ്റൊരു സന്ദേശമിട്ടു
932.wav,ഗുരുദേവ പ്രതിമ ഉള്പ്പെടാത്ത വിശാലമായ സ്ഥലം ഹാളിന്റെ സമീപത്തായുള്ളപ്പോഴായിരുന്നു ഹീനമായ പ്രവൃത്തി
933.wav,അറസ്റ്റിലായവരെ കസ്റ്റഡിയില് വാങ്ങാന് പൊലീസ് നല്കിയ അപേക്ഷ കോടതി ഇന്ന് പരിഗണിക്കും
934.wav,കൂടാതെ അനധികൃതമായി പണത്തിന്റെ ഉപയോഗമുണ്ടാകാതിരിക്കാന് അണികളെ ആഹ്വാനം ചെയ്യണമെന്ന് എല്ലാ രാഷ്ട്രീയകക്ഷികള്ക്കും കമ്മീഷന് കത്തെഴുതിയിരുന്നു
935.wav,ഇടതു വലത് എൻഡിഎ മുന്നണികളെ പിന്തള്ളിക്കൊണ്ട് ജോർജ്ജ് പൂഞ്ഞാർ മണ്ഡലത്തിന്റെ ചരിത്രത്തിലെ ഏറ്റവും വലിയ ഭൂരിപക്ഷത്തോടെ വിജയിച്ചു
936.wav,സൃഷ്ടിയുടെ അപൂര്ണ്ണതയും ദൈവാസ്ഥിത്വവും സംബന്ധിച്ച ചില ചോദ്യങ്ങളാണ് നാം കഴിഞ്ഞ അധ്യായത്തില് ചര്ച്ച ചെയ്തത്
937.wav,കമ്യൂണിസ്റ്റ് രാജ്യമായ ചൈന ഭരണഘടനാപരമായി നിരീശ്വര രാജ്യമാണെങ്കിലും അഞ്ചു മതങ്ങളെ ഔദ്യോഗികമായി അംഗീകരിച്ചിട്ടുണ്ട്
938.wav,അമേരിക്കയുള്ള സംഘര്ഷം നിലനില്ക്കുന്നതിനാല് ശത്രിവിമാനമാണെന്ന തെറ്റിദ്ധാരണയില് വിമാനത്തെ ആക്രമിച്ചു വീഴുത്തുകയായിരുന്നുവെന്നാണ് ഇറാന് അധികൃതര് കഴിഞ്ഞ ദിവസം തുറന്നു സമ്മതിച്ചത്
939.wav,വെള്ളാപ്പള്ളി നടേശനെയും സഹായിയെയും ആത്മഹത്യാ പ്രേരണാകുറ്റം ചുമത്തി അറസ്റ്റ് ചെയ്യണമെന്നാണ് കുടുംബത്തിന്റെ ആവശ്യം
940.wav,ഒരു ലക്ഷം മുതല് അറുപത് ലക്ഷം രൂപവരെ നഷ്ടപ്പെട്ട ആളുകളാണ് പരാതിയുമായെത്തിയത്
941.wav,പ്രധാന ഷെഡ്യൂള് ഇനിയും ആരംഭിച്ചിട്ടില്ലെങ്കിലും ചിത്രത്തിനുവേണ്ടി ഒരു പെരുന്നാള് രംഗം ഒരു വര്ഷം മുന്പ് ചിത്രീകരിച്ചിരുന്നു
942.wav,ആദ്യ സംഖ്യ ഹൈദർ കോട്ടക്കലിൽ നിന്ന് ഖുലൈസ് കെ എം സി സി ഭാരവാഹികൾ സ്വീകരിച്ചു
943.wav,ഒടുവിൽ കോൺഗ്രസിന്റെയും ഇന്ത്യയുടെയും ജനാധിപത്യത്തിൽ ഏറ്റവും നിർണായകമായ തെരഞ്ഞെടുപ്പുകളിലൊന്നിൽ രാഹുൽ മറ്റൊന്നും നോക്കാതെ ഒപ്പം നിർത്തിയതും പ്രിയങ്കാഗാന്ധിയെയാണ്
944.wav,എടക്കര പൊലീസ് ഇൻസ്പെക്ടർ മനോജ് പറയറ്റയും സംഘവുമാണ് പ്രതികളെ അറസ്റ്റ് ചെയ്തത്
945.wav,ഒരു സമ്മേളനമെന്നതിലുപരി ഒരു ലോക കേരള പാർലമെന്റ് എന്ന നിലയ്ക്കുവേണം ഓരോ കേരളീയനും ലോക കേരളസഭയെ സമീപിക്കാൻ
946.wav,ബുദ്ധിമാന്ദ്യമുള്ള പെണ്കുട്ടിയെ പീഡിപ്പിച്ച കേസുമായി ബന്ധപ്പെട്ട് അയല്ക്കാരനായ മദ്ധ്യവയസ്കനെ പൊലീസ് അറസ്റ്റ് ചെയ്തു
947.wav,എന്നാല് അരുണ്കുമാറിന്റെ സ്വഭാവത്തില് സംശയം തോന്നിയ ഒരു വീട്ടമ്മ പരാതിയുമായി മ്യൂസിയം പൊലീസിനെ സമീപിക്കുകയായിരുന്നു
948.wav,ഇന്ദ്രേഷ് കുമാറുമായി ഇതിനകം തന്നെ പല മുസ്ലിം നേതാക്കളും തോളോടു ചേര്ന്ന് പ്രവര്ത്തിക്കാന് തയ്യാറാണെന്ന് അറിയിച്ചിട്ടുണ്ട്
949.wav,വടകരയിലെ ഇടത് സ്ഥാനാര്ഥിയായി ലോക്സഭ തിരഞ്ഞെടുപ്പിനെ നേരിടുമ്പോള് ഉയരുന്ന പരിഹാസങ്ങളെയും വിമര്ശനങ്ങളെയും ഫെയ്സ്ബുക്ക് പോസ്റ്റിലൂടെ പ്രതിരോധിക്കുകയാണ് പി ജയരാജന്
950.wav,വിശകലനം വേണ്ടി ശേഖരിച്ച മൂത്രം ശേഖരിക്കുന്നതിനും കൈമാറ്റം ചെയ്യുന്നതിനുമുള്ള നിയമങ്ങൾ പാലിക്കാതെയാണത് കാരണം
951.wav,പാലാ ഉപതിരഞ്ഞെടുപ്പിൽ യുഡിഎഫ് സ്ഥാനാര്ത്ഥിയായ കേരള കോൺഗ്രസ് പ്രതിനിധിക്ക് രണ്ടില ചിഹ്നം നൽകില്ലെന്ന് വീണ്ടും വ്യക്തമാക്കി പിജെ ജോസഫ്
952.wav,കേരളത്തില് പ്രളയമുണ്ടായത് മലയാളികള് ഗോഹത്യ നടത്തിയതു കൊണ്ടാണെന്ന വിവാദ പരാമര്ശം നടത്തിയ ചക്രപാണി സൈബര് വാരിയേഴ്സിന്റെ കെണിയില് വീഴുകയായിരുന്നു
953.wav,റോഡിലൂടെ മറ്റൊരുവാഹനത്തില് കൊണ്ടുപോകുകയായിരുന്ന ജനറേറ്റര് വേര്പെട്ട് ബൈക്കിന് മുകളിലേക്ക് മറിയുകയായിരുന്നുവെന്നാണ് വിവരം
954.wav,തുടക്കത്തിൽ തന്നെ സ്വന്തമായി കുട്ടികളുണ്ടാകണമെന്ന ആഗ്രഹമല്ല താൻ പ്രതീക്ഷിച്ചിരുന്നതെന്ന് എബെയ് ഒരു ഇൻസ്റ്റാഗ്രാം പോസ്റ്റിൽ വെളിപ്പെടുത്തിയതായി അതോറിറ്റി ദിനപത്രം വെളിപ്പെടുത്തി
955.wav,ആധുനിക വനിതാ മേക്കിയുടെ ഫാഷൻ ട്രെൻഡുകളിൽ ഒന്ന് നേരായ പുഞ്ചിരിയാണ്
956.wav,കേരളത്തിലെ കെറ്റിഡിസിയുടെ വിവിധ സ്ഥാപനങ്ങളില് ഉപയോഗിക്കുന്ന വൈദ്യുതിയുടെ അളവിനുപരിയായുള്ള വൈദ്യുതിയുടെ വില കെഎസ്ഇബി കെറ്റിഡിസിക്കു നല്കാനുമാണ് ധാരണ
957.wav,തന്റെ ഭാര്യയെ ആകര്ഷിക്കാന് സ്മാര്ട് ഫോണ് നദീം സമ്മാനം നല്കിയിരുന്നുവെന്നും വിവാഹ വാഗ്ദാനം നല്കിയിരുന്നെന്നും അക്ഷയ് പരാതിയില് ആരോപിക്കുന്നു
958.wav,ബെംഗളൂരു ആസ്ഥാനമായുള്ള എസ്എസ് ഓട്ടോമേഷന് എന്ന സ്ഥാപനം സ്പോണ്സര് ചെയ്തതാണ് ജര്മ്മന് സാങ്കേതികവിദ്യയില് പ്രവര്ത്തിക്കുന്ന യൂണിറ്റ്
959.wav,രോഗങ്ങൾ അല്ലെങ്കിൽ കീടങ്ങളെ നിന്ന് ചെടികൾ കൈകാര്യം മികച്ച മാർഗം തളിക്കുകയാണ്
960.wav,യാതൊരു വിധ പ്രതിരോധ മാര്ഗങ്ങളും ഇല്ലാതെയാണ് ടെന്റുകള് കെട്ടി വിനോദസഞ്ചാരികളെ താമസിപ്പിച്ചതെന്ന് വനം വകുപ്പും കണ്ടെത്തി
961.wav,രോഗവ്യാപനഘട്ടമായതിനാൽ ഇപ്പോൾ സ്കൂളുകൾ തുറക്കുന്ന കാര്യം ആലോചനയിലില്ലെന്നും എന്നാൽ നിയന്ത്രണങ്ങളിൽ കൂടുതൽ ഇളവുകൾ നൽകുന്നതിനോട് സംസ്ഥാനത്തിനു യോജിപ്പാണെന്നും മുഖ്യമന്ത്രി പറഞ്ഞു
962.wav,ചൈനയുടെ സാമ്പത്തിക മേഖലയില് ജിഡിപി വ്യത്യാസം സംഭവിച്ചാല് ആഗോള തലത്തില് മാന്ദ്യത്തിന് കാരണമാകും
963.wav,ഇന്ത്യക്ക് സ്വാതന്ത്രം നേടിക്കൊടുത്ത മഹാത്മാ ഗാന്ധിയെപ്പോലും ഞെട്ടിപ്പിക്കുന്ന തരത്തിലാണ് ഇന്ത്യയിലെ ചില പ്രവര്ത്തികള്
964.wav,രണ്ട് രാജ്യങ്ങളുമായി അതിര്ത്തി പങ്കിടുന്ന സുപ്രധാന പ്രദേശമായിരുന്നിട്ടുപോലും ഇന്ത്യാഗവണ്മെന്റ് തങ്ങളെ അവഗണിക്കുകയാണെന്നും ഇവര് പറയുന്നു
965.wav,തിരഞ്ഞെടുപ്പില് ജയിച്ച് ഭൂരിപക്ഷം നേടിയല്ലാതെ മന്ത്രിസഭയുണ്ടാക്കാന് പാടില്ല എന്ന് പണ്ടേ പാര്ട്ടിയില് വ്യവസ്ഥയുണ്ട്
966.wav,സ്ഥിതി ഏതാനും സൈനിക കേന്ദ്രങ്ങളിൽ വളരെ മറ്റ് സർക്കാർ ശാഖകൾ ഉണ്ട്
967.wav,വെസ്റ്റേണ് മിഷിഗണ് യൂണിവേഴ്സിറ്റിയില് ഉന്നതപഠനത്തിനായി പോകവെ യുഎസിലേക്കുള്ള വിമാനത്തില് അറസ്റ്റിലായ പതിനേഴുകാരനും വധശിക്ഷ നല്കിയവരില് ഉള്പ്പെടുന്നു
968.wav,ഈ സ്ത്രീ അവയവം മനുഷ്യരിലും മറ്റു സസ്തനികളിലും ഒട്ടക പക്ഷിയിലും മറ്റു ചില മൃഗങ്ങളിലും കണ്ടു വരുന്നു
969.wav,തോമസ് ചാണ്ടി രാജിവച്ച വിവാദം അവസാനിക്കുന്നതിന് മുൻപാണ് മന്ത്രിസഭയിൽ നിന്ന് രണ്ടാമതായി രാജിവച്ച ശശീന്ദ്രനെ വീണ്ടും മന്ത്രിയാക്കണമെന്ന് ആവശ്യം ഉയർന്നത്
970.wav,ഇന്ത്യയ്ക്ക് വേണ്ടി ടെസ്റ്റില് അരങ്ങേറ്റം കുറിച്ചപ്പോള് മായങ്ക് കാണിച്ച മികവും താരത്തെ ഇംഗ്ലണ്ടിലേക്ക് അയക്കുന്നതിന് തുണയായി
971.wav,ഇത് രാജ്യത്തെ ജലസംഭരണികളിലെ വെള്ളം കഴിഞ്ഞ പത്തുവര്ഷത്തെ ശരാശരിയേക്കാള് വളരെ ഉയര്ന്ന നിലയിലേക്കെത്തിക്കാന് കാരണമായി
972.wav,മറ്റുള്ളവരില്നിന്ന് പഠിക്കാന് കഴിയുന്നു എന്നതിന്റെ ഒന്നാമത്തെ ലക്ഷണം നമുക്ക് വിനയമുണ്ടാവുക എന്നതാണ്
973.wav,ഇമാമിനെ പോലെ തന്നെ ടീമിന്റെ മൊത്തം പ്രകടനത്തിലെ മെല്ലെപ്പോക്കിനെതിരെ മുന് താരങ്ങളടക്കം രംഗത്തെത്തിയിട്ടുണ്ട്
974.wav,ദുരന്ത സാധ്യതാ മേഖല എന്ന നിലയിലുള്ള പ്രവര്ത്തനങ്ങള് സംസ്ഥാനത്ത് പര്യാപ്തമല്ല എന്നും സമിതി നിരീക്ഷിക്കുന്നു
975.wav,വിചാരണയ്ക്കിടെ ആറു സ്ത്രീകള് അവരെ ഹാര്വി വെയ്ന്സ്റ്റൈന് ലൈംഗികമായി പീഡിപ്പിച്ചതായി സാക്ഷിപ്പെടുത്തി
976.wav,കാടും നാടും വേര്തിരിച്ച് നാട്ടിലേക്ക് മൃഗങ്ങള് എത്താതിരിക്കുന്നതിന് അനുയോജ്യമായ പദ്ധതി നടപ്പിലാക്കും
977.wav,മുന്നണിയില് സൌഹൃദമത്സരം പാടില്ലെന്ന് പറഞ്ഞ കെ മുരളീധരന് ആന്റണി രാജുവിന്റെ പ്രസ്താവന അതിരു കടന്നതാണെന്നും വ്യക്തമാക്കി
978.wav,പുരാതന ഈജിപ്തുകാർ വെറുമൊരു കൊച്ചുപാകിയെടുത്ത് ആൻറിബയോട്ടിക്കായി ഒരു മുറിയിൽ പ്രയോഗിച്ചു
979.wav,ലോക്സഭയില് കോണ്ഗ്രസിലെ പാര്ലമെന്ററി പാര്ട്ടി ചീഫ്വിപ്പാണ് പയ്യന്നൂര് സ്വദേശിയായ കെ സി വേണുഗോപാല്
980.wav,ക്ലച്ച് റിലീസ് ചെയ്യുമ്പോള് വാഹനം സ്മൂത്തായി തന്നെ മുന്നോട്ടു നീങ്ങണം
981.wav,ഗൽവാനിൽ വീരമൃത്യു വരിച്ച കേണൽ ബി സന്തോഷ് ബാബുവിന് മഹാവീർ ചക്ര നൽകിയേക്കും
982.wav,തന്റെ ജീവിതകാലം മുഴുവൻ പണിയെടുത്താലും ബിൽത്തുക മുഴുവൻ അടച്ച് തീർക്കാൻ കഴിയുമെന്ന് കരുതുന്നില്ലെന്നും ദേശീയ വാർത്താ ഏജൻസിയോട് പ്രതികരിച്ചു
983.wav,മലയാളത്തിലെ ഏറ്റവും ജനപ്രിയ ചാനൽ ഷോയായിരുന്നു നടൻ സുരേഷ് ഗോപി അവതാരിപ്പിച്ചിരുന്ന നിങ്ങൾക്കും ആകാം കോടീശ്വരൻ
984.wav,വെള്ളിയാഴ്ച ഉച്ചയ്ക്ക് മുസ്ലിങ്ങൾക്കും ഞായറാഴ്ച രാവിലെ ക്രിസ്ത്യാനികൾക്കുമെന്ന പോലെ ശനിയാഴ്ച വൈകുന്നേരമാകാം ഇത്
985.wav,ഉയര്ന്ന പിഴ നല്കാന് പലര്ക്കും കഴിയാത്തതിനെത്തുടര്ന്ന് കൂടുതല് കേസുകളും കോടതിയിലേക്ക് അയച്ചു
986.wav,എന്നാൽ ഇപ്പോൾ വിജിലൻസ് കുറ്റപത്രം നൽകിയപ്പോൾ അന്നത്തെ മേയറായിരുന്ന ജെ ചന്ദ്ര മാത്രമാണ് പ്രതിപ്പട്ടികയിൽ ഉൾപ്പെട്ടത്
987.wav,അതിപ്രധാനമായ രേഖകളോ തീരുമാനങ്ങളോ അത്തരം ബന്ധങ്ങള് പുലര്ത്തിപ്പോരുന്നവരെ ഏല്പിക്കാതിരിക്കുവാനുള്ള ജാഗ്രത നാം കാണിക്കണം
988.wav,ആദ്യത്തെ ഷൈനി മെമ്മോറിയല് ഓള് യുകെ വടംവലി കിരീടം ആതിഥേയരായ ബര്മ്മിംഗ്ഹാം സിറ്റി മലയാളി കമ്യൂണിറ്റിക്ക്
989.wav,ആശുപത്രിയിലെ സ്റ്റാഫ് നഴ്സും യുഎൻഎ യൂണിറ്റ് സെക്രട്ടറിയുമായ സജ്ന രതീഷിനെ പുറത്താക്കിയിരുന്നു
990.wav,തന്റെ മന്ത്രിസഭയില് പാതിയിലേറെ വനിതകളെ ഉള്ക്കൊള്ളിച്ചുകൊണ്ട് അദ്ദേഹം സ്ത്രീപ്രാതിനിധ്യത്തിന്റെ കാര്യത്തില് പുതിയ റെക്കോര്ഡ് സൃഷ്ടിച്ചു
991.wav,റവന്യൂ വകുപ്പും നഗരസഭയും ജില്ലാ ഭരണകൂടവും ഇൌ കൈയേറ്റത്തിന് ഒരുപോലെ ഉത്തരവാദികളാണ്
992.wav,സര്വശിക്ഷാ അഭിയാന്റെയും തൃശൂര് ഓട്ടിസം സൊസൈറ്റിയുടെയും കീഴിലുള്ള ഓട്ടിസം ട്രെയ്നിങ് സെന്ററാണ് പൂജയുടെ സമഗ്രമായ മാറ്റത്തിനാവശ്യമായ പരിശീലനങ്ങള് നല്കിയത്
993.wav,ആശ്രാമം മണ്ഡലത്തിന്റെ ആഭിമുഖ്യത്തില് വിജയദശമി ആഘോഷം ശ്രീകൃഷ്ണസ്വാമി ക്ഷേത്രാങ്കണത്തില് വന് ജനാവലിയുടെ സാന്നിധ്യത്തില് നടത്തി
994.wav,സിന്തറ്റിക് മെറ്റീരിയലുകൾ കൊണ്ടുള്ള മെത്തകൾ ശരീരത്തിന് ചൂടുണ്ടാക്കുകയും ഉണരുമ്പോൾ ക്ഷീണം കൂട്ടുകയും ചെയ്യും
995.wav,എല്ലാ പാർട്ടികളേയും പോലെ ആം ആദ്മിയിലും ഹൈക്കമാൻഡ് സംസ്കാരം വളരാൻ അനുവദിക്കുന്നത് നല്ലതല്ലെന്ന് പ്രശാന്ത് ഭൂഷൺ തുറന്നടിച്ചു
996.wav,അദ്ദേഹത്തിന്റെ അഹങ്കാരം കാരണം കോറസ് ഇടപാടിൽ തെറ്റായ ബിസിനസ് തീരുമാനമുണ്ടാക്കിയെന്നും അതുവഴി ഇരട്ടി തുകക്കാണ് ഇടപാട് നടന്നതെന്നും മിസ്ട്രി കുറ്റപ്പെടുത്തി
997.wav,നാടാർക്ക് ആദ്യം കീഴ്ക്കോടതി മൂന്നുമാസം തടവും പിഴയും ചുമത്തിയെങ്കിലും അഡീഷണൽ സെഷൻസ് കോർട്ട് കുറ്റവിമുക്തമാക്കുകയായിരുന്നു
998.wav,ഇപ്പോള് കാടുകയറിയ ഇവിടം തെരുവുനായകള്ക്കും സാമൂഹ്യവിരുദ്ധര്ക്കും തമ്പടിക്കാനുള്ള ഇടമായി മാറിയിരിക്കകുയാണ്
999.wav,രണ്ടും രണ്ടാണ്ണെന്ന് മനസ്സിലാക്കാനുള്ള വിവേകം നൂറ് ശതമാനം സാക്ഷരത അവകാശപ്പെടുന്ന നമ്മുടെ പൊതുസമൂഹം കാണിക്കണം
1000.wav,ഈ കൂടിക്കാഴ്ചയില് രാകുല് കൃഷ്ണ ഒത്തുതീര്പ്പ് സന്നദ്ധത അറിയിച്ചെന്നും വിവരങ്ങള് ഉണ്ട്
1001.wav,പണിമുടക്കിന് ഐക്യദാര്ഢ്യം പ്രഖ്യാപിച്ച് ജനുവരി ആറിന് ജില്ലയിലൊട്ടാകെ പ്രകടനം സംഘടിപ്പിക്കുവാന് ജില്ലയിലെ പാര്ട്ടി ഘടകങ്ങളോടും യോഗം അഭ്യര്ത്ഥിച്ചു
1002.wav,ഒടുവിൽ കോടതിയുടെ മധ്യസ്ഥതയിൽ ശമ്പളവും ആനുകൂല്യങ്ങളും നൽകി കൊണ്ട് സ്പോൺസർ ഒത്തുതീർപ്പിന് തയ്യാറായി
1003.wav,തെരഞ്ഞെടുപ്പ് പ്രഖ്യാപിക്കുന്ന സമയത്തിന് മുന്പ് നിരവധി ഫയലുകള് തന്റെ മുന്നില് വന്നിട്ടുണ്ട്
1004.wav,ദേശീയ പുരസ്കാര ജേതാവായ മലയാളി സൌണ്ട് എൻജിനിയർ സനൽ ജോർജാണ് സിനിമയുടെ ശബ്ദസംവിധാനം നിർവഹിച്ചിരിക്കുന്നത്
1005.wav,നിരവധി പ്രമുഖര് ഇതിനോടകം തന്നെ മന്ത്രിയുടെ പ്രവര്ത്തനങ്ങളെ അഭിനന്ദിച്ച് രംഗത്ത് എത്തിയിരുന്നു
1006.wav,രാഷ്ട്രീയ പ്രവർത്തനത്തിനും ഖലിസ്ഥാൻ വിരുദ്ധ പോരാട്ടത്തിനുമൊപ്പം ബൽവിന്ദർ നാട്ടിൽ സാമൂഹിക ക്ഷേമ പ്രവർത്തനങ്ങളിലും ഭാഗമായി
1007.wav,സ്റ്റാറ്റസ്കോ നിലനിര്ത്തണം വിജയസാധ്യത പരിഗണിച്ച് സീറ്റ് വച്ച് മാറ്റത്തിന് തയ്യാറെന്നും പിജെ ജോസഫ് പറയുന്നു
1008.wav,പിന്നീടാണ് ജാലിയന് വാലാബാഗും ഗാന്ധിയുടെ പോര്ട്രേയ്റ്റും പോസ്റ്ററില് കൊണ്ടുവരാമെന്ന് ചിന്തിക്കുന്നത്
1009.wav,ചാത്തന്നൂര് പഞ്ചായത്ത് ഭരണം ബിജെപിയുടെ കരങ്ങളില് എത്തുമെന്നു ഭയന്നുകൊണ്ട് വളരെ ആസൂത്രിതമായാണ് മുന്നണികള് നീക്കം നടത്തിയത്
1010.wav,മലയാളികളടക്കം ആയിരത്തോളം ഇന്ത്യക്കാരെ തിരികെ എത്തിക്കാൻ മുൻകൈ എടുത്തത് കേന്ദ്രസർക്കാരാണെന്ന് സുഷമ ട്വിറ്ററിൽ കുറിച്ചു
1011.wav,കഥ പറയാന് അറിയാത്തതുകൊണ്ട് സ്ക്രിപ്റ്റ് അങ്ങനെതന്നെ അവരുടെ ശബ്ദം അനുകരിച്ചാണ് ഞങ്ങള് പറഞ്ഞത്
1012.wav,ഇതേ പോലെ നാട്ടുകാർക്ക് മുന്നിൽ ഒരു സാധുവായി നടിച്ച് ദന്തഡോക്ടറെ ടെറസിൽ കഞ്ചാവ് ചെടി കൃഷി ചെയ്തതിന് എക്സൈസ് സംഘം
1013.wav,മുംബൈ ടൈംസ് പത്രത്തിന്റെ പത്രാധിപരും ടൈംസ്ഓഫ് ഇന്ത്യ പത്രത്തിന്റെ ഞായറാഴ്ച പതിപ്പിന്റെ പത്രാധിപരുമായിരുന്നു ഫാത്തിമ സക്കറിയ
1014.wav,കണ്ണൂര് ജില്ലയിലെ പ്രളയബാധിത പ്രദേശങ്ങളില് ജപ്തി നടപടിയുമായി സഹകരണ ബാങ്കുകള്
1015.wav,തലസ്ഥാനത്തെ ഹിൽട്ടൺ ഗാർഡൻ ഇന്നിൽ നടന്ന ഉച്ചകോടിയിൽ അമ്പതിലേറെ സ്റ്റാർട്ടപ്പ് സംരംഭകർ പങ്കെടുത്തു
1016.wav,ഒരു ആദിവാസി പെണ്കുട്ടിയ്ക്ക് നേരെ ലൈംഗികാതിക്രമം ഉണ്ടായതായ ആരോപണത്തെ തുടര്ന്നാണ് സംഘര്ഷം
1017.wav,വിവാഹനിശ്ചയം കഴിഞ്ഞിട്ടും പ്രണയത്തില് നിന്നു പിന്മാറാതെ ഇയാള് ഇന്ദുവിനെ നിരന്തരം സമ്മര്ദ്ദത്തിലാക്കുകയായിരുന്നുവെന്നും അന്വേഷണത്തില് വ്യക്തമായി
1018.wav,പാക്കിസ്ഥാനും സൌദിക്കും സമാന താൽപര്യങ്ങളുള്ള വിഷയങ്ങൾ സൈനിക മേധാവിയും സൌദി സ്ഥാനപതിയും തമ്മിലുള്ള കൂടിക്കാഴ്ചയിൽ ചർച്ചയായെന്നും പ്രസ്താവനയിലുണ്ട്
1019.wav,എറണാകുളം കലൂരിൽ ഉള്ള സിയാദ് ടവറിൽ ടേക്ക് ഓഫ് എന്ന സ്ഥാപനത്തിലാണ് ഇവർ ജോലിക്ക് വേണ്ടി പണം അടച്ചത്
1020.wav,കേസ് റദ്ദാക്കണമെന്നാവശ്യപ്പെട്ട് സ്നിഗ്ധ നല്കിയ ഹര്ജി പരിഗണിക്കുമ്പോഴാണ് കോടതി ഇങ്ങനെ പറഞ്ഞത്
1021.wav,വിദ്യാര്ത്ഥികളോട് കൊലപാതകം നടത്താന് മടിക്കേണ്ട എന്ന് ആഹ്വാനം ചെയ്തുള്ള പ്രസ്താവനയാണ് വിവാദത്തിലായിരിക്കുന്നത്
1022.wav,റോഡിനെ ചൊല്ലിയുള്ള തര്ക്കത്തിന്റെ പേരിലാണ് ഗുണ്ടാസംഘം തിരുവനന്തപുരത്തെ നിസാമുദ്ദീന്റെ വീട്ടിലെത്തി ആക്രമണം നടത്തിയത്
1023.wav,നമ്മുടെ ക്ലാസ് റൂമുകളില് ഏറ്റവും കൂടുതല് മുഴങ്ങുന്ന ശബ്ദം സൈലന്സ് എന്നതാണ്
1024.wav,ഗോഷ്മഹല് നിയോജകമണ്ഡലത്തിലെ എംഎല്എയായ രാജാ സിങ്ങാണ് അനുമതി തേടി പോലീസിനെ സമീപിച്ചത്
1025.wav,നാല് മിനിറ്റിനുശേഷം ഗോവയുടെ ആരണ് ഡിസില്വ ലീഡ് ഉയര്ത്താനുള്ള അവസരം നഷ്ടമാക്കി
1026.wav,ശബരിമല വിഷയവുമായി ബന്ധപ്പെട്ട് ഇരുണ്ട യുഗത്തിലേക്ക് പോകാനില്ലെന്ന മുദ്രാവാക്യമുയർത്തി ജനുവരി ഒന്നിന് കാസര്കോഡ് മുതൽ തിരുവനന്തപുരം വരെയാണ് മതിൽ
1027.wav,അകലെയുള്ള ക്ഷേത്രങ്ങളിലും ബന്ധുഗൃഹങ്ങളിലും കുടുംബസമേതം സന്ദര്ശിക്കേണ്ട തിന്റെ അനിവാര്യത അയാള്ക്കോര്മ്മ വന്നത് വീട്ടി ല് പത്മിനി വന്നപ്പോഴാണ്
1028.wav,തച്ചിലിന്റെ കഥകളുടെ പഠനത്തിന് ആമുഖമായി ഉപനിഷത്തുകളേയും മിത്തുകളേയും കുറിച്ച് പറഞ്ഞുവെന്നതിനര്ഥം തച്ചില് കഥകള് സമകാലികങ്ങളല്ല എന്നല്ല
1029.wav,എന്നാൽ ചിത്രത്തെക്കുറിച്ച് ഇപ്പോൾ പുറത്തുവരുന്ന വാർത്ത സിനിമ പ്രേമികളെ കൂടുതൽ ആവേശത്തിലാക്കുന്നതാണ്
1030.wav,സ്റ്റീല് കത്തികള്ക്ക് രോഗം ശമിപ്പിക്കാന് അദൃശ്യമായ ഒരു ശക്തിയുണ്ടെന്നാണ് വിശ്വസിക്കുന്നത്
1031.wav,നിര്ഗുണ നിരാകാര സ്വരൂപമായ ബ്രഹ്മത്തെ തന്നെയാണ് സഗുണ സാകാരമായി പലതായി കണ്ട് ആരാധിക്കുന്നത് എന്ന് വ്യക്തമാക്കുന്നു
1032.wav,ഇന്ത്യന് ഉപഭൂഖണ്ഡത്തില് അഞ്ച് വിക്കറ്റെടുക്കുന്ന ഏറ്റവും പ്രായം കൂടിയ ബൌളറെന്ന നേട്ടം ഹാഡ്ലില്നിന്ന് ആന്ഡേഴ്സണ് സ്വന്തമാക്കി
1033.wav,അതേസമയം യുഡിഎഫ് പ്രചരണങ്ങളില് സഹകരിക്കില്ലെന്ന് പറഞ്ഞ പിജെ ജോസഫ് ഇന്ന് നിലപാട് മയപ്പെടുത്തി
1034.wav,അവസാന മിനിറ്റുകളില് കളംനിറഞ്ഞു കളിച്ച ബെല്ഫോര്ട്ടിനെ പിന്വലിച്ച് ഡക്കന്സ് നാസണെയും കോച്ച് കോപ്പല് പരീക്ഷിച്ചു
1035.wav,പൌരത്വ ഭേദഗതി നിയമത്തിനെതിരെയുള്ള പ്രതിഷേധത്തില് കേരളം മാതൃകയാണെന്ന് പ്രഖ്യാപിച്ചുകൊണ്ടാണ് ധനമന്ത്രി തോമസ് ഐസക് ബജറ്റ് അവതരണം തുടങ്ങിയത്
1036.wav,സാധനങ്ങള് കടയില് ഉണ്ടായിട്ടും റേഷന് നിഷേധിച്ചാല് പരാതി നല്കുകയും ചെയ്യാം
1037.wav,പല സ്ഥാപന ങ്ങളും വ്യത്യസ്ത നിരക്കിലാണ് ഫയല് ഓപ്പണ് ചെയ്യുന്നതിന്ഫീസ് ഈടാക്കുന്നത്
1038.wav,പഴയ ഹിന്ദി സിനിമ പേരു പോലെ തോന്നിക്കുന്ന ജഗ്ഗുഭായി ഖുറാന സാബ് എന്ന ബാനറില് ആണ് ചിത്രം പുറത്തിറങ്ങുന്നത്
1039.wav,ചായവില്പ്പനക്കാരാനാണ് എന്ന് അഭിമാനത്തോടെ പറയുന്നതൊന്നും ശരിയല്ലെന്നും മോഡിയെ പറ്റി മുകുന്ദന് പറഞ്ഞു
1040.wav,എക്സിക്യൂട്ടീവ് കമ്മിറ്റി ചേർന്ന ശേഷം തുടർ നടപടികളുമായി മുന്നോട്ടു പോകുമെന്നും ഭാരവാഹികൾ വ്യക്തമാക്കി
1041.wav,ഇന്നലെ നടന്ന ചടങ്ങിൽ ആർട്ടിസ്റ്റ് വില്ലേജ് എന്നു പേരിട്ട ഭവനസമുച്ചയത്തിന്റെ ഉദ്ഘാടനം ന്ത്രി തോമസ് ഐസക് ഉദ്ഘാടനം ചെയ്തു
1042.wav,തുളസിയെ പൂജിക്കുന്നതിന് അഭിഷേകം ചെയ്താല് ആയിരം അമൃതകുംഭങ്ങള് കൊണ്ട് അഭിഷേകം ചെയ്തതിന് തുല്യമാണ് എന്നാണ് കണക്കാക്കുന്നത്
1043.wav,പാലം നിര്മാണത്തിനായി ഉപയോഗിച്ച സിമന്റ് അടക്കമുള്ള സാമഗ്രികളുടെ സാമ്പിളുകള് നേരത്തെ വിദഗ്ദ സംഘത്തിനൊപ്പം വിജിലന്സ് ഉദ്യോഗസ്ഥര് പാലം സന്ദര്ശിച്ച് ശേഖരിച്ചിരുന്നു
1044.wav,ദേശീയതയുടെ മണ്ഡലത്തില് മുന്വിധികളും പ്രത്യയശാസ്ത്രവും അടിച്ചേല്പിക്കുന്നതിനോട് എളുപ്പം പ്രതികരിക്കുന്നവരാണ് വിശേഷിച്ചും ശാസ്ത്രജ്ഞര്
1045.wav,രണ്ട് മാസം മുമ്പ് ടീച്ചര്ക്കൊപ്പം ഒളിച്ചോടിയ പെണ്കുട്ടിയെ വീട്ടുകാര് ബലം പ്രയോഗിച്ച് തിരിച്ചുകൊണ്ടുവരുകയും പഠനം നിര്ത്തിവയ്ക്കുകയും ചെയ്തിരുന്നു
1046.wav,അറ്റകുറ്റപ്പണി ആരംഭിക്കാത്ത റോഡുകളുടെ ചുമതലക്കാരായ ഉദ്യോഗസ്ഥര്ക്കു കാരണം കാണിക്കല് നോട്ടീസ് നല്കാന് ജില്ലാ കളക്ടര് ഉത്തരവിട്ടതോടെയാണ് അടിയന്തരമായി അറ്റകുറ്റപ്പണികള് ആരംഭിച്ചത്
1047.wav,രാഷ്ട്രീയം തങ്ങൾക്ക് പതിച്ചുകിട്ടിയ തറവാട്ടുസ്വത്താണെന്ന് കരുതുന്ന കക്ഷിരാഷ്ട്രീയത്തമ്പുരാക്കന്മാരാണു ജനപക്ഷരാഷ്ട്രീയത്തെ അരാഷ്ട്രീയമെന്ന് മുദ്ര കുത്തുന്നത്
1048.wav,ഝാജറിലെ ആശ്രമത്തില് നിന്നു കംപ്യൂട്ടറുകള് ഉള്പ്പെടെയുള്ള ഇലക്ട്രോണിക് സാധനങ്ങളും വസ്ത്രങ്ങളുമാണ് മോഷ്ടിക്കപ്പെട്ടത്
1049.wav,പാസഞ്ചര് ട്രെയിനുകള് സ്വകാര്യ മേഖലയെ ഏല്പ്പിച്ചു തുടങ്ങാന് റെയില്വേ മന്ത്രാലയം തീരുമാനിച്ചിട്ടുണ്ട്
1050.wav,ജയറാം തന്റെ അച്ഛനായത് കൊണ്ടുതന്നെയെന്നാണ് ഇതിനു കാളിദാസ് മറുപടി കൊടുത്തത്
1051.wav,മരുന്ന് രോഗകാരണമാകുന്ന അത്യന്തം ഗുരുതരമായ സ്ഥിതി വിശേഷമാണ് നമ്മുടെ ആരോഗ്യരംഗത്ത് നിലനില്ക്കുന്നത്
1052.wav,ലഘുവായനകള് പ്രോത്സാഹിപ്പിക്കപ്പെടുപ്പോഴും ഗഹന വായനയ്ക്കുള്ള റഫറന്സ് ഗ്രന്ഥങ്ങള് ഒരിക്കലും തുറക്കപ്പെടാതിരിക്കുന്നതും ശ്രദ്ധിക്കേണ്ടതാണ്
1053.wav,ഭരണഘടനയുടെ സംയുക്ത പട്ടികയില് ഉള്പ്പെട്ട വിഷയമായതിനാല് നിയമം നിര്മ്മിക്കാന് കേന്ദ്രത്തിന് അധികാരമുണ്ട്
1054.wav,അത്തരം ഉപകരണങ്ങൾ ഒരു രാജ്യത്തെ വീട്ടിന്റെ പ്രദേശത്ത് കേടുപാടുതീർക്കലിനോ സീസണല്ലാത്ത സൃഷ്ടിയുടെ ആവശ്യം ഒരു നല്ല സഹായി മാറുകയാണ്
1055.wav,നല്ലൊരു ജീവിത പങ്കാളിയെ തന്നതിന് ദൈവത്തോട് നന്ദി പറയുകയാണ് അനന്യ
1056.wav,കുട്ടിയുടെ വിഷാദാവസ്ഥ കണ്ട് ടീച്ചർമാർ കാര്യം തിരക്കിയപ്പോഴാണ് കിടക്കയിൽ മൂത്രമൊഴിച്ചെന്ന് പറഞ്ഞ് ചട്ടുകം പഴുപ്പിച്ച് അപ്പച്ചി പൊള്ളിച്ച വിവരം പറയുന്നത്
1057.wav,നിങ്ങളുടെ സുഹൃത്തുക്കളോട് വളരെ കളിയാക്കുകയും അവരുടെ ഉത്തരങ്ങൾ എന്താണെന്ന് കാണുകയും ചെയ്യുമ്പോഴാണ് ഈ ക്വിസുകൾ കൂടുതൽ രസകരമാക്കുന്നത്
1058.wav,ഹിമാചൽ പ്രദേശിലെ ആർമി കാന്റീൻ ഭിത്തിയിലടക്കം അഞ്ച് സ്ഥലങ്ങളിൽ ഇസ്ലാമിക് സ്റ്റേറ്റിന്റെ പോസ്റ്റർ
1059.wav,ഗുരുതരമായി പരുക്കേറ്റ് റോഡില് കിടന്നിട്ടും ആശുപത്രിയിലെത്തിക്കാന് പൊലീസ് തയാറായില്ലെന്ന് പരുക്കേറ്റ സിദ്ദിഖ് സുലൈമാന് പറഞ്ഞു
1060.wav,സംവിധായകനും പ്രിയദർശന്റെ അസിസ്റ്റന്റായി നിരവധി ചിത്രങ്ങളിൽ പ്രവർത്തിക്കുകയും ചെയ്ത സുരേഷ് കൃഷ്ണനാണ് ബിഗ് ബോസ് വീട്ടിലെ പതിനേഴാമത്തെ അതിഥി
1061.wav,വയറിങ് മുക്കുവന് വ്യക്തമായി ടച്ച് വെള്ളം അടിയിൽ സ്വാംശീകരിക്കണം കഴിയുമ്പോൾ അങ്ങനെ ഗിയർ ക്രമീകരിക്കും വേണം
1062.wav,ക്രൈസ്തവ പിന്തുണയും അന്യമാകുന്നത് സെല്വരാജും ലോറന്സും വ്യത്യസ്ത ക്രിസ്ത്യന് സഭാംഗങ്ങളായതിനാല് ക്രൈസ്തവ പിന്തുണയും ഉറപ്പിക്കാന് സാധ്യമല്ല
1063.wav,മലപ്പുറം മുത്തേടം നാരങ്ങാപ്പെടി കുമ്പളത്ത് പുത്തൻവീട്ടിൽ ഗീവർഗീസ് തോമസ് ആണ് മരണപ്പെട്ടത്
1064.wav,ഭരണഘടനാ സ്ഥാപനമായ പിഎസ്സിക്കുമേൽ ധനവകുപ്പ് ഏർപ്പെടുത്തിയിട്ടുള്ള ഇത്തരം നിയന്ത്രണത്തിലൂടെ പ്രവർത്തനം സ്തംഭിച്ചിരിക്കുകയാണ്
1065.wav,മണക്കാടൻ ഗുരുക്കളെക്കുറിച്ച് വാമൊഴിയായി പറഞ്ഞു കൈമാറി വന്ന കഥകളെല്ലാം മാറ്റിനിർത്തിയാലും ചരിത്രമായി ശേഷിക്കുന്ന ചിലതുണ്ട്
1066.wav,സിനിമാ ലോകത്ത് അരങ്ങേറ്റം കുറിക്കാന് ക്രീസിലെ ദൈവം തയ്യാറെടുക്കുമ്പോള് സിനിമാപ്രേമികള്ക്കും ക്രിക്കറ്റ് ആരാധകരും ആകാംഷയുടെ മുല്മുനയിലാണ്
1067.wav,ഈ നിർദ്ദേശം നടപ്പിലായാൽ ഒരു ഇടപാട് കഴിഞ്ഞ് നിശ്ചിത ഇടവേള കഴിഞ്ഞ് മാത്രമേ അടുത്ത ഇടപാട് എടിഎമ്മിലൂടെ നടത്താനാകൂ
1068.wav,സെബാസ്റ്റിയന് വെറ്റലും ലൂയി ഹാമില്ട്ടണും ട്രാക്കില് വിസ്മയം തീര്ത്തപ്പോള് ഷൂമാക്കറെന്ന ഇതിഹാസത്തെ എഫ് വണ് പ്രേമികള് പോലും മറന്നുതുടങ്ങിയിരുന്നു
1069.wav,കോട്ടയം മെഡിക്കൽ കോളജ് ആശുപത്രിയിൽ ഐസൊലേഷൻ വാർഡിലുള്ള രണ്ടു പേരും കോഴിക്കോട്ടുനിന്നെത്തിയവരാണ്
1070.wav,റീബൌണ്ട് ചെയ്തു വന്ന പന്ത് ലഭിച്ച ക്വറെസമ തകര്പ്പനൊരു ഹെഡ്ഡറിലൂടെ ഒഴിഞ്ഞ വലയില് നിക്ഷേപിച്ചു
1071.wav,കഴിഞ്ഞ ഞായറാഴ്ചത്തേക്കായി കര്ദിനാള് നല്കിയ സര്ക്കുലര് അതിരുപതയിലെ ഭൂരിപക്ഷം വൈദികരും പള്ളികളില് കുര്ബാന മധ്യേ വായിച്ചില്ല
1072.wav,മന്ത്രിയുടെ സംഘത്തില്പ്പെട്ടവര് കുട്ടികളോട് മന്ത്രിയുടെ ചെരുപ്പ് ക്ഷേത്രത്തിന് മുന്നില് കൊണ്ടുപോയി വെക്കാനും നിര്ദേശിച്ചു
1073.wav,യുപി സര്ക്കാര് ഏകപക്ഷീയമായി നടപടിയെടുത്തെങ്കിലും കോടതി ഉത്തരവ് നീതി നല്കിയിരിക്കുകയാണെന്ന് കേസിലെ പ്രതിയുടെ പിതാവ് സഞ്ജയ് റാണ പറഞ്ഞു
1074.wav,പിന്നാലെ അടുത്തടുത്ത പന്തുകൾ ബൌണ്ടറി പായിച്ച് ഇരുവരും ഇന്ത്യയെ വിജയത്തിലേക്ക് നയിക്കുകയും ചെയ്തു
1075.wav,എന്തായാലും എന്ഡിഎയ്ക്ക് ഭരിക്കാനുള്ള ഭൂരിപക്ഷം കിട്ടുമെന്നും അദ്ദേഹം ബ്ലൂം ബര്ഗിന് നല്കിയ അഭിമുഖത്തില് പ്രതികരിച്ചു
1076.wav,ഡാറ്റസന്റെ ഈ പുതിയ സംവിധാനം തികച്ചും കിടിലനാണ് എന്നതിന് ഈ കണക്കുകള് ജാമ്യം നില്ക്കും
1077.wav,നെടുമ്പാശ്ശേരി വിമാനത്താവളം മുതൽ തൃശൂർ രാമനിലയം വരെ കനത്ത സുരക്ഷാ വലയത്തിലാണ് അദ്ദേഹം യാത്ര ചെയ്തത്
1078.wav,അതിർത്തി ജില്ലയായ ചമോലിയിലെ നിരവധി ഗ്രാമങ്ങളും രണ്ട് ജലവൈദ്യുത നിലയങ്ങളെയും അതിൽ നശിച്ചു
1079.wav,ഈയൊരു ഒറ്റ ഇടക്കാല ഉത്തരവാണ് സംഗതി ഇത്രയും കുഴഞ്ഞുമറിയാൻ കാരണമെന്ന് വേണമെങ്കിൽ പറയാം
1080.wav,നിങ്ങളെ വളര്ത്തി വലുതാക്കി ഇവിടെ വരെ എത്തിച്ച നിങ്ങളെ ജീവനേക്കാളെറെ സ്നേഹിക്കുന്ന നിങ്ങളുടെ മാതാപിതാക്കളെ നിങ്ങള് ഓര്ത്താല് മതി
1081.wav,പുനരധിവസിപ്പിക്കുന്ന ഒരു ഇടമെന്ന നിലക്ക് ഈ ജുവനൈൽ ഹോം നീതി പുലർത്തുണ്ട്
1082.wav,നിര്ണായക ജ്വലനത്തിന് സമയമാകുമ്പോള് രണ്ടാമത്തെ ഇന്ധന ലൈന് തുറക്കുമെന്ന് ശാസ്ത്രജ്ഞര് അറിയിച്ചു
1083.wav,ഏകദിനക്രിക്കറ്റിൽ ഏറ്റവും വേഗത്തിൽ പതിനായിരം റൺസ് തികയ്ക്കുന്ന താരമെന്ന റെക്കോഡും കോലി സ്വന്തമാക്കിയിരുന്നു
1084.wav,ബന്ധുക്കളുടെ സമ്മതപത്രം വാങ്ങി ഞായറാഴ്ച്ച രാത്രിതന്നെ അവയവങ്ങൾ നീക്കം ചെയ്യുകയും മൃതദേഹം ബന്ധുക്കൾക്ക് വിട്ടു നൽകുകയും ചെയ്തു
1085.wav,രണ്ട് ഇന് ബില്ട്ട് അപ് ഫയറിങ് സ്പീക്കര് ആണ് സൌണ്ട് ബാറിന്റെ നെടുംതൂണ്
1086.wav,വെളുത്ത നിറം ആണ് പരമ്പരാഗത ക്രിസ്ത്യാനികൾ അവരുടെ ആഢ്യത്വം കാണിക്കാനായി ഉപയോഗിക്കുന്നത്
1087.wav,പത്രം ബീജിംഗ് ടൈംസ് ഓഫ് പത്രപ്രവർത്തകർ നൽകുന്ന വിവരങ്ങൾ ഇരു രാജ്യങ്ങളും തമ്മിലുള്ള റെയിൽവേ നിർമ്മാണം സജീവ ചർച്ച പറയുന്നു
1088.wav,കറ്റാര് വാഴ ജെല്ലില് നെല്ലിക്കാനീരോ നെല്ലിക്ക അരച്ചതോ ചേര്ത്തിളക്കി മുടിയില് തേച്ചു പിടിപ്പിയ്ക്കാം
1089.wav,കഴിഞ്ഞ ദിവസം മിസോറാമില് പാര്ട്ടി പ്രചാരണത്തിനായി എത്തിയപ്പോള് ലാന്ഡ് ചെയ്ത ഹെലികോപ്റ്ററില് നിന്ന് ഇറങ്ങുമ്പോള് അമിത് ഷാ അടിതെറ്റി വീണിരുന്നു
1090.wav,ലോക ചരിത്രത്തിൽ പലപ്പോഴും ചാരപ്പണിക്ക് മനുഷ്യരെക്കൂടാതെ മറ്റു ജീവികളെ ഉപയോഗിച്ചതിന്റെ നിരവധി തെളിവുകളുണ്ട്
1091.wav,അതിനാൽ ഈ റേറ്റിംഗ് വളരെ വ്യത്യസ്തമായ ഉയരം ശരീരഭാരം ഉണ്ടാകും എന്ന് അതിശയിക്കേണ്ട
1092.wav,ബജറ്റ് സര്ക്കാര് നേട്ടമായി കൊട്ടിഘോഷിക്കാന് ഭരണപക്ഷം തയാറെടുക്കുന്നതിനെതിരെ സ്വര്ണക്കടത്തും ഡോളര് കടത്തും ലൈഫ് അഴിമതിയുമുയര്ത്തി കൊണ്ടുവരികയെന്നതാണ് പ്രതിപക്ഷം ലക്ഷ്യമിടുന്നത്
1093.wav,ഞങ്ങളുടെ ബോട്ടിംഗ് സ്റ്റോർ ഈ പരുക്കൻ ശൈലിയിൽ അതിജീവിക്കാൻ പോകുകയാണെന്ന് ഞങ്ങൾക്ക് തീർച്ചയില്ല
1094.wav,ഈ ചര്ച്ചകളെയെല്ലാം ഒന്ന് തൊട്ടുപോകും പോലെയാണ് തിരക്കഥാകൃത്തും സംവിധായകനുമായ കലവൂര് രവികുമാറിന്റെ കുറിപ്പ്
1095.wav,ഗ്രീന് ഫാല്ക്കണിന്റെ ബാറ്ററിയും വൈദ്യുത മോട്ടോറും മുള പാളികള്ക്ക് ഇടയില് ഭംഗിയായി ഒളിപ്പിച്ച ബനാട്ടിയുടെ കരവിരുത് ഇവിടെ എടുത്തുപറയണം
1096.wav,എന്നാല് പലപ്പോഴും ഇതിന് എന്തൊക്കെ ഗുണങ്ങള് ഉണ്ടെന്ന കാര്യം പലര്ക്കും അറിയുകയില്ല
1097.wav,ഇതര സംസ്ഥാഥാനക്കാരുടെ ക്യാമ്പുകളില് നടത്തിയ തെളിവെടുപ്പില് പ്രതികളായ ദാസ് സഹിലിനെയും സംഘത്തെയും തിരിച്ചറിഞ്ഞു
1098.wav,ഉപഭോക്താക്കൾക്ക് ബാധകമായ പ്രത്യേക ഡേറ്റാ വൌച്ചറുകളിലും അക്കൌണ്ട് ബാലൻസ് പായ്ക്കുകളിലും വിലവർധനവ് ബാധകമായേക്കും
1099.wav,ഇതിന് പുറമേ സാമ്പത്തിക മേഖലയെ ബാധിക്കുന്ന ജി ഡി പി അടക്കമുള്ള പല കണക്കുകളും പുറത്ത് വരും
1100.wav,സംഭവത്തിനും അറബ്കാരന്റെ മരണത്തിനും പിന്നിലെ കാരണങ്ങൾ കണ്ടെത്താൻ അന്വേഷണം ആരംഭിച്ചതായും ഷാര്ജ പോലീസ് അറിയിച്ചു
1101.wav,സംസ്ഥാന ചരിത്രത്തിൽ തന്നെ ഒരു ഗവർണർ നിരന്തരം മാധ്യമങ്ങളുമായി സംവാദം നടത്തുന്നത് ഇതാദ്യമാണ്
1102.wav,വീഡിയോ സോഷ്യൽ മീഡിയയിൽ വൈറലാക്കുമെന്ന് ഭീഷണിപ്പെടുത്തിയാണ് ഒരു വർഷത്തിലധികമായി ഇവർ പെൺകുട്ടിയെ ഉപദ്രവിച്ചുകൊണ്ടിരുന്നത്
1103.wav,പ്രശസ്ത ഇമറാത്തി ചിത്രകാരൻ മുഹമ്മദ് അൽ അസ്താദിന്റെ പരമ്പരാഗത ചിത്രകലാപ്രദർശനം ഉദ്ഘാടനവേളയിൽ ഷാർജ ഭരണാധികാരി സന്ദർശിച്ചു
1104.wav,എന്നാല് ഷാരൂഖ് അവസരം നിരസിക്കുകയും അനില് കപൂര് അവതാരകനായി എത്തുകയും ചെയ്തു
1105.wav,കുരുവംശ സാമ്രാജ്യത്തിന്റെ രാജകീയ സുഖവാസകേന്ദ്രത്തിൽ അവർ ഇട്ടത് തീ ആയിരുന്നില്ല രാഷ്ട്രവിരുദ്ധ ഒളിയുദ്ധമായിരുന്നു എന്ന്
1106.wav,എന്നാല് ഏഴ് മിനിറ്റിനുശേഷം നോര്ത്ത് ഈസ്റ്റ് യുണൈറ്റഡ് വീണ്ടും സമനില പിടിച്ചു
1107.wav,സൌദി അറേബ്യയിൽ താൻ ദുരിദത്തിലാണെന്നും ഏജന്റ് ചതിച്ചതാണെന്നും അറിയിച്ച് സൽമ നാട്ടിലുള്ള മകൾ സമീനക്ക് മൊബൈൽ സന്ദേശമയച്ചു
1108.wav,രൂപാന്തരീകരണത്തിന് ഉപയോഗിച്ചിരുന്ന ഗ്രീക്ക് പദത്തിന്റെയർത്ഥം ശ്രദ്ധിക്കണം ഭ്രൂണത്തിൽ നിന്ന് കുഞ്ഞിലേയ്ക്കുള്ള മാറ്റം പോലെയൊരു മാറ്റമാണ് രൂപാന്തരീകരണം
1109.wav,കൂടാതെ കൊല്ലപ്പെട്ട ഇന്റലിജൻസ് ഓഫീസറിനെയും മറ്റു ചിലരെയും ജനക്കൂട്ടം വലിഴിച്ച് കൊണ്ടുപോയത് താഹിർ ഹുസൈന്റെ വസതിയിലേക്കാണെന്നും ദൃക്സാക്ഷികൾ പറയുന്നു
1110.wav,പരസ്യമുണ്ടെങ്കിൽ എന്തും ചെലവാകുന്ന നാടായതിലാൽ കുപ്പി വായു കമ്പനിക്കാർക്ക് വേണ്ടി ബ്രാൻഡ് അംബാസഡറാകാനും പരസ്യ മോഡലാകാനും സിനിമക്കാരും രാഷ്ട്രീയക്കാരും ഉണ്ടാകും
1111.wav,ഫ്യൂന്റസിന്റെ മരണശേഷം അദ്ദേഹത്തിന്റെ സഹോദരന് വിസെന്റെ കാരിലോ ഫ്യൂന്റസ് മാഫിയയുടെ നിയന്ത്രണം ഏറ്റെടുത്തു
1112.wav,കമ്പനിയില് പരിശോധന നടത്തി മലിനജലവും മാലിന്യങ്ങളും ഫലപ്രദമായി സംസ്കരിക്കാന് നിര്ദ്ദേശം നല്കിയിട്ടുണ്ടെന്നും റിപ്പോര്ട്ടില് പറയുന്നു
1113.wav,വായുഗുളികയ്ക്കു സമാനമായ ഈ മരുന്നുകള് നേരത്തേ എഴുന്നൂറു രൂപയ്ക്കാണ് വിറ്റഴിച്ചു കൊണ്ടിരുന്നത്
1114.wav,കുറ്റം തെളിയുന്ന രീതിയില് പെരുമാറ്റചട്ട ലംഘനമായതിനാല് ക്രിമിനല് നടപടിയെടുക്കുമെന്ന് വരണാധികാരി അറിയിച്ചു
1115.wav,ശക്തമായ മഴയ്ക്ക് സാധ്യതയുള്ളതിനാൽ ചൊവ്വാഴ്ചയും ബുധനാഴ്ചയും വിവിധ ജില്ലകളില് യെല്ലോ അലര്ട്ട് പ്രഖ്യാപിച്ചിരിക്കുന്നു
1116.wav,കേരളത്തിൽ ഇതുവരെ ഒരു നേതാവിനും അഴിമതിയുടെ പേരിൽ ജയിലിൽ കിടക്കേണ്ടി വന്നിട്ടില്ല എന്നോർക്കണം
1117.wav,അതോടൊപ്പം കുരിശുയുദ്ധത്തിന്റെ ക്രൂരവും ആഭാസകരവുമായ രൂക്ഷത പറങ്കികളുടെ അധിനിവേശത്തെ എന്നും ത്വരിപ്പിച്ചിരുന്നു
1118.wav,ഭാവിയിൽ ഭാരതപ്പുഴയെ കുറിച്ചുള്ള എല്ലാ പരിപാടികൾക്കും തന്നാൽ കഴിയുന്ന സഹകരണം ഉണ്ടാവുമെന്ന് അവർ ഉറപ്പ് നൽകി
1119.wav,അത് മനസിലാക്കി ഇന്ത്യൻ ബാങ്കുകളും മണി കാർഡ് ആവശ്യപ്പെടുന്നവർക്ക് രുപേ കാർഡ് തന്നെ നൽകണമെന്നും മന്ത്രി പറഞ്ഞു
1120.wav,ചിത്രം റിലീസായ ശേഷം പ്രേക്ഷകര് നൌഷാദിന്റെ തീരുമാനത്തെ പൂര്ണമായും ശരിവെയ്ക്കുകയും ചെയ്തു
1121.wav,ഇനിയും കേസിൽ ഇടപെട്ടാൽ നാറുമെന്നു മനസിലാക്കിയതോടെ നേതാക്കളെല്ലാം സ്റ്റേഷനിൽ നിന്നും തടിതപ്പുകയായിരുന്നു
1122.wav,പിന്നീടാണ് സംഭവത്തിന് ദൃക്സാക്ഷിയായിരുന്ന ഷാരിഖിന്റെ വിവരണപ്രകാരം അക്രമിയുടെ രേഖാ ചിത്രം പോലീസ് തയ്യാറാക്കിയത്
1123.wav,ക്യാമ്പസിലെത്തിയ വാഹനത്തിനു മുകളിൽ വിദ്യാർത്ഥികൾ കയറുകയും വെള്ളം ചീറ്റി കൃത്രിമ മഴനൃത്തവും നടത്തിയ ശേഷമാണ് ആഘോഷങ്ങൾ അവസാനിപ്പിച്ചത്
1124.wav,സ്ഥാനാര്ഥിത്വവുമായി ബന്ധപ്പെട്ടുയര്ന്ന അനിശ്ചിതത്വം കുഞ്ഞാലിക്കുട്ടി കളത്തിലിറങ്ങിയതോടെ പൂര്ണമായി ഇല്ലാതായത് ലീഗിന് ആശ്വാസം നല്കുന്നുണ്ട്
1125.wav,നൂറോളം പ്രതിഷേധക്കാര് ഉള്പ്പെട്ട സംഘത്തില്നിന്ന് രണ്ടുപേര് മുന്നോട്ടുവന്ന് കല്ലേറിന് തുടക്കം കുറിച്ചു
1126.wav,കുട്ടികളെ പിന്നാലെ ഓടിപ്പിടിക്കാന് ശ്രമിക്കുന്നതുമൂലം അവര് പേടിച്ച് സായാഹ്നങ്ങളില് സ്കൂള് വിട്ടുവന്നാല് കളിക്കാന് പോകാതെ വീട്ടിനുള്ളില് ഇരിപ്പായി
1127.wav,മലമ്പുഴ ഐടിഐയിലാണ് ദേശീയ പ്രതിജ്ഞയെ അപമാനിച്ച് എസ്എഫ്ഐ ഐടിഐ യൂണിറ്റ് ബോര്ഡ് സ്ഥാപിച്ചത്
1128.wav,മൂന്നരയും നാലരയും ഉറുപ്പിക കൊടുത്ത് മേപ്പടി സാധനങ്ങള് വാങ്ങുന്നവര്ക്ക് വേണ്ടതൊന്നും അതിലില്ല
1129.wav,ഈ സാധ്യത ഉപയോഗപ്പെടുത്തി ഭൂമി പതിച്ചെടുത്തില്ലെങ്കിൽ രേഖകളില്ലാത്ത ഭൂമി ഇനി ഒരു സ്ഥാപനങ്ങൾക്കും കൈവശം വയ്ക്കാനുമാകില്ല
1130.wav,ആമിറില്നിന്ന് കിരണിനും രോഗം പകര്ന്നതായും അവരും ചികിത്സയിലാണെന്നും നടനുമായി അടുപ്പമുള്ളവര് പറഞ്ഞു
1131.wav,തുടര്ന്ന് ഫെയ്സ്ബുക്ക് പോസ്റ്റിലൂടെയാണ് മുഖ്യമന്ത്രി പിണറായി വിജയന് അടൂര് ഗോപാലകൃഷ്ണനെ പിന്തുണച്ച് രംഗത്തെത്തിയത്
1132.wav,അത് ഒരു മാജിക് സൌരഭ്യവാസനയായി സ്വാദും ഫലം ഒരു കഷണം കൊടുത്തു
1133.wav,മുസ്ലീം ലീഗ് മൂന്നാം സീറ്റും കേരളാ കോൺഗ്രസ് രണ്ടാം സീറ്റും രാഹുൽ ഗാന്ധിയോട് ആവശ്യപ്പെടതായും കുഞ്ഞാലിക്കുട്ടി പറഞ്ഞു
1134.wav,കൊടകര കള്ളപ്പണക്കേസില് വിജിലന്സിനെതിരെ ആരോപണവുമായി യൂത്ത് കോണ്ഗ്രസ് നേതാവ് റിജില് മാക്കുറ്റി
1135.wav,രാസ കെമിസ്ട്രി ഒരു സ്കൂൾ കോഴ്സ് ചികിത്സ ലായനിയിൽ വസ്തുവായി പിണ്ഡം അംശം
1136.wav,നിയമസഭാ തിരഞ്ഞെടുപ്പിന് മുന്നോടിയായി പുറത്തിറക്കിയ പത്തിന ഗ്യാരണ്ടി കാര്ഡില് ഇത് ഉള്പ്പെടുത്തിയിരുന്നു
1137.wav,മുന്കാലങ്ങളില് അപകടമുണ്ടായ സ്ഥലങ്ങളില് അപകട മുന്നറിയിപ്പ് ബോര്ഡുകള് സ്ഥാപിക്കുന്നതിനുള്ള നടപടികള് സ്വീകരിച്ചിട്ടുണ്ട്
1138.wav,മാതാവ് തിരികെ വന്നപ്പോള് വീടിനുള്ളില് ഒളിപ്പിച്ച മകളെ പീഡിപ്പിക്കുന്ന പിതാവിനെയാണ് കാണാനിടയായത്
1139.wav,സംഭാവനകള് ഉദാരമായി നല്കുന്നവര്ക്ക് ദണ്ഡ വിമോചനങ്ങള് ധാരാളമായി ലഭി ക്കുമെന്ന പ്രഖ്യാപനമുണ്ടായി
1140.wav,പുതിയ വെളിപ്പെടുത്തലുകൾ ഉണ്ടായാൽ മാത്രമേ മഞ്ജുവിൽ നിന്ന് കാര്യങ്ങൾ തിരിക്കേണ്ടതുള്ളൂവെന്നാണ് പൊലീസ് നിലപാട്
1141.wav,കാലവർഷക്കെടുതി നേരിടുന്ന പ്രദേശങ്ങളിൽ ജില്ലാ ഭരണകൂടത്തിൻ്റെ നേതൃത്വത്തിൽ അടിയന്തര ദുരിതാശ്വാസ നടപടികൾ സ്വീകരിക്കുന്നുണ്ട്
1142.wav,നിരന്തരമായുള്ള ചിന്തകള്ക്കും സംശയങ്ങള്ക്കുമൊടുവിലാണ് ഒരാള് മെന്സ്ട്രല് കപ്പും മറ്റൊരാള് തുണികൊണ്ടുള്ള പാഡും വാങ്ങുന്നത്
1143.wav,അഹങ്കരിക്കാനോ ആവേശംകൊള്ളാനോ ഉള്ള വകയൊന്നും ഇപ്പോഴത്തെ വിധിയില് ഇല്ലെന്നിരിക്കെ അങ്ങനെയെന്തൊക്കെയോ അതിലുണ്ടെന്ന് വരുത്തിത്തീര്ക്കുകയാണ് മുഖ്യമന്ത്രിയുടെ ലക്ഷ്യം
1144.wav,ചലച്ചിത്രതാരം റീമാ കല്ലിങ്കലിന്റെ നേതൃത്വത്തില് എറണാകുളം ടൌണ് ഹാളില് നടക്കുന്ന കൂട്ടയാട്ടമാണ് സംഗമത്തിലെ പ്രധാന പരിപാടി
1145.wav,കരാർ ഇല്ലാത്ത പരിഹാരവുമായി ഡൊണാൾഡ് ട്രംപിന്റെ കൈകളിലേക്കാണ് അദ്ദേഹം നമ്മുടെ രാജ്യത്തെ ആനയിക്കുന്നത്
1146.wav,ഓസ്റ്റിയോ ആർത്രൈറ്റിസ് എന്ന അസുഖത്തിൽ വ്യായാമത്തിനു ശേഷം വേദന കൂടുകയാണ് ചെയ്യുക
1147.wav,മൈക്കിൾ മാർട്ടിൻ എന്ന നേതാവിന്റെ ഒറ്റയാളുടെ കരുത്തിലാണ് ഇപ്പോൾ അയർലൻഡിലെ രാഷ്ട്രീയ പാർട്ടികളുടെ പ്രചാരണങ്ങളുടെയെല്ലാം മുനയൊടിച്ച്് ഫിയന്നാ ഫാൾ കുതിക്കുന്നത്
1148.wav,പെൺകുട്ടിയെ കണ്ടെത്തിയതിനെ തുടർന്നു കുട്ടിയുടെ പിതാവ് ആന്റണി കോടതിയിൽ അമ്മയ്ക്കെതിരെ പരാതി നൽകി
1149.wav,യിംഗ്ലക്കിന്റെ രാജിക്കായി ഇന്നലെ തുടര്ച്ചയായ രണ്ടാംദിനവും വന് പ്രക്ഷോഭം നടന്നു
1150.wav,നഗരത്തിലെ പ്രധാന പാതകളും ഗ്രാമീണ പാതകളും എല്ലാം തകര്ന്ന് തരിപ്പണമായി കിടക്കുകയാണ്
1151.wav,ഇതിനെതിരെ വന്യമൃഗ സംരക്ഷണ നിയമമനുസരിച്ച് ശക്തമായ നിയമ നടപടി എടുക്കുമെന്ന് യോഗം മുന്നറിയിപ്പ് നല്കി
1152.wav,കോട്ടയം കേന്ദ്രീകരിച്ച് എല്ലാ ദുരന്ത പ്രതികരണ സംവിധാനങ്ങളുമുള്ള ഒരു കൂട്ടമാളുകള്ക്ക് പരിശീലനം നല്കി
1153.wav,ജോര്ജു ജേക്കബ് തന്റെ ആത്മാര്ത്ഥ സുഹൃത്തിന്റെ വേര്പാടില് ഹൃദയ നിറഞ്ഞ സ്നേഹ സന്ദേശം നല്കി
1154.wav,വേൾഡ് മലയാളീ കൌൺസിൽ ന്യൂ ജേഴ്സി പ്രൊവിൻസിന്റെ കേരളപ്പിറവി ആഘോഷങ്ങൾക്ക് അവർ ഭദ്രദീപം കൊളുത്തി
1155.wav,മീ ടൂ വെളിപ്പെടുത്തലിൽ മുഖം നഷ്ടപ്പെട്ടവരിൽ പ്രമുഖനാണ് ഗായകനും സംഗീത സംവിധായകനുമായ അനു മാലിക്
1156.wav,റിപ്പോർട്ട് ലഭിക്കുന്നതിന്റെ അടിസ്ഥാനത്തിൽ ഉടൻ വേണ്ട നടപടികൾ സ്വീകരിക്കുമെന്ന് ഗതാഗതമന്ത്രി ശശീന്ദ്രൻ പറഞ്ഞു
1157.wav,നവംബര് മുതല് ഫെബ്രുവരി അവസാനം വരെയാണ് ഈ രണ്ട് പ്രദേശങ്ങളും മഞ്ഞില് നീരാടുന്നത്
1158.wav,തിരുവോണ നാളിൽ അഴീക്കോട് ഉണ്ടായ സംഘർഷത്തിന്റെ തുടർച്ചയാണ് മറ്റു സ്ഥലങ്ങളിലേക്കും വ്യാപിച്ചത്
1159.wav,പതിനഞ്ചാം നൂറ്റാണ്ടോടെ യമനിലെ സൂഫികള് കാപ്പിക്കുരു പൊടിച്ച് വെള്ളത്തില് തിളപ്പിച്ച് ഇന്നത്തെപ്പോലെ ഉപയോഗിച്ച് തുടങ്ങി
1160.wav,എന്നാൽ ഒരു ജനതയുടെ നിലനിൽപ്പിനെ തന്നെ ബാധിക്കുന്ന പ്രശ്നങ്ങൾ ഉണ്ടാവുമ്പോൾ ഹർത്താൽ നടത്തുന്നതിൽ തെറ്റില്ല
1161.wav,ദക്ഷിണാദേവിയും ഭർത്താവായ യജ്ഞപുരുഷനും പുത്രനായ ഫലദനുമാണ് കർമഫലങ്ങൾ വിതരണം ചെയ്യുന്നത് എന്നാണ് വിശ്വാസം
1162.wav,എന്നാൽ പാർലമെന്ററി രാഷ്ട്രീയത്തെ നയിക്കാൻ കെൽപ്പുള്ള മറ്റൊരാൾ ഇല്ലെന്നതാണ് ഇതിന് തിരിച്ചടിയാകുന്ന ഘടകം
1163.wav,എന്റെ മേഖല സിനിമയായതുകൊണ്ട് ഒരുപാട് പേരെ ക്ഷണിക്കാനുണ്ടായിരുന്നതിനാൽ അതിഥികൾ ഏറെയുണ്ടായിരുന്നു എന്നു മാത്രം
1164.wav,സുഞ്ച്വാനിൽ ഭീകരാക്രമണം നടക്കുന്നതിനിടെ ഇത്തരം മുദ്രാവാക്യങ്ങളിലല്ല നമ്മൾ ശ്രദ്ധിക്കേണ്ടതെന്നായിരുന്നു നാഷണൽ കോൺഫറൻസിന്റെ മുതിർന്ന നേതാവായ ഒമർ അബ്ദുള്ളയുടെ പ്രതികരണം
1165.wav,യുദ്ധ പശ്ചാത്തലത്തിൽ കേരളത്തിലേക്കു മടങ്ങണമെന്നും അതിനായി കേന്ദ്ര സർക്കാരിന്റെ സഹായം ലഭ്യമാക്കാമെന്നും നാട്ടിലെ ബന്ധുക്കൾ അയച്ച സന്ദേശത്തിനുള്ള മറുപടിയിലാണിത്
1166.wav,എംജി ഗ്ലോസ്റ്റർ വിപണിയിലേക്ക് എത്താൻ ഇരിക്കുമ്പോൾ വാഹനത്തെ കുറിച്ചുള്ള കൂടുതൽ വിവരങ്ങൾ പുറത്തുവന്നുകൊണ്ടിരിക്കുകയാണ്
1167.wav,കഴിഞ്ഞ വര്ഷം സപ്തംബര് ഒന്നിനാണ് വണ്ടൂര് മഞ്ചേരി റോഡിലെ കരുണാലയപ്പടിയിലെ താത്കാലിക കെട്ടിടത്തില് ആശുപത്രി പ്രവര്ത്തനമാരംഭിച്ചത്
1168.wav,മാനസിക സമ്മര്ദം കുറച്ച് മനസിന് ഉല്ലാസം പകരാന് ഈ ഗന്ധത്തിന് കഴിയും
1169.wav,കിഴക്കേ തൊടിയുടെ തെക്കേമൂലയിലെ ഏഴിലംപാലയ്ക്ക് അരികിലായി അതിരുകല്ലിന് അപ്പുറത്താണ് അവളുടെ കുഴിമാടം
1170.wav,കണവയുടെ കണ്ണിന്റെ ഭാഗം മുറിച്ചുമാറ്റിയ ശേഷം തല ഭാഗത്ത് നാരുപോലിരിക്കുന്ന ഭാഗം ഉപയോഗിക്കാം
1171.wav,അധ്യാപക വിദ്യാര്ഥി അനുപാതത്തില് മാറ്റം വരുത്തിയത് എയ്ഡഡ് സകൂള് മാനേജുമെന്റുകള്ക്ക് വലിയ സന്തോഷം നല്കുന്നയൊന്നാണ്
1172.wav,ദുബായിലെ മലബാര് ഗോള്ഡ് ആന്ഡ് ഡയമണ്ട്സില് നിന്നാണ് വിവേക് മകള്ക്കായി ഈ സമ്മാനം നല്കിയത്
1173.wav,ജിബ്രാള്ടർ സ്പെയ്നിന്റെ തെക്കൻ അറ്റത്തുള്ള ഐബീരിയൻ പെനിൻസുലയിൽ സ്ഥിതിചെയ്യുന്ന ഒരു ബ്രിട്ടീഷ് വിദേശ പ്രദേശമാണ്
1174.wav,ബൌളര്മാരുടെ മാസ്മരിക പ്രകടനമാണ് ആദ്യ കളിയില് ഇന്ത്യക്കു അനായാസ ജയം നേടിക്കൊടുത്തത്
1175.wav,ഖത്തര് അമീര് ശൈഖ് ഹമദ് ബിന് ഖലീഫ ആല്ഥാനി ഹമാസ് നേതാവ് ഖാലിദ് മിശ്അലിനെ ദോഹയില് സ്വീകരിച്ചു
1176.wav,സൻആയിൽനിന്ന് ഏദനിലേക്കും അവിടെനിന്ന് റിയാദിലേക്കും സുരക്ഷിതമായി എത്തിച്ച യെമൻ സർക്കാരിനോട് കൃതജ്ഞതയുണ്ടെന്നും അബ്ദുസ്സലാം ജാബിർ പറഞ്ഞു
1177.wav,പൌരത്വ നിയമഭേദഗതിക്കെതിരെ കേന്ദ്രസർക്കാരിന് ശക്തമായ സന്ദേശം നൽകുകയാണ് ലക്ഷ്യമെന്ന് കോൺഗ്രസ് നേതാവ് അഹമ്മദ് പട്ടേൽ വ്യക്തമാക്കി
1178.wav,മുഖ്യമന്ത്രി ഉമ്മന്ചാണ്ടിയും ആഭ്യന്തരമന്ത്രി രമേശ് ചെന്നിത്തലയും രാഹുലിന് നേരിട്ട് പരാതി നല്കി
1179.wav,പി എസ് സിയുടെ പ്രവര്ത്തനത്തില് കൈകടത്താനുള്ള ധനവകുപ്പിന്റെ നീക്കത്തിനെതിരെ പി എസ് സി ചെയര്മാന് രൂക്ഷ വിമര്ശവുമായി രംഗത്തുവന്നു
1180.wav,ഭൂമിയിൽ കാൽവർഷം പിന്നിട്ടതിന്റെ സന്തോഷവും സ്നേഹിക്കാൻ ഒരുപാടു പേർ കൂടെയുള്ളതും നന്ദുവിനെ സന്തോഷിപ്പിക്കുന്നുവെന്ന് കുറിപ്പിൽ പറയുന്നു
1181.wav,മോഷ്ടാവ് ബാഗ് വലിച്ചപ്പോള് താന് അറിഞ്ഞുവെന്നും എന്നാല് പിടികൂടാന് കഴിയുന്നതിനു മുമ്പ് ബാഗും ദുപ്പട്ടയുമടക്കം ട്രെയിനില്നിന്ന് ചാടിയെന്നും വനജ പറഞ്ഞു
1182.wav,കൂടാതെ ക്ലബ്ബിന്റെ ആരാധകർക്കും ടീമിന്റെ മെഡിക്കൽ സ്റ്റാഫുകൾക്കും ഹ്യൂം നന്ദി പറയാൻ മറന്നില്ല
1183.wav,ഒന്നും നോക്കാതെ കഥാപാത്രത്തിന്റെ ആഴം തിരിച്ചറിഞ്ഞാണ് ചിത്രത്തില് അഭിനയിച്ച ഓരോ നടന്മാരും എത്തിയത്
1184.wav,അതേസമയം ബിജെപിയുടെ ഭാഗമായാല് സര്ക്കാരില് വലിയ സ്വാധീനം ഉണ്ടാക്കാന് കഴിഞ്ഞേക്കില്ലെന്നാണ് കെസിആറിന്റെ കണക്ക് കൂട്ടല്
1185.wav,ട്രോളുന്ന പിള്ളേര്ക്ക് അറിയാമോ സമൂഹത്തിന് വേണ്ടി അവര് അനുഭവിച്ച ത്യാഗമെന്ന് കണ്ണന്താനം ചോദിക്കുന്നു
1186.wav,കാര്യങ്ങള് കൂടുതല് നന്നായി മനസ്സിലാക്കാന് കേരള വിദ്യാഭ്യാസ ബില്ലിന്റെ യഥാര്ത്ഥരൂപം ഒന്ന് സംഗ്രഹിക്കേണ്ടതുണ്ട്
1187.wav,ഇതിനു ശേഷം സ്ഥലം വിട്ടു കൊടുക്കാന് പള്ളി തയ്യാറാകാതെ വന്നതോടെ റോഡിന് വീതി കൂട്ടിയതിന്റെ ഒരു ഫലവും ഏറ്റുമാനൂരില് ലഭിക്കാതായി
1188.wav,നിമിഷങ്ങള്ക്കകം ജീവനോപാധികളായ വാഹനങ്ങള് സുഹൃത്തുക്കള്ക്ക് തിരികെ നല്കിയ സിപിഎം പ്രവര്ത്തകര് സൌഹൃദം വീണ്ടും അരക്കിട്ടുറപ്പിച്ചു
1189.wav,നേരത്തെ പാകിസ്ഥാന് മുന് ക്യാപ്റ്റന് ഷാഹിദ് അഫ്രീദി വിഷയത്തില് യുഎന് എതിരെ രംഗത്തെത്തിയിരുന്നു
1190.wav,ഇത്തരം മനോഭാവത്തിന്റെ ഒരു പ്രധാന പ്രശ്നമെനന്തെന്നാൽ ഇവയൊക്കെ സാധാരണഗതിയിൽ താത്കാലികമാണ് എന്നതാണ്
1191.wav,ജനങ്ങൾക്ക് ബുദ്ധിമുട്ടുകളും പ്രയാസങ്ങളും വർദ്ധിക്കുമ്പോഴാണ് അവർ ഗതിക്കെട്ട് തെരുവിലിറങ്ങുന്നത് എന്ന് അദ് ദേഹം ചൂണ്ടികാട്ടി
1192.wav,അതേസമയം കേസ് എപ്പോള് വേണമെങ്കിലും കേള്ക്കാന് തയാറാണെന്ന് ജസ്റ്റിസ് എന്വി രമണ വ്യക്തമാക്കി
1193.wav,ഇതാദ്യമായാണ് ഒരു അമേരിക്കൻ മുഖ്യധാരാ മാസികയിൽ ഇന്ത്യൻ സാരിയെക്കുറിച്ചുള്ള കവർ സ്റ്റോറി പ്രസിദ്ധീകരിക്കുന്നത്
1194.wav,രമേശ് ചെന്നിത്തല പറയുന്നത് കാര്യനിര്വഹണവും നീതിനിര്വണവും ഭരണസംവിധാനവും ശക്തിപ്പെടുത്താന് ഈ നിയമത്തിന് കഴിയുമെന്നതിനാല് ഇതുമായി മുന്നോട്ടുപോകാനുള്ള ശ്രമത്തെ അട്ടിമറിക്കുന്നു എന്നാണ്
1195.wav,ഇത്തരത്തില് കേസ് എടുത്താല് അത് അപകടകരമായ സ്ഥിതിവിശേഷമാണ് ഉണ്ടാക്കുകയെന്നും സുപ്രീം കോടതി മുന്നറിയിപ്പ് നല്കി
1196.wav,അതിനിടെ കണക്ഷനുകള് വര്ധിച്ചതോടെ ജിയോയുടെ വേഗത സംബന്ധിച്ചും ഡൌണ്ലോഡ് പരിധി സംബന്ധിച്ചും വ്യാപക പരാതി ഉയര്ന്നിട്ടുണ്ട്
1197.wav,ഇതെല്ലാം ആരോഗ്യകരമാണോ തുടങ്ങി ടെന്ഷന് ഒഴിഞ്ഞ നേരമുണ്ടാവില്ല എന്നതാണ് സത്യം
1198.wav,ഇതിനൊപ്പം മറ്റു കമ്പനികള്ക്കുവേണ്ടി ഹാര്ഡ്വെയറുകള് നിര്മ്മിച്ചുനല്കാനും ബ്ലാക്ക്ബെറിക്ക് പദ്ധതിയുണ്ടെന്ന് അദ്ദേഹം കൂട്ടിച്ചേര്ത്തു
1199.wav,നല്ല കഥാപാത്രങ്ങൾ അഭിനയിക്കുക എന്നത് തന്നെയാണ് എന്റെ ലക്ഷ്യവും സ്വപ്നവും എല്ലാം
1200.wav,വട്ടിപ്പണം ആധാരം ആയിരുന്നതാൽ വട്ടിപ്പണം കേസ് എന്ന പേരിൽ ഇത് അറിയപ്പെടുന്നു
1201.wav,വിമാനപ്പടവുകള് ഇറങ്ങിയ പാപ്പായെ സ്വീകരിക്കാന് തായ്ലന്റിന്റെയും അന്നാട്ടിലെ സഭയുടെയും പ്രതിനിധികള് അവിടെ സന്നിഹിതരായിരുന്നു
1202.wav,പിന്നിലെ ഫ്ളോര് ഫ്ലാറ്റാണ് എന്നതുകൊണ്ടു തന്നെ പിന്നിലെ മൂന്നാം യാത്രക്കാരനും കാല് തട്ടുന്ന പ്രശ്നമുണ്ടാവില്ല
1203.wav,ഗുര്ഗാവിലെ ഈ ഗ്രാമങ്ങള് സന്ദര്ശിച്ച് പദ്ധതിയുടെ ഉദ്ഘാടനം മനോഹര് ലാല് ഖട്ടറിനൊപ്പം നടത്തിയതാണ് വീണ്ടും പാര്ട്ടിയില് അസ്വാരസങ്ങള്ക്ക് വഴിവെച്ചിരിക്കുന്നത്
1204.wav,പിടികിട്ടാപ്പുള്ളിയായ പ്രതിയെ അറസ്റ്റ് ചെയ്യാനെത്തിയ പൊലീസ് ഉദ്യോഗസ്ഥനെയാണ് പ്രതിയുടെ ബന്ധുക്കള് ചേര്ന്ന് മര്ദ്ദിച്ച് കൊലപ്പെടുത്തിയത്
1205.wav,മൂന്കാലവാര്ത്തകള് മാറ്റിയും തിരുത്തിയുമാണ് പിആര്ഡി വാര്ത്തകള് നല്കുന്നതെന്നാണ് പ്രധാന ആരോപണം
1206.wav,മത്സരത്തിന്റെ തുടക്കത്തിൽ റയലിനായി കാസമിറോയും വല്ലഡോലിഡിനായി സെർജി ഗ്വാർഡിയോളയും ഗോൾ നേടിയെങ്കിലും ഓഫ്സൈഡ് കെണിയിൽ കുരുങ്ങി
1207.wav,കടുത്ത നിലപാടുള്ളവര് ഇതിനെ എതിര്ക്കാന് സാധ്യത ഉള്ളതിനാല് പാര്ട്ടിയിലെ എല്ലാമതവിഭാഗത്തില്പ്പെട്ടവരുടെയും ഒരു സമിതി രൂപികരിക്കണം
1208.wav,ഹറമൈന് ട്രെയിന് മക്ക റെയില്വേ സ്റ്റേഷനില് എത്തുന്ന വീഡിയോ സമൂഹ്യമാധ്യമങ്ങളില് തരംഗമായിട്ടുണ്ട്
1209.wav,സോളര് ജിയോ എന്ജിനീയറിങ് വരള്ച്ചയിലും മണ്സൂണിലും വെള്ളപ്പൊക്കത്തിലുമെല്ലാം എങ്ങനെ പ്രതികരിക്കുന്നുവെന്നാണ് ആദ്യം കണ്ടെത്തേണ്ടത്
1210.wav,യു എ ഇയുടെ ബജറ്റ് എയര്ലൈനായ ഫ്ളൈദുബായ് വിമാനത്തിന് നേരെയായിരുന്നു ആക്രമണം
1211.wav,കൊല്ലത്ത് പ്രവാസിയായ സുഗതന് ജീവനൊടുക്കിയ സംഭവവുമായി ബന്ധപ്പെട്ട് തിങ്കളാഴ്ച നിയമസഭയില് സംസാരിക്കവെയാണ് കൊടികുത്തല് സമരങ്ങള്ക്കെതിരെ മുഖ്യമന്ത്രി തുറന്നടിച്ചത്
1212.wav,സ്വാതന്ത്ര്യത്തിന്റെ ശിവചൈതന്യപ്രഭയില് ഉച്ചനീചത്വങ്ങളുടെ അന്ധകാരം അപ്രത്യക്ഷമാകുന്ന മഹത്തായ കാഴ്ചയാണ് അന്ന് ദര്ശിച്ചത്
1213.wav,നേരത്തെ മദ്യനയത്തില് മാറ്റങ്ങള് കൊണ്ടുവരാനുള്ള തീരുമാനത്തില് സര്ക്കാരിനെ രൂക്ഷമായി വിമര്ശിച്ച് കെ സി ബി സി രംഗത്തുവന്നിരുന്നു
1214.wav,മാധ്യമങ്ങള്ക്ക് മുമ്പില് നിന്ന് ഇത്തരം പ്രഹസനം കാണിക്കുന്നത് ജനപ്രതിനിധികള് നിര്ത്തണമെന്നും ചിലര് ഉപദേശിക്കുന്നു
1215.wav,സണ്ണി എത്തിയപ്പോള് ആരാധകര് തിക്കുംതിരക്കും കൂട്ടിയതോടെ പൊലീസ് ലാത്തി വീശുകയും ചെയ്തു
1216.wav,ചേരുവകൾ സൂര്യൻ കിരണങ്ങൾ ദൃശ്യമാക്കിയിട്ടില്ലെങ്കിൽ ഒരു സ്ഥലത്തു മൂന്നു മണിക്കൂർ നിഷ്കർഷ കാണിക്കണം
1217.wav,രണ്ടാമത്തെ ഭാഗം കശ്മീരി പണ്ഡിറ്റും ട്രേഡ് യൂനിയന് നേതാവുമായ സമ്പത്ത് പ്രകാശുമായുള്ള അഭിമുഖം കൊണ്ട് ശ്രദ്ധേയമാണ്
1218.wav,പ്രമുഖ ഫിന്ടെക് സ്ഥാപനമായ പേ ടിഎമ്മിന്റെ ആപ്പ് ഗൂഗിള് പ്ലേ സ്റ്റോറില്നിന്ന് നീക്കി
1219.wav,പ്രധാനമന്ത്രി നരേന്ദ്ര മോദി ഡല്ഹിയില് തങ്ങണമെന്ന് ആവശ്യപ്പെട്ടത് അനുസരിച്ചാണ് അമിത് ഷാ പദയാത്ര റദ്ദാക്കിയതെന്നാണ് നേതാക്കളുടെ വിശദീകരണം
1220.wav,തുടർന്ന് ചില ആർട് ഡയറക്ടേഴ്സ് വഴി ചില സംഗീത സംവിധായകരുടെ ഫോൺ നമ്പർ ലഭിച്ചു
1221.wav,എട്ടാണോ അഞ്ചാണോ വലുതെന്ന് ചോദിച്ചാൽ അത് ആരുടെ എട്ട് ആരുടെ അഞ്ച് എന്നതിനെ ആശ്രയിച്ചിരിക്കും
1222.wav,കേരളത്തിലെ വിനോദ സഞ്ചാര മേഖലക്ക് തിരിച്ചടിയേകി ബ്രിട്ടന്റെ യാത്രാ മുന്നറിയിപ്പ്
1223.wav,അദ്ഭുതപ്പെടുത്തുന്ന രാഷ്ട്രീയ നീക്കങ്ങളിലൂടെ രാഷ്ട്രീയ എതിരാളികളെയും ആരാധകരെയും ഒരുപോലെ വിസ്മയിപ്പിച്ച രാഷ്ട്രീയചാണക്യൻ
1224.wav,ആരോഗ്യത്തിന് വളരെയധികം ഗുണം ചെയ്യുന്ന കോംപിനേഷന് ആണ് നാരങ്ങ നീരും ഒലീവ് ഓയിലും
1225.wav,ഓരോദിവസവും മൂല്യമിടിയുന്ന രൂപ ഡോളറിനെതിരേ പിടിച്ചുനിൽക്കാൻ പ്രയാസപ്പെടുമ്പോൾ സമ്പദ്വ്യവസ്ഥയെ പിടിച്ചുനിർത്താനുള്ള പതിനെട്ടടവും പയറ്റുകയാണ് കേന്ദ്രസർക്കാർ
1226.wav,ഫ്രാങ്കിന്റെ യാത്രയ്ക്കിടെ ചാർളിമെയ്ൻ ഒരു വലിയ സ്വർണ്ണവും നിരവധി തടവുകാരും നൽകിയിരുന്നു
1227.wav,നഗരത്തിന്റെ ബ്രിട്ടീഷ് കമ്യൂണിറ്റി മുതൽ നഗരത്തിന്റെ ഒരു സമ്മാനം ഇംഗ്ലീഷ് ടവർ ആണ്
1228.wav,നാഗപ്പ തുടങ്ങിയ ഉന്നതരെ തട്ടിക്കൊണ്ടുപോകൽ വീരപ്പന്റെ വീരകൃത്യങ്ങളുടെ പട്ടിക ഇങ്ങനെ നീണ്ടതാണ്
1229.wav,എന്ജോയ് ചെയ്ത അന്നേരം മറക്കുന്ന സിനിമകളാണ് യുവ തലമുറകള് ആഗ്രഹിയ്ക്കുന്നതെന്നും ശ്രീലക്ഷ്മി പറഞ്ഞു
1230.wav,ഫേസ്ബുക്കിന് കീഴിലെ വാട്സ്ആപ്പിൽ കഴിഞ്ഞ അപ്ഡേറ്റിലൂടെ നിരവധി സുരക്ഷാ സംവിധാനങ്ങളാണ് ഉൾപ്പെടുത്തിയത്
1231.wav,ഏതു നിമിഷവും നാസികളുടെ കൈയില്പെട്ട് മരിച്ചുപോവുമെന്ന് ഉറപ്പുള്ള ഒരച്ഛന് മകനു പറഞ്ഞുകൊടുക്കുന്ന തമാശക്കഥകളാണ് സിനിമ
1232.wav,ഹുഡ് ദൃശ്യപരമായി റേഡിയേറ്റർ വലിപ്പം വികസിച്ചുകൊണ്ടിരിക്കുന്ന ഒരു ക്രോം സ്ട്രിപ്പ് ലഭിച്ചത് കാർ ഏതാനും വഷളാകുന്നുവെന്ന ലുക്ക് നൽകുന്നു
1233.wav,അന്വേഷിച്ചറിയാനുള്ള വസ്തു ഉണ്ടെന്നുവന്നാല് ആ വസ്തുവിനെ അന്വേഷിക്കുന്നയാള് തന്നില് ആരോപിച്ചതാണെന്നു തീര്ച്ച
1234.wav,അതേസമയം കേന്ദ്ര സർക്കാർ മഹാരാഷ്ട്രക്ക് അനുവദിച്ച ഫണ്ട് തിരികെ നൽകിയിട്ടില്ലെന്ന് മഹാരാഷ്ട്ര മുൻ മുഖ്യമന്ത്രി ദേവേന്ദ്ര ഫഡ്നാവിസ് വ്യക്തമാക്കി
1235.wav,ഒരുകാലത്ത് ലോക ഫുട്ബോളിനെ ചൂണ്ടുവിരലിൽ നിയന്ത്രിച്ചിരുന്ന സിംഹങ്ങളാണ് സൌദിയിൽ കൊമ്പു കോർക്കുന്നത്
1236.wav,ഒരു ഡ്യുവല് ക്യാമറ സെറ്റപ്പോടു കൂടിയുളള സവിശേഷതകളുമായി ഈ ഫോണ് എത്തുന്നു
1237.wav,മാനസ സരോവര് തീര്ത്ഥാടന യാത്ര കഴിഞ്ഞ് തിരിച്ചെത്തിയ ശേഷമുള്ള രാഹുലിന്റെ ആദ്യ പൊതുപരിപാടി ആയിരുന്നു ഇത്
1238.wav,ഒരു കുടുംബമായി ഒതുങ്ങിക്കൂടുക എന്നതിനെക്കാള് ദൈവത്തിന് എന്നെക്കൊണ്ട് ആവശ്യമുണ്ട് എന്ന തോന്നല് ആ നാളുകളില് ശക്തമായി
1239.wav,മോട്ടോര് വാഹന വകുപ്പിന്റെ കേന്ദ്രീകൃത വെബ്സൈറ്റായ പരിവാഹനിലൂടെയാണ് ഡ്രൈവിങ്ങ് പെര്മിറ്റിന് അപേക്ഷിക്കേണ്ടത്
1240.wav,അഭിപ്രായ സര്വെകളെയൊക്കെ പുച്ഛിച്ചു തള്ളിക്കൊണ്ട് യുപിഎ മുന്നണി വീണ്ടും അധികാരത്തിലെത്തുമെന്ന സാങ്കല്പ്പിക ലോകത്തുമായി അവര്
1241.wav,കോഴിക്കോട് ഇ എം എസ് സ്റ്റേഡിയത്തില് നടന്ന മത്സരത്തിന് ഇരുപത്തിയൊന്നായിരത്തില് അധികം കാണികള് ആണ് മത്സരം കാണാനായി എത്തിയത്
1242.wav,സംസ്ഥാന ആരോഗ്യനയം രൂപവത്കരിക്കാന് നിയോഗിച്ച വിദഗ്ധസമിതിയുടെ പഠനത്തിലാണ് മരുന്ന് ഉപഭോഗത്തിന്റെ കണക്ക്
1243.wav,സംസ്ഥാനത്ത് അഴിമതി സര്വ്വ വ്യാപകമായി എന്ന ആന്റണിയുടെ പരാമര്ശം വലിയ വിവാദമായിരുന്നു
1244.wav,പ്രവർത്തനത്തിന്റെ സംവിധാനം സമ്പത്തു ആക്ടിംഗ് പെലര്ഗൊനിഉമ് സിദൊവിദ്നൊയ് എന്നാണ് വേരുകൾ സത്തിൽ ഗുണം പ്രോപ്പർട്ടികൾ ചെയ്തു
1245.wav,സുനിയും മാര്ട്ടിനും പള്സര് സുനിയും മാര്ട്ടിനും തമ്മില് വളരെ അടുത്ത ബന്ധം ഉണ്ടെന്നാണ് വിവരം
1246.wav,അമിതിന് താമസ സൌകര്യം ഒരുക്കുന്നതില് നിന്ന് ബന്ധുക്കളെ വിലക്കുകയാണ് സിങ് ആദ്യം ചെയ്തത്
1247.wav,ഞാനുടൻ ചായ ഒറ്റ വലിക്ക് കുടിച്ച് കപ്പ് ടേബിളിൽ വച്ച് പറഞ്ഞു
1248.wav,തുടര്ന്നുള്ള തന്റെ രാഷ്ട്രീയ പ്രവര്ത്തനം ബീഹാറില് തന്നെയായിരിക്കുമെന്ന് പ്രശാന്ത് കിഷോര് കഴിഞ്ഞ ദിവസം വ്യക്തമാക്കിയിരുന്നു
1249.wav,കല്ലാർകുട്ടി ഡാം നിറഞ്ഞതിനാൽ തുറന്നുവിട്ടിരിക്കുന്ന വെള്ളവും നേര്യമംഗലം പവർഹൌസിൽനിന്നുള്ള വെള്ളവും പെരിയാറിലെ വെള്ളവും ലോവർ പെരിയാറിലാണ് ചേരുന്നത്
1250.wav,ശീതയുദ്ധത്തിന്റെ സങ്കീര്ണമായ രാഷ്ട്രീയത്തില് പൊതിഞ്ഞുവെച്ചും പിന്നെ തുര്ക്കിയിലെ സര്ക്കാരുകളുടെ കടുത്ത ദേശീയതവാദത്തിലും പെട്ട് പതിറ്റാണ്ടുകളായി അത് തര്ക്കവും സംഘര്ഷവും സൃഷ്ടിക്കുന്നു
1251.wav,മോട്ടിവേഷന് നല്കുന്നതും ഒപ്പം ഭര്ത്താവില് നിന്നും വേറിട്ടതോ അല്ലെങ്കില് ഭര്ത്താവിനേക്കാള് മികച്ചവളാണ് താന് എന്ന് തെളിയിക്കാന് ശ്രമിക്കുന്നതോ ആയ കഥാപാത്രങ്ങളാണ്
1252.wav,പുറത്തെ പേശികള് ശക്തിപ്പെടുത്തി പുറം വേദനയും മറ്റും അകറ്റാനും ഈ വ്യായാമം സഹായകരമാണ്
1253.wav,ഇതില് നിന്നു ദ്രാവകം വഴിയോ ഇത് ആരെങ്കിലും പൊട്ടിക്കാന് ശ്രമിയ്ക്കുകയോ ചെയ്യുമ്പോഴാണ് ഇത് പകരാന് സാധ്യത കൂടുതലും
1254.wav,അതുകൊണ്ട് തന്നെ ഡികെയും പ്രതിപക്ഷ നേതാവിന്റെ പദവിയ്ക്കായി ചരടുവലി നടത്തുന്നുണ്ടെന്നാണ് വിവരം
1255.wav,അക്കാലത്ത് ഞാന് ഒരു ലക്ഷംവീട് കോളനി സന്ദര്ശിക്കുമ്പോള് ഒരു മണ്ണെണ്ണ വിളക്കിന്റെ വെട്ടത്തില് ഒരാള് വായിക്കുന്നതുകേട്ട് ആഹ്ലാദിക്കുകയുണ്ടായി
1256.wav,ഹൈസ്കൂള് മുതല് തന്നെ പിതാവ് ബലാത്സംഗം ചെയ്യുന്നുണ്ടെന്നും സഹോദരിയെയും ലൈംഗികമായി ഉപദ്രവിക്കാന് ശ്രമിക്കുകയും ചെയ്യുമായിരുന്നു എന്നാണ് യുവതി പോലീസിനോട് പറഞ്ഞത്
1257.wav,ഭൂമിയുടെ അന്തരീക്ഷത്തിൽ തട്ടിത്തെറിച്ചെത്തുന്ന ചുവന്ന പ്രകാശം മാത്രം വീഴുന്നതിനാലാണ് ചന്ദ്രൻ ഈ സമയത്ത് ചുവന്ന നിറത്തിൽ ദൃശ്യമാകുന്നത്
1258.wav,അട്ടമലയിലെ ലെഗസി ഹോംസ് റിസോര്ട്ട് പാര്ട്ടി തീരുമാനപ്രകാരം നാടുകാണി വിമോചന ഗറില്ലാ സേനയിലെ സഖാക്കള് ആക്രമിച്ചതായി പ്രസ്താവനയില് പറയുന്നു
1259.wav,റോഡ് ക്രോസിലേയും ഹൈക്കമ്മീഷനിലേയും ഉള്പ്പെടെയുള്ള ഉദ്യോഗസ്ഥര് അഭിനന്ദനെ അനുഗമിക്കുണ്ടെന്നാണ് സൂചന
1260.wav,കുട്ടിയുടെ അച്ഛന് നല്കിയ പരാതിയുടെ അടിസ്ഥാനത്തില് കുട്ടിയില് നിന്നും മൊഴി രേഖപ്പെടുത്തി കേസ് എടുത്തു
1261.wav,അഫ്ഗാനിസ്ഥാനിലെ നങ്കർഹാർ പ്രവിശ്യയിൽ വച്ചാണ് മുർഷിദ് അടക്കമുള്ള സംഘത്തെ അമേരിക്കൻ സേന ആക്ര
1262.wav,ബോളിവുഡ് നടന് വിനോദ് ഖന്നയുടെ മകന് സാക്ഷി ഖന്നയുമായി പൂനം പ്രണയത്തിലായിരുന്നു
1263.wav,കോവിഡിന്റെ ഒരോ ഘട്ടങ്ങളെയും അതിന്റേതായ ഗൌരവത്തിൽ പരിശോധിച്ച് നിയന്ത്രണങ്ങളും ക്രമീകരണങ്ങളും ഏർപ്പെടുത്തുന്നതിനാണ് സംസ്ഥാന സർക്കാർ ജനങ്ങളുടെ പിന്തുണയോടെ ശ്രമിച്ചിട്ടുള്ളത്
1264.wav,അത് പക്ഷെ കള്ളുകുടിയില് അവസാനിച്ചുപോയതുകൊണ്ടാണ് അയാള്ക്ക് തന്റെ വിപ്ളവപ്രവര്ത്തനങ്ങളിലേക്ക് ഇറങ്ങിവരാന് സാധിക്കാതെ പോയത് എന്നു പോലും സൃഷ്ടാവിന് പറയാന് പറ്റുന്നില്ല
1265.wav,ഞാന് എനിക്കുണ്ടായ അവസ്ഥ വിവരിച്ചപ്പോള് മറ്റു മൂന്നുപേര്ക്ക് കൂടി സമാനമായ അവസ്ഥ ഉണ്ടെന്നും ഇത് തട്ടിപ്പാണെന്നും ജീമോന് എന്നെ അറിയിച്ചു
1266.wav,സാമിന്റെ കാറിന്റെ ഉടമസ്ഥാവകാശം സോഫിയ അരുണിന്റെ പേരിലേക്കു മാറ്റിയെന്നും പൊലീസ് കണ്ടെത്തി
1267.wav,തൃണമൂൽ ടിക്കറ്റിൽ രണ്ട് തവണ എംഎല്എ ആയ ആളാണ് സുബ്രാംശു റോയ്
1268.wav,അതേസമയം ചികില്സാ ക്രമത്തില് മാനദണ്ഡമുണ്ടാക്കാനുളള തീരുമാനത്തില് വിട്ടുവീഴ്ചയില്ലെന്ന് ആരോഗ്യവകുപ്പ് സെക്രട്ടറി പ്രതികരിച്ചു
1269.wav,ഇന്ന് റിപ്പോർട്ട് നൽകണമെന്ന് സമിതിക്ക് നിർദേശം നൽകിയിട്ടുണ്ടെന്ന് ഇന്നലെ കേന്ദ്രമന്ത്രി അറിയിച്ചിരുന്നു
1270.wav,മിന്നല് പണിമുടക്കിനിടെ മരിച്ച യാത്രക്കാരന് സുരേന്ദ്രന്റെ കുടുംബത്തിന് ധനസഹായം നല്കുമെന്ന് സര്ക്കാര് പ്രഖ്യാപിച്ചിട്ടുണ്ട്
1271.wav,മാരുതിയുടെ പേരും മഹിമയും കടല് കടന്ന് അക്കരെ നാട്ടില് എത്തിച്ചതില് ഇത്തിരി കുഞ്ഞന് ഹാച്ച്ബാക്ക് സെന്നിന് നിര്ണായക പങ്കാണുള്ളത്
1272.wav,ആദ്യ കരാര് ജനഹിതപരിശോധനയില് തള്ളിയ സാഹചര്യത്തിലാണ് പുതിയ കരാറിന് രൂപം നല്കിയത്
1273.wav,പക്ഷേ ഒന്പത് വര്ഷം പ്രണയമായിരുന്നു എന്ന് കണ്ടതോടെ കുടുംബം കല്യാണത്തിന് പച്ചക്കൊടി കാണിക്കുകയായിരുന്നു
1274.wav,കേരളം ബ്ലാസ്റ്റേഴ്സിന്റെ സൂപ്പർ പ്രതിരോധനിര താരം സന്ദേശ് ജിങ്കനെ റാഞ്ചാൻ എടികെ ശ്രമിക്കുന്നു
1275.wav,ദൃശ്യങ്ങൾ വൈറലായതോടെ സിംഹത്തിന്റെ ഉടമയ്ക്കെതിരെ നടപടിയെടുക്കൻ സിന്ദ് ഇന്റീരിയർ മന്ത്രി സൊഹെയ്ൽ അൻവർ സിയാൽ പൊലീസിന് നിർദേശം നൽകി
1276.wav,ദുബായില് സന്ദര്ശനത്തിനെത്തുന്നവര് വാങ്ങുന്ന സാധനങ്ങളുടെ വാറ്റ് തുക ഇനി തിരികെ ലഭിക്കും
1277.wav,ശസ്ത്രക്രിയാ സമയത്ത് ഇത്ര ചെറിയ ഒരു കമ്പിക്കഷണം കണ്ടു പിടിക്കാന് വളരെ ബുദ്ധിമുട്ടാണ്
1278.wav,യുവക്രിസ്ത്യാനികൾക്ക് അവരുടെ വിശ്വാസം വർധിപ്പിക്കാനുള്ള നിരവധി പ്രവർത്തനങ്ങളിൽ തങ്ങളുടെ വേനൽക്കാലത്ത് പങ്കുപറ്റാൻ കഴിയും
1279.wav,അതുകൊണ്ടുതന്നെ ലോക്ഡൌണ് ഇളവുകള് വരുന്ന കാലത്ത് ജനങ്ങള് അതീവജാഗ്രത പുലര്ത്തേണ്ടതുണ്ടെന്നും ലോകാരോഗ്യ സംഘടന മുന്നറിയിപ്പ് നല്കുന്നുണ്ട്
1280.wav,മകനെ ജീവനോടെ പുറത്തെടുക്കാന് സാധിക്കുമോ എന്ന ആശങ്ക നിലനിൽക്കുന്നതിനിടയിലും ധൈര്യം കൈവിടാതെ നിലകൊണ്ട ആ അമ്മയുടെ പ്രവൃത്തിയെ ലോകം വാഴ്ത്തുകയാണ്
1281.wav,ആംആദ്മി പാർട്ടി രാഷ്ട്രീയകാര്യ സമിതിയിൽ നിന്ന് യോഗേന്ദ്ര യാദവിനെയും പ്രശാന്ത് ഭൂഷണെയും നീക്കി
1282.wav,ഫീല്ഡര്മാരുടെ ദ്രുതഗതിയിലുള്ള പ്രതികരണശേഷി വര്ധിപ്പിക്കാന് ഉപകരണത്തിന് കഴിയുമെന്നാണ് ബി സി സി ഐ പറയുന്നത്
1283.wav,സിപിഎമ്മുകാരനായ ജനപ്രതിനിധിയുടെയും ആലപ്പുഴ എംപിയുടെ അടുപ്പകാരനായ യൂത്ത് കോണ്ഗ്രസ് നേതാവിന്റെയും ഒത്താശയോടെയായിരുന്നു പോലീസ് അതിക്രമം
1284.wav,രണ്ടര മാസങ്ങൾക്ക് മുൻപ് പ്രതികൾ പലവട്ടം പെണ്കുട്ടിയെ പീഡിപ്പിച്ചു എന്നാണ് പെൺകുട്ടിയും കുടുംബവും പരാതിയിൽ പറയുന്നത്
1285.wav,കുടുംബത്തിന്റെയും ആരാധകരുടെയും പിന്തുണയും പ്രാർത്ഥനയുമാണ് ഈ മനോഹരദിവസം കൂടുതൽ പ്രിയങ്കരമാകുന്നതെന്ന് വിരാട് ട്വീറ്റിലൂടെ അറിയിച്ചു
1286.wav,അവസാന ദിനങ്ങളില് പാണക്കാട് തങ്ങള് തീരുമാനമെടുക്കുന്ന കീഴ്വഴക്കം ഇക്കുറി അട്ടിമറിക്കപ്പെടുമെന്നാണ് സൂചന
1287.wav,മുംബൈ വര്ളി അയ്യപ്പക്ഷേത്രമുള്പ്പെടെ സംസ്ഥാനത്തിനകത്തും പുറത്തുമായി വിവിധ ക്ഷേത്രങ്ങളില് ഭാഗവത സപ്താഹയജ്ഞവും സ്വാമിയുടെ നേതൃത്വത്തില് നടത്തിയിട്ടുണ്ട്
1288.wav,വിമാനമിറങ്ങുന്ന യാത്രക്കാരെ റണ്വേയില് നിന്ന് ടെര്മിനലിലേക്ക് കൊണ്ടുവരുന്ന ബസില്വച്ച് സ്വര്ണം കൈമാറവെ ഇവർ പിടിയിലാവുകയായിരുന്നു
1289.wav,തത്ഫലമായി ഫ്ലാഗ്ല്ലം ഒരു വടിയിൽ സ്ഥാപിക്കുകയും വേരുകളിലേക്ക് ചുരുളൻ കാറ്റുകയും ചെയ്യുന്നു
1290.wav,അവർ അത് ആരും ഇഷ്ടപ്പെടുന്നു അവർ ആഗ്രഹമാണ് എന്ന് കരുതുന്നു
1291.wav,പൊലീസിനെ വെല്ലുവിളിച്ച് ഗുണ്ടകളടക്കം പങ്കെടുത്ത കൂറ്റന് സ്വീകരണമായിരുന്നു നെടുമ്പാശ്ശേരി വിമാനത്താവളത്തില് നടന്നത്
1292.wav,പാർട്ടി കടുത്ത വെല്ലുവിളി നേരിടുന്ന സാഹചര്യത്തിൽ യെച്ചൂരിയുടെ കരങ്ങൾക്ക് ശക്തിപകരാൻ ഉണ്ടാകുമെന്നാണ് വി എസ് വ്യക്തമാക്കിയിട്ടുള്ളത്
1293.wav,മാത്രമല്ല കോണ്ഗ്രസ് പുറത്തുവിട്ട സഹാറ പട്ടിക തന്നെ അശ്ചര്യപ്പെടുത്തിയെന്നും അവര് പറഞ്ഞു
1294.wav,സമീപകാലത്ത് ടെസ്റ്റ് മത്സരങ്ങളില് ഓപ്പണിങ് റോളില് രാഹുലിന് തിളങ്ങാന് കഴിഞ്ഞിട്ടില്ലെങ്കിലും ഐപിഎല്ലില് താരം തകര്പ്പന് പ്രകടനമാണ് കാഴ്ചവെച്ചത്
1295.wav,മാണിക്യ മലരായ പൂവി ഹിറ്റായെങ്കില് പിന്നീട് സിനിമയില് നിന്നും വന്ന പാട്ടിനും ടീസറുകള്ക്കുമെല്ലാം നെഗറ്റീവ് പ്രതികരണമായിരുന്നു ലഭിച്ചത്
1296.wav,സ്വാതന്ത്ര്യാനന്തര ഭാരതത്തില് മതസംഘടനകളുടെ എതിര്പ്പ് ഭയന്ന് രാഷ്ട്രീയ പാര്ട്ടികളാരും തെറ്റ് തിരുത്താന് തയ്യാറായതുമില്ല
1297.wav,ഈ അട്ടിമറിയുടെ സൂത്രധാരനെന്നു കരുതപ്പെടുന്ന പ്രയുതായിയിരുന്നു പട്ടാളഭരണം രൂപവത്കരിച്ച നിയമസഭയിലെ ഏക പ്രധാനമന്ത്രിസ്ഥാനാർഥി
1298.wav,പ്രൈവസി ഷോർട്കട്ടിലെ ഈ ഓപ്ഷനിൽ ആർക്കാണ് നമ്മുടെ പോസ്റ്റ് കാണാൻ സാധിക്കുകയെന്നത് സെറ്റ് ചെയ്യാം
1299.wav,ഇത്തരം വിഷയങ്ങളില് കൃത്യമായ നടപടി എടുക്കാന് വേണ്ട നിയമങ്ങള് ഇന്ത്യന് പീനല്കോഡില്ത്തന്നെയുണ്ട്
1300.wav,പല യൂറോപ്യൻ രാജ്യങ്ങളിലും പോലെ മക്കെദോന്യെക്കു എൻട്രി സാഹചര്യങ്ങൾ വ്യക്തിയുടെ ദേശീയത ആശ്രയിച്ചിരിക്കുന്നു
1301.wav,മേഫെയറിലെ പഴയ കെട്ടിടത്തില് നിന്നും ദക്ഷിണ ലണ്ടനിലെ പുതിയ കെട്ടിടത്തിലേക്ക് ബ്രിട്ടനിലെ അമേരിക്കന് എംബസി പ്രവര്ത്തനം മാറ്റുകയാണ്
1302.wav,സൂര്യനിൽ നിന്നുള്ള നെപ്റ്റ്യൂൺ അൾട്രാവയലറ്റ് വികിരണം ഫലപ്രദമായി ഫിൽട്ടറേഷൻ ഉത്തരവാദിത്തമാണ് അവൻ
1303.wav,ശിക്ഷിക്കപ്പെട്ട ശേഷം ഗുര്മീത് റാം റഹീം സിങിനെയും ദേര സച്ച സൌദ സ്ഥാപനവുമായി ബന്ധപ്പെട്ടും ഞെട്ടിപ്പിക്കുന്ന വിവരങ്ങളാണ് പുറത്ത് വരുന്നത്
1304.wav,തെരഞ്ഞെടുപ്പ് വേളയിലായതിനാല് തന്നെ പ്രജ്ഞക്കെതിരെ ശക്തമായ നടപടിയുണ്ടാകുമെന്ന് പ്രഖ്യാപിച്ച് നേതാക്കള് രംഗത്തെത്തി
1305.wav,ചെറിയ മരക്കൊമ്പുകളില് കയറിയിരിക്കുന്നത് സുരക്ഷിതമല്ലെന്നും അപകടം സംഭവിച്ചാല് അത് എല്ലാവര്ക്കും വേദനയുണ്ടാക്കുമെന്നും അദ്ദേഹം അവരോടു പറഞ്ഞു
1306.wav,നിരവധി താരങ്ങള്ക്കാണ് ധോണിയുടെ ഓട്ടോഗ്രാഫോടു കൂടി കൂടിയ ജഴ്സി ഈ വര്ഷം ലഭിച്ചത്
1307.wav,നേരത്തേ കച്ചവടക്കാർക്കു നൽകിയിരുന്ന കാഷ് ക്രെഡിറ്റ് വായ്പകൾക്ക് ഇത്തരത്തിൽ പലിശ ഈടാക്കിയിരുന്നെങ്കിലും സാധാരണക്കാരിൽ നിന്നു കൂട്ടുപലിശ വാങ്ങിയിരുന്നില്ല
1308.wav,പെണ്കുട്ടികളെ ഉപഭോഗ വസ്തുക്കളായി കാണുകയും ലൈംഗിക വൈകൃത സ്വഭാവം പുലര്ത്തുന്നതുമാണ് ഗ്രൂപ്പിലെ സംഭാഷണങ്ങള് എന്നും പരാതി വ്യക്തമാക്കുന്നു
1309.wav,ഉടന് തന്നെ ഇരുരാജ്യങ്ങളും തമ്മിലുള്ള ബന്ധം മെച്ചപ്പെടുത്താനുള്ള ശ്രമം തുടങ്ങും
1310.wav,പ്രശ്നം പരിഹരിച്ച് ഉടന്തന്നെ ട്രെയിന് ഗതാഗതം പുനസ്ഥാപിക്കുമെന്ന് റെയില്വേ അധികൃതര് അറിയിച്ചു
1311.wav,അതിനിടെ അതിർത്തിയിൽ ചൈന സൈനിക സന്നാഹം കൂട്ടുന്ന സാഹചര്യത്തിൽ ഇന്ത്യയും തുല്യരീതിയിൽ ഒരുങ്ങുന്നു
1312.wav,ഗതാഗതക്കുരുക്കിന്റെ പേരിൽ ബസ് സർവീസുകൾ റൂട്ടുമാറ്റുകയല്ല മറിച്ച് ഗതാഗതക്കുരുക്കഴിക്കാനുള്ള സംവിധാനങ്ങൾ നടപ്പാക്കുകയാണ് വേണ്ടതെന്നും നാട്ടുകാർ പറയുന്നു
1313.wav,തെരഞ്ഞെടുപ്പ് കമ്മീഷന്റെ നിര്ദ്ദേശ പ്രകാരം ഇന്ഫര്മേഷന് ആന്റ് പബ്ലിക് റിലേഷന്സ് വകുപ്പിന്റെ മൊബൈല് എക്സിബിഷന് ബസ്സിലാണ് പ്രദര്ശനം ഒരുക്കിയിരിക്കുന്നത്
1314.wav,ഗോവയ്ക്ക് വേണ്ടി ആദ്യ ഗോൾ നേടിയ മോർട്ടാഡയ്ക്ക് റെഡ് കാർഡ് വിധിച്ച റഫറി
1315.wav,അമിതവില ഈടാക്കുന്നത് തടയുന്നതിനും കരിഞ്ചന്തയും പൂഴ്ത്തിവെപ്പും ഇല്ലാതാകുന്നതിനുമായി ജില്ലാ കളക്ടര് എസ് ഷാനവാസ് നേരിട്ട്
1316.wav,ഇത്തവണത്തെ ലോക്സഭാ തിരഞ്ഞെടുപ്പിലെ നല്ലൊരു ശതമാനം യുവ വോട്ടര്മാരെയും ആദ്യം ബാധിക്കുന്നത് അവരുടെ തൊഴില് പ്രശ്നങ്ങള് തന്നെയായിരിക്കും
1317.wav,പൊതുജനങ്ങളിൽ മ്യൂച്വൽ ഫണ്ട് നിക്ഷേപത്തെക്കുറിച്ചുള്ള അവബോധം സൃഷ്ടിയ്ക്കാൻ ക്രിക്കറ്റ് താരങ്ങളെ പ്രചാരകരാക്കി അസോസിയേഷൻ ഓഫ് മ്യൂച്വൽ ഫണ്ട് ഇന്ത്യ
1318.wav,പാടത്ത് വെള്ളം ക്രമാതീതമായി ഉയരുമ്പോള് അത് പുറത്തേക്കു ഒഴുക്കി കളയാന് നിലവില് തെള്ളകം പാടത്ത് സംവിധാനമില്ല
1319.wav,തുടര്ന്ന് അഗ്നിശമന സേനയെത്തി യുവാവിന് പ്രാഥമിക ശുശ്രുഷ നല്കി ജില്ലാ ആസ്പത്രിയിലേക്കെത്തിച്ചു
1320.wav,മലയാളത്തിന്റെ ബോക്സ് ഓഫീസിൽ ചരിത്രം തിരുത്തി കുറിക്കുമെന്നു ഒടിയന്റെ പ്രീ റിലീസ് ബിസിനസ്സ് തെളിയിച്ചു കഴിഞ്ഞു
1321.wav,പഴകിയ കരിപിടിച്ച അലുമിനിയ കലം പിള്ളക്കല്ലുകൊണ്ടിടിച്ചു ചളുക്കിയമാതിരിയുള്ള അയാളുടെ മുഖത്തെ കുഴിയിലാണ്ട കണ്ണുകള് ഒന്നു മിന്നുകയും പിന്നെ നിഷ്പ്രഭമാവുകയും ചെയ്തു
1322.wav,കഴക്കൂട്ടത്ത് സമാന്തര സർവീസ് പിടികൂടുന്നതിനായി പ്രത്യേക സ്ക്വാഡ് നടത്തിയ പരിശോധനയിലാണ് സർക്കാർ ജീവനക്കാരുമായി എത്തിയ സ്വകാര്യ മിനി ബസ് പിടികൂടിയത്
1323.wav,തൊഴിൽ ഇല്ലാത്തതുമൂലം യുവാക്കൾ അസ്വസ്ഥരാണെന്നും അതിനാലാണ് ഇത്തരം കുറ്റകൃത്യങ്ങൾ ചെയ്യുന്നതെന്നുമായിരുന്നു ബിജെപി എംഎൽഎ പ്രേംലതയുടെ മറുപടി
1324.wav,ഈ ഗ്രാമത്തിന്റെ ഭാരോദ്വഹനം പ്രയോജനങ്ങൾ വീണ്ടും വീണ്ടും വിശ്രമം ആകർഷിച്ച് സഞ്ചാരികൾ റീത്ത്
1325.wav,കേന്ദ്രമന്ത്രിയായിരിക്കെ വിദേശ നിക്ഷേപ പ്രോൽസാഹന ബോർഡിൽ നടത്തിയ ഇടപെടലുകളെക്കുറിച്ചായിരുന്നു ചോദ്യങ്ങളിൽ അധികവും
1326.wav,ഈ നേരുള്ളവനും സ്ഥാനത്ത് ബാലൻസ് നിലനിർത്താൻ പഠിക്കാൻ കുട്ടി സഹായിക്കുന്ന ഒരു ക്ലാസിക് മോഡൽ ആണ്
1327.wav,പുതിയ ചിത്രമായ അങ്കിളിന്റെ ലൊക്കേഷനായ വയനാട്ടില് വച്ചാണ് മമ്മൂട്ടി സാധാരണക്കാരനായ ഒരു ആരാധകനുമൊത്ത് വിലയേറിയ സമയം ചെലവഴിച്ചത്
1328.wav,സ്ത്രീ പുരുഷ സമത്വത്തെ ഇയർത്തി കാട്ടിയ കോടതി വിധി പോയ വർഷത്തെ പ്രസക്തമാക്കി
1329.wav,എന്നാല് ഈ രണ്ടു പേപ്പറുകളും പാസായാല് മാത്രമേ പിന്നീടുള്ള ഏഴു പേപ്പറുകള് നോക്കുകയുള്ളു
1330.wav,ഈ പ്രാവശ്യത്തെ ഓസ്കാര് ജേതാവും പ്രമുഖ ഹോളീവുഡ് താരവുമായ ലിയാന്ഡോ ഡികാപ്രിയോയ്ക്ക് എതിരെ ഇന്തോനേഷ്യന് സര്ക്കാര് രംഗത്ത്
1331.wav,അത്തരിത്തിൽ പതിറ്റാണ്ടുകളുടെ ആധിപത്യമാണ് ഇടതുമുന്നണിയുടെ നേതൃത്വത്തിൽ മാണി സി കാപ്പാൻ തകർത്തതെറിഞ്ഞത്
1332.wav,അത് ഈ സൃഷ്ടിയുടെ സ്റ്റീഫൻ രാജാവിന്റെ ജീവിതം ഒരു ശോഭയുള്ള ബാൻഡ് തുടക്കമായിരുന്നു
1333.wav,എന്നിട്ടും ആധുനിക സൌകര്യങ്ങളുടെ പകിട്ടു കണ്ട് അതിനു പിന്നാലെ പോയി നമ്മുടെ ജനറേഷന്
1334.wav,വെർജീനിയയിലെ അക്വിയിലുള്ള ഒരു ക്വാറിയിൽ നിന്ന് ചാരനിറമുള്ള ചെങ്കല്ലുകളിൽ നിർമിച്ചതാണ് വൈറ്റ് ഹൌസ്
1335.wav,ഈ ലക്ഷ്യങ്ങൾ അവസാനിപ്പിക്കാനും കുഞ്ഞാലിക്കുട്ടിക്ക് തിരിച്ചടി നൽകാനുമാണ് ഇപ്പോൾ ലീഗിലെ തന്നെ ഒരു വിഭാഗം ശ്രമിക്കുന്നത്
1336.wav,ഓണത്തിനു മുന്നോടിയായി കുടിശികയടക്കം നാലു മാസത്തെ പെന്ഷന് വിതരണം ഈ മാസം പത്തിന് ആരംഭിക്കാനിരിക്കെയാണ് ഇവരെ താത്കാലികമായി ഒഴിവാക്കിയത്
1337.wav,സംഘടനയിലെ രണ്ട് വിഭാഗങ്ങള് തമ്മിലുള്ള അധികാരത്തര്ക്കത്തിലുണ്ടായ ദല്ഹി ഹൈക്കോടതി വിധിയുടെ പശ്ചാത്തലത്തിലാണ് നടപടി
1338.wav,എന്ന് പറഞ്ഞു കൊണ്ട് അവള് അവന്റെ കുട്ടന് അവളുടെ വായില് എടുത്തു കൊണ്ട് ഫ്ലുട്ട് വായന തുടങ്ങി
1339.wav,കഴിഞ്ഞ തവണ കോണ്ഗ്രസിന് രണ്ട് സീറ്റുകളായിരുന്നു ലഭിച്ചതെങ്കില് ഇത്തവണ അത് കേവലം ഒന്നിലേക്ക് ചുരങ്ങിയിരുന്നു
1340.wav,ഭീകരസംഘടനയിലെ അംഗമായ മൂന്നാംപ്രതി താരിഖ് അഹമ്മദ് ദാര് സ്ഫോടനത്തിന് സഹായംചെയ്തതില് കുറ്റക്കാരനാണെങ്കിലും പത്തുവര്ഷത്തിലേറെ ജയിലില് കിടന്നതിനാല് അദ്ദേഹത്തെയും കോടതി വിട്ടയച്ചു
1341.wav,ബന്ധുക്കൾ വരുന്നത് വരെ മൃതദേഹം കോഴിക്കോട് മെഡിക്കൽ കോളേജ് മോർച്ചറിയിൽ സൂക്ഷിച്ചിരിക്കുകയാണ്
1342.wav,പണം നൽകിയതിന്റെ രേഖ നൽകിയാൽ പടം വരച്ച് തരാമെന്ന് പറയുന്നവരുടെ പട്ടിക നീളുകയാണ്
1343.wav,ജോളിയുടെ മുൻ ഭർത്താവ് റോയിയുടെ കൊലപാതകവുമായി ബന്ധപ്പെട്ടാണ് ഇപ്പോൾ അറസ്റ്റ് രേഖപ്പെടുത്തിയിരിക്കുന്നത്
1344.wav,അതിനിടെ പെണ്കുട്ടികളോട് തനിക്ക് വെറുപ്പായിരുന്നുവെന്നും ആദ്യഭര്ത്താവ് റോയ് തോമസിന്റെ സഹോദരി റെഞ്ചിയുടെ മകളെ കൊല്ലാന് ശ്രമിച്ചിരുന്നുവെന്നും ജോളിയുടെ വെളിപ്പെടുത്തിയെന്നാണ് സൂചന
1345.wav,വിഷയം ചര്ച്ചയിലൂടെ പരിഹരിക്കണമെന്ന് ബാന് കി മൂണ് നേരത്തെ നിലപാട് വ്യക്തമാക്കിയിരുന്നു
1346.wav,ന്യൂനപക്ഷത്തെ ഉപയോഗിച്ച് നടത്തുന്ന ഈ വോട്ടുബാങ്ക് രാഷ്ട്രീയം ഇനി കേരളത്തില് വിലപ്പോകില്ലെന്നും മുല്ലപ്പള്ളി കൂട്ടിച്ചേര്ത്തു
1347.wav,ത്രെഡ് വളരെ നേർത്ത എളുപ്പത്തിൽ കേടുപാടുള്ളതുകൊണ്ട് കൈകണ്ണിൽ മാത്രം ഇന്ത്യൻ കശ്മീരി നിർമ്മിച്ചിട്ടുണ്ട്
1348.wav,എന്നാല് രോഗികളില് നോമ്പും അതോടനുബന്ധിച്ച് ഔഷധങ്ങള് കഴിക്കാതെയിരിക്കുന്ന അവസ്ഥയും ചില പ്രശ്നങ്ങള് സൃഷ്ടിക്കുന്നുണ്ട്
1349.wav,മുഖം നിറയെ പുഞ്ചിരിയും തമാശയുമായി വരുന്ന ആ വില്ലനെ പ്രേക്ഷകർ കയ്യടിയോടെയാണ് സ്വീകരിച്ചത്
1350.wav,സംഭവത്തിന് ശേഷം ഒളിവില് പോയ പ്രതികളെ കണ്ടെത്താന് പോലീസ് നീക്കം ആരംഭിച്ചു
1351.wav,സംസ്ഥാനത്ത് ഭരണ സ്തംഭനമാണെന്നും ഗവര്ണര് മൃദുല സിന്ഹ ഈ വിഷയത്തില് ഇടപെടുന്നില്ല എന്നും ആരോപിച്ചുകൊണ്ട് പ്രതിപക്ഷം പ്രക്ഷോഭം ശക്തമാക്കുന്നു
1352.wav,ദില്ലി സർക്കാരിനോട് വാറ്റ് നികുതി പിൻവലിക്കാൻ തങ്ങൾ ആവശ്യപ്പെടുന്നുവെന്നും അദ്ദേഹം പറഞ്ഞു
1353.wav,ആഴ്ചയിലെ മൂന്നാം ഘട്ടത്തില് നിങ്ങള്ക്ക് പല മേഖലകളിലും അനുകൂലമായ അന്തരീക്ഷം ലഭിക്കും
1354.wav,ശ്രീരാമചന്ദ്രനാല് പ്രതിഷ്ഠിക്കപ്പെട്ട ഈശ്വരന് വാണരുളുന്ന പുണ്യഭൂമിയായതിനാലാണ് രാമേശ്വരം എന്ന് ഈ ദേശം അറിയപ്പെടുന്നതെന്നാണ് ഐതിഹ്യം
1355.wav,തൊട്ടടുത്തുള്ള വീടിന്റെ പിന്നിലെ പച്ചപ്പു നിറഞ്ഞ തോട്ടത്തില് വരിയായി വട്ടത്തിലുള്ള കല്ലുകള് പതിച്ചിരിക്കുന്നു
1356.wav,പേരാമ്പ്ര കലപത്തൂര് എ യു പി സ്കൂള് വിദ്യാര്ത്ഥിയായ നവീന് ജന്മനാ അരയ്ക്ക് താഴേക്ക് സ്വാധീനമില്ലാത്ത കുട്ടിയാണ്
1357.wav,യൂറോപ്പിലേയും അമേരിക്കയിലേയും വിജയത്തിനു പിന്നാലെയാണ് ആഗോള തലത്തിൽ സ്ഥാനമുറപ്പിച്ച ഓൺലൈൻ പ്ലാറ്റ്ഫോമുകൾ മിഡിൽ ഈസ്റ്റിലും ഉത്തരാഫ്രിക്കയിലും കണ്ണുവെക്കുന്നത്
1358.wav,പളളത്തർക്കത്തിലെ സുപ്രീംകോടതി ഉത്തരവ് നടപ്പാക്കാത്തത് സർക്കാരിന് ചില നിഗൂഢ താൽപര്യങ്ങൾ ഉളളതുകൊണ്ടാണ്
1359.wav,ദിലീപ് ദൃശ്യങ്ങള് അവകാശപ്പെടുന്നത് ഇരയെ അപമാനിക്കുക എന്ന ലക്ഷ്യത്തോടെയാണെന്നും ദിലീപിന് ദൃശ്യങ്ങള് കൈമാറുന്നത് ഇരയുടെ സ്വകാര്യതയെ ബാധിക്കുമെന്നുമാണ് പ്രോസിക്യൂഷന്റെ വാദം
1360.wav,പെരുംകുളത്ത് നിന്ന് വിജയിച്ച അംഗത്തെ രാജിവെപ്പിച്ച് തോറ്റ നേതാവിനെ വീണ്ടും ഇവിടെ മത്സരിപ്പിക്കാനുള്ള നീക്കമായി ആണ് ഇവര് ഇതിനെ കാണുന്നത്
1361.wav,അജുവിനെപ്പം അരുണ് ചന്തുവും ചേര്ന്ന് തിരക്കഥ ഒരുക്കി അരുണ് സംവിധാനം ചെയ്യുന്ന സിനിമയുടെ ഷൂട്ടിങ് പ്രധാനമായും റാന്നിയിലായിരുന്നു
1362.wav,നിലയ്ക്കലില് നിന്ന് കാറുകള് ഒഴികെയുള്ള വാഹനങ്ങള് ഒന്നും തന്നെ പമ്പയിലേക്ക് കടത്തിവിടുന്നില്ല
1363.wav,സബ് ജയിലായി മാറ്റിയിട്ടുള്ള ഗുപ്കർ റോഡിലുള്ള അദ്ദേഹത്തിന്റെ വീട്ടിലാണു തടവ്
1364.wav,ബാറ്റ്സ്മാന്മാരുടെ തകര്പ്പന് പ്രകടനത്തിന് ബൌളര്മാരും മികച്ച പിന്തുണ നല്കിയപ്പോള് ഇന്ത്യന് ജയം എളുപ്പമാവുകയായിരുന്നു
1365.wav,മരിക്കാൻ പോകുന്നു എന്ന് സുഹൃത്തിന് അയച്ച സന്ദേശം കേന്ദ്രീകരിച്ചും അന്വേഷണം നടന്നു
1366.wav,പാരീസ് പല രസകരമായ ഫൊതൊഫച്ത്സ് പഴയ വാസ്തുവിദ്യ അസാധാരണവുമായ ശില്പങ്ങളാൽ കെട്ടിടങ്ങളുടെ നിറഞ്ഞിരിക്കുന്നു
1367.wav,രാത്രി ആയിട്ടും കേരളത്തിലേക്ക് കടത്തിവിടാതായതോടെ വാളയാര് ചെക്പോസ്റ്റില് കുടുങ്ങിയ നൂറുകണക്കിന് മലയാളികള് പ്രതിഷേധവുമായി രംഗത്ത് എത്തിയിരുന്നു
1368.wav,ജമ്മുകാശ്മീരിലെ വൈഷ്ണവദേവീ ക്ഷേത്രദര്ശന മാതൃകയില് ഇന്ത്യയില് ഇതിനകം ആറോളം സംസ്ഥാനങ്ങളില് വൈഷ്ണവദേവീ ക്ഷേത്രങ്ങള് സ്ഥാപിച്ചിട്ടുമുണ്ട്
1369.wav,ഖാലിദ് റഹ്മാന് സംവിധാനം ചെയ്യുന്ന സിനിമയില് എസ് ഐ മണികണ്ഠന് എന്ന കഥാപാത്രത്തെയാണ് മമ്മൂട്ടി അവതരിപ്പിക്കുന്നത്
1370.wav,ഇതിനെതിരെ ശക്തമായ പ്രക്ഷോഭങ്ങളുമായി രംഗത്തിറങ്ങാനാണ് വാര്ഡ് മെമ്പര് രാജീവന് കപ്പച്ചേരിയുടെ നേതൃത്വത്തിലുള്ള നാട്ടുകൂരുടെ തീരുമാനം
1371.wav,കൊല്ലം പരവൂര് വെടിക്കെട്ടപകടത്തില് പരിക്കേറ്റവരെ പ്രധാനമന്ത്രി കാണാന് വന്നത് പരിക്കേറ്റവര്ക്ക് ഏറ്റവും മികച്ച ചികിത്സ നല്കാന് രാജ്യത്തെ വിദഗ്ദ്ധരായ ഡോക്ടര്മാരുമായാണ്
1372.wav,തന്റെ പ്രാണനും ജീവിതവും നഷ്ടമായ വാര്ത്ത എങ്ങനെ ലക്ഷ്മിയെ അറിയിക്കും എന്ന സങ്കടത്തിലാണ് ബന്ധുക്കള്
1373.wav,ഗ്യാസ് ടർബൈൻ നിലയം ഏറ്റവും ശക്തിയുള്ള ആഭ്യന്തര ഉൽപാദന യന്ത്രമാണ്
1374.wav,സഞ്ചാരികളെ അത്ഭുതപ്പെടുത്തുവാൻ കഴിയുന്ന നിരവധി രസകരമായ വസ്തുതകൾ സാൻ മറീനോയിൽ ഉണ്ട്
1375.wav,ടീമിലെ പ്രശ്നത്തിന് ബാഹ്യ ഇടപെടലുണ്ടെന്ന് കെ സി എ പറയുമ്പോഴും ക്യാപ്ടനെതിരായ ആരോപണങ്ങളിൽ കഴമ്പുണ്ടെന്നും മനസ്സിലാക്കി
1376.wav,സൂര്യോദയത്തിനും മദ്ധ്യാഹ്നത്തിനുമിടയില് ചെയ്യുന്ന നമസ്ക്കാരങ്ങള്ക്ക് ദോരക്കത് നമാസ് എന്നാണ് പറയുക
1377.wav,ഇതോടെ ഡിജിപി ലോക്നാഥ് ബെഹ്റ പൊലീസിൽ അതീവ ശക്തനായി മാറുകയും ചെയ്തു
1378.wav,മരട് ഫാറ്റ് ഉടമകള്ക്ക് നഷ്ട പരിഹാരം നല്കുന്നതിനുള്ള സമിതിയുടെ ആദ്യയോഗം ഇന്ന്
1379.wav,നിങ്ങൾ പുറത്തേക്ക് പോകുമ്പോൾ ആരോഗ്യമുള്ള ഇറ്റാലിയൻ ഭക്ഷണം ആസ്വദിക്കാനായി നിരവധി വഴികളുണ്ട്
1380.wav,അവർ കുറഞ്ഞത് നാലു സെന്റിമീറ്റർ എന്നു റേസ് പങ്കെടുക്കുന്ന വളർച്ച അല്ലെങ്കിൽ പരമാവധി നയങ്ങൾക്ക് എന്നാണ്
1381.wav,അഭയം തേടി വരുന്നവരെ എന്നും ഇരുകൈയും നീട്ടി സ്വീകരിച്ചുട്ടുള്ളവരാണ് അമേരിക്കൻ ജനത
1382.wav,എന്നാല് പര്താപ് സിങിന് സുരക്ഷ ഏര്പ്പെടുത്തന്നത് സംബന്ധിച്ച കാര്യത്തില് താനാണ് തീരുമാനം എടുക്കേണ്ടതെന്നാണ് അമരീന്ദര് സിങ് പ്രതികരിച്ചിരിക്കുന്നത്
1383.wav,കര്ണാടകത്തിലെ ബെല്ഗാമിലെ റായ്ബാല് താലൂക്കില് നിന്നുള്ള ഒരു ദൃശ്യം ആണ് ഇപ്പോള് ഇന്റര്നെറ്റില് വൈറല് ആയിരിക്കുന്നത്
1384.wav,ഇക്കാര്യം അറിയിച്ച് മുഖ്യമന്ത്രി പ്രധാനമന്ത്രിക്ക് കത്തയച്ചിട്ടുണ്ട് എന്ന കാര്യവും സർക്കാർ കോടതിയെ അറിയിച്ചിരുന്നു
1385.wav,ലോകസഭാ തെരഞ്ഞെടുപ്പിൽ എന്തെങ്കിലും മുന്നേറ്റമുണ്ടാക്കാൻ സാധിക്കും എന്നുറപ്പുള്ള മണ്ഡലങ്ങളാണിവ എന്ന് കേന്ദ്ര നേതൃത്വം കരുതുന്നവ ആണിത്
1386.wav,എന്റെ മുൻകൈയിൽ പാചകക്കാരിയായി ബാലഭവനിൽ നിയമിക്കപ്പെട്ട ഷീബയും മൂന്ന് സിസ്റ്റേഴ്സും കുട്ടികളും ഉൾപ്പെടുന്ന സംഘമായിരുന്നു യാത്രയ്ക്കായി ഒരുങ്ങിയിരുന്നത്
1387.wav,സ്ഥലപ്പേരുകളുടെ ഇംഗ്ലീഷ് പേരുകൾ തമിഴ് പേരുകളുടെ ഉച്ഛാരണവുമായി ഏറെ വേറിട്ട് നിൽക്കുന്നതിനാലാണ് ഇങ്ങനെയൊരു തീരുമാനം കൈക്കൊണ്ടതെന്ന് സർക്കാർ വൃത്തങ്ങൾ അറിയിച്ചു
1388.wav,പ്രധാന പ്രദർശനങ്ങളിൽ നിങ്ങൾക്ക് ചിത്രങ്ങളുടെ മുഴുവൻ ശേഖരണവും ചരിത്രപരമായ പ്രോട്ടോടൈറ്റുകളും ഒരു ആഢംബര ആധുനിക വൈവിധ്യവും കാണാം
1389.wav,എകെജിക്കെതിരായ പരാമര്ശം പരിധി കടന്നതാണ് ഒരിക്കലും അങ്ങനെ പറയാന് പാടില്ലായിരുന്നുവെന്നും ഉമ്മന് ചാണ്ടി വ്യക്തമാക്കിയിരുന്നു
1390.wav,ഇനിയും അത്തരം സാധ്യതകളും ഇടങ്ങളും ബാക്കിയുണ്ട് എന്നതാണ് ഒരു ക്ലാസിക്കിന്റെ ലക്ഷണങ്ങളിലൊന്ന്
1391.wav,വിശ്വാസവോട്ടെടുപ്പ് നടത്താത്തില് പ്രതിഷേധിച്ച് യെദിയൂരപ്പയുടെ നേതൃത്വത്തിലുള്ള ബിജെപി എംഎല്എമാര് ഇന്നലെ മുതല് വിധാന് സൌധയില് തുടങ്ങിയ പ്രതിഷേധം തുടരുകയാണ്
1392.wav,സീറ്റ് ധാരണ ചർച്ചകള്ക്കായി മഹാരാഷ്ട്രയില് ശിവസേന വിളിച്ച് ചേർത്ത എം പിമാരുടെ യോഗം അവസാനിച്ചു
1393.wav,ഇത് മുൻപ് ഏറ്റവും വിലയേറിയ പ്രൊഫഷണൽ മോണിറ്ററുകളിൽ കാണുന്ന ടോണൽ കൃത്യതയെ വെളിവാക്കുന്നു
1394.wav,തുടർന്ന് നൃത്ത വിഭാഗം മത്സര വിജയികൾക്കുള്ള സമ്മാനദാനവും അഭിലാഷ് വെങ്കിടാചലം അവതരിപ്പിക്കുന്ന സംഗീത സദസും ഉണ്ടായിരിക്കും
1395.wav,എന്നാൽ അടിയന്തിര പ്രധാന്യമില്ലന്ന സാങ്കേതിക കാരണം പറഞ്ഞ് നിയമസഭാ സമ്മേളനത്തിന് അനുമതി നിഷേധിച്ച ഗവർണ്ണറുടെ നടപടി ജനാധിപത്യ വിരുദ്ധമാണ്
1396.wav,ലോകം മുഴുവന് സിക വൈറസ് പടര്ന്ന് പിടിക്കുന്നതിനിടെ ലോകാരോഗ്യ സംഘടന കഴിഞ്ഞ ദിവസം ആരോഗ്യ അടിയന്തരാവസ്ഥ പ്രഖ്യാപിച്ചിരുന്നു
1397.wav,പതിനെട്ടുവര്ഷമായി വിദ്യാലയത്തിലെ എല്ലാ പ്രവര്ത്തനങ്ങളിലെയും നിറസാന്നിധ്യമായ ഷൈലജ തന്നെയാണ് സീഡിന്റെ പ്രവര്ത്തനങ്ങള്ക്കും ചുക്കാന് പിടിക്കുന്നത്
1398.wav,സീനിയര് ടീമില് കളിച്ചതിന് പിന്നാലെ കൌമാര ലോകകപ്പിലും കളിക്കാനൊരുങ്ങി പാക് താരം
1399.wav,അതിനർഥം ബാക്കിവരുന്ന കടവും ബാധ്യതകളും വീട്ടുന്നത് ഫലത്തിൽ സർക്കാരിന്റെ തലയിലാകും
1400.wav,വീടുകളില് നിന്നും ശരിയായ വിവരങ്ങള് നല്കിയില്ലെങ്കില് കേന്ദ്രസര്ക്കാരില് നിന്നും കിട്ടേണ്ട ആനുകൂല്യങ്ങള് നഷ്ടപ്പെടാന് ഇടയുണ്ട്
1401.wav,പെട്ടന്ന് ബാറ്റ് ചെയ്യുന്നയാളുടെ കൈയില് നിന്നും ബാറ്റ് തെറിച്ച് കാണികള്ക്ക് ഇടയിലേക്ക് പറന്നുവന്നു
1402.wav,ധാരണപ്രകാരം എട്ടുമാസം മുകേഷ് മോഹനും ഇതിനുശേഷം റെജി പനച്ചിക്കലിനും പ്രസിഡന്റ് സ്ഥാനം നല്കും
1403.wav,ഏതെങ്കിലും താരിഫ് പ്ലാനിന്റെ ഓപ്പറേറ്റർമാരിൽ നിന്നും ഓപ്ഷനുകൾ വലിയ വീക്ഷണത്തിൽ ക്ലയന്റ് ആവശ്യങ്ങൾ ഒപ്റ്റിമൈസ് ചെയ്യാനാകും
1404.wav,ജയിച്ചശേഷം പാര്ട്ടി മാറുന്നവരുടെ അംഗത്വം കൂറുമാറ്റ നിയമപ്രകാരം റദ്ദാക്കാവുന്നതാണെങ്കിലും പാര്ട്ടിയിലെ ഭൂരിപക്ഷം അംഗങ്ങളും കൂറുമാറിയാല് നിയമം നോക്കുകുത്തിയാകും
1405.wav,അഴിമതി അന്വേഷണങ്ങളുടെ ഒരു പ്രത്യേകത അതില് ചെറിയ മീനുകളാണ് എങ്കില് അന്വേഷണം കാര്യക്ഷമമായി പോവും
1406.wav,എന്നാൽ നിങ്ങൾ എല്ലായ്പ്പോഴും ഉപ്പു ധാരാളമായി എഴുതിയെടുക്കുകയും നിങ്ങളുടെ ഗവേഷണം നടത്തുകയും വേണം
1407.wav,അതേസമയം എറണാകുളം ജില്ലയിൽ ടെസ്റ്റ് പോസിറ്റിവിറ്റി നിരക്ക് ഉയരുന്നത് ആശങ്കാ ജനകമാണ്
1408.wav,ഇതിന്റെ പ്രതികാരമാണ് എംപിമാരെ അടർത്തിയെടുത്തു ചിരാഗിനെ ഒറ്റപ്പെടുത്താനുള്ള നിതീഷിന്റെ നീക്കത്തിനു പിന്നിലെന്നാണു വിലയിരുത്തൽ
1409.wav,സംഭവ ശേഷം മാർത്തയുടെ വിയോഗത്തിൽ അനുശോചനം രേഖപ്പെടുത്തുന്നതിനും ആത്മാവിന് നിത്യശാന്തി നേർന്നുള്ള പ്രാർത്ഥനയ്ക്കും ഒട്ടേറെ മലയാളികൾ എത്തിയിരുന്നു
1410.wav,തമിഴകത്തെ രാഷ്ട്രീയചരിത്രം ഈ വംശങ്ങളിലെ രാജാക്കന്മാർക്കിടയിൽ അടിക്കടി ഉണ്ടായിക്കൊണ്ടിരുന്ന യുദ്ധങ്ങളുടെ ചരിത്രമായിരുന്നു
1411.wav,വിവാദ സ്വാമി സ്ന്തോഷ് മാധവന് ഇടനിലക്കാരനായ ഭൂമിദാനക്കേസ് പരിഗണിക്കുകയായിരുന്നു ഹൈക്കോടതി
1412.wav,പാർട്ടി സമ്മേളനങ്ങൾ ആരംഭിച്ച പശ്ചാത്തലവും അനുഭവസമ്പത്തുള്ള മുതിർന്ന നേതാവെന്ന പരിഗണനയും കണക്കിലെടുത്തു സാങ്കേതികമായ അച്ചടക്ക നടപടിക്കു മുതിർന്നില്ല
1413.wav,ലൂയി റൂവോ സെന്റർ ഫോർ ബ്രെയിൻ ഹെൽത്തിലെ ന്യൂറോളജിസ്റ്റ് ചാൾസ് ബേറിക് നടത്തിയ നീണ്ട പഠനത്തിന്റെ ഭാഗമായിരുന്നു ഇത്
1414.wav,വിഷുവിനോട് അനുബന്ധിച്ച് മഴ ലഭിക്കാത്തതുമൂലം കര്ഷകര് വിത്ത് ആവശ്യപ്പെട്ടിട്ടില്ല എന്ന ന്യായമാണ് അഥോറിറ്റി നിരത്തുന്നത്
1415.wav,പിറ്റേ ദിവസം രാവിലെ ഷിംന അലക്കുമ്പോൾ ആണ് റോഡിൽ വാഹനം വന്നു നിന്നത്
1416.wav,ഭവന നിര്മ്മിതിയില് ലോഹസങ്കരങ്ങളുടെ ഉപയോഗം വര്ദ്ധിപ്പിക്കാന് ലോകത്തിലെ പതിനൊന്ന് ഉരുക്കു കമ്പനികള് ചേര്ന്നാണ് ലിവിംഗ് സ്റ്റീലിന് രൂപം നല്കിയിരിക്കുന്നത്
1417.wav,മലയാളി താരം ശ്രീശാന്തിന്റെ ആജീവനാന്ത വിലക്ക് ബിസിസിഐ ഏഴു വര്ഷമായി കുറച്ചതില് സേവാഗ് സന്തുഷ്ടി രേഖപ്പെടുത്തി
1418.wav,ഒരു ഉൽപ്പാദന എന്റർപ്രൈസറിനായി വിവരങ്ങൾ ശേഖരിക്കുന്നതിനുള്ള പ്രധാന മാർഗം ഇതാണ്
1419.wav,ന്യൂനപക്ഷങ്ങള്ക്കും ദളിതുകള്ക്കും നേരെ ദംഷ്ട്രകള് നീട്ടി നടക്കുന്ന ഹിന്ദുത്വവാദികളുടെ ക്ഷാത്രവീര്യമൊക്കെ ഇന്ത്യന് കര്ഷകന്റെ നിശ്ചയദാര്ഢ്യത്തിന്റെ മുദ്രാവാക്യങ്ങള്ക്കും കൈമുഷ്ടികള്ക്കും മുമ്പില് പതറിപ്പോകുകയാണ്
1420.wav,ദളിത് വിദ്യാർത്ഥിയുടെ ആത്മഹത്യയ്ക്ക് ശേഷം ഇത് രണ്ടാം തവണയാണ് രാഹൽ ഗാന്ധി ഹൈദരാബാദിൽ എത്തുന്നത്
1421.wav,മുന് കേന്ദ്ര മന്ത്രിയെ പോലീസ് വലയം ചെയ്യുന്നത് മാര്ച്ചിന്റെ ദൃശ്യങ്ങളില് കാണാം
1422.wav,ഇതേ തുടര്ന്ന് ഡിജിപിയും മന്ത്രി കടകംപള്ളി സുരേന്ദ്രനും മാധ്യമങ്ങള്ക്ക് വിലക്കില്ലെന്നും സുരക്ഷയൊരുക്കുന്നതിന്റെ ഭാഗമായ നടപടിമാത്രമാണ് നടക്കുന്നതെന്നും വിശദീകരിച്ചിരുന്നു
1423.wav,നമ്മുടെ ഞൊട്ടാഞൊടിയ നാട്ടിന്പുറങ്ങളില് ധാരാളമായി കാണുന്ന ഒന്നാണ് ഞൊട്ടാഞൊടിയന് അഥവാ ഗോള്ഡന് ബെറി എന്നറിയപ്പെടുന്ന ഈ പഴം
1424.wav,ക്രിസ്റ്റഫർ ഡഗ്ലസ് മാധ്യമങ്ങൾക്കു മുൻപിൽ ജർഡീന്റെ ഈ ദ്വ്വന്ദ സ്വഭാവത്തെ വിമർശിച്ചിരുന്നു
1425.wav,തന്റെ ഭൂമി ആയതിനാലാണ് അനുകൂലമായ വിധി വന്നതെന്നും വസന്ത പറഞ്ഞു
1426.wav,അരുണിന്റെ ബിസിനസ് ആവശ്യങ്ങൾക്കായി സ്വകാര്യ ബാങ്കുകളിൽ നിന്ന് വൻ തോതിൽ പണം കടമെടുക്കുകയും ചെയ്തു
1427.wav,സുപ്രീംകോടതിയുടെ വിധിയും വാക്കും പരമോന്നതമായിരിക്കുമെന്നും എന്നാല് അത് ചോദ്യം ചെയ്യപ്പെടാന് കഴിയാത്തതല്ലെന്നും ഉവൈസി പറഞ്ഞിരുന്നു
1428.wav,ചീഞ്ഞ ഫലം ചിത്രം നിങ്ങൾ അവരെ തിന്നുകയും അതുകൊണ്ടുതന്നെ ജ്യൂസ് വാങ്ങണം ചെയ്യുന്നു
1429.wav,ഫ്രഞ്ച് വാഹന നിര്മ്മാതാക്കളായ റെനോയുടെ സോയി ഇലക്ട്രിക്ക് വീണ്ടും പരീക്ഷണയോട്ടത്തിനിറങ്ങിയതായി റിപ്പോര്ട്ട്
1430.wav,സുരക്ഷിതമായി മികച്ച ക്രിക്കറ്റ് ഒരുക്കുകയാണ് ലക്ഷ്യമെന്ന് ഇംഗ്ലണ്ട് ക്രിക്കറ്റ് ബോര്ഡ് വ്യക്തമാക്കി
1431.wav,എന്നാലും ഇത് കാരാമയുടെ രാഷ്ര്ടീയബോധത്തിന് നേരെപോലുമുള്ള ഒരു കനത്ത ആഘാതമായി പിൻതുടർന്നുകൊണ്ടിരുന്നു
1432.wav,സി ജെ ജോര്ജ്ജിന് കേളി കലാ സാംസ്കാരിക വേദി യാത്രയയപ്പ് നല്കി
1433.wav,കൂടാതെ വേനല് മഴ പെയ്തപ്പോള് തന്നെ കടല് ക്ഷോഭം രൂക്ഷമായി അനുഭവപ്പെട്ടത് തീരദേശവാസികളേയും ആശങ്കയിലാക്കുന്നു
1434.wav,ഓട്ടോ ട്യൂൺഎക്സ് ഡിസ്പ്ലേ സാങ്കേതികവിദ്യയുടെ പിന്തുണയുള്ള ഒരു ലോക്കൽ ഡിമ്മിങ് ഫീച്ചറും ഡിസ്പ്ലേയുടെ സവിശേഷതയാണ്
1435.wav,ഈ ദൌത്യം ചൊവ്വയുടെ സീസ്മിക പ്രവർത്തനങ്ങളെ കുറെയേറെ വിവരങ്ങൾ പുറത്തു കൊണ്ടുവരും
1436.wav,വളരെ സാധാരണമായ ഇന്റീരിയർ പോലും മാറ്റാൻ കഴിയുന്ന രസകരമായ ഷെല്ലുകൾ ഞങ്ങൾ ഇഷ്ടപ്പെടുന്നു
1437.wav,എന്നിട്ട് ഇവിടെ ആവശ്യമായ പരിശോധനകളും നടത്തുകയും കോവിഡ് പ്രോട്ടോകോൾ അനുസരിച്ചുള്ള നടപടികൾക്ക് വിധേയരാക്കുകയും വേണം
1438.wav,ആദ്യ രണ്ട് മത്സരങ്ങളില് നിന്ന് ഏഴ് വിക്കറ്റ് വീഴ്ത്തി ലോകകപ്പിലെ താരമായിരിക്കുകയാണ് ഹെന്റി
1439.wav,ഡേവിഡ് വാട്ടമോറിനെ പരിശീലകനാക്കി വലിയ പരീക്ഷണങ്ങള്ക്ക് തയ്യാറാകുന്ന കേരളത്തിന് ഉത്തപ്പയുടെ സാന്നിധ്യം കരുത്താകുമെന്ന് ഉറപ്പാണ്
1440.wav,വൈകല്യമുള്ള കുട്ടികൾക്ക് കായിക പരിപാടികൾ സംഘടിപ്പിക്കാൻ സഹായിക്കുന്ന ഒരു ചാരിറ്റബിൾ സൊസൈറ്റിക്കാണ് ലോകകപ്പിൽ നിന്നുള്ള തൻറെ വരുമാനം സംഭാവന ചെയ്തത്
1441.wav,സംഘ പ്രവര്ത്തകരോട് ഇക്കാര്യത്തില് ജാഗരൂകരായിരിക്കാന് ആഹ്വാനം ചെയ്തിട്ടുണ്ടെന്നും ഗോപാലന്കുട്ടി മാസ്റ്റര് പറഞ്ഞു
1442.wav,തയ്യാറാക്കപ്പെട്ടുകൊണ്ടിരിക്കുകയാണു് അകലെ കുടിക്കുകയും ബി വിറ്റാമിനുകൾ മഗ്നീഷ്യം അടങ്ങിയ ഭക്ഷണത്തിൽ ഭക്ഷണങ്ങൾ ഒരു ക്ഷാമം ചിലരൊക്കെ ഉപയോഗപ്രദമാണ്
1443.wav,പെരിന്തല്മണ്ണ കോഴിക്കോട് റോഡ് ജൂബിലി ജങ്ഷനില് എന്ജിന് ഓയില് വില്പ്പനശാല നടത്തുന്ന ആളാണ് കമലേഷ്
1444.wav,ബിയര് കുപ്പിയുടെ അടിയേറ്റ് കൈമുറിഞ്ഞ കൊച്ചുമകനും നാഭിക്ക് ചവിട്ടേറ്റ എണ്പത്തിയാറ് വയസ്സുള്ള വൃദ്ധയും ആശുപത്രിയില്
1445.wav,മാസമുറ സമയത്ത് ഇത് കഴിയ്ക്കുന്നത് ശരീരത്തിലെ രക്തപ്രവാഹം ശരിയായ രീതിയില് നടക്കാന് സഹായിക്കും
1446.wav,അടുത്ത വര്ഷത്തോടെ വിപണിയിലെത്തുന്ന ഇലക്ട്രിക് ചേതക്കിന്റെ നിര്മാണ വീഡിയോ പുറത്തുവിട്ടിരിക്കുകയാണിപ്പോള് കമ്പനി
1447.wav,കരുവന്നൂരിലെ പരിസരവാസികളായ ആയിരം പേരില് നിന്നും രണ്ടു രൂപ മുഖവിലയുള്ള ഓഹരികള് സമാഹരിച്ചായിരുന്നു സഹകരണ സംഘത്തിന്റെ പ്രവര്ത്തന മൂലധനം കണ്ടെത്തിയത്
1448.wav,കേരളം ഫലപ്രദമായി ഒന്നും രണ്ടും ഘട്ടങ്ങൾ തരണം ചെയ്തത് അവധാനതയോടെയുള്ള പ്രവർത്തനങ്ങൾ വഴിയായിരുന്നു
1449.wav,ഏകദിന ക്രിക്കറ്റില് രണ്ട് ഇരട്ട സെഞ്ചുറികള് നേടിയിട്ടുള്ള ഏക ബാറ്റ്സ്മാനാണ് രോഹിത് ശര്മ
1450.wav,ഈ സീസണിൽ മോശം ഫോണിൽ കളിക്കുന്ന പൂണെയോട് പോലും ജയിക്കാനാകാത്തതും കോച്ചിന് തലവേദനയാകുമെന്നുറപ്പ്
1451.wav,ഒന്നാമിന്നിംഗ്സിലെ സെഞ്ചുറിക്കാരന് ധ്രുവ് ശര്മ്മയും നിതീഷ് റാണയും ചേര്ന്ന് ഇന്നിംഗ്സിനെ മുന്നോട്ട് കൊണ്ടു പോകാന് ശ്രമം നടത്തിയെങ്കിലും ഡല്ഹി തകരുകയായിരുന്നു
1452.wav,വീടിനു പിന്നിൽനിന്നു പറത്തിവിട്ടതാണ് ബലൂണെന്നും അന്യഗ്രഹജീവികൾ കുട്ടിയെ തട്ടിക്കൊണ്ടുപോയതല്ലെന്നും അതോടെ വ്യക്തമായി
1453.wav,പ്രസിഡന്റും പ്രധാനമന്ത്രിയും നേർക്കുനേർ മിണ്ടാത്ത ഭരണം രാജ്യത്തിനു നന്നല്ല എന്ന് ജനങ്ങൾ കരുതി
1454.wav,ഇംഗ്ലീഷിൽ പല ജന്തുക്കൾക്കും പക്ഷികൾക്കും ആൺലിംഗവും പെൺലിംഗവും വേറെവേറെ പേരുകളിൽ അറിയപ്പെടുന്നുണ്ട്
1455.wav,ഈ വിധത്തിലുള്ള സംവിധാനങ്ങള് ലഭിക്കുന്നില്ലെങ്കില് മലയാളികളായ വിശ്വാസികള് ചിതറിപ്പോകാനും അവരുടെ വിശ്വാസം ക്ഷയിച്ചു പോകാനും സാധ്യതയുണ്ട്
1456.wav,ബ്രസീലിലെ ഒളിമ്പിക് ജൂഡോ ടീമിന് ആതിഥേയത്വം വഹിച്ച ഒരു ഹോട്ടലിലെ എട്ട് ജീവനക്കാര്ക്ക് കൊവിഡ് സ്ഥിരീകരിച്ചതിന് പിന്നാലെയാണ് ഇത് സംഭവിച്ചത്
1457.wav,നിരന്തരമായ പരിക്കുകള് കാരണം വൈകാതെ അദ്ദേഹത്തിന് ഫുട്ബോളില് നിന്ന് മാറിനില്ക്കേണ്ടി വന്നു
1458.wav,അമേരിക്കയിലെ ഏറ്റവും ശക്തമായ സിറ്റി കൌണ്സിലുകളില് ഒന്നായ സീറ്റ്ല് കഴിഞ്ഞയാഴ്ച പൌരത്വ നിയമ ഭേദഗതിക്കെതിരെ പ്രമേയം പാസാക്കിയിരുന്നു
1459.wav,വ്യാഴാഴ്ച ഉച്ചയ്ക്കു ശേഷം മൂന്നേകാലോടെ നടന്ന ആക്രമണത്തില് ഇതുവരെ മുപ്പത് സൈനികരാണ് വീരമൃത്യു വരിച്ചത്
1460.wav,എത്രയും പെട്ടെന്ന് ചെന്നൈയിലേക്ക് പോകേണ്ടിയിരുന്നതിനാൽ അവർ ആവശ്യപ്പെട്ട പണം നൽകാമെന്ന് ജയ്മോൻ സമ്മതിച്ചു
1461.wav,മകൾക്കൊപ്പം കഴിഞ്ഞ വർഷം കോടതികൾ കയറിയിറങ്ങുമ്പോൾ ഞാൻ കണ്ടതാണ് പലരും നീതി തേടി നെട്ടോട്ടമോടുന്നത്
1462.wav,ഏത് തകര്ച്ചയിൽ നിന്നും കരകയറാനുള്ള വെടിമരുന്ന് എല്ലാ മനുഷ്യന്റെയും ഉള്ളിൽ തന്നെയുണ്ട്
1463.wav,സംഘടനയോടും സമുദായത്തോടും നീതി പുലര്ത്താന് കഴിയുമെന്ന ആത്മവിശ്വാസത്തില് എന്തെങ്കിലും കുറവുണ്ടെങ്കില് ഒരു നല്ല ക്നാനായക്കാര്നായി മല്സരത്തില് നിന്ന് സ്വയം പിന്മാറുക
1464.wav,ഇത്തരത്തില് ലഭിച്ച പണം ഉപയോഗിച്ച് ദല്ഹി സുഖ് വിഹാറില് വാദ്രയുടെ കമ്പനി വീടും വാങ്ങി
1465.wav,വെള്ളം സമ്പർക്കം മേൽ ആവശ്യമുള്ള സ്ഥിരത നേടുന്നതിനായി വ്യാപകമായി വരണ്ട മിക്സുകളും
1466.wav,മോഹന്ലാല് ചിത്രം ഇട്ടിമാണി മെയ്ഡ് ഇന് ചൈന കുടുംബപ്രേക്ഷകര്ക്ക് തീര്ച്ചയായും ഇഷ്ടമാകുമെന്ന് സിനിമയുടെ അണിയറപ്രവര്ത്തകര്
1467.wav,മൂന്ന് പേരെ കൊന്ന് തലയറുത്ത് പ്രദര്ശിപ്പിച്ച ഗുണ്ടാ നേതാവിനേയും അതേ രൂപത്തില് കൊന്ന് പ്രദര്ശിപ്പിച്ചു
1468.wav,തന്നെ കുറിച്ച് ട്വിങ്കള് ഖന്ന സമൂഹമാധ്യമങ്ങളില് പങ്കുവെയ്ക്കുന്ന വിമര്ശമങ്ങള് വായിക്കാറുണ്ടെന്ന് നരേന്ദ്രമോദി
1469.wav,സങ്കടവും സന്തോഷവും കലർന്ന ഒരു സന്ദർഭം പറയാനാണ് ഞാൻ ഗംഗയെ വിളിച്ചത്
1470.wav,ഒരുപക്ഷെ കാരണം കീടനാശിനി പഴങ്ങൾ ഉപഭോഗം ശേഷം കൊഴുപ്പ് കോശങ്ങൾ സൂക്ഷിച്ച് ആ വിഷവസ്തുക്കളെ ജ്വലനം പ്രക്രിയ ഊർജ്ജ ഇടപെടുന്നു
1471.wav,എന്നാല് ടൂറിസം വിസയില് വിദേശത്തേക്ക് പോകുവാനെത്തുന്നവരെ കര്ശനസ്വഭാവത്തില് പരിശോധിക്കേണ്ടതില്ലെന്ന് മുകളില്നിന്നും നിര്ദ്ദേശമുണ്ടത്രേ
1472.wav,രാജ്യത്ത് നിലനില്ക്കുന്ന ഫ്രീ വിസ സമ്പ്രദായം പൂര്ണമായി നിര്ത്തലാക്കാനും അധികൃതര്ക്ക് പദ്ധതിയുണ്ട്
1473.wav,ഗൂഗിള് സെര്ച്ചില് പീപ്പിള് കാര്ഡ് നിര്മിക്കുന്നതിന് ഗൂഗിള് അക്കൌണ്ടും മൊബൈല് നമ്പറും വേണം
1474.wav,എന്നാല് ഷാവോമിയെ ഇഷ്ടപ്പെടുന്നുവെന്നും അടുത്ത ഫോണിനായി കാത്തിരിക്കുന്നുവെന്നും കമന്റ് ചെയ്തവരുണ്ട്
1475.wav,അതിശക്തമായ മഴയാണ് വെള്ളക്കെട്ടിനു കാരണമെന്ന് കോര്പറേഷന് വീണ്ടും വിശദീകരിച്ചപ്പോള് അങ്ങനെയെങ്കില് തെളിവ് എവിടെയെന്നും കോടതി ചോദിച്ചു
1476.wav,രാഷ്ട്രപതി രാം നാഥ് കോവിന്ദിന്റെ ശബരിമല സന്ദര്ശനത്തിന് ചുരുങ്ങിയ ദിവസത്തിനുള്ളില് സുരക്ഷ ഒരുക്കാന് കഴിയുമോ എന്ന് ആശങ്ക
1477.wav,എന്നാല് തന്റെ മനസ്സിലുള്ളത് കൂട്ടുകാരിയോട് പറയുന്നത് നിഷയുടെ ഭര്ത്താവിന്റെ അച്ഛന് കേള്ക്കുകയുണ്ടായി
1478.wav,ഫ്ളാറ്റുകളുടെ താക്കോല് മുഖ്യമന്ത്രി പിണറായി വിജയന് കടലിന്റെ മക്കള്ക്ക് കൈമാറി
1479.wav,അവൻ്റെ ഗമയോടെയുള്ള ആ പറച്ചിലൊക്കെ കേട്ടപ്പോൾ എനിക്ക് ശരിക്കും ചിരി വന്നു
1480.wav,മരുന്ന് വാങ്ങാൻ ഫാർമസിയിലേക്ക് പോയപ്പോൾ മരുന്ന് ഇല്ലെന്ന മറുപടിയാണ് കുടുംബത്തിന് ലഭിച്ചത്
1481.wav,മൂന്നാറിൽ ദേവികുളം സബ് കളക്ടർക്കെതിരെ സിപിഎം പ്രാദേശിക നേതൃത്വം തന്നെ പ്രത്യക്ഷ സമരത്തിലാണ്
1482.wav,അഞ്ജു ബാലകൃഷ്ണന് നയിച്ച കേരളം ടൂര്ണമെന്റില് ഒരു സെറ്റുപോലും വഴങ്ങാതെയാണ് ചാംപ്യന്മാരായത്
1483.wav,സര്ക്കാര് എന്തു കരിനിയമങ്ങള് കൊണ്ടുവന്നാലും ശബരിമലയിലെ ആരാധനാ സ്വാതന്ത്ര്യത്തില് വിട്ടുവീഴ്ചയില്ലെന്നും കെപി ശശികല കോട്ടയത്ത് നടത്തിയ വാര്ത്താ സമ്മേളനത്തില് പറഞ്ഞു
1484.wav,ലോസാഞ്ചത്സിനു സമീപം സാന്റാ ക്ലാരിറ്റയില് യൂണിയന് ബാങ്കില് വൈസ് പ്രസിഡന്റായി ജോലി ചെയ്യുകയാണ് സന്ദീപ്
1485.wav,ഇബേയുടെ ഫീഡ്ബാക്ക് സംവിധാനം ഇബേ ബിസിനസ് മാതൃകയുടെ കേന്ദ്ര സ്തംഭങ്ങളിൽ ഒന്നാണ്
1486.wav,മലയാളത്തിലെ മുന്നിര താരങ്ങളെല്ലാം വീണപ്പോള് നേടിയ വിജയം ദിലീപിന് ഏറെ ആശ്വാസം പകരുമെന്ന കാര്യമുറപ്പാണ്
1487.wav,ഇതോടൊപ്പം ദൃശ്യങ്ങളും മൊബൈലും കടത്താന് ഉപയോഗിച്ചതെന്ന് കരുതുന്ന തമിഴ് നാട് രജിസ്ട്രേഷനിലുള്ള ഇവരുടെ മാരുതി എസ്റ്റീം വാഹനവും പൊലീസ് കസ്റ്റഡിയിലെടുക്കുകയായിരുന്നു
1488.wav,പുതിയ ബസ് സ്റ്റാൻഡിന് സമീപത്ത് നടക്കുന്ന ഉപവാസ സമരം പ്രതിപക്ഷ നേതാവ് രമേശ് ചെന്നിത്തല ഉദ്ഘാടനം ചെയ്തു
1489.wav,പ്രകടനപത്രികയിലെ വാഗ്ദാനങ്ങള് അപകടകരമാണെന്നും അത് നടപ്പാക്കാന് കഴിയില്ലെന്നും ജെയ്റ്റ്ലി പറഞ്ഞു
1490.wav,കരാര് അവസാനിക്കേണ്ട സമയവും കഴിഞ്ഞ് മൂന്നുവര്ഷവും കൂടി നിര്മ്മാണം മുന്നോട്ട് പോയതിന് ഈവക കാരണങ്ങളൊന്നും ന്യായീകരണമല്ല
1491.wav,എന്നാല് പ്രദേശവാസികളില് നിന്ന് അകലെയുള്ള പാക് പോസ്റ്റുകളാണ് ഇന്ത്യ ലക്ഷ്യമിട്ടതെന്നും സൈനിക വക്താവ് പറഞ്ഞു
1492.wav,മറ്റൊരു ഫോട്ടോയിൽ ഹന ബ്രൂക്ക്ലിനും ലിബിക്കുമൊപ്പം വിന്റർ വണ്ടർ ലാൻഡിൽ നിന്നും ഡ്രിങ്ക്സ് കഴിക്കുന്നതു കാണാം
1493.wav,ഈ സാഹചര്യത്തിൽ മുകളിൽ സാധാരണയായി പരമാവധി ലചൊനിച് അടച്ച തിരഞ്ഞെടുത്തിരിക്കുന്നു
1494.wav,തുടര്ന്ന് നടന്ന പൊതുസമ്മേളനത്തില് ഇ സുലൈമാന് മുസ്ലിയാര് അധ്യക്ഷത വഹിച്ചു
1495.wav,വാളയാര് കേസിന്റെ പശ്ചാത്തലത്തില് എന് രാജേഷിനെ സിഡബ്ല്യുസി ചെയര്മാന് സ്ഥാനത്തു നിന്ന് മാറ്റിയെന്നായിരുന്നു സര്ക്കാര് അറിയിച്ചിരുന്നത്
1496.wav,അടുത്ത ആറുമാസത്തിനുള്ളില് ഇടതുപക്ഷ തീവ്രവാദത്തിനെതിരെ ഫലപ്രദവും നിര്ണ്ണായകവുമായ പ്രചരണം നടത്തണമെന്നും അമിത് ഷാ ആവശ്യപ്പെട്ടു
1497.wav,അഴിമതിയുടെ ആ രേഖകള് അവര് ന്യൂയോര്ക്ക് ടൈംസിന് കൈമാറുകയും അത് വലിയൊരു റിപ്പോര്ട്ടായി ന്യൂയോര്ക്ക് ടൈംസ് പ്രസിദ്ധീകരിക്കുകയും ചെയ്തിരുന്നു
1498.wav,കോൾമേഖലയിലെ സബ്മേഴ്സിബിൾ വെർട്ടിക്കൽ ആക്സിയൽ ഫ്ളോ പമ്പ്സെറ്റ് സ്ഥാപിക്കുന്നതിന്റെ പ്രവർത്തനോദ്ഘാടനം പള്ളിപ്പുറം ആലപ്പാട് പാടശേഖരത്തിൽ നിർവഹിക്കുകയായിരുന്നു മന്ത്രി
1499.wav,തനിക്കുവേണ്ടി ഇത്തരത്തിൽ ജീവനൊടുക്കുന്ന ശ്രമങ്ങളിൽ നിന്ന് ജനങ്ങൾ പിന്മാറണമെന്ന് ജയലളിത അക്കാലത്ത് ആഹ്വാനം ചെയ്യുകയും ചെയ്തിരുന്നു
1500.wav,വനം വകുപ്പിന്റെ ഈ വാദങ്ങൾ ശരിവയ്ക്കുന്നതാണ് പോസ്റ്റുമോർട്ടം റിപ്പോർട്ടിലെ പ്രാഥമിക നിഗമനം
1501.wav,തെറ്റു ചെയ്യുന്നവരെ പിരിച്ചു വിട്ടാലേ പൊലീസ് സേന നന്നാകൂവെന്നും അദ്ദേഹം വ്യക്തമാക്കി
1502.wav,ഒരു പെയിന്റിംഗ് ചെയ്യുന്നത് ഒരു ദിവസം ചെയ്താൽ നിങ്ങൾ പെട്ടെന്നുള്ള വലിയ പെയിന്റിംഗുകൾ പെട്ടെന്നെടുക്കുകയാണ്
1503.wav,അക്കൌണ്ട് ഉടമയ്ക്ക് അവരുടെ നെറ്റ്ഫിക്സ് പാസ്വേഡ് മാറ്റാനും ഒരു പ്രൊഫൈൽ ഇല്ലാതാക്കാനും കഴിയും
1504.wav,ആ ബന്ധം തുടങ്ങുന്നതിന് മുമ്പേ അറ്റുപോയപ്പോള് ഉടനെ വന്നു അടുത്ത പേര്
1505.wav,സിംബാബ്വേയെ സെമിയില് മൂന്നിനെതിരെ അഞ്ച് ഗോളുകള്ക്ക് തകര്ത്താണ് ഇന്ത്യ ഫൈനലില് കടന്നത്
1506.wav,ക്രിക്കറ്റ് രംഗത്തെ ദീര്ഘകാലത്തെ പരിചയ സമ്പന്നത തനിക്ക് പരിശീലകനെന്ന നിലയിലേക്ക് മാറുമ്പോള് ഗുണം ചെയ്യുമെന്നും മക്കല്ലം പറഞ്ഞു
1507.wav,നിരീക്ഷണ ക്യാമറകളിലെ ദൃശ്യങ്ങളും ഓട്ടോഡ്രൈവറുടെ മൊഴിയുമാണ് പ്രതിയെ തിരിച്ചറിയാന് കാരണമായത്
1508.wav,മുഖത്തടിച്ചും നാഭിക്കു ചവിട്ടിയും നിലത്തു വലിച്ചിഴച്ചും കൈകാലുകൊണ്ടുള്ള മര്ദനമുറകളായിരുന്നു പൊലീസ് സ്വീകരിച്ചത്
1509.wav,കണ്ണൂരിലെ ഈ അക്രമപ്രവര്ത്തനങ്ങള് കണക്കിലെടുത്ത് സിപിഐഎമ്മിനെ തീവ്രവാദ സംഘടനയായി പ്രഖ്യാപിക്കണമെന്നാണ് സുധാകരന്റെ ആവശ്യം
1510.wav,കടുത്ത ആരോഗ്യ പ്രശ്നങ്ങളുണ്ടെന്നും പൊലീസ് കസ്റ്റഡിയില് അപായപ്പെടുത്താനുള്ള ശ്രമമുണ്ടെന്നും സുരേന്ദ്രന് പറഞ്ഞു
1511.wav,അച്ചന്റെ ചൂടു നിസ്വാസം തോളില് വന്നടിച്ചപ്പൊ അകാശത്തിലൂടെ പൊങ്ങി പറക്കുന്നതു പോലെ തോന്നി
1512.wav,ബിർമിംഗ്ഹാം സർവ്വകലാശാലയിൽ എറിക് ചാൾസ് എന്ന കെമിക്കൽ എഞ്ചിനിയർ ഉൾപ്പെട്ട സംഘമാണ് ഇതുസംബന്ധിച്ച സാങ്കേതികവിദ്യ മെച്ചപ്പെടുത്തിയത്
1513.wav,ബൈക്ക് ജാപ്പനീസ് നിർമ്മാതാക്കൾ സമാനമായ മോഡലുകൾ ചെലവ് ആണ് വസ്തുത മാത്രമല്ല കിടക്കുന്ന ഈ അംഗീകാരം കാരണം
1514.wav,പ്രളയവും പുഴയും പരിസ്ഥിതിയുമൊക്കെ വിഷയമാകുന്ന ചിത്രം ആഗോളതലത്തില് പരിസ്ഥിതി പ്രവര്ത്തനങ്ങള്ക്ക് പ്രചോദനമായി പ്രദര്ശിപ്പിക്കാനാണ് അണിയറക്കാരുടെ തീരുമാനം
1515.wav,അന്തിമ പരീക്ഷണങ്ങളും പരിശോധനകളുമെല്ലാം തൃപ്തികരമായിരുന്നെന്ന് ഐ എസ് ആര് ഒ വൃത്തങ്ങള്പറഞ്ഞു
1516.wav,കൂടാതെ വാഹനങ്ങൾക്ക് സൌജന്യമായി ടോപ്പ് വാഷും പുതിയ പദ്ധതിയിൽ ഉൾപ്പെടുത്തിയിട്ടുണ്ട്
1517.wav,പ്രധാനവേദിയിൽനിന്ന് ഈ ദൃശ്യങ്ങൾ സൌത്ത് മീഡ് കമ്യൂണിറ്റി സെന്ററിൽ തത്സമയം പ്രക്ഷേപണം ചെയ്യാനുള്ള ക്രമീകരണങ്ങളും ഒരുക്കിയിട്ടുണ്ട്
1518.wav,സുപ്രിംകോടതിയുടെ നിര്ദ്ദേശപ്രകാരം തങ്ങള് കേസ് രജിസ്റ്റര് ചെയ്തതായും അന്വേഷണം ആരംഭിച്ചതായും അന്വേഷണസംഘത്തലവന് ശരത്കുമാര് മാധ്യമങ്ങളോട് പറഞ്ഞു
1519.wav,ലൈറ്റ് മോട്ടോർ വാഹനങ്ങൾ കമ്പനി സുസുക്കി മോട്ടോർ കോർപ്പറേഷൻ ചെയ്യപ്പെടാത്ത നേതാവാണ്
1520.wav,രാത്രി ഏഴോടെയാണ് ചില പ്രദേശങ്ങളിൽ ഈ പ്രകാശം ദൃശ്യമായതെന്ന് സോഷ്യൽ മീഡിയ പോസ്റ്റുകളിൽ പറയുന്നു
1521.wav,തുടര്ന്ന് കോണ്ഗ്രസ് കോണ്ഗ്രസ് നേതാവ് സുമാ ബാലകൃഷ്ണന് ആദ്യടേമിലും പിന്നീട് ലീഗിലെ സി സീനത്തും മേയറാവുമെന്നായിരുന്നു ധാരണ
1522.wav,രാജ്യസഭയില് ഈ പാര്ട്ടികള് ബിജെപിയെ പിന്തുണച്ചാല് സംസ്ഥാനങ്ങളിലെ വോട്ടുബാങ്ക് ചോര്ന്ന് പോകും
1523.wav,പ്രകോപനം അവസാനിപ്പിച്ച് സമാധാനം പുന സ്ഥാ പിക്കണമെന്നും ബ്രിട്ടീഷ് പ്രധാനമന്ത്രി നിര്ദേശിച്ചു
1524.wav,വ്യാപാരത്തിലെ വിലവ്യത്യാസം മൂലം എടുക്കുന്ന റബ്ബര് വിറ്റഴിക്കുന്ന കാര്യത്തിലുളള ബുദ്ധിമുട്ടാണ് വ്യാപാരികളെ കുഴക്കുന്നതും പ്രതിസന്ധിയിലാക്കുന്നതും
1525.wav,മികച്ച പരിശീലനം നല്കി അദ്ദേഹത്തിന്റെ കഴിവ് വികസിപ്പിക്കുന്നതിനുളള വേദിയൊരുക്കാമെന്ന് ഞങ്ങള് പ്രതീക്ഷിക്കുന്നു
1526.wav,ന്യൂയോര്ക്കിലെ ഫൌണ്ടേഷന് ഫോര് ഹ്യൂമര് ഹൊറൈസണ് സ്ഥാപകനായ ദിലീപ് മാസ്കേ മാത്രമാണ് സ്വന്തം പേര് വെളിപ്പെടുത്തിയിട്ടുള്ളത്
1527.wav,എന്ന ഉദ്യോഗസ്ഥർ ആ കാവൽക്കാർ ഒരു അകൽച്ച പോയി കർശനമായ കടക്കാർ ഇടപെട്ട
1528.wav,ഇതനുസരിച്ചു ലണ്ടന് പുറത്തു ഏറ്റവും വേഗത്തില് അക്രമം അരങ്ങേറുന്ന നഗരമാണ് കവന്ട്രി
1529.wav,ദേശീയ ചാമ്പ്യന്മാര് ഏതു റീജണ് ആണെന്നറിയാന് അവസാന നിമിഷം വരെ കാത്തിരിക്കേണ്ടി വരും
1530.wav,കുടുംബത്തിന് താൽപ്പര്യമില്ലാതിരുന്ന യുവാവുമായി സഹോദരി പ്രണയത്തിലായതാണ് കൊലപാതകത്തിലേക്ക് നയിച്ചെന്നും ഇയാൾ പറഞ്ഞു
1531.wav,കേരളത്തിലെ ആദ്യകാല ആര്എസ്എസ് പ്രചാരകനായ മാധവ്ജിക്ക് ബ്രാഹ്മണ്യം കൊടികുത്തിവാണ താന്ത്രിക മേഖലയില് അസാമാന്യ സ്വാധീനമുണ്ടായിരുന്നു
1532.wav,ഇന്ത്യയിലും ഒറ്റയ്ക്കൊറ്റയ്ക്ക് നിലയുറപ്പിച്ചിരുന്ന ടാക്സി ഡ്രൈവര്മാരെ ഒരു കുടക്കീഴിലേക്ക് മാറ്റിയപ്പോള് സ്വാഭാവികമായ പ്രതിരോധം ട്രേഡ് യൂണിയനുകള് ഉയര്ത്തി
1533.wav,ഒരുപാട് നൊസ്റ്റാൾജിക് ആയ ഗാനമാണിതെന്നും ശരിക്കും ഞാൻ ഞെട്ടിപ്പോയി എന്നും മഞ്ജു വേദിയിൽ വ്യക്തമാക്കി
1534.wav,ഈ മേഖലയിൽ കണ്ണ് പേശികൾ വിശ്രമിക്കുന്ന പോയിന്റ് അവ കോപംകൊണ്ടു ഒഴിവാക്കും സഹായിക്കുന്നു
1535.wav,മോഹൻലാൽ സ്ഥാനാർഥിയാകുന്ന കാര്യത്തിൽ ഔദ്യോഗികമായ ഒരു പ്രതികരണത്തിന് ബിജെപി നേതൃത്വമോ താരമോ ഇതുവരെ തയ്യാറായിട്ടില്ല
1536.wav,ഉദയംപേരൂര് സംഭവത്തില് പ്രേംകുമാര് എന്ന വ്യക്തി കാമുകിയ്ക്കൊപ്പം ജീവിക്കാനായി ഭാര്യ വിദ്യയെ കൊലപ്പെടുത്തുകയായിരുന്നു
1537.wav,വൈകീട്ട് വരെ തുടര്ന്ന മത്സരം മികച്ച നിലവാരം പുലര്ത്തിയതായി വിധികര്ത്താക്കളും അഭിപ്രായപ്പെടുകയുണ്ടായി
1538.wav,ക്വാര്ട്ടേഴ്സുകള് പുതുക്കിപണിയാന് നടപടിയില്ലാത്തതിനാല് തകര്ച്ചയിലായ കെട്ടിടത്തില് താമസിക്കേണ്ടിവരുന്ന പോലീസുകാരും കുടുംബാംഗങ്ങളും ദുരിതത്തിലായി
1539.wav,രാഷ്ട്രീയത്തിനായി ജീവിതമുഴിഞ്ഞുവച്ചതിനെ കുറ്റപ്പെടുത്തിയ അമ്മാവനു ജനസംഘ സ്ഥാപക നേതാവ് ദീൻ ദയാൽ ഉപാധ്യായ അയച്ച കത്തും പ്രസംഗത്തിനിടെ മോദി വായിച്ചു
1540.wav,ഇതില് നാല് തവണ അഞ്ച് വിക്കറ്റ് നേട്ടവും അഞ്ച് തവണ നാല് വിക്കറ്റ് നേട്ടവും സ്വന്തമാക്കി
1541.wav,വെള്ളിയാഴ്ച പത്രസമ്മേളനം വിളിച്ച നാലു ജഡ്ജിമാർക്കെതിരെ അരുൺ മിശ്ര തുറന്നടിച്ചതായും റിപ്പോർട്ട് വ്യക്തമാക്കുന്നു
1542.wav,ഇന്നത്തെ സാഹചര്യത്തില് ഊര്ജ്ജ സംരക്ഷണത്തിലൂന്നിയ നിര്മിതികളാണ് കേരളത്തിനും ലോകത്തിനും തന്നെ വേണ്ടത്
1543.wav,കുട്ടനാട് അപ്പര് കുട്ടനാട് മേഖലയിലെ ഒട്ടുമിക്ക കര്ഷകരും പച്ചക്കറി വിഭവങ്ങള് വിപണിയില് എത്തിച്ച് ലേലം ചെയ്താണ് വില്ക്കുന്നത്
1544.wav,സ്ഥാപനത്തില് വിട്ട് നോക്കുന്നത് ഏറ്റവും ഒടുവിലത്തെ മാര്ഗമായി മാത്രം ചിന്തിച്ചാല് മതി
1545.wav,യമനില് രാഷ്ട്രീയ പരിഹാരത്തിനുള്ള ശ്രമമാണ് ഇനി ഉണ്ടാവുകയെന്നും ഭീകരതയെ ചെറുക്കാനും രാഷ്ട്ര നിര്മാണത്തിനും യമന് ഭരണകൂടത്തെ സഹായിക്കുമെന്നും അദ്ദേഹം വ്യക്തമാക്കി
1546.wav,പോപ്പുലർ ഫിനാൻസിനെതിരെ പരാതികളായി എത്തിയത് അറുനൂറ് കോടിയുടെ കണക്ക് മാത്രമാണ്
1547.wav,യുഎസ് ഓപ്പണ് ഫൈനല് മത്സരത്തിനിടെ തുടയ്ക്കേറ്റ പരിക്കിനെത്തുടര്ന്നാണ് ജപ്പാനീസ് സൂപ്പര് താരത്തിന്റെ പിന്മാറ്റം
1548.wav,ദമ്പതികൾക്കിടയിലെ ഇണക്കവും പിണക്കവുമെല്ലാം പറയുന്ന ലൌവിന്റെ അധിക ഭാഗങ്ങളും ഇൻഡോർ ആയാണ് ഷൂട്ട് ചെയ്തത്
1549.wav,ഇപ്പോഴത്തെ പ്രവര്ത്തനങ്ങള് കൂടുതല് സജീവമാക്കുകയും അതിനൊപ്പം ഗവേഷണപ്രവര്ത്തനങ്ങള്ക്ക് മുന്ഗണന നല്കുകയുമാണ് ഇതിനായി ചെയ്യേണ്ടത്
1550.wav,ഇവരുടെ ഒരുമാസത്തെ ശമ്പളം പത്ത് ഗഡുക്കളായി ദുരിതാശ്വാസ നിധിയിലേക്ക് ഈടാക്കുമെന്നും ധനമന്ത്രി പറഞ്ഞു
1551.wav,മുകളിൽ വിവരിച്ച പാചകക്കുറിപ്പ് ഈ സമീപനത്തെ പരമ്പരാഗത പൈ ശൊര്ത്ബ്രെഅദ് കുഴെച്ചതുമുതൽ അടിസ്ഥാനമായി
1552.wav,നടി മേനകയെയും സുനി തട്ടിക്കൊണ്ടുപോകാന് ശ്രമിച്ചതായി മേനകയുടെ ഭര്ത്താവും നിര്മ്മാതാവുമായ സുരേഷ്കുമാര് കഴിഞ്ഞദിവസം ചാനല് ചര്ച്ചയ്ക്കിടെ വെളിപ്പെടുത്തിയിരുന്നു
1553.wav,ഉടനെ സായിപ്പ് ഒന്നു പുഞ്ചിരിച്ചുകൊണ്ട് ഐ അം ഗീവിംഗ് യു വിസാ എന്നു പറഞ്ഞു
1554.wav,ഫോൺ വിളി വിവാദത്തെ തുടർന്ന മംഗളം ചാനൽ ഓഫീസിൽ നടന്ന റെയ്ഡിൽ അന്വേഷണ സംഘം ചാനൽ സർവറിലെ വിവരങ്ങൾ ശേഖരിച്ചു
1555.wav,മലനിരകളും താഴ്വാരകളും ഗുഹകളും യൂക്കാലിപ്റ്റസ് കാടുകളും തേയിലത്തോട്ടങ്ങളും നീലഗിരിയുടെ മാത്രം സ്വന്തമായ ബ്രിട്ടീഷ് പച്ചക്കറിത്തോട്ടങ്ങളും താണ്ടിയുള്ള യാത്ര
1556.wav,അത്ര ദൂരേയ്ക്കൊന്നും ഓര്മ തെളിയുന്നില്ലെങ്കില് എല്ലാ ദിവസവും വൈകുന്നേരങ്ങളില് ഇറങ്ങാറുണ്ടാ യിരുന്ന നമ്മുടെ അങ്ങാടികളോര്ത്താല് മതി
1557.wav,ആദർശിന്റെ ഡിഎൻഎ ഉള്പ്പെടെ ശേഖരിക്കാൻ വേണ്ടിയാണ് പരിശോധനയെന്ന് ക്രൈംബ്രാഞ്ച് ഡിവൈഎസ്പി ഹരികൃഷ്ണൻ പറഞ്ഞു
1558.wav,വികസനം യാഥാർഥ്യമാക്കാനുള്ള ശക്തമായ നടപടികൾ ഇനിയെങ്കിലും ഉണ്ടാകണമെന്നാണ് വ്യാപാരികളുടെയും നാട്ടുകാരുടെയും ആവശ്യം
1559.wav,മാത്രമല്ല കണ്ടക്ടർ വിപിൻ ഓടുന്ന ബസിൽ വെച്ച് പീഡിപ്പിക്കാൻ ശ്രമിച്ചുവെന്നാരോപിച്ച് അന്തിക്കാട് പോലീസിൽ പെൺകുട്ടി പരാതി നൽകി
1560.wav,ഈ സമയം പാർക്ക് അവന്യൂ റോഡിലൂടെ നടന്നെത്തിയ മജിസ്ട്രേട്ട് വടംമാറ്റാൻ ഡ്യൂട്ടിയിലുണ്ടായിരുന്ന ഹവിൽദാറോട് ആവശ്യപ്പെട്ടു
1561.wav,വിനീഷ്യസിന് പകരം ഒരുപാട് വിനീഷ്യസുമാര് ടീമിലുണ്ടാവുമെന്ന് ലോകകപ്പിന് മുമ്പ് കോച്ച് കാര്ലോസ് അമദ്യു പറഞ്ഞ വാക്കുകള് താരങ്ങള് പ്രാവര്ത്തികമാക്കിയിരിക്കുന്നു
1562.wav,മുസ്ലിം ലീഗിന്റെ ആദ്യ സ്ഥാനാർത്ഥി പട്ടികയിൽ തന്നെ ഇബ്രാഹിംകുഞ്ഞിന്റെ പേരു വന്നതുകൊണ്ട് പ്രവർത്തിക്കാൻ ഒരുപാട് സമയമുണ്ട്
1563.wav,ന്യൂടൻ മാർക്കറ്റ് രാവിലെ പത്തുമണി മുതൽ വൈകുന്നേരം ആറു മണിവരെ പ്രവർത്തിക്കുന്നു
1564.wav,വെന്റിലേറ്റര് ലഭിക്കുന്നത് വരെ ദിവസങ്ങളോളം പ്രവര്ത്തിപ്പിക്കാവുന്ന ശ്വസന സഹായ ഉപകരണവുമായി ശ്രീചിത്ര
1565.wav,തുടർന്ന് ചന്തപ്പുരയിലെത്തിയ യുവാവിന്റെ കാറിൽ നസീമ പറഞ്ഞിട്ടാണെന്നു പറഞ്ഞ് അറസ്റ്റിലായ ഷെമീന കയറി
1566.wav,അതിന്റെ ഭാഗമായാണ് കഴിഞ്ഞ കുറച്ചു ദിവസങ്ങളായി ബാന് സര്ഫ് എക്സല് ക്യാംപയിനുമായി അവരെത്തിയത്
1567.wav,ഹിരോണ പ്രവിശ്യയിലെ പോളിംഗ് സ്റ്റേഷനുകളിലൊന്നിൽ കാറ്റലോണിയൻ നേതാവ് കാൾസ് പഗ്ഡമൻഡ് വോട്ടു ചെയ്യാനെത്തുന്നതിനു തൊട്ടുമുൻപായിരുന്നു പോലീസ് നടപടി
1568.wav,മിന്നാമിനുങ്ങിന്റെ വിദ്യ ജനിതക സാങ്കേതികവിദ്യയുടെ സഹായത്തോടെ സസ്യങ്ങളിലെത്തിക്കാന് മുമ്പ് ശ്രമങ്ങള് നടന്നിട്ടുണ്ട്
1569.wav,താൻ വിളിക്കാതിരിക്കാൻ മേഗൻ ഫോൺനമ്പറുകൾ പോലും മാറ്റിയെന്ന ആരോപണം തോമസും ഉന്നയിച്ചിരുന്നു
1570.wav,തന്റെ ആദ്യഭാര്യയായ സിലിയും മകള് രണ്ട് വയസുകാരി ആല്ഫിനും കൊല്ലപ്പെട്ടതാണെന്ന് രണ്ടാം ഭര്ത്താവായ ഷാജുവിന് അറിയാമായിരുന്നെന്നാണ് ജോളി മൊഴി നല്കിയത്
1571.wav,അവർ ഒരുമിച്ച് നടന്നു പോകുന്നത് കാണുവാൻ തന്നെ നല്ല ഭംഗിയായിരുന്നു എന്നും മമ്ത പറഞ്ഞു
1572.wav,സീറ്റ് തങ്ങള്ക്ക് വേണമെന്ന് സ്വാഭാവികമായും ജോസ് കെ മാണി പക്ഷം ആവശ്യമുന്നയിക്കും
1573.wav,സഹകരണ തട്ടിപ്പില് ഇടതുവലതു മുന്നണികള് ഒത്തുകളിച്ചപ്പോള് ബിജെപി നിരന്തര പ്രക്ഷോഭത്തിലാണ്
1574.wav,ഇന്ന് ഞങ്ങൾ നിങ്ങളുമായി സംസാരിക്കാൻ കളിപ്പാട്ടം ഏതു തരത്തിലുള്ള എങ്ങനെ സെർച്ച് ഒരു ചോദ്യത്തിന് ഉത്തരം പറയും
1575.wav,ഏറ്റവും വലിയ ഒറ്റകക്ഷി ആയെങ്കിലും നിതീഷ് കുമാർ തന്നെ മുഖ്യമന്ത്രിയാകുമെന്ന് ആർജെഡിയും വ്യക്തമാക്കിയിട്ടുണ്ട്
1576.wav,രക്ഷപ്പെടുമല്ലോ എന്ന പ്രതീക്ഷയില് നായ എല്ലാത്തിനും സഹകരിച്ചുവെന്ന് സ്വദേശി യുവാവ് വിശദീകരിച്ചു
1577.wav,ലോക്സഭാ തിരഞ്ഞെടുപ്പിന് ശേഷമാണ് പ്രിയങ്കയ്ക്ക് തന്റെ ദൌര്ബല്യങ്ങള് കൃത്യമായി തിരിച്ചറിയാന് സാധിച്ചത്
1578.wav,ഫോണ് രേഖകള് വിശദമായി പരിശോധിക്കണമെന്നും ഭാവിയില് തട്ടിപ്പുകള് ആവര്ത്തിക്കാതിരിക്കാന് നിയമ നിര്മാണം വേണമെന്നും ആവശ്യപ്പെടുന്നു
1579.wav,ക്ഷേത്രപരിസരത്തിന്റെ പരിപാവനതയ്ക്ക് കളങ്കം വരുന്ന തരത്തിലുള്ള പ്രവൃത്തികളാണ് ഇവിടെ നടക്കുന്നത് എന്നാണ് നാട്ടുകാരുടെ പരാതി
1580.wav,മലയാള സിനിമയിലെ പ്രതിസന്ധി സിനിമാ ലോകത്തിന് തന്നെ പരിഹരിക്കാന് കഴിയുമെന്നാണ് കരുതുന്നത്
1581.wav,നാളെ രാവിലെ പത്തിന് കോഴിക്കോട് ആദായനികുതി ഓഫീസിലേക്ക് നടക്കുന്ന മാര്ച്ചും ധര്ണയും മുല്ലപ്പള്ളി രാമചന്ദ്രന് എം പി ഉദ്ഘാടനം ചെയ്യും
1582.wav,മിസ്റ്റര് ഗവാസ്കര് മാന്യന്മാരുടെ മത്സരമായ ക്രിക്കറ്റിലെ പ്രമുഖരുടെ പേരുകളില് ഉയരത്തില് നില്ക്കുന്നയാളാണ് താങ്കള്
1583.wav,തീർച്ചയായും പോലും ഏറ്റവും ലളിതമായ വൈദ്യുത ടൈപ്പ്റൈറ്റർ കിടന്നു ഉപയോഗിക്കാനും പ്രവർത്തിക്കാൻ കഴിയും
1584.wav,എന്നാല് പാമ്പുപിടുത്തം നിര്ത്തുകയാണെന്ന തീരുമാനമറിഞ്ഞ് നിരവധി പേര് പാമ്പുപിടിത്തം നിര്ത്തരുതെന്ന് ആവശ്യപ്പെട്ടു
1585.wav,സൈക്കിളിങ് ഫെഡറേഷന് ഓഫ് ഇന്ത്യ ജ്യോതിയെ അടുത്തമാസം കായികക്ഷമതാ പരിശോധനയ്ക്ക് ക്ഷണിച്ചിച്ചിട്ടുണ്ട്
1586.wav,റൌദത്തുല് ഉലൂമില് പഠിക്കുമ്പോള് പ്രിലിമിനറി ഒന്നാം വര്ഷം പ്രൈവറ്റായി പരീക്ഷ എഴുതിയിരുന്നു
1587.wav,സിബിഐ വൃത്തങ്ങളെ ഉദ്ധരിച്ച് ഇന്ത്യാ ടുഡെ ആണ് ഇക്കാര്യം റിപ്പോർട്ട് ചെയ്തത്
1588.wav,ജി എസ് ടി ഉള്പ്പെടെയുള്ള നടപടികള്ക്കെതിരെ വ്യാപാരികള് കടയടച്ച് സഹകരിക്കണമെന്ന് സംയുക്ത ട്രേഡ് യൂനിയന് നേതാക്കള് അഭ്യര്ത്ഥിച്ചു
1589.wav,ഫിഫ റാങ്കിംഗില് ഇന്ത്യയെക്കാള് ഏറെ മുന്നിലുള്ള പ്യൂര്ട്ടോറിക്ക ഏഴാം മിനിറ്റില് മുന്നിലെത്തി
1590.wav,ഈ രണ്ടു ഹോമങ്ങള്ക്കും സമയം തെറ്റിയാല് ആ സോമയാഗം മുഴുമിച്ച് ആദിയേ തുടങ്ങി ആവര്ത്തിക്കണം
1591.wav,എന്നാല് ഭീഷണി ഉണ്ടായിരുന്നതിനാല് ആശ്രമം വിട്ടു പോകാന് സാധിച്ചില്ല എന്നും ഹര്ജീത് പറയുന്നു
1592.wav,അനാരോഗ്യകരമായ ഭക്ഷണശീലം നിങ്ങളുടെ ആര്ത്തവചക്രത്തെ ബാധിക്കുകയും കാലാവധി നഷ്ടപ്പെടാന് കാരണമാവുകയും ചെയ്യുന്നുണ്ട്
1593.wav,പൊലീസിൽ കേസു കൊടുക്കാനും കോടതിയിൽ കേസ് ഫയൽ ചെയ്യാനുമുള്ള നീക്കങ്ങൾ അവർ നടത്തി
1594.wav,സാമുദായിക അക്രമം തടയാന് സ്വജീവന് മറന്നു നവ്ഖാലിയിലും മറ്റും അലഞ്ഞ മഹാനാണ് ഗാന്ധിജി
1595.wav,എന്നാല് ഇത്തരത്തില് മുന്പിന് നോക്കാതെ അടുത്ത ലെയ്നിലേക്ക് കയറുന്നത് കടുത്ത നിയമലംഘനമാണെന്ന് മിക്കവര്ക്കും അറിയില്ലെന്നും ഏറ്റവും പുതിയ റിപ്പോര്ട്ട് വെളിപ്പെടുത്തുന്നു
1596.wav,എഴുത്തുകാരന്റെ തൂലികയിലും വായിക്കുന്ന പുസ്തകങ്ങളിലും ചിന്തകന്റെ തലച്ചോറിലും ഇനിയെങ്കിലും കൂടുകെട്ടിത്താമസിക്കാതിരിക്കുക
1597.wav,രണ്ടാം ഡിവിഷനായ ചാമ്പ്യന്ഷിപ്പില് ജേതാക്കളായ നോര്വിച്ച് സിറ്റിയും മികച്ച പ്രകടനത്തോടെ തുടങ്ങാനാകും കളത്തിലിറങ്ങുക
1598.wav,ഇത്തരം പ്രചരണത്തെ തള്ളിക്കളയുന്നതായും ദി ഗ്രേറ്റ്ഫാദറില് മെഗാഹിറ്റ് പ്രതീക്ഷയുണ്ടെന്നുമാണ് മമ്മൂട്ടി ആരാധകരുടെ നിലപാട്
1599.wav,കമ്പനിയുടെ തത്വം ഏറ്റവും സുരക്ഷിതം സൌന്ദര്യവർദ്ധക നൽകികൊണ്ട് ഉപഭോക്താക്കൾക്ക് എല്ലാ മാനദണ്ഡങ്ങൾ പാലിക്കുന്നതിൽ ആണ്
1600.wav,ഗ്യാസ് സിലിണ്ടറുകൾ ഇപ്പോൾ നമുക്ക് ഓൺലൈൻ വഴിയും കൂടാതെ വാട്ട്സ് ആപ്പ് വഴിയും ബുക്കിംഗ് നടത്തുവാൻ സാധിക്കുന്നതാണ്
1601.wav,ബ്രിട്ടീഷ് ബിസിനസുകാരനായ ഹെയ്വുഡിന് വിഷം നല്കി കൊലപ്പെടുത്തിയ കേസില് ഭാര്യ ഗു കെലായി അറസ്റ്റിലായതോടെ ബോയ്ക്കെതിരെ നടപടിയുണ്ടാകുമെന്ന് നിരീക്ഷകര് സൂചിപ്പിച്ചിരുന്നു
1602.wav,കാരണം ചെറിയ പാത്രം ഥ്രൊംബൊസിസ് മുചൊസ ശരീരത്തിന്റെ ഹെലിചൊബച്തെര് പൈലോറി പ്രതിരോധത്തിലൂടെ നഷ്ടപ്പെടുന്നു
1603.wav,മുൻകാലങ്ങളിൽ സംഭവിച്ചേക്കാവുന്ന അല്ലെങ്കിൽ ഭാവിയിൽ എന്ത് സംഭവിക്കുമെന്നതിന് ഊന്നൽ നൽകുന്നതിനുപകരം കാര്യങ്ങൾ സ്വാഭാവികമാണെന്ന് ബുദ്ധൻ ഊന്നിപ്പറഞ്ഞു
1604.wav,ഒരു സൈനിക പോസ്റ്റിലെത്തുന്ന അവകാശത്തിന്റെ വല്ലായ്മ ന് കോടതി തീരുമാനം
1605.wav,കശ്മീരിലെ ജമാത്തെ ഇസ്ലാമിക്ക് ജമാത്തെ ഇസ്ലാമി ഇന്ത്യയുമായി ബന്ധമില്ലെന്നും റിപ്പബ്ലിക് ടിവി പ്രസ്താവനയിൽ പറഞ്ഞു
1606.wav,ഇതേ തുടർന്നാണ് അയൽവാസികൾ ചേർന്ന് മൃതദേഹം പായയിൽ കെട്ടി മൂന്നുകിലോമീറ്ററോളം നടന്ന് കല്ലേലിമേട്ടിലെത്തിച്ചത്
1607.wav,ജീവിതത്തിലെ ഏറ്റവും മനോഹരമായ ഘട്ടമാണ് വാർദ്ധക്യമെന്ന് കരുതുന്ന ആളാണ് ഞാൻ
1608.wav,കൊവിഡ് രോഗിക്കൊപ്പം ഓരു ആരോഗ്യപ്രവര്ത്തക കൂടി ആംബുലന്സില് ഒപ്പമുണ്ടാകണമെന്ന നിര്ദ്ദേശം നിലനില്ക്കെയാണ് ഡ്രൈവര് ഒറ്റയ്ക്ക് രോഗിക്കൊപ്പം
1609.wav,ഓരോവര്ഷവും ഓരോ തരത്തിലുള്ള പ്രശ്നങ്ങളാണ് തേന് ഉത്പാദനകൃഷിയെ ബാധിത്തുന്നതെന്ന് ചെല്ലപ്പന് പറഞ്ഞു
1610.wav,മുകേഷ് അംബാനിയുടെയും കുടുംബത്തിന്റെയും സുരക്ഷയ്ക്കായി ഉപയോഗിക്കുന്ന അഞ്ച് കാറുകള് ഏതെല്ലാമെന്ന് നോക്കാം
1611.wav,ഒരുവകുപ്പില് ഇതാണ് ഉള്ളറ എങ്കില് മറ്റ് വകുപ്പുകളിലേക്ക് ഒന്ന് എത്തിനോക്കാന്പോലും നമുക്ക് കഴിഞ്ഞിട്ടില്ല
1612.wav,അങ്കദിന്റെ പുതിയ ചിത്രമായ സൂര്മ്മയുടെ ക്യാരക്ടര് പോസ്റ്റര് പങ്കുവെച്ച നേഹയുടെ പോസ്റ്റിന് കീഴെയായിരുന്നു ഒരാള് അധിക്ഷേപവുമായെത്തിയത്
1613.wav,മുന്നൂറ് കടന്നപ്പോള് സ്കൂള് ടീം പരിശീലകന് ഹരീഷ് ശര്മ വിക്കറ്റ് നഷ്ടപ്പെടുത്തരുതെന്ന് നിര്ദേശിച്ചിരുന്നതായി പ്രണവ് പറഞ്ഞു
1614.wav,സീറോ പോയിന്റിൽ നിന്നും നോക്കിയാൽ കാണുന്ന ഒരു മലയിടുക്കിൽ സിന്ധ് തണുത്തുറഞ്ഞു കിടക്കുന്ന പോലെ
1615.wav,ടെല് അവീവ് മജിസ്ട്രേറ്റ് കോടതിയില് പ്രധാനമന്ത്രി കൂടി ഉള്പ്പെടുന്ന കേസിന്റെ വാദം കേള്ക്കുന്നതിനിടെയാണ് സാറയ്ക്കെതിരെയും പോലീസ് കൈക്കൂലി ആരോപണം ഉന്നയിച്ചത്
1616.wav,ശാരീരികമായും മാനസികമായും കൂടുതല് ഊര്ജ്ജവും ആത്മവിശ്വാസവും കരാട്ടെ പഠനത്തിലൂടെ ലഭിക്കുമെന്ന് ബിന്ദു പറയുന്നു
1617.wav,അത്തരം സോഫ്റ്റ് വെയര് എല്ലായ്പ്പോഴും മനുഷ്യരെപ്പോലെ കൃത്യമാകില്ലെന്നും അത് പിശകുകളിലേക്ക് നയിക്കുമെന്നും കമ്പനി പറഞ്ഞു
1618.wav,നുവാൻ പ്രദീപിന്റെ പന്തിൽ കീപ്പർ നിരോഷൻ ഡിക്വെല്ലയുടെ ഗംഭീര ക്യാച്ചിലായിരുന്നു പുറത്താകൽ
1619.wav,എന്നാല് ഗറില്ല സമരമുറകളും തീവ്രവാദപ്രവര്ത്തനങ്ങളും ഒരിക്കലും വിജയം കാണില്ലെന്ന് അനുഭവത്തിലൂടെ മനസ്സിലാക്കിയ വ്യക്തിയായിരുന്നു മണ്ടേല
1620.wav,ജിത്തു ജോസഫിന്റെ അസിസ്റ്റന്റായി പ്രവര്ത്തിച്ച പരിചയവുമായാണ് പ്രണവ് മോഹന്ലാല് അദ്ദേഹത്തിന്റെ സിനിമയായ ആദിയില് നായകനാവാന് തീരുമാനിച്ചത്
1621.wav,രാഷ്ട്രപതിയുടെ ഈ വര്ഷത്തെ സ്വാതന്ത്ര്യ പ്രസംഗത്തില് ദളിതഹിന്ദുക്കള്ക്കെതിരെ നടക്കുന്ന അക്രമങ്ങള് ധാര്മികതക്കെതിരായ യുദ്ധപ്രഖ്യാപനമാണെന്നും ഇവയെ ശക്തമായി നേരിടണമെന്നും ആഹ്വാനം ചെയ്തിരിക്കുന്നു
1622.wav,ഉദ്ഘാടന ദിവസമായ ഡിസംബര് ഒന്പതിനു കണ്ണൂരില് നിന്നുള്ള ഷെഡ്യൂളുകളിലും എയര്ഇന്ത്യാ എക്സ്പ്രസ് മാറ്റംവരുത്തി
1623.wav,ജെഡിഎസ് ഒളിഞ്ഞും തെളിഞ്ഞും പിന്തുണ വാഗ്ദാനം ചെയ്യുന്നുണ്ടെങ്കിലും ഒറ്റയ്ക്കു ഭരണം നിലനിർത്താനാണു ബിജെപി ശ്രമം
1624.wav,അത് പർപ്പിൾ നിറത്തിലേക്ക് മാറുന്നുണ്ടെങ്കിലും ഒരാഴ്ചയിൽ കൂടുതൽ ആർത്തവ രക്തസ്രാവം ഉണ്ടെങ്കിലും അൽപം ശ്രദ്ധിക്കണം
1625.wav,സംസ്ഥാനത്തെ വൈദ്യുതി ക്ഷാമം പരിഹരിക്കാൻ പുറത്തു നിന്ന് വൈദ്യുതി കൊണ്ടുവരാനുള്ള ശ്രമം തുടരുകയാണ്
1626.wav,ആദ്യത്തെ സ്ഫോടനത്തിന് ശേഷം സ്റ്റേഡിയത്തിൽ നിന്നും സംഭ്രമത്തോടെ പുറത്ത് കടക്കുന്ന ജനങ്ങളിൽ ഏഴാമത്തെ സ്ഫോടനം കടുത്ത ഭീഷണിയും പരിഭ്രാന്തിയും സൃഷ്ടിച്ചിരുന്നു
1627.wav,പ്ലൂട്ടോണിയം ഉപയോഗിക്കുന്ന ഹെവി വാട്ടര് റിയാക്ടര് ആയ അരാക് നിലയത്തിന്റെ പ്രവര്ത്തനവും ഘട്ടംഘട്ടമായി അവസാനിപ്പിക്കും
1628.wav,മാലിന്യ നിക്ഷേപം നടത്തുന്ന പരിസരത്ത് അനധികൃതമായി താമസിച്ചിരുന്നവരാണ് അപകടത്തില് പെട്ടതെന്നാണ് ഔദ്യോഗിക വിശദീകരണം
1629.wav,കീര്ത്തി സുരേഷ് ആദ്യമായി തമിഴില് അരങ്ങേറ്റം കുറിക്കുന്ന ചിത്രം എന്ന പ്രത്യേകതയും മലയാളികള് ഇതിന് നല്കുന്നുണ്ട്
1630.wav,അതുകൊണ്ടുതന്നെ തന്നെ ബഹിഷ്കരിച്ചവരോടൊന്നും അദ്ദേഹം വിരോധം കാട്ടിയില്ലെന്നു മാത്രമല്ല അവരുടെ പ്രശ്നങ്ങളില് ഇടപെടുകയും അവര്ക്കു വേണ്ട സഹായങ്ങള് നല്കുകയും ചെയ്തുപോന്നു
1631.wav,പാവപ്പെട്ട പെണ്കുട്ടികളുടെ ജീവിതമില്ലാതാക്കിയ റാം റഹീമിനെ ലോകം തിരിച്ചറിയണമെന്നു പറഞ്ഞാണ് കത്ത് അവസാനിപ്പിച്ചിരിക്കുന്നത്
1632.wav,ഇരുവരും മോതിരം കൈമാറിയതും രാത്രിയില് ഒന്നിച്ചിരുന്ന് സംസാരിക്കുന്നതുമെല്ലാം സംശയത്തിന് ഇടനല്കി
1633.wav,പാര്ട്ടിയില് തലുമുറ മാറ്റം ആവശ്യപ്പെടുന്നുണ്ടെങ്കിലും സ്ഥാനാര്ഥി നിര്ണയത്തില് യുവ പ്രാതിനിധ്യത്തിനു തടസംനിന്ന ഉമ്മന്ചാണ്ടിയെയാണു പ്രധാനമായും ഇവര് ലക്ഷ്യം വെക്കുന്നതെന്നും വ്യക്തമാണ്
1634.wav,മാവു ബദാം മാവും ലെ പ്രധാന ഘടകങ്ങൾ കൂടാതെ അതിന്റെ അനലോഗ് ഗോതമ്പ് കൂടുതൽ ഉപയോഗപ്രദമായിരിക്കും
1635.wav,ജില്ലാ മെഡിക്കല് ഓഫീസര് ചെയര്മാനായ ആറംഗ കമ്മിറ്റിയാണ് പ്രസ്തുത പരാതികളെ പരിശോധിച്ച് തുടര് നടപടികള്ക്കായി ജില്ലാ കളക്ടര്ക്ക് ശുപാര്ശ നല്കിയത്
1636.wav,ചെന്നൈയില് നടന്ന സമ്മേളനം ഉദ്ഘാടനം ചെയ്യാന് എത്തിയത് നടന് മമ്മൂട്ടിയാണ്
1637.wav,അപായ സാധ്യത മേഖലയിൽ കൊവിഡ് നിരീക്ഷണത്തിൽ കഴിയുന്നവരെ പ്രത്യേക കേന്ദ്രങ്ങളിലേക്ക് മാറ്റി
1638.wav,ടോട്ടല് ഫുട്ബോളിന്റെ കാലത്ത് അജാക്സിലും ഹോളണ്ട് ദേശീയ ടീമിലും ക്രൈഫ് വഹിച്ചിരുന്ന റോളാണിത്
1639.wav,കടല്വെള്ളം ശുദ്ധീകരിച്ച് ഉപയോഗിക്കുന്നതിനേക്കാള് ചിലവ് കുറഞ്ഞത് ക്ലൌഡ് സീഡിങ് നടത്തുന്നതണെന്നും അധികൃതര് വ്യക്തമാക്കുന്നു
1640.wav,സംസ്ഥാനത്തെ വിവിധ ജില്ലകളിലെ മണ്ണിൻ്റെ ഫലഭൂയിഷ്ടത മനസിലാക്കി കൃഷിയിറക്കാന് കര്ഷകരെ സഹായിക്കുന്ന വെബ് അധിഷ്ഠിത വിവര സംവിധാനം തയ്യാറാവുന്നു
1641.wav,അക്കാലത്തെ ഒരു മാന്യനായ ഗൃഹസ്ഥനില്നിന്നും പ്രതീക്ഷിക്കാവുന്ന അനുഷ്ഠാനങ്ങളൊക്കെ അദ്ദേഹം ശ്രദ്ധയോടെ ചെയ്തു
1642.wav,പൊന്നാറയാകട്ടെ ആ പെൺകുഞ്ഞിനെ രാസ്യത്തിൽ അവിടെനിന്ന് വേറെ എങ്ങോട്ടെങ്കിലും മാറ്റാൻ ആലോചിച്ചിരുന്നു
1643.wav,ഹിജ്റ ഏഴാം നൂറ്റാണ്ടില് ജീവിച്ച ഇമാം ബൂസ്വീരിയുടേതാണ് ഇത് പോലെ ജനപ്രിയം നേടിയ മറ്റൊരു നബി കീര്ത്തനം
1644.wav,എഫ്ഐആർ രജിസ്റ്റർ ചെയ്തപ്പോഴാണ് ഇങ്ങനെയൊരു വിഷയത്തെ കുറിച്ച് താൻ അറിഞ്ഞതെന്നുമായിരുന്നു കോടിയേരി പറഞ്ഞത്
1645.wav,ഒരു മികച്ച ടീം ഒരു ക്രാഷ് അല്ലെങ്കിൽ ഉപകരണ പരാജയം ഉറപ്പാക്കാൻ ഇത് അനുവദിക്കുന്നു
1646.wav,ദ്വിമാന ഐക്കണുകൾ എഴുതാനുള്ള വ്യക്തിഗത കേസുകൾ കുടുംബങ്ങൾ നെത്സര്സ്കൊഗൊ തരത്തിലുള്ള ദൃശ്യമാകാൻ തുടങ്ങി
1647.wav,പതിവായി എട്ടു മണിക്കൂറിൽ കൂടുതൽ കിടന്നുറങ്ങുന്നവരിൽ ഹൃദയത്തെയും രക്തധമനികളെയും ബാധിക്കുന്ന അസുഖങ്ങൾ കൂടുതൽ കണ്ടുവരുന്നതായി പഠനം തെളിയിക്കുന്നു
1648.wav,ആ സമയത്തു നടക്കേണ്ടിയിരുന്ന ഒരു മമ്മൂട്ടി ചിത്രം പെട്ടന്ന് ക്യാൻസൽ ആയി
1649.wav,ഉൾപ്രദേശങ്ങളിൽ വാൾപേപ്പർ എന്ന കോമ്പിനേഷൻ മുറിയുടെ വലിപ്പം അതിന്റെ ഉദ്ദേശ്യം ആശ്രയിച്ചിരിക്കുന്നു
1650.wav,അതില് നിന്ന് മോചനം നേടി അച്ഛന് വേഷങ്ങളിലേക്ക് മാറിയെങ്കിലും അഭിനയിത്തില് ഒരിഞ്ച് താഴ്ന്നിരുന്നില്ല
1651.wav,അതുകൊണ്ടാണ് ഉമ്മന്ചാണ്ടി മുഖ്യമന്ത്രി സ്ഥാനത്ത് നിന്ന് മാറിനില്ക്കണമെന്ന് ഇടതു പക്ഷം ആവശ്യപ്പെടുന്നത്
1652.wav,അണുബാധ ഒരു വൈറൽ അല്ലാത്തതും ബാക്ടീരിയ സ്വഭാവമുള്ളതുമൂലം കുടൽ പനിയിലെ ആൻറിബയോട്ടിക്കുകളുടെ ഉപയോഗം അർത്ഥശൂന്യമാണ്
1653.wav,കഴിഞ്ഞ രണ്ട് ദിവസങ്ങളായ കോൺഗ്രസ് അധ്യക്ഷൻ രാഹുൽ ഗാന്ധി സംസ്ഥാനത്ത് പര്യടനം നടത്തിയിരുന്നു
1654.wav,ഇപ്പോഴിതാ വിപ്ലവകരമായ തീരുമാത്തിലൂടെ ലോകത്തെ ഞെട്ടിച്ചിരിക്കുകയാണ് ഫിന്ലന്ഡിലെ പ്രധാനമന്ത്രി സന്ന മരിന് എന്ന ലോകത്തിലെ ഏറ്റവും പ്രായം കുറഞ്ഞ പ്രധാനമന്ത്രി
1655.wav,ഫയര്ഫോഴ്സിന്റെ ഒരുവാഹനത്തിലെ വെള്ളം തീര്ന്നതോടെ സമീപത്തെ സ്വകാര്യ ആശുപത്രിയിലെ ഫയര് ആന്ഡ് സേഫ്റ്റി വിഭാഗത്തിന്റെ നേതൃത്വത്തില് ജലം നല്കി
1656.wav,വാഴയും കാപ്പിയും തെങ്ങും എന്നു വേണ്ട മണ്ണിൽ വിളയുന്ന എല്ലാം ജോർജ് അതിൽ നട്ടുവളർത്തി
1657.wav,ബൊട്ടാണിക്കൽ ഗാർഡൻ രാജ്യത്തെ ഉഷ്ണമേഖലാ സസ്യ അയൽ പ്രദേശങ്ങളിൽ സന്ദർശകരെ അവതരിപ്പിയ്ക്കുന്നു
1658.wav,ഘടന പ്രി നവജാത ശിശുക്കൾ വെള്ളം അല്ലെങ്കിൽ പാൽ വെള്ളം കഴിയും
1659.wav,മഴ ശക്തമായിരിക്കുന്ന നിലവിലെ സാഹചര്യത്തില് കഴിയുന്നതും യാത്രകള് ഒഴിവാക്കുക എന്നതാണ് ഉത്തമം
1660.wav,തന്ത്രപ്രധാന മേഖലകളായ ദേശീയപാത ഒന്നും മേഖലയിലെ ഏറ്റവും ഉയരമേറിയ ടൈഗര് ഹില്സും പിടിച്ചെടുത്തായിരുന്നു പാകിസ്ഥാന്റെ രഹസ്യനീക്കം
1661.wav,പ്രപഞ്ചയാഥാര്ത്ഥ്യങ്ങളെ സംബന്ധിച്ചുണ്ടാകുന്ന ആശങ്കകളെ ശമിപ്പിക്കാന് വേണ്ടി അവര് തന്നെ ഒരുക്കിയ ചില ഉത്തരങ്ങളില് ആശ്വാസം കണ്ടെത്തുന്നു
1662.wav,ഈ പ്രശ്നങ്ങളിലേക്ക് പൊതുസമൂഹത്തിന്റെയും കേന്ദ്രസംസ്ഥാന സര്ക്കാരുകളുടെയും സാര്വദേശീയ ഏജന്സികളുടെയും ശ്രദ്ധ ആകര്ഷിക്കാനും പരിഹാരം തേടാനും ലോക കേരളസഭ വേദിയൊരുക്കും
1663.wav,ഈ മാറ്റങ്ങൾ കാറ്റ് ഉണ്ടാക്കുകയും സമ്മർദ്ദം ഉണ്ടാക്കുന്ന സംവിധാനങ്ങൾ ഉണ്ടാക്കുകയും ചെയ്യുന്നു
1664.wav,അതോടെ ഇന്ത്യ അന്താരാഷ്ട്ര ബഹിരാകാശ വിക്ഷേപകരുടെ പ്രത്യേക ക്ലബ്ബിൽ അംഗത്വം നേടി
1665.wav,സ്കൂള് കാലത്ത് പ്രണയത്തിലായവരാണ് മൊയ്തീനും കാഞ്ചനയും മതത്തിന്റെ അതിരുകള്ക്കുള്ളില് അകപ്പെട്ടുപോവുകയായിരുന്നു ഇവരുടെ പ്രണയം
1666.wav,എട്ടു സീറ്റ് വേണമെന്ന ആവശ്യത്തില് വിട്ടുവീഴ്ച ചെയ്യാന് എല്ജെപി തയാറാകാത്തതിനാലാണ് ആര്ജെഡിയുമായുള്ള സീറ്റ് വിഭജന ചര്ച്ചകള് വഴിമുട്ടിയത്
1667.wav,കരിപ്പൂര് വിമാനത്താവളത്തില് നിന്നുള്ള ഹജ്ജ് സര്വ്വീസിന് അനുമതി നല്കാത്തതിന് കാരണമായി കേന്ദ്ര വ്യോമയാന മന്ത്രാലയം പറയുന്ന വാദങ്ങള് തെറ്റാണന്ന് തെളിയുന്നു
1668.wav,ഇയാളെ അറസ്റ്റ് ചെയ്യാൻ കഴിഞ്ഞ ദിവസമാണ് രാമനഗരയിലെ ഒന്നാംക്ലാസ് മജിസ്ട്രേട്ട് കോടതി ഉത്തരവിട്ടത്
1669.wav,വിശ്വസിച്ച ആദര്ശത്തിനുവേണ്ടി ആത്മാര്ത്ഥമായി പ്രവര്ത്തിച്ചു എന്നതാണ് ഇവര് ചെയ്ത കുറ്റം
1670.wav,ഓക്സ്ഫാാർഡ് ഷയറിലെ പട്ടാള മൈതാനത്തിറങ്ങിയ റോയൽ എയർഫോഴ്സ് വിമാനത്തിൽ ബ്രിട്ടീഷ് പൌരന്മാർക്കൊപ്പം ചില അഫ്ഗാൻ അഭയാർത്ഥികളും ഉണ്ടായിരുന്നു
1671.wav,കേരളത്തില് അത് മറ്റ് ധനകാര്യ സ്ഥാപനങ്ങളെ വെല്ലുന്ന രീതിയില് പ്രൊഫഷണലിസത്തോടെ മുന്നോട്ട് നീങ്ങി
1672.wav,ഡ്യൂറമിസില് അണുബാധയുണ്ടാക്കുന്ന ബാക്ടീരിയയെ ശരീരത്തില് നിന്നും അകറ്റാന് ശേഷിയുള്ള ബാക്ടീരിയകളെ നിര്മ്മിക്കുന്നവയാണ്
1673.wav,വിരമിക്കുന്നതിനു മുമ്പ് ഏഴു ബാലണ് ഡിയോര് പുരസ്കാരം നേടണമെന്നാണ് ആഗ്രഹമെന്ന് റൊണാള്ഡോ അടുത്തിടെ പറഞ്ഞിരുന്നു
1674.wav,ആഭ്യന്തര മന്ത്രി അമിത് ഷാ അധ്യക്ഷനായ മന്ത്രിതല സമിതിയുടെ പരിഗണനയിലാണ് ഓഹരി വില്പ്പനാ ക്രമം
1675.wav,അതിഥികളിലെ ശ്രദ്ധാകേന്ദ്രം കഴിഞ്ഞയാഴ്ച വിവാഹിതരായ യുവരാജ് സിംഗും ഭാര്യ ഹേസലു മായിരുന്നു
1676.wav,ചതിയുടെയും പകയുടെയും ഇടയില്പ്പെട്ടുപോയ രാമനുണ്ണിയുടെ ജീവിതകഥയുമായെത്തിയ രാമലീല റിലീസ് ചെയ്തിട്ട് ഒരു വര്ഷം പിന്നിട്ടിരിക്കുകയാണ്
1677.wav,അന്നുമുതല് നെറ്റ്ഫ്ലിക്സിന് കൂടുതല് കാഴ്ചക്കാരെ നല്കിയത് ഫ്രണ്ട്സ് ഷോ ആയിരുന്നു
1678.wav,അപകടം തുടര്ന്നിട്ടും ജംഗ്ഷനില് സിഗ്നല് സ്ഥാപിക്കാനും പിന്വലിച്ച ഹോം ഗാര്ഡിനെ തിരിച്ചുവിളിക്കാനും അധികൃതര്ക്ക് കഴിഞ്ഞിട്ടില്ല
1679.wav,ന്യൂസ് ചാനല് സ്ക്രോളിലൂടെ ആണ് ഈ സംഘടനയെ കുറിച്ച് അറിഞ്ഞത് എന്ന് പറയുമ്പോള് പുച്ഛമോ പരിഹാസമോ ഒക്കെയായിരുന്നു അവരുടെ മുഖത്ത്
1680.wav,വിചാരണയില്ലാതെ പ്രതിദിനം ഒരു ഡസനോളം പേരെയാണ് കൊലപ്പെടുത്തുന്നതെന്ന് ബംഗ്ലാദേശി മനുഷ്യാവകാശ പ്രവര്ത്തകര് പറയുന്നു
1681.wav,പിണക്കം പ്രമാണിച്ച് പോക്കറ്റിലെ പുളിമാങ്ങാപ്പൂള് ഉപ്പും കൂട്ടി തിന്നാന് മനുവിനെ വിളിക്കണ്ട എന്ന് അല്ലി ശരിയ്ക്കും തീരുമാനിച്ചതാണ്
1682.wav,ഈമാസം ആദ്യം ഈ രണ്ട് നേതാക്കളെയും കശ്മീരില് വെച്ച് നാല് ദിവസം എന്ഐഎ സംഘം തുടര്ച്ചയായി ചോദ്യം ചെയ്തിരുന്നു
1683.wav,സൌദിയിൽ സന്ദർശന നടത്തുന്ന പ്രധാനമന്ത്രി അവിടത്തെ കന്പനികളുടെ സിഇഒമാരും വ്യവസായികളുമായുള്ള കൂടിക്കാഴ്ചയിൽ സംസാരിക്കുയായിരുന്നു
1684.wav,തന്റെ ക്രിക്കറ്റ് കരിയർ തുടങ്ങുന്നത് ധോണിക്കൊപ്പമാണെന്നും ധോണി ഇല്ലായിരുന്നെങ്കിൽ ജീവിതം തന്നെ വേറൊന്നാകുമായിരുന്നു
1685.wav,കഴിഞ്ഞ ദിവസം രാവിലെയാണ് കിടപ്പുമുറിയില് ഷോളില് തൂങ്ങിയ നിലയില് അശ്വതിയെ കണ്ടത്
1686.wav,അടിയന്തിരഘട്ടത്തില് പോലും അവധിയെടുക്കാതെ കൃത്യനിര്വഹണം നടത്തിയ മേയറെ അഭിനന്ദിച്ചു കൊണ്ടാണ് പലരുടെയും കമന്റുകള്
1687.wav,അതേസമയം വരും നാളുകളില് കോടതിയില് കൃത്യമായ വാദം ഉയര്ത്താന് കഴിയാതെ കേസ് പരാജയപ്പെട്ടാല് അതു സര്ക്കാരിന്റെ മാത്രം വീഴ്ചയായിരിക്കും
1688.wav,വീട്ടുകാരുടെ ബഹളംകേട്ട് ഓടികൂടിയ അയല്ക്കാര് അറിയിച്ചതിനുസരിച്ചെത്തിയ പോലീസാണ് ഇവരെ ചങ്ങനാശ്ശേരി ഗവണ്മെന്റ് ആശുപത്രിയില് പ്രവേശിപ്പിച്ചത്
1689.wav,ഭർത്താക്കന്മാർ ജീവനോടെയിരിക്കുമ്പോൾ മൂന്ന് സ്ത്രീകൾക്ക് വിധവ പെൻഷൻ നൽകിയിരിക്കുകയാണ് യുപി സർക്കാർ
1690.wav,അതിലൊന്ന് വിജയ്യുടെ ഫ്ളെക്സിന് താഴെ നില്ക്കുന്ന സണ്ണി വെയ്ന്റേതും മറ്റൊന്ന് സൂര്യയുടെ പിറന്നാള് ആഘോഷത്തിന്റേതുമായിരുന്നു
1691.wav,പൊതുജനാരോഗ്യ വിഭാഗത്തിനു ലഭിച്ച വിവരത്തെത്തുടര്ന്ന് അധികൃതര് കമ്പനിയില് നടത്തിയ ഫീല്ഡ് വിസിറ്റിലാണ് ജീവനക്കാരെ കോവിഡ് പരിശേധനക്ക്് വിധയമാക്കുന്നത്
1692.wav,മേഘലായയിലെ വനത്തിലൂടേയും മറ്റും പ്രകൃതി സൌന്ദര്യം ആസ്വദിച്ച് നടക്കുന്നതിന്റെ ചിത്രങ്ങളാണ് സാനിയ പങ്കുവച്ചിരിക്കുന്നത്
1693.wav,അവെസ്ത എഴുതപ്പെട്ട അവെസ്താന് ഭാഷയില് സംസ്കൃതത്തിലെ സ എന്ന അക്ഷരത്തിനു തുല്യമായ അക്ഷരം ഹ ആണ്
1694.wav,പ്രളയക്കെടുതിയിൽ പെട്ട കേരളത്തെ പുനർനിർമിക്കുന്നതിന് ലോകബാങ്കിന്റെ സഹായം തേടാൻ കേരളം നിശ്ചയിച്ചു കഴിഞ്ഞിട്ടുണ്ടെന്നാണ് റിപ്പോർട്ടുകൾ
1695.wav,റോഡ് മുറിച്ചുകടക്കുമ്പോള് പോലും മാതാപിതാക്കള് നിര്ദേശം കൊടുക്കേണ്ട അവസ്ഥയിലാണ് ഇന്നത്തെ കൌമാര പ്രായക്കാര്
1696.wav,എന്നിട്ടും പരസ്യത്തിന്റെ പേരിൽ ഈ വസ്തുത പത്രങ്ങൾ മറച്ചുവെയ്ക്കുകയാണ് ഉണ്ടാത്
1697.wav,നേരത്തെ ലാബുകളിൽ പരിശോധന നടത്തി കൊറോണ ബാധ സ്ഥിരീകരിച്ചവരുടെ മരണങ്ങൾ മാത്രമേ കോവിഡ് മരണങ്ങളുടെ ഔദ്യോഗിക ലിസ്റ്റിൽ സ്ഥാനം പിടിക്കുമായിരുന്നുള്ളു
1698.wav,ഹൈക്കോടതി ഉത്തരവ് പ്രകാരമായിരുന്നു ഫോർട്ട് കൊച്ചി കോസ്റ്റൽ പൊലീസ് കപ്പൽ കസ്റ്റഡിയിലെടുത്തത്
1699.wav,ആദ്യദിനം ഒരു സ്വര്ണം നേടിയ കേരളം രണ്ടാംദിനം മൂന്നു സ്വര്ണങ്ങളാണ് സ്വന്തമാക്കിയത്
1700.wav,എന്നെ അദ്ഭുതപ്പെടുത്തിയ ഒരു കാര്യം ഇത്ര അമ്മമാർ കുട്ടികളെക്കുറിച്ചുള്ള പരാതിയും ആവലാതിയുമായി വന്നിട്ടും ഒരു അച്ഛൻപ്പോലും ഇക്കാര്യത്തിന് വന്നിട്ടില്ലെന്നുള്ളതാണ്
1701.wav,ഒരാള്ക്ക് ഒരു പദവിയെന്ന മാനദണ്ഡം കര്ശനമായി നടപ്പിലാക്കണമെന്ന ആവശ്യവുമായി കെ മുരളീധരന് രംഗത്ത് വന്നതിന് പിന്നാലെയാണ് കൊടിക്കുന്നിലിന്റെയും പരസ്യ പ്രതികരണം
1702.wav,കൊച്ചിയില് ആരോഗ്യ വകുപ്പ് നടത്തിയ റെയ്ഡില് നിരോധിച്ച പുകയില ഉല്പ്പന്നങ്ങള് പിടികൂടി
1703.wav,ആക്രമണത്തിന്റെ സ്വഭാവം പരിശോധിക്കുമ്പോഴാണ് ഈ ഭീകരസംഘടനയുടെ പങ്കിനെ കുറിച്ചുള്ള സംശയങ്ങള് ഉയര്ന്നത്
1704.wav,ഒഴിവുദിനങ്ങള് കുറക്കുകയും പ്രവൃത്തിദിനങ്ങള് കൂട്ടുകയും ചെയ്ത് കെട്ടിക്കിടക്കുന്ന കേസുകള് തീര്ക്കാനുള്ള ആവേശവും ഭരണഘടനയില് നിന്ന് ജസ്റ്റിസുമാര്ക്കു കിട്ടിയിരുന്നെങ്കില് എന്നാശിച്ചുപോകുകയാണ്
1705.wav,അതനുസരിച്ച് അധ്യക്ഷനം കണ്ടെത്താന് ഔദ്യോഗികമായും അല്ലാതെയും പലവിധ ചര്ച്ചകള് നടത്തിയെങ്കിലും സമവായത്തിലെത്താന് കോണ്ഗ്രസ് നേതൃത്വത്തിന് ഇതുവരെയും കഴിഞ്ഞിട്ടില്ല
1706.wav,തുലാംപറമ്പ് സ്വദേശി സുമേഷിനെ ഹരിപ്പാട് തുക്കയില് ക്ഷേത്രത്തിന് സമീപം വെച്ച് ബൈക്കിലെത്തി തടഞ്ഞ് നിര്ത്തി വെട്ടി പരിക്കേല്പ്പിച്ചെന്നായിരുന്നു കേസ്
1707.wav,ജയകുമാറും കൊങ്കണ് റെയിൽവേ കോര്പ്പറേഷനുവേണ്ടി സിഎംഡി സഞ്ജയ് ഗുപ്തയും ധാരണാപത്രത്തില് ഒപ്പുവച്ചു
1708.wav,കോഴിക്കോടിനെക്കുറിച്ച് ഈ നഗരത്തില് ജീവിച്ചുവളര്ന്ന നഗരത്തിന്റെ രൂപമാറ്റം മനസ്സിലാക്കിയവരുടെയും എന്റെയും കാഴ്ചപ്പാട് വ്യത്യസ്തമാണ്
1709.wav,മത്സ്യ തൊഴിലാളികൾ കൊവിഡ് ബാധ തടയുന്നതിന് ആവശ്യമായ മുന്കരുതലുകള് സ്വീകരിക്കണമെന്നും സംസ്ഥാന പൊലീസ് മേധാവി ലോക്നാഥ് ബെഹ്റ നിര്ദ്ദേശിച്ചു
1710.wav,നടിയെ ആക്രമിച്ച കേസില് ജയിലില് കഴിയുന്ന നടന് ദിലീപിനെ ജയിലില് സന്ദര്ശിച്ച കെപിഎസി ലളിതയെ വിമര്ശിച്ച് ദീപാ നിശാന്ത് രംഗത്ത്
1711.wav,വായിക്കാൻ ഉത്തരവാദിത്വപ്പെട്ട അവതാരികയാവട്ടെ ഇടറിയും കണ്ണു് നിറഞ്ഞുമാണ് ആ വാർത്ത വായിച്ചു തീർക്കുന്നത്
1712.wav,അടുത്തയിടെയാണ് ഇവരുടെ ഒരു സഹോദരിയെ കുടുംബത്തിലെ കുട്ടികളുമൊത്ത് മൊറോക്കയിലേക്ക് കടക്കാൻ ശ്രമിക്കുന്നതിനിടെ പിടികൂടിയത്
1713.wav,വാഹനം ഓടിച്ചിരുന്ന മെഹ്റൂബ് അഹമ്മദിന്റെ കൈയ്യില് തിരിച്ചറിയല് കാര്ഡ് ഇല്ലാതിരുന്നതാണ് സംശയമുളവാക്കിയത്
1714.wav,ഇത്രയും സാങ്കേതിക മികവോടെ ഒരുങ്ങുന്ന ആദ്യ മലയാള ചിത്രമായിരിക്കും ലിറ്റില് സൂപ്പര്മാന്
1715.wav,തൃശൂരില് കഴിഞ്ഞ ദിവസങ്ങളിലും ആളുകളെ പേടിപ്പിക്കാന് മനപൂര്വ്വം കരുതിക്കൂട്ടിയുള്ള സംഭവങ്ങള് നടക്കുന്നതായി മാധ്യമങ്ങളില് വാര്ത്തകള് വരുന്നുണ്ട്
1716.wav,താന് അനുഭവിച്ച പീഡനങ്ങള് ഡയറിയില് വരച്ചുവച്ചതും പൊലീസിന് നല്കാനായി തയ്യാറാക്കിയ പരാതിയും എല്ലാം ഇന്ന് ചര്ച്ചയാകുന്നു
1717.wav,ആൻറി ഉപയോഗം നിർദ്ദേശങ്ങൾ പെരിഫറൽ വസൊചൊംസ്ത്രിച്തിഒന് ആൻഡ് രക്തപ്രവാഹത്തിന് ഒരു അംതിസ്പസ്മൊദിച് അതിന്റെ പ്രവർത്തനം വിവരിക്കുന്നുണ്ട്
1718.wav,ശബ്ദം കേട്ട് ഓടിവന്ന മാതാവ് കാണുന്നത് രക്തം വാര്ന്നു കിടക്കുന്ന കുഞ്ഞിനെയാണ്
1719.wav,ചുങ്കം കൊന്നപ്പടവില് അശോകന്റെ വീട്ടില് കയറിയ അക്രമികള് ജനല്ച്ചില്ലുകള് എറി ഞ്ഞുടച്ച് വീടുകള് അടിച്ചുതകര്ത്തു
1720.wav,ഇത്തരത്തിലുള്ള ഭരണസമിതിയുടെ ഇടപെടൽ ലോക്കൽഫണ്ട് ആഡിറ്റ് വിഭാഗത്തെപ്പോലും വഴിതിരിച്ചുവിടുന്ന തരത്തിലുള്ളതായിരുന്നു
1721.wav,ഭീകരപ്രവര്ത്തനം നടത്തുന്നുവെന്ന് സംശയിക്കുന്നവരെക്കുറിച്ച് യൂറോപ്യന് യൂണിയന് തയാറാക്കുന്ന പട്ടികയില് മസൂദിനെ ഉള്പ്പെടുത്തുന്നതിനെക്കുറിച്ച് ആലോചിക്കുമെന്നും ഫ്രാന്സ് അറിയിച്ചു
1722.wav,ജലനിരപ്പ് വേഗത്തിൽ ഉയർന്നാൽ മാത്രം ട്രയൽ റൺ നടത്തുമെന്ന് മന്ത്രി പറഞ്ഞു
1723.wav,ഈ മാസം രണ്ടിനു കൊട്ടാരക്കര താലൂക്ക് ആശുപത്രിയിലും പിന്നീടു കൊല്ലം ജില്ലാ ആശുപത്രിയിലും എത്തിച്ചു
1724.wav,അതിനിടെ ഇപ്പോൾ മറ്റിടങ്ങളിൽനിന്ന് വന്നവർ നാട്ടുകാരുമായി ഇടപെട്ട് സെക്കൻഡറി കെറോണ ചൈനക്ക് കിട്ടുന്നുണ്ട്
1725.wav,ഡിഡബ്ല്യുഎ എക്സലൻസ് സെന്ററിന്റെ സുഗമമായ പ്രവർത്തനം ഉറപ്പാക്കുന്നതിന് സമഗ്രമായ പരിശോധനയും ആന്തരിക ഓഡിറ്റുകളും ബ്രാൻഡ് നടത്തുന്നു
1726.wav,പാരമ്പര്യ കാറുകളെ അപേക്ഷിച്ച് കൂടുതൽ ഊർജ ക്ഷമതയുള്ളത് ഇലക്ട്രിക് കാറുകൾക്കാണ്
1727.wav,അനിയത്തിക്ക് പിന്നാലെ വെള്ളിത്തിരയിലേക്ക് വരാന് ഒരുങ്ങുകയാണ് നൈലയുടെ സഹോദരി ആതിര ഉഷ
1728.wav,തില്ലാനാ മോഹനാംബാള് എന്ന സിനിമയില് അവര് അഭിനയിച്ച റോജാമണിയുടെ കഥ മനോരമയുടെ സ്വന്തം ജീവിതവുമായി ഏറെ സാമ്യമുള്ളതായിരുന്നു
1729.wav,സമീപകാലത്തു സോഷ്യല് മീഡിയയില് ഇത്രയധികം ട്രോളുകള് ഏറ്റുവാങ്ങേണ്ടി വന്ന മറ്റൊരു ചിത്രവും ഉണ്ടായിട്ടില്ല
1730.wav,യുദ്ധക്കാലത്ത് വെസ്റ്റ് വുഡിലെ ഭൂഗര്ഭ നിര്മ്മാണ കേന്ദ്രത്തില് നിന്നായിരുന്നു ഇവയുടെ നിര്മാണം നടത്തിയിരുന്നത്
1731.wav,കരിഞ്ഞുപോയ മുറിവുകളെ പൂര്വാധികം ആഴത്തില് കുത്തിപ്പഴുപ്പിക്കാന് മാത്രമാണ് അതു വഴിവയ്ക്കുക
1732.wav,ബി ബ്ളോക്കിലുടെ പകൽ സമയത്തതായിരുന്നു അവർ ഇറങ്ങി നടന്നിരുന്നത് എന്നു കാണിക്കുന്നതായിരുന്നു സി സി ടി വി ഫൂട്ടേജ്
1733.wav,ഇത് ആധിപത്യത്തിൻറെ ഏക രൂപീകരണം സമയമായി സിംഹാസനത്തിന്റെ വ്യക്തമായ ലെഗസി കുറിച്ചു
1734.wav,ഒരു സ്വകാര്യ എഫ്എം റേഡിയോയ്ക്ക് നല്കിയ അഭിമുഖത്തിലാണ് മമ്മൂട്ടി നല്കിയ ഉപദേശത്തെ കുറിച്ച് ദുല്ഖര് സല്മാന് പറയുന്നത്
1735.wav,ഇതു സംബന്ധിച്ച് ശാസ്ത്രയോടും ഇന്ത്യന് നായകന് വിരാട് കോഹ്ലിയോടും ബോര്ഡ് വിശദീകരണം തേടുമെന്നു സൂചന
1736.wav,ഒരു സെന്സിറ്റീവ് വ്യക്തി ആയതുകൊണ്ട് പ്രസ്താവന പിന്വലിക്കുകയാണെന്ന് മന്ത്രി ട്വിറ്ററില് കുറിച്ചു
1737.wav,പോലീസ് രാഷ്ട്രീയം നോക്കി നടപടി സ്വീകരിക്കുന്നതാണ് അക്രമങ്ങൾ തുടർക്കഥയാകാൻ കാരണമെന്നും അദ്ദേഹം കുറ്റപ്പെടുത്തി
1738.wav,പക്ഷേ വാമൊഴിയിൽ ജീവിക്കുന്ന ജനങ്ങൾക്ക് സംഗീതാവിഷ്ക്കാരത്തിനായുളള കവിതകളിലും അവയെ നിരസിച്ച പുതിയ ശരിയായ കവിതയിലും രക്ഷയില്ല എന്നതാണ് വാസ്തവം
1739.wav,എന്നാൽ തെറ്റായ വിവരങ്ങളുടെ അടിസ്ഥനത്തിലാണ് ആരോപണം ഉന്നയിക്കേണ്ടി വന്നതെന്ന വിശദീകരണവുമായി മാപ്പ് പറഞ്ഞ് കേജ്രിവാൾ തടിയൂരിയതും ചരിത്രം
1740.wav,മുല്ലയുടെ ചിരിയും അക്ബറിന്റെയും അമീറിന്റെയും പ്രണയവും മായാതെ ഹൃദയങ്ങളിലങ്ങനെ കൂടുകൂട്ടും
1741.wav,പത്ത് ലക്ഷം രൂപ വരെയുള്ള വായ്പകള് ഈടില്ലാതെ നല്കാന് യൂക്കോ ബാങ്ക് തീരുമാനിച്ചിട്ടുണ്ട്
1742.wav,എന്നാൽ കിന്റർഗാർട്ടനിൽ ഞങ്ങൾ കഴിച്ചപോലെ അത്തരം ചീസ് ദോശ നിങ്ങൾക്ക് വീട്ടിൽ പാകം ചെയ്യാം
1743.wav,റോമിന്റെ ആധിപത്യത്തിനെതിരെ ചെറുസംഘങ്ങളുടെ പോരാ ട്ടം നടക്കുന്ന കാലത്താണ് ക്രിസ്തു തന്റെ പരസ്യജീവിത കാലം തുടങ്ങുന്നത്
1744.wav,ഈ നടപടി സന്യാസ നിയമങ്ങള്ക്കും സഭാ നിയമങ്ങള്ക്കും വിരുദ്ധമാണെന്നും കെസിബിസി പറയുന്നു
1745.wav,എന്നാല് അന്വേഷണം വഴിതെറ്റിക്കാനുള്ള ശ്രമമാണ് ബിജെപി നടത്തുന്നതെന്നാണ് വിജിലന്സിന്റെ വിലയിരുത്തല്
1746.wav,സിപിഎമ്മുകാരുമായി ചേര്ന്നു വിമതര് പിടിച്ചെടുത്ത ഷാര്ജ സ്കൂളിന്റെ ആഘോഷപരിപാടിയില് പങ്കെടുക്കാനാണു മുരളീധരന് പോയത്
1747.wav,ലോക ചാമ്പ്യന്ഷിപ്പില് ഒളിംപിക് ക്വാട്ട നേടിയതു മുതല് തുടങ്ങിയതാണ് റിയോയിലെത്താന് നര്സിംഗ് യാദവിന്റെ പോരാട്ടം
1748.wav,ഹൈദരാബാദില് നടന്ന ഇന്ത്യാടുഡേ സൌത്ത് കോണ്ക്ലേവില് പങ്കെടുക്കവേ ആയിരുന്നു പ്രകാശ് രാജിന്റെ പ്രതികരണം
1749.wav,സാമൂഹ്യമാദ്ധ്യമങ്ങളെ സ്വാതന്ത്ര്യം ദുരുപയോഗപ്പെടുത്തി സാമൂഹ്യ വിരുദ്ധ പ്രവര്ത്തനങ്ങള് നടത്താന് ആരെയും അനുവദിക്കില്ല
1750.wav,പിന്നീട് അത് ഇർകുഷ്ക് സബ്വേ സ്റ്റേഷനുകളുടെ ഇന്റീരിയർ ഡെക്കറേഷൻ വേണ്ടി ഖനനം ചെയ്തു
1751.wav,കൊൽക്കത്ത നൈറ്റ് റൈഡേഴ്സിന്റെ ഇംഗ്ലണ്ട് ബാറ്റ്സ്മാൻ ജോ ഡെൻലി ഈ സീസൺ ഐപിഎൽ മതിയാക്കി നാട്ടിലേക്ക് മടങ്ങി
1752.wav,ഇനിയും ഉണ്ട് സിനിമ ബന്ധം മൺമറഞ്ഞ പ്രശസ്ത ഗായകൻ കെ പി ഉദയഭാനു അപർണ്ണയുടെ വളരെ അടുത്ത ബന്ധുവും കൂടിയാണ്
1753.wav,ലൈഗിംക അതിക്രമങ്ങള് തുറന്നു പറയുന്ന മീ ടു ക്യാമ്പയിന് സാമൂഹ്യമാധ്യമങ്ങളില് ചൂടുപിടിക്കുന്നതിനിടെ സൂപ്പര് താരം സല്മാന് ഖാനെതിരെ പുറത്തു വരുന്നത്
1754.wav,ടെൻത്ത് ജനറേഷൻ ഇന്റൽ കോർ പ്രോസസ്സറിലാണ് ഈ ലാപ്ടോപ്പ് പ്രവർത്തിക്കുന്നത്
1755.wav,സ്ഥാപനത്തിന്റെ രേഖകൾ തെരഞ്ഞെടുപ്പു മാനദണ്ഡങ്ങളെല്ലാം പാലിക്കുന്നുണ്ടെന്ന് പാനൽ അധ്യക്ഷൻ എൻ ഗോപാലസ്വാമിയും പറയുന്നു
1756.wav,എന്നാല് ഇടക്കാലത്ത് ഫോം മങ്ങിയതോടെ ആമിര് വീണ്ടും ടീമില് നിന്ന് പുറത്തായി
1757.wav,ഇന്ത്യൻ ടീമിൽ വിക്കറ്റ് കീപ്പർ ബാറ്റ്സ്മാൻ പൊസിഷനിലേയ്ക്കാണ് ഇരുവരും ലക്ഷ്യം വയ്ക്കുന്നത്
1758.wav,തുടര്ന്ന് ധനമന്ത്രി പ്രണബ് മുഖര്ജി ലോക്സഭയിലും ഇതുസംബന്ധിച്ച പ്രഖ്യാപനം നടത്തി
1759.wav,ഹജ്ജ് സേവനത്തിനിറങ്ങുന്ന ഓരോരുത്തരും ഹാജിമാരുടെ പ്രാര്ഥനകളില് ഇടം പിടിക്കുക കൂടി ചെയ്യുമ്പോള് ഹൃദയ ബന്ധങ്ങളുടെ ഊഷ്മളത പറഞ്ഞറിയിക്കാന് നമുക്ക് കഴിയില്ല
1760.wav,പാണിയേലി പോരില് ഉണ്ടാകുന്ന അപകടങ്ങള് പലതും വിളിച്ചു വരുത്തുന്നതും നിര്ദ്ദേശങ്ങള് പാലിക്കാത്തതുമാണ് ജോര്ജ് അനുഭവത്തിലുടെ പറഞ്ഞു
1761.wav,മാധ്യമ സ്വാതന്ത്ര്യത്തെ ശ്വാസം മുട്ടിച്ച് കൊല്ലാന് ശ്രമിക്കുന്നവരുടെ യഥാര്ഥ ഇര ജനാധിപത്യം തന്നെയാണ്
1762.wav,മതത്തിന്റേ പേരില് സംസ്ഥാനത്തെ കലുഷിതമാക്കാന് ആരെയും സര്ക്കാര് അനുവദിക്കില്ലെന്നും സിദ്ദു പറഞ്ഞു
1763.wav,ശീതകാലത്ത് മനോഹരമായ ഫ്ളാനിംഗുകൾ ശേഖരിക്കുന്ന അത്ഭുതകരമായ ഉപ്പ് തടാകങ്ങളെ ആരാധിക്കാൻ ധാരാളം ടൂറിസ്റ്റുകളും ശാസ്ത്രജ്ഞരും ലാർണാക്കയിലേക്ക് യാത്ര ചെയ്യുന്നു
1764.wav,ക്ഷേത്ര സ്വത്തുക്കള് സംരക്ഷിക്കാനുള്ള ഉത്തരവാദിത്വത്തില് നിന്നും അധികൃതര് മാറി നടക്കുന്നതിനെതിരെ പ്രതിഷേധം ശക്തമായിട്ടുണ്ട്
1765.wav,എഡ്യൂടെക് രംഗത്ത് ലോകത്ത് ഏറ്റവും മൂല്യമുള്ള സംരംഭമാണ് ഇപ്പോൾ ബൈജൂസ് ആപ്പ്
1766.wav,അതേ സമയം കൊലപാതകി എന്ന് സംശയിക്കുന്ന വാര്ഡ് ജീവനക്കാരനെ പൊലീസ് അറസ്റ്റ് ചെയ്തു
1767.wav,തമിഴ്നാട് പ്രീമിയര് ലീഗിലെ മിന്നും പ്രകടനമാണ് ഈ മിസ്ട്രി സ്പിന്നറെ ഐപിഎല് ടീമുകളുടെ റഡാറിലെത്തിച്ചത്
1768.wav,അവൻ അവിടെ ഇല്ല ക്ലിനിക്കൽ ലക്ഷണങ്ങൾ കാരണം ഇത് അപകടകരമാണ്
1769.wav,ചുഴലിക്കാറ്റിന്റെ പ്രഭാവത്താല് കേരളത്തില് വിവിധയിടങ്ങളില് ശക്തമായതോ അതിശക്തമായതോ ആയ മഴയ്ക്കുള്ള സാധ്യതണ്ടെന്ന് കാലവസ്ഥാ നിരീക്ഷണ കേന്ദ്രം അറിയിച്ചിട്ടുണ്ട്
1770.wav,സങ്കീർണ്ണവും സ്തോഭജനകവുമായ നമ്മുടെ സ്വത്വത്തെ മനസ്സിലാക്കാൻ മുതിരാതെ ആര്യാവർത്തത്തിന്റെ സ്വത്വത്തിൽ നാമതിനെ ലയിപ്പിച്ച് താല്ക്കാലിക സംതൃപ്തി നേടുകയാണിന്ന്
1771.wav,ഇരുപത്തിയഞ്ച് വര്ഷം ഈ പണി ചെയ്യുന്നവര്ക്ക് ഇത്തരം കേസുകള് വരുന്നത് ഗുണകരമാണ്
1772.wav,ഈ സമയത്ത് ക്യൂവിലുണ്ടായിരുന്ന അയ്യപ്പഭക്തരെ പോലീസും സുരക്ഷാ ഉദ്യോഗസ്ഥരും മാധ്യമപ്രവര്ത്തകരും പുതുവത്സര ആശംസകള് നേര്ന്നാണ് പതിനെട്ടാം പടി കയറ്റിവിട്ടത്
1773.wav,കേരളത്തിലെ കോൺഗ്രസ് പാർട്ടിയുടെ ചരിത്രത്തിൽ തന്നെ ഏറ്റവുമധികം കാലം ഡിസിസി പ്രസിഡണ്ടായിരിക്കുകയും കൂടി ചെയ്ത ആളാണ് യുകെ ഭാസി
1774.wav,ഇന്നിംഗ്സിന്റെ തുടക്കത്തില് ഓഫ് സ്റ്റംപിന് പുറത്തുവരുന്ന പന്തുകളില് രോഹിത് ശര്മ്മ കുറച്ചുകൂടി ശ്രദ്ധയോടെ കളിക്കണമെന്നും ലക്ഷ്മൺ പറഞ്ഞു
1775.wav,സംസ്ഥാനത്ത് പകര്ച്ചപ്പനി നിയന്ത്രിക്കാന് സര്ക്കാര് ആവശ്യമായ നടപടികള് പൂര്ത്തീകരിച്ചതായും മന്ത്രി വ്യക്തമാക്കി
1776.wav,ഇരുപതാം നൂറ്റാണ്ടിന്റെ ഇതിഹാസം മുന്നോട്ടുവയ്ക്കുന്ന ദര്ശനവും ഗാന്ധി തത്ത്വം ആണല്ലോ
1777.wav,ലൈംഗികമായി മറ്റൊരാളെ പീഡിപ്പിക്കുന്നതില് ആനന്ദവും സംതൃപ്തിയും കണ്ടെത്തുന്നയാളുകളില് പ്രത്യേകതരം മനോവ്യാപാരങ്ങളും ചിന്താഗതികളും ഉള്ളതായി പഠനങ്ങള് കണ്ടെത്തിയിട്ടുണ്ട്
1778.wav,ബോർഡ് ഓഫ് ഫിലിം സർട്ടിഫിക്കേഷന്റെ വിവിധ ഗൈഡ്ലൈനുകളുടെ ലംഘനം ചൂണ്ടിക്കാട്ടിയാണ് ചിത്രത്തിന് അനുമതി നിഷേധിച്ചിരിക്കുന്നത്
1779.wav,കുട്ടികളെ പത്താം ക്ലാസ് പരീക്ഷ എഴുതിക്കണമെന്ന് ആവശ്യപ്പെട്ട് മാനേജ്മെന്റ് നല്കിയ ഹര്ജി പരിഗണിക്കവേയാണ് സിബിഎസ്ഇക്കെതിരേ കോടതി നിലപാടെടുത്തത്
1780.wav,വര്ഷങ്ങളായി തുടരുന്ന തര്ക്കത്തിന് അധികം വൈകാതെ പരിഹാരം കാണണമെന്നാണ് വഖഫ് ബോര്ഡ് ആഗ്രഹിക്കുന്നതെന്നും ഹാജി മെഹ്ബൂബ് വ്യക്തമാക്കി
1781.wav,നരേന്ദ്രമോദി പറഞ്ഞത് രാജ്യത്തെ ഓര്മിപ്പിച്ചതിന് അരുണ് ജയ്റ്റ്ലിക്ക് നന്ദിയെന്നായിരുന്നു രാഹുലിന്റെ പരിഹാസം
1782.wav,മലയാള സിനിമയില് നിന്ന് ഏറെ നാളായി വിട്ടുനിന്ന നടി റോമ തിരിച്ചുവരവില് പേരില് മാറ്റം വരുത്തിയത് വാര്ത്തയായിരുന്നു
1783.wav,ഈ വിഡ്ജെറ്റുകൾ വെബ് പേജിൽ പരസ്യങ്ങൾ അനുവദിക്കാതിരിക്കുന്നതിലൂടെ സഫാരി ബ്രൌസർ മെച്ചപ്പെടുത്തുന്നു
1784.wav,നേരത്തെ തീരുമാനിച്ച പരിപാടികള് കാരണം ഇരുവര്ക്കും ഇന്ന് ഹാജരാകാന് കഴിയില്ലെന്ന് മുതിര്ന്ന അഭിഭാഷകര് കോടതിയെ അറിയിച്ചു
1785.wav,നേരത്തെ വയനാട്ടില് മത്സരിക്കുന്ന സ്ഥാനാര്ഥികള്ക്ക് മാവോയിസ്റ്റു ഭീഷണിയുണ്ടെന്നു ഇന്റലിജന്സ് റിപ്പോര്ട്ടു പുറത്തുവന്നിരുന്നു
1786.wav,ഒരു ലക്ഷം രൂപ കെട്ടി വയ്ക്കണമെന്ന ഉപാധിയിലാണ് ഹൈക്കോടതി ജാമ്യം അനുവദിച്ചിരിക്കുന്നത്
1787.wav,ബില്ലിനെതിരെ ന്യൂനപക്ഷങ്ങൾക്കിടെ പ്രചാരണം നടത്താനാണ് കോൺഗ്രസിന്റെയും സമാജ് വാദി പാർട്ടിയുടെയും നീക്കം
1788.wav,ബിജെപി എംഎല്എയ്ക്കെതിരായ ബലാത്സംഗക്കേസും ദളിത് വിഭാഗത്തിനെതിരെ ഉണ്ടാകുന്ന നിരന്തര ആക്രമണവും പാര്ട്ടിക്കെതിരെ ദളിത് വിഭാഗങ്ങള് ഒന്നാകാനുള്ള സാധ്യതയും ഇവര് ചൂണ്ടിക്കാണിക്കുന്നു
1789.wav,വയറ്റിലെ മസിലുകള് മുറുകാനുള്ള വ്യായാമം ചെയ്യുന്നതും ഇത്തരം പാടുകള് മാറ്റാന് നല്ലതാണ്
1790.wav,ബിജെപിയുടെ പ്രത്യയശാസ്ത്രവും പാര്ട്ടി നേതാവ് നരേന്ദ്ര മോദിയും തന്നെ ആകര്ഷിച്ചുവെന്നും അതാണ് പാര്ട്ടിയില് ചേരാന് കാരണമായതെന്നും നേരത്തെ സുനിത വ്യക്തമാക്കിയിരുന്നു
1791.wav,പത്രത്തിന്റെ കായിക താളുകള് വായിച്ചു വായിച്ചു ടെന്നീസ് തലയില് കയറാന് തുടങ്ങി
1792.wav,പൊലീസിന്റെ പിടിയിലായ ഇജാസ് ജയില് വാസത്തിനിടെയാണ് ഛോട്ടാ രാജന്റെ കൂട്ടാളികളെ പരിചയപ്പെടുന്നത്
1793.wav,നിലവില് അശോക റോഡിലെ പാര്ട്ടി ആസ്ഥാനം സ്ഥലപരിമിതി മൂലം ദൈനംദിന പ്രവര്ത്തനങ്ങള്ക്ക് പോലും ബുദ്ധിമുട്ടുകയാണ്
1794.wav,പലപ്പോഴും പരിസ്ഥിതി ദിനങ്ങള് പോലുള്ള ദിവസങ്ങളെ നാം ആഘോഷമാക്കി മാറ്റാനാണ് ശ്രമിക്കാറ്
1795.wav,പ്രണയത്തിലായ പാലക്കാട് സ്വദേശിനിയെ വിവാഹം കഴിക്കുന്നതിനു വീട്ടിൽ നിന്ന് ഇറക്കിക്കൊണ്ടുവന്ന് കൊടകരയിൽ വാടക വീട്ടിൽ താമസിപ്പിച്ചിരിക്കുകയുമായിരുന്നു ആഷിഖ്
1796.wav,അതിനുശേഷം ഞങ്ങളുടെ എല്ലാ ശക്തിയോടും ചേർന്ന് അടിവശം തൊട്ട് തുരന്നു കയറുകയാണ്
1797.wav,മദ്യ ഉപയോഗം കുറയ്ക്കുകയാണ് സർക്കാരിന്റെ ലക്ഷ്യമെങ്കിൽ എന്തിനാണ് ബിയർ വൈൻ പാർലറുകൾ അനുവദിച്ചത്
1798.wav,വെള്ളം ഉയർന്നപ്പോൾ ഏറെ നിർബന്ധിച്ചെങ്കിലും ഇവിരിലാരും വീട് വിട്ട് പോരാൻ തയ്യാറായില്ല
1799.wav,സാൻ ഷാമിലെ ട്രാൻസ്നസ്സ് ഡാൻസ് അനുഭവങ്ങൾ ദക്ഷിണാഫ്രിക്കൻ റോക്ക് ആർട്ട് ഉപയോഗിച്ചതായി കരുതുന്നു
1800.wav,അന്ന് ആ ഇന്റര്വ്യൂ എടുത്ത ദിവസം എനിക്ക് എന്റെ ഹീറോയെ നഷ്ടമായി
1801.wav,ഐസിഎംആർ മാർഗ്ഗനിർദ്ദേശങ്ങൾ പാലിച്ച് നോൺ ഇൻവേസീവ് രീതിയിലായിരിക്കും പോസ്റ്റുമോർട്ടം നടത്തിയായിരുന്നു പഠനം
1802.wav,അമേരിക്കയിലെത്തിയ കൊളംബസ്സും പിന്നീട് വന്ന മറ്റു യൂറോപ്യൻ ശക്തികളും നടത്തിയ കൂട്ടകുരുതികൾ അവിശ്വസനീയങ്ങളാണ്
1803.wav,കേച്ചേരിയില്നിന്ന് വട്ടംകുളത്തേക്ക് പോവുകയായിരുന്ന കാര് എതിരേ വരികയായിരുന്ന ടോറസ് ലോറിയുമായി കൂട്ടിയിടിക്കുകയായിരുന്നു
1804.wav,അദ്ദേഹത്തിന്റെ മകനെ നായകനാക്കി സിനിമ ചെയ്യുന്നത് എന്റെ ഉത്തരവാദിത്വമാണെന്ന് എനിക്ക് തോന്നുന്നു
1805.wav,ലോക്ദള് സ്ഥാനാര്ഥിയുടെ പിന്മാറ്റത്തോടെ ന്യൂനപക്ഷവോട്ടുകളും തങ്ങളുടെ പെട്ടിയില് വീഴുമെന്നാണ് പ്രതിപക്ഷകക്ഷികള് പ്രതീക്ഷിക്കുന്നത്
1806.wav,ആദ്യ തവണ നാട്ടില് വന്നതിന്റെ ഇടവേളയില് പെയിന്റിങ്ങിന് പോയ കോട്ടമുറിയിലെ വീട്ടിലെ യുവതിയുമായി ഇയാള് അടുപ്പത്തിലായി
1807.wav,പരിശുദ്ധ മാതാവിന്റെ പ്രത്യേക ഭക്തരായ മാതാപിതാക്കളുടെ പ്രാർത്ഥനയായിരിക്കാം ഇതിന് പിന്നിലെന്നാണ് അച്ചന്റെ വിശ്വാസം
1808.wav,സ്പാനിഷിന് നേരെ ഗൌരവമായി മത്സരിക്കുന്ന ആദ്യ തദ്ദേശീയ നേതാവായി അദ്ദേഹം കണക്കാക്കപ്പെടുന്നു
1809.wav,ഉയർന്ന താപനിലയുള്ള രാത്രികൾ കാരണം യൂറോപ്പിലെ ഏറ്റവും ശരാശരി ചൂടുള്ള നഗരങ്ങളിലൊന്നാണ് പലേർമോ
1810.wav,അതിനുമപ്പുറം മതം മാറ്റാമെന്നത് പോപ്പുലര് ഫ്രണ്ട് ഓഫ് ഇന്ത്യയുടെ അജണ്ടയില്പ്പെട്ട കാര്യമല്ലെന്നും സംസ്ഥാന സെക്രട്ടറി അബ്ദുല് സത്താര് വ്യക്തമാക്കി
1811.wav,സഞ്ചാരികളുടെ വരവില് ഗണ്യമായ വര്ദ്ധന ഉണ്ടായതോടെ ഡിറ്റിപിസിയുടെ പ്രവര്ത്തന മിച്ചത്തിലും ഗണ്യമായ നേട്ടമുണ്ടായി
1812.wav,രാജി വെച്ചെങ്കിലും ഇന്ഫോസിസിന്റെ കമ്പനി എക്സിക്യൂട്ടീവ് വൈസ് ചെയര്മാനായി വിശാല് സിക്ക തുടരുമെന്ന് ഇന്ഫോസിസ് സെക്രട്ടറി മണികന്ദ പറഞ്ഞു
1813.wav,കണ്ണൂരിലും തലശ്ശേരിയിലും പാർട്ടിയെ തളർത്തുക എന്ന ലക്ഷ്യത്തോടെ നടത്തിയ ഗൂഢാലോചന തന്നെയാണ്
1814.wav,അധിക പ്ലാസ്റ്റിക് സ്ക്ഫ് പാഡുകൾ ഉള്ള കഷണം ഡ്രൈവിന്റെ വശത്തേയ്ക്ക് പോകുന്നു
1815.wav,ഈ വിഭാഗത്തില്പ്പെട്ട ചെടികള് വീട്ടില് വളര്ത്തുമ്പോള് പൂച്ചകള് ഇലകള് കടിച്ച് ചവയ്ക്കാതിരിക്കാന് ശ്രദ്ധിക്കണം
1816.wav,കണ്ണിന് ചുറ്റുമുള്ള കറുത്ത പാട് നീക്കം ചെയ്യാന് ഇങ്ങനെ ചെയ്യുന്നത് വളരെയധികം സഹായിക്കും
1817.wav,ഒരു നവീകരണത്തിന്റെ തിളങ്ങുന്ന ആൻഡ് മാറ്റ് ലാക്വർ ഷേഡുകൾ ഒരു കോമ്പിനേഷൻ കണക്കാക്കപ്പെടുന്നു
1818.wav,കൂപ്പറുടെ ബാറ്റില് നിന്ന് തുടരെ സിക്സറുകള് പറന്നതോടെ നെതര്ലന്റ്സ് വിജയത്തിലേക്ക് അതിവേഗം കുതിച്ചു
1819.wav,മുൻ സിബിഐ ഡയറക്ടർ ആലോക് വർമ രജിസ്റ്റർ ചെയ്ത എഫ്ഐആർ റദ്ദാക്കപ്പെടുമെന്നാണ് റിപ്പോർട്ടിൽ വ്യക്തമാക്കുന്നത്
1820.wav,ഒഴിപ്പിക്കരുതെന്ന് ആവശ്യപ്പെട്ട് നഗരസഭാ കവാടത്തിനുമുന്നില് തുടങ്ങിയ സമരം ഞായറാഴ്ച കുണ്ടന്നൂരിലെ ഹോളി ഫെയ്ത്ത് ഫ്ളാറ്റ് സമുച്ചയത്തിലേക്ക് മാറ്റി
1821.wav,ഇതിനു ശേഷം പുറത്തുവന്ന ആദ്യ പാദ റിപ്പോർട്ടിലും നഷ്ടം തന്നെയാണ് കാണിച്ചത്
1822.wav,ഇപ്പോഴത്തെ സാഹചര്യം ഒരു വെല്ലുവിളിയായി പാർട്ടി ഏറ്റെടുക്കുകയാണെന്ന് കോണ്ഗ്രസ് നേതാവ് പി സി ചാക്കോ
1823.wav,ലോറിയുടെ മുൻഭാഗമായ ട്രാക്ടർ യൂണിറ്റ് വടക്കൻ അയർലണ്ടില് നിന്നാണ് വന്നതെന്നും പർഫ്ളീറ്റിൽ നിന്നാണ് ട്രെയ്ലർ കൊണ്ടു വന്നതെന്നും പൊലീസ് പറഞ്ഞു
1824.wav,ഇതിനിടെ ചില ചെറുപ്പക്കാര് വഴിയിലൂടെ പോകുന്നവരുടെ നെറ്റിയിൽ കുറി അണിയിക്കുന്നതു കാണാമായിരുന്നു
1825.wav,അതിൽ ആദ്യ ഗഡുവായി മൂവായിരം രൂപ തരണമെന്നും ബാക്കി തുക മാറിയെടുക്കുമ്പോൾ നൽകണമെന്നും വ്യവസ്ഥ വച്ചു
1826.wav,മരണമുഖത്തു നിന്നും രണ്ടാം ജന്മത്തിൽ ചെയ്തു തീർക്കാൻ ഒട്ടേറെ കാര്യങ്ങളുണ്ടെന്ന് ഷൌക്കീനയ്ക്കും അറിയാം
1827.wav,പലവട്ടം ഹരി ഇതിനായി ശ്രമിച്ചതാണെങ്കിലും അദ്ദേഹത്തിന്റെ വരുമാനം കണക്കിലെടുത്തു കുടുംബാംഗങ്ങള്ക്ക് വിസ നല്കുവാന് ഹോം ഓഫിസ് തയ്യാറായില്ല
1828.wav,ഉപയോക്താക്കൾ സുഹൃത്തുക്കൾക്കും ബന്ധുക്കൾക്കും അയക്കുന്ന സന്ദേശങ്ങളുടെ സ്വകാര്യതയെ പുതിയ പ്രൈവസി പോളിസി ബാധിക്കില്ലെന്ന് വാട്സാപ്പ്
1829.wav,തുമ്പിക്കൈയുടെ വളഞ്ഞ പിൻഭാഗത്തുള്ള ശരാശരി ബോഡിംഗ്ടൺ ടെറിയർ ബോഡി സൈസ്
1830.wav,ഇതാണ് ഒരുപക്ഷേ കേരളത്തില് നടക്കുന്നതും വലിയ രീതിയില് ഉത്തരേന്ത്യയില് പ്രകടമായിട്ടുള്ളതും
1831.wav,ഇന്നത്തെ ഇന്ത്യന് സാഹചര്യത്തില് ഓരോ മതവിശ്വാസികളുടെ വിശുദ്ധ ഗ്രന്ഥങ്ങള് നാട്ടില് നിര്ലോഭം കൊണ്ടു നടക്കാനും വായിക്കാനും പ്രചരിപ്പിക്കാനുമൊക്കെ സ്വാതന്ത്ര്യമുണ്ട്
1832.wav,എല്ലാവരിലും ജടരാഗ്നിയായി മാറിയിട്ടുള്ള അല്ലയോ അഗ്നീ അങ്ങ് മനുഷ്യര്ക്ക് അവ സ്ഥാപകനാകുന്നു
1833.wav,പുറത്ത് കാത്തുനിൽക്കുന്നു എന്ന് പറഞ്ഞ അവരുടെ ഭർത്താവ് ഒരു സാങ്കൽപിക കഥാപാത്രമാത്രമായിരുന്നെങ്കിലും അവളൊരു പഠിച്ച കള്ളിയായിരുന്നു
1834.wav,വിദ്യാര്ത്ഥിക്ക് കളിക്കാന് കളിപ്പാട്ടങ്ങളും ധരിക്കാന് വസ്ത്രങ്ങളും പോലും അധ്യാപിക വാങ്ങി നല്കിയിരുന്നു
1835.wav,ലസിത് മലിംഗയില് നിന്ന് സ്ലോവര് പന്തുകളുടെ രഹസ്യ തന്ത്രങ്ങള് മനസിലാക്കി ഓസ്ട്രേലിയന് ഓള്റൌണ്ടര് മാര്കസ് സ്റ്റോയ്നിസ്
1836.wav,പൊലീസ് വാഹനം പിന്തുടരുന്നത് കണ്ട് ഭയന്ന് വേഗത്തിൽ കാർ ഓടിച്ചപ്പോഴാണ് അപകടം സംഭവിച്ചത്
1837.wav,ഉത്പാദനം ഏർപ്പെട്ടിരിക്കുന്ന ഒരു നിർമ്മാതാവ് കരുതുക ബാനറിൽ തുണിത്തരങ്ങൾ അഞ്ചു മീറ്റർ പ്രിന്ററുകൾ വലിയ ഫോർമാറ്റ് അച്ചടിക്കുള്ള
1838.wav,അന്തർ സംസ്ഥാന ബസുകളിൽ ജൂൺ ഒന്ന് മുതൽ ജിപിഎസ് നിർബന്ധമാക്കുമെന്ന് ഗതാഗത മന്ത്രി എ കെ ശശീന്ദ്രൻ
1839.wav,ഒരു പ്രത്യേക ഭ്രമണ വേഗതയിൽ ഒരു യൂണിറ്റ് ഉൽപ്പാദിപ്പിക്കാൻ ശേഷിയുള്ള ഇപ്പോഴത്തെ അളവാണ്
1840.wav,സെഞ്ചുറി നേടിയ രോഹിത് ശർമയെ അഭിനന്ദിക്കുന്ന ഇന്ത്യൻ നായകൻ വിരാട് കോഹ്ലി
1841.wav,പോർട്രൈറ് ഗാലറി പോലെ വല്ലാതെ മനസ്സിനെ അലട്ടുന്ന ചില കഥകളും ഈ സമാഹാരത്തിലുണ്ട്
1842.wav,രാജാവ് നജ്ജാശി മുസ്ലിംകള്ക്ക് അഭയം നല്കിയെങ്കിലും ക്രൈസ്തവ പാതിരിമാരുടെ ശക്തമായ സ്വാധീനം നിലനില്ക്കുന്നതിനാല് അവിടം ഇസ്ലാമിന് വേരോട്ടം ലഭിക്കുക എളുപ്പമായിരുന്നില്ല
1843.wav,പേര് വെളിപ്പെടുത്താത്ത അമേരിക്കന് ഇന്റലിജന്സ് ഉദ്യോഗസ്ഥനാണു ഷാവേസിന്റെ ആരോഗ്യ നില സംബന്ധിച്ച് വിവരങ്ങള് നല്കിയതെന്നു നുയേവോ ഹെറാള്ഡ് റിപ്പോര്ട്ടില് പറയുന്നു
1844.wav,നിരന്തരം ഭീഷണി തുടര്ന്നതിനെ തുടര്ന്ന് വിവേകിന് ബാങ്കിലെ ജോലി രാജി വയ്ക്കേണ്ടി വന്നിരുന്നു
1845.wav,ചൈനയുമായി അഭിപ്രായ ഭിന്നതയുള്ള ആത്മീയാചാര്യൻ ദലൈ ലാമയുടെ ടിബറ്റിൽ സൈന്യവും നാട്ടുകാരും സഹകരിക്കേണ്ടതു ആവശ്യമാണെന്നും റിപ്പോർട്ട് അഭിപ്രായപ്പെടുന്നു
1846.wav,ചൈനയില് ആഴക്കിണറില് വീണ നാല് വയസുള്ള ബാലികയെ അഗ്നിശമനാ സേന രക്ഷപ്പെടുത്തി
1847.wav,ആളുകൾ കൂട്ടം കൂടി നിൽക്കാതെ ഒരു നിശ്ചിത അകലം പാലിച്ചുകൊണ്ട് കാഴ്ചകൾ കാണാനുള്ള തരത്തിലാണ് നിർമിതി
1848.wav,എന്നാല് അറബിക്കടലില് രൂപംകൊണ്ട വായു ചുഴലിക്കാറ്റ് മഴയുടെ ശക്തി കുറച്ചു
1849.wav,അതിനു മുൻപേതന്നെ ഈ സംസ്ഥാനങ്ങളിൽ നിന്ന് ഡൽഹിയിലേക്കുള്ള അഭയാർഥികളുടെ വരവും ആരംഭിച്ചിരുന്നു
1850.wav,അമേരിക്കയിലെ നിലവിലെ പ്രശ്നങ്ങൾ പരിഹരിക്കാനും രാജ്യത്തെ സാധാരണ നിലയിലേക്ക് എത്തിക്കാനും ജോ ബൈഡനെക്കാൾ മറ്റൊരാൾക്കും സാധിക്കില്ലെന്നും ഒബാമ പറഞ്ഞു
1851.wav,ഗവര്ണര് പദവി ഇല്ലാതാക്കണമെന്ന സിപിഎം ജനറല് സെക്രട്ടറി സീതാറാം യെച്ചൂരിയുടെ പ്രസ്താവനയോടായിരുന്നു ആരിഫ് മുഹമ്മദ് ഖാന്റെ പ്രതികരണം
1852.wav,എഫ്സിസി അമല പ്രോവിന്സിനു വേണ്ടി കഴിഞ്ഞ മൂന്നിനു സിസ്റ്റര് അനു വ്രതവാഗ്ദാനം നടത്തി
1853.wav,പൈപ്പ് കടന്നു പോകുന്ന ജില്ലകളിലെല്ലാം ഗ്യാസ് വിതരണം ചെയ്യുകയും പദ്ധതിയുടെ ലക്ഷ്യമാണെന്ന് ഗെയില് അധികൃതര് വിശദീകരിച്ചു
1854.wav,ഇന്ത്യാ ചൈന ബന്ധങ്ങളെ കുറിച്ചുള്ളതാണ് അപ് ലോഡ് ചെയ്ത രണ്ട് വീഡിയോകൾ
1855.wav,പാകിസ്താനെതിരെ ഇന്ത്യ മല്സരിച്ച് ജയിക്കുമ്പോള് മത ന്യൂനപക്ഷ വിഭാഗങ്ങള്ക്കെതിരെ ഉത്തരേന്ത്യയിലെ ചിലയിടങ്ങളില് ആക്രമങ്ങള് ഉണ്ടാകുന്നതൊക്കെ ഇതിന്റെ ഭാഗമായി കാണേണ്ടതാണ്
1856.wav,ഡൽഹിയിൽ ബിജെപി അധ്യക്ഷൻ അമിത് ഷായുടെ ഒപ്പമാണ് നരേന്ദ്രമോദി വാർത്ത സമ്മേളനത്തിൽ പങ്കെടുത്തത്
1857.wav,അടുത്ത ദിവസങ്ങളിലായി ഇടപ്പള്ളി ബ്ലോക്ക് പഞ്ചായത്തിന്റെ കീഴിലുള്ള നാലു പഞ്ചായത്തുകളിലെയും കര്ഷകരെ വിളിച്ചുചേര്ത്ത് കൃഷി ഓഫീസറിന്റെ നേതൃത്വത്തില് യോഗം ചേരും
1858.wav,ചിലപ്പോൾ നേരിയ കണ്ണു പ്രായം ഒരു കുഞ്ഞിനെ അവർ കാരണം മെലാനിൻ ശേഖരിക്കപ്പെടുകയും ഇരുണ്ട തീർന്നിരിക്കുന്നു
1859.wav,അഭ്യാസ പ്രകടനത്തിനിടെ മറ്റൊരു ബൈക്കിനെ ഇടിച്ചു തെറിപ്പിച്ചതിനുമാണ് മോട്ടോര് വാഹന വകുപ്പിന്റെ നടപടി
1860.wav,ഒളിവിലായിരുന്ന കരാറുകാരൻ കൃഷ്ണൻകുട്ടി എറണാകുളം സൌത്തിലെ ലോഡ്ജിൽ ആയിരുന്നു ഒളിവിൽ കഴിഞ്ഞിരുന്നത്
1861.wav,മഴ കഴിഞ്ഞയുടൻ ആറ്് മെലിയാനുള്ള പ്രധാനകാരണം ഇതാണെന്നാണ് മീനച്ചിലാർ നദീസംരക്ഷണസമിതി പറയുന്നത്
1862.wav,ഇതേക്കുറിച്ചാലോചിക്കാന് എറണാകുളം ഗസ്റ്റ് ഹൌസില് വിളിച്ചു ചേര്ത്ത യോഗത്തിലാണ് ധാരണയായത്
1863.wav,സൌദി അറേബ്യയിലെയും ഒമാനിലെയും കുവൈറ്റിലെയും തൊഴിൽ മേഖല കനത്ത മാന്ദ്യത്തിൽ കഴിയുമ്പോൾ മലയാളികളടക്കം ആയിരക്കണക്കിന് ഇന്ത്യക്കാരുടെ വീടുകളിലാണ് ആശങ്ക പുകയുന്നത്
1864.wav,നിരവധി സാങ്കേതിക സവിശേഷതകളും ഉയർന്ന ഗുണമേന്മയുള്ള സുരക്ഷാ അടയാളങ്ങളും ഇതിന്റെ പ്രത്യേകതയാണ്
1865.wav,ഏതാനും വർഷങ്ങളായി ഡിപ്പോകളും മറ്റു വസ്തുവകകളും ബാങ്കുകളിൽ പണയം വച്ചാണ് കെഎസ്ആർടിസി ശമ്പളത്തിനും പെൻഷനും പണം കണ്ടെത്തുന്നത്
1866.wav,പാര്ട്ടിയെ പുനരുജ്ജീവിപ്പിക്കുന്നതിനുള്ള പ്രവര്ത്തനങ്ങളിലാണ് കോണ്ഗ്രസ് അടിയന്തരമായി ശ്രദ്ധ കൊടുക്കേണ്ടതെന്ന് വീരപ്പമൊയ്ലി പറഞ്ഞു
1867.wav,ഒരു പണിയും ഇല്ലാതിരിക്കുന്നവരാണ് കേരളത്തിലെ ട്രോളന്മാർ എന്ന വിമർശനം അദ്ദേഹം നേരത്തെ തന്നെ ഉന്നയിച്ചിരുന്നു
1868.wav,കേന്ദ്ര മന്ത്രി ശശി തരൂരിന്റെ ഭാര്യ സുനന്ദ പുഷ്കര് മരിച്ചത് അമിതമായ മരുന്ന് ഉപയോഗം മൂലമെന്ന് പോസ്റ്റ് മോര്ട്ടം റിപ്പോര്ട്ട്
1869.wav,ആരാണ് തനിക്കിട്ട് സ്നേഹപ്പാര നീട്ടിയത് എന്നറിയാതെ അന്തം വിട്ടു നിൽക്കുകയാണ് കുര്യൻ
1870.wav,ഇത്തരം ഉപയോഗത്തില് നിന്നും സ്കൂളുകള്ക്കും സ്വകാര്യ ബിസിനസുകള്ക്കുമൊപ്പം സര്ക്കാര് സ്ഥാപനങ്ങളെ നിരോധിക്കുന്ന നിയമനിര്മ്മാണത്തില് അദ്ദേഹം ഒപ്പു വച്ചു
1871.wav,തെല്ലിട നേരം അതെല്ലാം നോക്കിയതിന് ശേഷം ഞങ്ങള് തിരികെ മുറിയിലേക്ക് നടന്നു
1872.wav,ആ പ്രായത്തിലെ കുട്ടികള് സാധാരണയായി എത്തുന്ന പ്രായപരിധിയിലുള്ള ലക്ഷ്യങ്ങളില് ശ്രദ്ധ കേന്ദ്രീകരിക്കുക
1873.wav,ലോക്സഭ തെരഞ്ഞെടുപ്പിലെ ഫലം പുറത്തുവന്നതിനു പിന്നാലെയാണ് കോഹ്ലി ട്വിറ്ററിലൂടെ പ്രധാന മന്ത്രിയെ അഭിനന്ദിച്ചത്
1874.wav,കുറഞ്ഞ നിരക്കിൽ കൂടുതൽ ഓഫർ നൽകുന്ന എന്ട്രി ലെവല് പ്ലാനുമായി ബിഎസ്എന്എല്
1875.wav,അടുത്ത വര്ഷം പദ്ധതി പ്രഖ്യാപിക്കുമെന്നും അധികം വൈകാതെ ടെണ്ടറും നല്കും
1876.wav,ഇത് ഹോം അല്ലെങ്കിൽ ചെറിയ ഓഫീസുകളിൽ മിതമായ പ്രിന്റിംഗ് ജോലികൾക്ക് ഉത്തമമാണ്
1877.wav,ഒരു ഡോക്ടറെ കാണാൻ പിന്നീട് ചികിത്സ വേഗത്തിലും വേദനയില്ലാത്ത തന്നെ ഒരു ഘട്ടത്തിൽ ശുപാർശ
1878.wav,ചിറ്റാറ്റുകര പഞ്ചായത്ത് മുൻ പ്രസിഡന്റ് ടി എസ് രാജന് ലഭിച്ച വിവരാവകാശ രേഖ പ്രകാരം
1879.wav,എനിക്കു ലഭിച്ചപോലുള്ള വരം ഇവിടെ വരുന്ന ഭക്തര്ക്കും നല്കണമെന്നും സൂര്യന് അഭ്യര്ഥിച്ചു
1880.wav,തുടക്കം മുതൽ മർസെലിഞ്ഞോയും സംഘവും ചെന്നൈ ഗോൾ മുഖം ആക്രമിച്ചെങ്കിലും ഗോൾ മാത്രം പിറന്നില്ല
1881.wav,മരിയയുടെ രാജി സ്വന്തം പാര്ട്ടിക്കാര് ആവശ്യപ്പെട്ടിട്ടുണ്ടെങ്കിലും താന് തെറ്റൊന്നും ചെയ്തിട്ടില്ലെന്ന നിലപാടിലാണ് മരിയ
1882.wav,ആയില്യം തിരുനാളിനെതിരെ രഹസ്യമായി ഉണ്ടായ നീക്കങ്ങളില് കേരള വര്മയും ഉള്പ്പെട്ടിരുന്നു എന്ന കുറ്റം ചുമത്തിയാണ് അദ്ദേഹത്തെ ബന്ധനസ്ഥനാക്കുന്നത്
1883.wav,പ്രധാനമന്ത്രി നരേന്ദ്രമോദിയുടെ രക്തത്തിൽ രാജ്യസ്നേഹമുണ്ടെന്നും തന്റെ കർത്തവ്യത്തിൽ നിന്നും മോദി ഒഴിഞ്ഞുമാറില്ലെന്നും രാം ദേവ് പറഞ്ഞു
1884.wav,ദുബായ് പൊലീസിന്റെ മീഡിയ ഓഫീസ് തന്നെ ട്വിറ്റര് വഴിയാണ് വാര്ത്ത പുറത്തുവിട്ടിരിക്കുന്നത്
1885.wav,ഈ ഘട്ടത്തില് ഒരു ചെറിയ സംശയം പങ്കുവെയ്ക്കുന്നത് മോദിജിയുടെ ആരാധകര് ക്ഷമിക്കുമെന്ന് കരുതുന്നു
1886.wav,സാമൂഹ്യമായും സാമ്പത്തികമായും പാർശ്വവൽക്കരിക്കപ്പെട്ട വിദ്യാർഥികൾക്ക് ഉന്നത വിദ്യാഭ്യാസം എന്ന ആശയമാണ് ജെഎൻയുവിന്റെ രൂപീകരണത്തിനുപിന്നിൽ
1887.wav,ചെറിയ തിംസ് ൽ തൊലി ചെയ്ത് മൂപ്പിക്കുക ലിച്ചി ഇട്ടു
1888.wav,ശിക്ഷാ തടവ് തീരാറായ വരെ മാത്രമാണ് പ്രധാനമായും പുറത്തെ ജോലികൾക്കായി ജയിലിന് പുറത്ത് എത്തിക്കുന്നത്
1889.wav,പോര്ച്ചുഗല്ലിലെ അല്വോറിലെ അല്ഗാര്വേയിലാണ് താരം സ്കൈഡൈവിംഗ് ചെയ്തതപ്പോള് എടുത്ത ഫോട്ടോ
1890.wav,വോട്ടെടുപ്പിന് നില്ക്കാതെ കോണ്ഗ്രസ് സഭയില്നിന്ന് ഇറങ്ങിപ്പോയെങ്കിലും കുറച്ച് പ്രതിപക്ഷ അംഗങ്ങള് സഭയില് തുടര്ന്നു
1891.wav,ശീതളപാനീയങ്ങളുടെയും സോഫ്റ്റ് ഡ്രിങ്ക്സ് പുറമേ ഐസ് ക്രീം തിന്നു ചായക്കു ഭക്ഷിക്കും ഉണ്ട്
1892.wav,പെണ്കുട്ടിയെ കാണാനായി വ്യാഴാഴ്ച ഒര ബന്ധു സ്ഥാപനത്തില് എത്തിയപ്പോഴാണ് പീഡന വിവരം പെണ്കുട്ടി പുറത്ത് പറയുന്നത്
1893.wav,പുനരധിവാസം മുതല് ബാഗേജ് അലവന്സ് വര്ധിപ്പിക്കുന്നതടക്കമുള്ള പ്രവാസികളുടെ പ്രശ്നങ്ങള്ക്ക് പരിഹാരമാകും ബജറ്റിലെ പദ്ധതികളെന്നാണ് പ്രതീക്ഷ
1894.wav,അന്വേഷണം പുരോഗമിക്കുന്നില്ലെന്നും പ്രതിയായ എംഎൽഎയെ ചോദ്യം ചെയ്യാനോ അറസ്റ്റു ചെയ്യാനോ തയ്യാറാകാതെ ക്രൈം ബ്രാഞ്ച് അന്വേഷണം അട്ടിമറിക്കുകയാണെന്നും അറിയിച്ചു
1895.wav,വിക്ടോറിയ മെമ്മോയറിയുടേയും സൈനീകകേന്ദ്രത്തിന്റെയും മുകളിലൂടെ ഡ്രോണ് പറത്തിയ ചൈനാക്കാരനെ സൈന്യം പിടികൂടി
1896.wav,പാര്ട്ടി അംഗങ്ങള്ക്ക് പാര്ട്ടി ഭരണഘടനയാണ് വലുതെന്നായിരുന്നു ചാറ്റര്ജിയെ പുറത്താക്കിയതിനോടുള്ള ബെംഗാള് സെക്രട്ടറി ബിമന് ബോസിന്റ പ്രതികരണം
1897.wav,മഴുവിന്റെ പിടി ഉപയോഗിച്ചുള്ള ആക്രമണത്തിൽ മൃതപ്രായനായ യുവാവിന് മാവിന്റെ മുകളിൽ കയറി തൂങ്ങി മരിക്കാനാകുമോ എന്ന് നാട്ടുകാർ സംശയം പ്രകടിപ്പിച്ചു
1898.wav,പക്ഷിപ്പനി സ്ഥിരീകരിച്ച മലപ്പുറത്ത് പരപ്പനങ്ങാടിയില് കോഴികളെയും വളര്ത്തുപക്ഷികളെയും കൊല്ലുന്നതിനുള്ള നടപടികള് നാളെ ആരംഭിക്കും
1899.wav,ഡി വൈ എഫ്ഐ മേപ്പാടി മേഖല കമ്മിറ്റിയുടെ നേതൃത്വത്തിലാണ് സമരം സംഘടിപ്പിച്ചത്
1900.wav,കേസിനെക്കുറിച്ചുള്ള കൂടുതൽ കാര്യങ്ങൾ വടക്കാഞ്ചേരിയിൽ പത്രസമ്മേളനം വിളിച്ച് വിശദീകരിക്കുമെന്ന് ജാമ്യം ലഭിച്ച് പുറത്തിറങ്ങിയ സന്തോഷ് ഈപ്പൻ പ്രതികരിച്ചു
1901.wav,ഇന്നേവരെ ഒരു തവണപോലും ചോദ്യോത്തരവേള നിര്ത്തിവച്ച് അടിയന്തര പ്രമേയം ചര്ച്ച ചെയ്തിട്ടില്ല
1902.wav,അർഹതയുള്ള മുഴുവൻ പേർക്കും പട്ടയം നൽകുമെന്ന് എൽഡിഎഫ് തെരഞ്ഞെടുപ്പ് പ്രകടനപത്രിയിൽ ഉറപ്പുനൽകിയിരുന്നു
1903.wav,ഇന്ത്യൻ ടെലിക്കോം വിപണിയുടെ സ്വഭാവം തന്നെ മാറ്റിമറിച്ച ടെലിക്കോം കമ്പനിയാണ് റിലയൻസ് ജിയോ
1904.wav,അശ്ലീലചിത്രങ്ങള് പകര്ത്തിയ മെമ്മറി കാര്ഡ് കാണിച്ച് തന്നെ ഭീഷണിപ്പെടുത്തിയന്ന് ചൂണ്ടിക്കാട്ടി കഴിഞ്ഞ ദിവസമാണ് യുവതി കൂത്തുപറമ്പ് സ്റ്റേഷനില് പരാതി നല്കിയത്
1905.wav,മനോരമ ന്യൂസ് ഡോട്ട് കോമിന് നല്കിയ അഭിമുഖത്തിലാണ് സജിത കാര്യങ്ങള് വിശദീകരിച്ചിട്ടുള്ളത്
1906.wav,ബംഗളുരുവില് സുരക്ഷിതമല്ലെന്ന് ബോധ്യമായപ്പോള് ചികിത്സയ്ക്കായി ഫെബ്രുവരി ആറിന് ചാലക്കുടി സെന്റ് ജയിംസ് ആശുപത്രിയില് പ്രവേശിപ്പിക്കുകയായിരുന്നു
1907.wav,എന്നാല് വ്യത്യസ്ത ടീമുകള്ക്കായി കളിക്കുമ്പോള് എത്രയും വേഗം എബിയെ പുറത്താക്കാനായിരിക്കും ശ്രമിക്കുക
1908.wav,കുറേ വര്ഷം മുന്പ് ഈ സംഭരണി സ്ഥാപിച്ചതുമുതല് പലരും ഇതു കാണാനൊക്കെ ആ വീട്ടില് വരുമായിരുന്നു
1909.wav,വടക്കേ സ്റ്റാൻഡ് പുതുക്കുന്നതിന്റെ ഭാഗമായി അക്വാട്ടിക് കോംപ്ലക്സിനു മുൻവശത്തേക്ക് സ്റ്റാൻഡ് മാറ്റുന്നുണ്ട്
1910.wav,മുള്ളന് കൊല്ലി എന്ന ഗ്രാമത്തിലൂടെ കഥയെ കൊണ്ടുപോകുമ്പോള് തന്നെനാട്ടിലെ ചട്ടമ്പിയായ വേലായുധനിലേക്ക് കഥയെത്തുന്നു
1911.wav,ഉയർന്ന ചുവരുകളും ചെത്തിമിനുസപ്പെടുത്തി അതിസൂക്ഷ്മമായി കൂട്ടിവിളക്കിയ കല്ലുകളും ഈ ക്ഷേത്രത്തിനൊരു കോട്ടയുടെ പ്രതീതി നൽകുന്നുണ്ട്
1912.wav,ഏതാനും മണിക്കൂറുകൾ മുൻപാണ് കാജലിന്റെ പ്രതിമ സിംഗപ്പൂരിലെ മാഡം തുസാഡ്സിൽ ഉയർന്നത്
1913.wav,ഇത് ജനുസ്സാണ് എന്ന ജീവികൾ മൂലമാണ് രോഗം പ്ലാസ്മോഡിയം ആണ് അംരൊപൊനൊജ്നൊഎ
1914.wav,ഒരു യുക്തിയുടെയും പിൻബലമില്ലാതെ ഉടലിൽ നിന്ന് ഉടലിലേക്കു പകരുന്ന ഈ വ്യാധി വർത്തമാനകാലത്തു നാം കാണുന്ന സാമൂഹിക സാംസ്കാരിക തകർച്ചയാണ്
1915.wav,രണ്ടാമത്തെ ഡോസ് എടുത്തശേഷം മൂന്നാമത്തെ ബൂസ്റ്റര് ഡോസ് എടുക്കണമെന്ന ആവശ്യത്തിലേക്കാണ് ഇത് വിരല് ചൂണ്ടുന്നത്
1916.wav,എന്നാല് ഭൂരിപക്ഷ അഭിപ്രായം ടെസ്റ്റിനെ വെട്ടിച്ചുരുക്കേണ്ടയെന്നായതിനാല് ഐസിസി ഇനി ഇതു പ്രാവര്ത്തികമാക്കുമോയെന്നു കാത്തിരുന്നു കാണാം
1917.wav,തമിഴ് സൂപ്പര് ഹിറ്റ് സംവിധായകന് എആര് മുരുകദോസാണ് ചിത്രം സംവിധാനം ചെയ്യുന്നത്
1918.wav,അതേസമയം ദീപക് ബാബറിയയുടെ പിന്തുണ കൂടി ഉള്ളതിനാല് സിന്ധ്യ ക്യാമ്പ് വീണ്ടും ശക്തിപ്പെട്ടിരിക്കുകയാണ്
1919.wav,അതെ സമയം കേന്ദ്രസർക്കാർ ആവശ്യപ്പെട്ടാൽ മത്സരത്തിൽ നിന്നും പിന്മാറുമെന്ന് ബിസിസിഐയും വ്യക്തമാക്കി
1920.wav,ഗള്ഫില് നിന്ന് കേരളത്തിലേക്കുള്ള ടിക്കറ്റ് നിരക്ക് എയര് ഇന്ത്യ മൂന്നിരട്ടിയിലധികം വര്ധിപ്പിച്ചു
1921.wav,പുഴയുടെ ഒഴുക്കിന് തടസം സ്യഷ്ടിക്കുന്ന കെട്ടിടങ്ങളെപ്പറ്റി ജില്ലാ കലക്ടര്ക്ക് റിപ്പോര്ട്ട് നൽകും
1922.wav,മമ്മൂക്കയുടെ കരിയര് ബെസ്റ്റ് പെര്ഫോമന്സ് എന്ന് ഫൂട്ടേജ് കണ്ട പലരും വിലയിരുത്തി
1923.wav,അറുപതുകളിൽ ചാരു മജുംദാര് എഴുതിയ എട്ടു ലേഖനങ്ങൾ തീവ്രഇടതുപക്ഷത്തിന്റെ ചരിത്ര രേഖകളായി മാറി
1924.wav,പത്ത് ദിവസമായി നഗര ഹൃദയമായ തിരുനക്കര മൈതാനിയില് നടക്കുന്ന പുസ്തക മേളയില് അവസാന ദിവസം അടുക്കുന്തോറും വമ്പിച്ച തിരക്കാണ് അനുഭവപ്പെടുന്നത്
1925.wav,സാമ്പത്തികവും രാഷ്ട്രീയവുമായ ഈ കാരണങ്ങള്ക്ക് അതിന്റേതായ പ്രാധാന്യവും സ്ഥാനവും തീര്ച്ചയായും ഉണ്ട്
1926.wav,എന്റെ മടിയില് തല ചായിച്ചു ഒരു കൊച്ചു കുട്ടിയെ പോലെ അവള് കിടന്നു
1927.wav,ഭാവനാപൂര്ണ്ണമായൊരു സ്വപ്ന ദര്ശനത്തിലൂടെ കടന്നുകൊണ്ടാണ് അനുരാഗലോലമായ യാഥാര്ഥ്യത്തിന്റെ കാമ്പിലേക്ക് ചങ്ങമ്പുഴ എത്തിച്ചേര്ന്നത്
1928.wav,അഞ്ച് കോടി മുതല് മുടക്കില് ഒരുങ്ങുന്ന ചിത്രം നിര്മ്മിക്കുന്നത് അമലാ ഹോം പ്രൊഡക്ഷന്സിന്റെ ബാനറില് അമല പോള് തന്നെയാണ് നിര്മിക്കുന്നത്
1929.wav,യുവതി പരസ്പര വിരുദ്ധമായ മൊഴികൾ നൽകിയതോടെ കൂടുതൽ ചോദ്യം ചെയ്തപ്പോൾ കുറ്റം സമ്മതിക്കുകയായിരുന്നുവെന്ന് പൊലീസ് വ്യക്തമാക്കി
1930.wav,സെന്സര് ബോര്ഡ് എ സര്ട്ടിഫിക്കറ്റ് നല്കിയ ചിത്രത്തിന്റെ ട്രെയിലറിന് സമ്മിശ്രപ്രതികരണങ്ങളാണ് പ്രേക്ഷകരില് നിന്നും ലഭിയക്കുന്നത്
1931.wav,കോവിഡ് പ്രോട്ടോക്കോൾ നിലനിൽക്കുന്ന സാഹചര്യത്തിൽ നാലു പ്ലാറ്റൂണുകൾ മാത്രമാണ് പരേഡിൽ അണിനിരന്നത്
1932.wav,സമസ്ത കേരള ജം ഇയ്യത്തുൽ ഉലമ കേരളത്തിനകത്തും പുറത്തും നടത്തുന്ന വിദ്യാഭ്യാസ പ്രവർത്തനങ്ങൾ മഹത്തരമാണെന്ന് അദ്ദേഹം
1933.wav,അത് ചിലപ്പോൾ ടേസ്റ്റ്ബഡ്സ് എന്റെ കരണത്ത് അടിച്ചുതരുമോ എന്ന് പേടിച്ചിട്ട് ബീഫ് നാല് ദിവസം കഴിച്ചു
1934.wav,നിലവില് അംഗീകാരം നല്കിയ വാക്സിനുകള് പുതിയ വൈറസിനും ഫലപ്രദമാണോയെന്നും സ്ഥിരീകരിക്കേണ്ടതുണ്ടെന്നും ഗവേഷകര് പറയുന്നു
1935.wav,ഹെലികോപ്റ്ററിൽ മേപ്പാടിയിൽ ഇറങ്ങി റോഡ് മാർഗ്ഗം വസന്തകുമാറിന്റെ വീട്ടിലെത്തി കുറച്ച്സമയം ചിലവഴിച്ച് മടങ്ങുകയായിരുന്നു
1936.wav,ഒരു പരസ്യത്തിലും ലഭിക്കാത്ത മൈലേജാണ് ദേശീയ തലത്തില് കേരളാ മുഖ്യമന്ത്രിക്കും കേരളത്തിനും ഇപ്പോള് ലഭിച്ചിരിക്കുന്നത്
1937.wav,ബാബു പോളിന് പിന്നാലെയെത്തിയ കെ ശ്രീനിവാസന് രണ്ടുമാസം കൊണ്ട് മടങ്ങേണ്ടി വന്നു
1938.wav,ഇന്ത്യയിലെ നോട്ടുകളില് ലക്ഷ്മി ദേവിയുടെ ചിത്രം ഉള്പ്പെടുത്തിയാല് രൂപയുടെ വില ചിലപ്പോള് മാറിയേക്കാമെന്ന് ബിജെപി നേതാവും എംപിയുമായ സുബ്രഹ്മണ്യന് സ്വാമി
1939.wav,എന്തുകൊണ്ടാണ് മരിക്കുന്നതെന്നും എന്താണ് അപ്പോഴുള്ള വികാരമെന്നും ഓരോരുത്തരോടും ഗൃഹനാഥനായ കാഞ്ചന് സിംഗ് ചോദിക്കുന്ന ദൃശ്യങ്ങളും വീഡിയോയിലുണ്ട്
1940.wav,വീഡിയോ പ്രചരിച്ചതിന് പിന്നാലെ കടുവയുടെ ലൊക്കേഷന് കണ്ടെത്തുന്നതിനായി വനംവകുപ്പ് നിയോഗിച്ച സംഘത്തോടൊപ്പം കേളുവുണ്ടായിരുന്നുവെന്നുമാണ് പറയുന്നത്
1941.wav,കര്ഷകര്ക്കു താങ്ങുവില നടക്കുന്നതടക്കമുളള നടപടികള് സര്ക്കാര് സ്വീകരിക്കുമെന്ന് സര്ക്കാര് കിസാന് സഭക്ക് ഉറപ്പു നല്കി
1942.wav,പുറത്ത് നിന്നുള്ള കവര്ച്ചയ്ക്ക് സാധ്യത ഇല്ല എന്നാണ് ഇപ്പോഴും പൊലീസിന്റെ നിഗമനം
1943.wav,ഗുരുവിന്റെ കാല്ക്കല് ശ്രദ്ധയോടെയിരുന്ന് പഠിച്ച് വ്യുല്പത്തി നേടിയ സമര്ഥനായ സഹൃദയന് ഈ കാവ്യത്തില് മുങ്ങിക്കുളിച്ച് രസിക്കട്ടെ
1944.wav,എന്നാൽ തത്കാൽ അപേക്ഷകർ വെരിഫിക്കേഷൻ സർട്ടിഫിക്കറ്റടക്കമുള്ള അഡീഷണൽ രേഖകൾ ഹാജരാക്കേണ്ടതുണ്ട്
1945.wav,സമുദായ പരിഷ്കരണവും അവരുടെ സാമൂഹികവും സാമ്പത്തികവും രാഷ്ട്രീയവുമായ അവസ്ഥകള് മെച്ചപ്പെടുത്താനുള്ള ശ്രമങ്ങളും ഒപ്പം നടക്കുന്നുണ്ടായിരുന്നു
1946.wav,ആകെ മൊത്തം ചിത്രം പുറത്തിറങ്ങാന് എടുത്ത കാലതാമസം വിശ്വരൂപത്തിനെ ബാധിച്ചു എന്ന് തന്നെ പറയാം
1947.wav,ഈ ടെന്ഡറില് ആര് ഡിഎസ് പ്രോജക്ടാണ് ഏറ്റവും കുറഞ്ഞ തുക വാഗ്ദാനം ചെയ്തിരിക്കുന്നത്
1948.wav,ബോളിവുഡ് സുന്ദരിയായ മേഘ്ന പട്ടേല് ണ് മോഡിയ്ക്ക് ഗ്ലാമര് പിന്തുണയുമായി എത്തിയത്
1949.wav,വിദ്യാര്ഥികളെ പോലിസ് മര്ദിച്ചത് സംബന്ധിച്ച് ജുഡീഷ്യല് അന്വേഷണം വേണമെന്ന് രാഗേഷ് ആവശ്യപ്പെട്ടു
1950.wav,നിരവധി ബാങ്കുകള് സാമ്പത്തിക പ്രതിസന്ധിയിലാണെന്നും അത് ഇനിയും ഗുരുതരമാകാനുള്ള സാധ്യതയാണ് നിലനില്ക്കുന്നതെന്നും പെട്ടെന്നുതന്നെ പ്രശ്നങ്ങള് ഉണ്ടാവാന് സാധ്യതയുണ്ടെന്നും അദ്ദേഹം പറഞ്ഞു
1951.wav,തങ്ങളുടെ ഉറക്കം കെടുത്തുന്ന ആരൊക്കെയോ ഒളിച്ച് താമസിക്കുന്ന ഇടങ്ങള് മാത്രമാണ് വന് ശക്തികള്ക്ക് ഈ ഭൂവിഭാഗം
1952.wav,ഒരു പ്രാദേശിക കോണ്ഗ്രസ് നേതാവിന്റെ മകന് കൂടിയായ അല്പേഷ് താക്കൂര് കോണ്ഗ്രസില് ചേരാനുള്ള സന്നദ്ധത അറിയിച്ച് കഴിഞ്ഞു
1953.wav,നൂറുകണക്കിന് അനധികൃത കുടിയേറ്റക്കാര് ഫ്രാന്സില് നിന്നും ബ്രിട്ടനിലേക്ക് കടക്കുകയാണെന്ന് പുതിയ റിപ്പോര്ട്ടുകള് സൂചിപ്പിക്കുന്നു
1954.wav,എന്നാലിത് അധ്യക്ഷ പദവി ലഭിക്കാനുള്ള സാധ്യത മുന്നിൽക്കണ്ട് ആരുമായും പ്രശ്നങ്ങളുണ്ടാക്കേണ്ട എന്ന അടവുനയത്തിന്റെ ഭാഗമായി സ്വീകരിച്ച നിലപാടായി വേണം കാണാൻ
1955.wav,പൌരത്വ നിയമങ്ങളെ പിന്തുണച്ച് നാഗ്പൂരിൽ ആർഎസ്എസ് സംഘടിപ്പിച്ച റാലിയിൽ സംസാരിക്കുകയായിരുന്നു അദ്ദേഹം
1956.wav,ഈ പ്രവണത അംശമോ വ്യക്തമായി വെസ്റ്റ് യൂറോപ്യൻ രാജ്യങ്ങളിലെ പല ദേശീയ ചലച്ചിത്ര സ്കൂളിൽ പറയപ്പെടുന്നു
1957.wav,ബ്രഹ്മാണ്ഡ ചിത്രമായ ബാഹുബലിയുടെ രണ്ടാം ഭാഗത്തിന് വേണ്ടിയുള്ള കാത്തിരിപ്പിലാണ് ഇന്ത്യൻ സിനിമാ ലോകം
1958.wav,സമീപകാലത്ത് മിശ്രവിവാഹിതരുടെ പാസ്പോര്ട്ട് അപേക്ഷ തിരസ്കരിച്ച സംഭവത്തിന്റെ പശ്ചാത്തലത്തിലാണ് പുതിയ തീരുമാനം
1959.wav,ജീവകാരുണ്യ പ്രവർത്തനത്തിനു പിശുക്കില്ലാതെ പണം ചെലവഴിക്കുന്നതു തോമസ് ചാണ്ടിയുടെ സ്വഭാവമാണ്
1960.wav,ഇതിന്റെ പ്രതികാരമായി വാട്സ് അപ്പ് ഗ്രൂപ്പുകളിൽ നിന്നും ജനറൽ സെക്രട്ടറി സുധീർ അടക്കമുള്ളവരെ വർഗീസ് പുറത്താക്കിയിരുന്നു
1961.wav,ഇതനുസരിച്ച് പരിഷ്കരിച്ച വെർച്വൽ ക്യൂ സംവിധാനം ഉപയോഗിച്ച് നാളെ മുതൽ കൂടുതൽ ഭക്തർക്ക് സന്നിധാനത്ത് വരാം
1962.wav,വന്ദേഭാരതത്തിന്റെ ഭാഗമായി വിമാനം വരുന്നതിന് സംസ്ഥാന സർക്കാർ ഒരു നിബന്ധനയും വച്ചിട്ടില്ല
1963.wav,ശബരിമല വിഷയത്തില് ബിജെപി നേതാവ് എഎന് രാധാക്യഷ്ണന് നടത്തുന്ന സമരം ഒത്തുതീര്പ്പാക്കണമെന്നാവശ്യപ്പെട്ടാണ് ബിജെപി സെക്രട്ടറിയേറ്റ് മാര്ച്ച് നടത്തിയത്
1964.wav,രാജ്യത്തെ മൂഴുവന് ഗ്രാമങ്ങളിലും വൈദ്യുതി എത്തിച്ചെന്ന മോദിയുടെ അവകാശവാദത്തെ പൊളിച്ചടുക്കി ഇന്ത്യ ടുഡെ ചാനല്
1965.wav,ഗുണ്ടാസംഘം ഹോട്ടല് നടത്തിപ്പുകാരനേയും ജീവനക്കാരനേയും ആക്രമിക്കുന്നതിന്റെ സിസിടിവി ദൃശ്യങ്ങള് പ്രമുഖ ടിവി ചാനല് പുറത്തുവിട്ടു
1966.wav,കോഴിക്കോട് ഫാറൂഖ് കോളജിലെ ഡിഗ്രി ഒന്നാം വര്ഷ അറബിക് വിദ്യാര്ഥിയായ നൌഫലും സോഷ്യോളജി അവസാന വര്ഷ ബിരുദ
1967.wav,ആധുനിക ഇന്ത്യയിലെ ഒരു പ്രസ്ഥാനം ദൈനംദിന ഉപയോഗത്തിനായി സംസ്കൃതഭാഷ ആയി പുനരുജ്ജീവിപ്പിക്കാൻ ശ്രമിക്കുന്നു
1968.wav,മറ്റ് ജീവനക്കാരെ ഏല്പ്പിക്കാതെ ഇവര് രണ്ടുപേരും ചേര്ന്ന് ചോദ്യപേപ്പര് ഓരോ ക്ലാസ് മുറിയിലും എത്തിച്ച് ഇന്വിജിലേറ്റര്ക്ക് നല്കും
1969.wav,നേരത്തെയുള്ള രോഗനിര്ണയവും സമ്പര്ക്കനിര്ണയവും സമ്പര്ക്കവിലക്കേര്പ്പെടുത്തലും രോഗവ്യാപനം കുറയ്ക്കാന് സഹായിക്കുമെന്ന് വിദഗ്ധര് പറയുന്നു
1970.wav,നിലവിലുള്ള ടവറുകളുടെ ചുവട് വിസ്തീര്ണ്ണത്തേക്കാള് കുറവു സ്ഥലമേ പുതിയ ടവറുകള്ക്ക് വേണ്ടി വരൂ എന്നത് സ്ഥലം ഉടമകള്ക്ക് സഹായകരമാണ്
1971.wav,ട്രാൻസ്ലേറ്റ്സ് മൈലറ്റീസ് എന്ന രോഗമാണ് കുട്ടിക്കെന്ന് ശ്രീചിത്രാ മെഡിക്കൽ സെന്ററിൽ നടത്തിയ പരിശോധനയിൽ ഡോക്ടർമാർ കണ്ടെത്തി
1972.wav,പദ്ധതി പൂര്ണസജ്ജമാകുന്നതോടെ ഇപ്പോള് ചരക്കുനീക്കത്തിന് എടുക്കുന്നതിനെക്കാള് സമയവും ചെലവും പകുതിയായി കുറയും
1973.wav,ഇവിടെ കുട്ടികളെ പരിശീലിപ്പിക്കുവാന് അടിസ്ഥാന സൌകര്യങ്ങള് സ്കൂളുകളില് ഇല്ലാത്തതും കായികാധ്യാപകര് ഇല്ലാത്തതുമാണ് കാരണം
1974.wav,നടി ആക്രമിക്കപ്പെട്ട സംഭവത്തില് റിമാന്റില് കഴിയുന്ന ദിലീപിന്റെ മകള് മീനാക്ഷിക്കൊപ്പം കാമ്പെയ്ന് നടത്തി കൂട്ടിക്കല് ജയചന്ദ്രന്
1975.wav,ഗായത്രിയും ധ്രുവനും അഭിനയിച്ച ചിൽഡ്രൻസ് പാർക്ക് എന്ന സിനിമ തിയേറ്ററിൽ എത്തിയ പശ്ചാത്തലത്തിലായിരുന്നു അഭിമുഖം
1976.wav,വീഡിയോയില് ഡ്രിഫ്റ്റിംഗ് എന്ന അവകാശവാദത്തോടെ കാണുന്നത് ഒരു പക്കാ ഡ്രിഫ്റ്റിംഗ് ആണെന്നു പറയാനാവില്ല
1977.wav,സംസ്ഥാനത്തെ എല്ലാ ഉന്നത വിദ്യാഭ്യാസ സ്ഥാപനങ്ങളും ഒക്ടോബര് നാലിന് തുറക്കുമെന്ന് മന്ത്രി ആര് ബിന്ദു
1978.wav,മേപ്പടി പിള്ളാരെ താങ്ങിനിര്ത്താന് നമ്മുടെ നേര് നേരത്തെ അറിയിക്കുന്ന ഒരു പത്രമുള്ളതിനാല് പിന്നെയൊന്നും നോക്കാനില്ലല്ലോ
1979.wav,പ്രധാന മന്ത്രി മെക്മെതിന് എര്ബാക്കിനെ രാജിവയ്പ്പിച്ച് അഞ്ച് വര്ഷത്തേക്ക് രാഷ്ട്രീയ വിലക്കേര്പ്പെടുത്തിയിരുന്നു
1980.wav,കുട്ടികള്ക്ക് കാണാന് പറ്റാത്തത്രയും അതിക്രമങ്ങളും ചോര ചൊരിച്ചിലും സിനിമയിലുണ്ടെന്ന് ചൂണ്ടിക്കാട്ടിയാണ് സെന്സര് ബോര്ഡിന്റെ നടപടി
1981.wav,പൊലീസ് അന്വേഷണം നടത്തുന്നുണ്ടെന്നു പറയുമ്പോഴും കേസ് അട്ടിമറിക്കാനാണ് ശ്രമം നടക്കുന്നതെന്നു സുനുവിനൊപ്പമുള്ളവര് ആരോപിക്കുന്നു
1982.wav,മുൻ ഉപരാഷ്ട്രപതി ഹാമിദ് അൻസാരിയെയും അരവിന്ദ് കെജ്രിവാളിനെയും ചടങ്ങിലേക്ക് ക്ഷണിച്ചിട്ടില്ല
1983.wav,മഹാരാഷ്ട്ര യിലെ ഉസ്മാനാബാദ് സ്വദേശിയായ ടെലിവിഷന് മാധ്യമ പ്രവര്ത്തകന് രാഹുല് കുല്ക്കര്ണിക്കെതിരെയാണ് കേസെടുത്ത് അറസ്റ്റ് ചെയ്തത്
1984.wav,എന്നാല് ഇത് സംബന്ധിച്ച ഔദ്യോഗികമായ വിവരങ്ങള് ഒന്നും തന്നെ പുറത്ത് വിടാന് നേതൃത്വം തയ്യാറായിട്ടില്ല
1985.wav,കൂടാതെ അഴിമതിക്കെതിരെ പോരാടുന്നതിനുള്ള പ്രയത്നത്തില് പങ്കു ചേര്ന്നതിന് ബീഹാര് മുഖ്യമന്ത്രി നിതീഷ് കുമാറിന് കേജ്രിവാള് നന്ദി അര്പ്പിക്കുകയും ചെയ്തു
1986.wav,യാഹൂ എന്ന കമ്പനി തങ്ങളുടെ സ്വഭാവം തന്നെ പലപ്പോഴും നിര്വചിക്കാന് പരാജയപ്പെടുന്ന കാഴ്ചയാണ് ടെക് ലോകം കണ്ടത്
1987.wav,ഇ തടികള് എത്രയും വേഗം മാറ്റിയില്ലങ്കില് വ്യാപാരി വ്യവസായി ഏകോപനസമിതിയുടെ ചിലവില് എടുത്തുമാറ്റുമെന്ന് സംഘടന അറിയിച്ചു
1988.wav,അന്ന് തന്നെ അദ്ദേഹം ആര്എസ്എസിന്റെ ബാലസന്നദ്ധ പ്രവര്ത്തകന് ആയിരുന്നെന്നും അദ്ദേഹത്തിന്റെ ജീവചരിത്രകാരന്മാര് രേഖപ്പെടുത്തുന്നു
1989.wav,എന്നാൽ നാൽപ്പതുകളിലെ മനോഹരമായ ജിവിതത്തെ കുറിച്ച് വിവരിക്കുകയാണ് ക്ലിനിക്കൽ സൈക്കോളജിസ്റ്റായ കലാമോഹൻ
1990.wav,നിങ്ങൾ ഒരു സ്ത്രീ ഒരു കുട്ടിയുടെ സ്ഥാനം മാറ്റിയാൽ പലപ്പോഴും സച്രുമ് ലെ അസുഖകരമായ വികാര നയിക്കുന്നു
1991.wav,രാവിലെ കാന്റീനില് പരിശോധന നടത്തിയ ആരോഗ്യവകുപ്പ് ഉദ്യോഗസ്ഥരാണ് അടച്ചുപൂട്ടാന് നിര്ദേശം നല്കിയത്
1992.wav,കേക്ക് മുറിച്ച് അന്യോന്യം വിതരണം ചെയ്തും മറ്റുള്ളവര്ക്ക് നല്കിയുമാണ് ഇവര് ഇത്തവണത്തെ വിവാഹ വാര്ഷികം ആഘോഷമാക്കി മാറ്റിയത്
1993.wav,വണ്ണം കുറയ്ക്കണമെന്ന് പലതവണ ഉദ്യോഗസ്ഥരോട് പറഞ്ഞിരുന്നെങ്കിലും അത് നടപ്പിലാക്കാത്തതു കൊണ്ടാണ് ഇത്തരത്തില് നടപടിയെന്നും രാകേഷ് പൈ കൂട്ടിച്ചേര്ത്തു
1994.wav,ആദ്യലക്കത്തിൽ മുകുന്ദനുമായുളള അഭിമുഖവും രണ്ടാം ലക്കത്തിൽ ആനന്ദുമായുളള അഭിമുഖവും ഏറെ പ്രാധാന്യത്തോടെ ഉൾപ്പെടുത്തിയിട്ടുണ്ട്
1995.wav,ഐ വൈ സി സി യുടെ ഏഴാമത് യൂത്ത് ഫെസ്റ്റ് ലൈവ് പ്ലാറ്റ്ഫോമിൽ വേർച്വലായാണ് സംഘടിപ്പിക്കുന്നത്
1996.wav,ഇവിടെനിന്നു തലശ്ശേരിക്കും അവിടെനിന്നു പാലക്കാട്ടേക്കും പോകുമ്പോൾ കൊച്ചി നൽകിയ ആത്മവിശ്വാസം ഏറെ തുണയാകുമെന്നു ചെയർമാൻ കമൽ പറഞ്ഞു
1997.wav,ലോക്ഡൌണിൽ ആൾസഞ്ചാരം ഇല്ലാതായതിനെത്തുടർന്ന് അതിരപ്പിള്ളി വനപാതയിൽ നിറയെ ആനയും മ്ലാവും കാട്ടുപോത്തുകളുമാണ്
1998.wav,ഈ മാസം ഒന്നാം തീയതി മുതലാണ് കൺകഷൻ സബ്സ്റ്റിറ്റ്യൂട്ട് നിലവിൽ വന്നത്
1999.wav,പണ്ടൊക്കെ ഒരു പ്രായം കഴിഞ്ഞവര്ക്കായിരുന്നു ഈ പ്രശ്നമെങ്കില് ഇന്നത്തെ കാലത്ത് ഇത് ചെറുപ്പക്കാരെ പോലും അലട്ടുന്ന പ്രശ്നവുമാണ്
