file_name,transcript
0.wav,గతంలో స్థానిక ప్రజా ప్రతినిధులు మెట్రో రైలును పొడిగించేందుకు హామీలు ఇవ్వడంతో కోటి ఆశలు పెంచుకున్నారు
1.wav,చైర్ లో కూర్చున్న రజిని కాంత్ ని తన భార్య లత వెనుకనుండి కౌగిలించుకోగా ఒకరు ఫోటో తీశారు
2.wav,పాటల్ని లయ బద్ధంగా పాడుతూ తాళ బద్ధమైన అడుగులతో పాటలు పాడుతూ తమ శ్రమనంతా మర్చి పోయేవారు
3.wav,మరేమో ఈ రోజు మళ్లీ పారిశ్రామిక వేత్త పేరు తెరమీదకు వచ్చింది
4.wav,ఇప్పుడు శుక్రవారం రాబోయే సూర్య ఎన్జికె విశ్వక్ సేన్ ఫలక్ నుమా దాస్లు ఈ లోటుని పూడ్చాల్సి ఉంది
5.wav,గతంలో చెప్పిన విధంగా రాబోయే ఏడాదిన్నర కాలంలో భారత జట్టు అంటే నిరూపిస్తాం
6.wav,గత వారం రోజుల నుండి ఉష్ణోగ్రతల్లో మార్పులు రావడంతో చలి బాగా ఉంటోంది
7.wav,రవితేజ రెగ్యులర్ సినిమా బడ్జెట్ లో సగం కూడా లేకుండా ఈ సినిమా రూపొందబోతోందని వినికిడి
8.wav,ఈ డిమాండుకు దేశంలోని అనేక ఇతర పార్టీల మద్దతును కూడా కూడగట్టడానికి చంద్రబాబు ప్రయత్నిస్తున్నారు
9.wav,విజయ్ దేవరకొండ కథ విని ఓకే చెప్పడంతో సినిమా త్వరలోనే పట్టాలెక్కేందుకు సిద్దం అవుతుంది
10.wav,ప్రకాశం జిల్లాలో కొనసాగిస్తున్న ఓదార్పు యాత్రలో భాగంగా వెలిగండ్ల మండలంలో ఆయన కీలక ప్రసంగం చేశారు
11.wav,ఈ కొలతలు బుష్ ఆకుకూరలు లోకి అనుమతించకుండా మరియు తద్వారా పరిపక్వత నెమ్మదిగా అనుమతించదు
12.wav,మాధవీకన్య ఇలా చెప్పగానే గాలవుడు ఆమెను తీసుకొని వెళ్ళి హర్యశ్వ మహారాజుతో ఇలా అన్నాడు
13.wav,గుళిక నుండి పొగ యొక్క ఉష్ణోగ్రత సిగరెట్ నుండి పొగాకు పొగ యొక్క ఉష్ణోగ్రతకి అనుగుణంగా ఉంటుంది
14.wav,ఎలా మీ ముస్లిం మతం శిశువు అమ్మాయి అర్ధవంతమైన పేరు ఎంచుకోండి
15.wav,సినీ వర్గాల్లో కూడా ఈ సినిమా ఎలా ఉంటుందో అనే ఆసక్తి ఉంది
16.wav,తమ ప్రభుత్వం అధికారంలోకి వస్తే బ్యాంకుల చుట్టూ తిరిగే పనిలేకుండా రుణాలు ఇస్తామని డ్వాక్రా మహిళలకు హామీ ఇచ్చారు
17.wav,మరి లక్కీ విజేతల పేర్లలో మీ పేరు కూడా ఉందో లేదో ఇప్పుడే చూసుకోండి
18.wav,ఇంత టాలెంట్ ఉన్న నటుడు ఇలా ఆరోగ్య సమస్యలతో భాదపడుతుండటం ఆయన స్నేహితులని తోటి ఇండస్ట్రీ నటులను కలవరపరుస్తుంది
19.wav,దళితులపై అనుచిత వ్యాఖ్యలు చేసిన చింతమనేనితో పాటు చంద్రబాబు క్షమపణలు చెప్పాలని ఈ సందర్భంగా ఆమె డిమాండ్ చేశారు
20.wav,మెల్బోర్న్ వేదికగా టీమిండియాతో జరుగుతున్న మూడో వన్డేలో ఆస్ట్రేలియా కీలక ఆరు వికెట్లను కోల్పోయింది
21.wav,తెలంగాణకు ఎన్నో హామీలు అమలు కావాల్సి ఉండగా కేవలం బైసన్పోలోగ్రౌండ్ కోసమే లోక్సభలో మాట్లాడడం విడ్డూరంగా ఉందని ఎద్దేవా చేశారు
22.wav,ఇలాంటి టైమ్ లో ఆమెకు కాస్త దూరపు బంధువైన ఆరాధ్య హీరోయిన్ గా మారింది
23.wav,ఇంత తక్కువ టైమ్లో మూడు కోట్లు అంటే బెస్ట్ డీల్ అని నితిన్ ఇంకేమీ ఆలోచించకుండా సినిమా ఓకే చేసేసాడు
24.wav,ఫిర్యాదును స్వీకరించిన పోలీసులు వర్మను స్టేషన్ కు పిలిచి మరీ కొన్ని గంటలపాటు విచారించారు
25.wav,ఇది తయారీదారు మీ ఉత్పత్తి గురించి మరింత వివరమైన సమాచారం ఇస్తుంది
26.wav,అటు తాజాగా రాజకీయల్లోకి ఎంటరైన రజనీకాంత్ కూడా కమల్ దారినే ఎన్నుకున్నారు
27.wav,సహజంగా చాలామంది హీరోయిన్లు మొదట సౌత్ సినిమాలలో నటించి బాలీవుడ్లో బిజీ కాగానే సౌత్ సినిమాలను పట్టించుకోరు
28.wav,జమ్మూకాశ్మీర్లో సీఆర్పీఎఫ్ దాడికి నిరసనగా బీజేపీ ఆధ్వర్యంలో గుంటూరు కలెక్టర్ కార్యాలయం ఎదుట ఆదివారం నిరసన ధర్నా నిర్వహించారు
29.wav,ఛాతీలో నొప్పితో ఆసుపత్రిలో చేరిన బీసీసీఐ అధ్యక్షుడు సౌరవ్ గంగూలీ త్వరగా కోలుకోవాలని భారత ప్రధాని నరేంద్రమోదీ ఆకాంక్షించారు
30.wav,మీడియాలో ఈగ చిత్రాన్ని నాన్ ఈ అనే టైటిల్ తో తమిళంలో డబ్బింగ్ చేస్తున్నట్లు వస్తున్న వార్తలను కొట్టిపారేస్తూ మాట్లాడారు
31.wav,అయితే ఈ గెలుపు బీజేపీకి ఓ గెలుపు కాదని విశ్లేషకులు అంటున్నారు
32.wav,అక్కడ స్వాగత ద్వారం దగ్గర ప్రమోద్ తన కొత్త భార్యతో కలిసి ఫొటోలకి పోజ్ ఇస్తున్నాడు
33.wav,ఇలాంటి తప్పుడు కేసులతో వేధించేవారికి వడ్డీతో సహా చెల్లిస్తామని వార్నింగ్ ఇచ్చారు
34.wav,షూటింగ్ అనంతరం సెట్స్ లో మూవీ టీంతో కలిసి దిగిన ఫోటోను అనసూయ సోషల్ మీడియా ద్వారా పోస్టు చేసింది
35.wav,గంభీర్ ప్రస్తుతం ఎంపీగా కొనసాగుతున్న కారణంగా అతడికి విరుద్ధ ప్రయోజనాల అంశం ఆటంకంగా మారుతుందనే తప్పిస్తున్నామన్నారు
36.wav,దీనికి కారణం ప్రస్తుతం బ్యాంకులు కస్టమర్లకు అనేక రకాల ఇబ్బందులకు గురి చేస్తున్నాయని చెప్పవచ్చు
37.wav,దేశంలో శాంతి భద్రతలను కాపాడటంలో హైదరాబాద్ కు ఆరో స్థానం లభించింది
38.wav,ఎపార్ట్మెంట్కి చేరటంతోనే ఇండియాలో ఇద్దరి ఇళ్ళకూ ఫోన్లు చేసి బాగానే చేరామని చెప్పారు
39.wav,చార్జీలు పెంచబోమని హామీ ఇచ్చి అధికారంలోకి వచ్చిన తర్వాత మాట తప్పారని ఆయన అన్నారు
40.wav,అయితే ఈ ఇద్దరి మధ్య ఆధిపత్య పోరుకు చాలా పెద్ద చరిత్రే ఉంది
41.wav,కరోనా నియంత్రణకు సేవలందిస్తున్న వైద్య సిబ్బంది కోసం భూరి విరాళం ప్రకటించింది
42.wav,అయితే జల్లికట్టు నిర్వహణపై శశికళ ఇంత వరకు మాట్లాడకపోవడంతో అన్నాడీఎంకే పార్టీలోని ఆమె వ్యతిరేక వర్గీయులు మండిపడుతున్నారు
43.wav,రావు రమేష్ మరియు కోట శ్రీనివాస్ రావు మెయిన్ విలన్స్ గా కనిపిస్తారు
44.wav,ప్రత్యేకమైన పరికరాలు ఆకృతీకరణలు యొక్క అనేక రకాల ఉనికిని కలిగి ఉంటుంది
45.wav,రాష్ట్రంలో ప్రభుత్వ చీఫ్ విప్తో పాటు మరో అయిదుగురు విప్లను నియమించారు
46.wav,ఈ ఫలితాల్లో ఏ పార్టీ ఎన్ని స్థానాలు దక్కించుకోనుందో అంటూ నేతలు హైటెన్షన్తో ఎదురుచూస్తున్నారు
47.wav,ట్రావెల్స్ హాస్టల్స్లో బస ఏర్పాటు చేసుకున్నట్లయితే హాస్టల్లో ఉన్న వాళ్ల నంబర్ తీసుకొని పికప్ చేసుకోవడానికి వాళ్లను రమ్మని కోరవచ్చు
48.wav,అయితే శ్రీదేవి సరోగసి నుంచి మధ్యలో విరమించుకోవడంతో ఆస్పత్రి యాజమాన్యం ఆగ్రహించి ఆమెని నిర్బంధించి మరీ చికిత్స అందించారట
49.wav,నిర్మల్ జిల్లా కేంద్రంలోని ఈ అక్రమ వ్యాపారానికి సహచర వ్యాపారి ఒకరు ఉన్నారని సమాచారం
50.wav,వెయిట్ లాస్ అవ్వాలంటే వర్కవుట్స్ చేస్తేనే మంచి ప్రయోజనం ఉంటుంది
51.wav,మరి రాజవౌళి తీసే తదుపరి చిత్రంలో హీరో ఎవరు అనే విషయంపై అంతటా ఆసక్తి నెలకొంది
52.wav,ఇదే ప్రశ్న గతంలో జర్నలిస్టు ప్రభు చావ్లా చానాళ్ల క్రితమే అడిగింది
53.wav,శశి థరూర్ వ్యాఖ్యలకు బాధ్యత తీసుకుని కాంగ్రెస్ అధ్యక్షులు రాహుల్ గాంధీ క్షమాపణలు చెప్పాలని బిజెపి డిమాండ్ చేసింది
54.wav,రాజకీయపరంగా కాంగ్రెస్ పార్టీతో తమకు ఉన్న విభేదాల నేపథ్యంలో వీరు ఈ మేరకు కాన్ఫరెన్స్లో పాల్గొనకూడదని నిర్ణయించుకున్నట్లు సమాచారం
55.wav,బాట్స్మెన్గా పలు మ్యాచుల్లో రాణించి ఇంగ్లండ్ జట్టును విజయ తీరాలకు తీసుకువెళ్లాడు
56.wav,ఈ సినిమా తాలుకూ ప్రీ లుక్ ఈరోజు సాయంత్రం విడుదల కానున్నది
57.wav,సినీ హీరో జూనియర్ ఎన్టీఆర్ కు కూడా వల్లభనేని వంశి మంచి సన్నిహితుడు
58.wav,సీఏఏ వల్ల ఎవరికి ఎలాంటి నష్టం కలగదని రాష్ట్రపతి స్పష్టం చేశారు
59.wav,ఎన్నో ఏళ్లుగా హైదరాబాద్ లో కొన్ని వందల సినిమాలు ఇందులో షూటింగ్ జరుపుకున్నాయి
60.wav,కాగా ఏపీ ప్రభుత్వం శ్రీశైలం ప్రాజెక్టుకు ఎగువన రాయలసీమ ఎత్తిపోతల పథకం నిర్మించ తలపెట్టిన విషయం తెలిసిందే
61.wav,ఒత్తిడిని అధిగమించి పనితీరును మెరుగుపర్చేందుకు ఈ శిక్షణ ఉపకరిస్తుందని సీఎం చంద్రబాబు చెప్పారు
62.wav,కుటుంబంతో కలిసి కొన్ని రోజులు గడిపిన తర్వాత అవినాష్ మళ్లీ అమెరికా తిరిగి వెళుతున్నాడు
63.wav,కానీ జనరల్ బోగీలో ప్రయాణం అంటే అబ్బో నరకమే అనుకుంటారు రైల్వే ప్యాసింజర్స్
64.wav,ఇక ఈ సమయంలో కవిత కోసం సీఎం కేసీఆర్ కుటుంబంలో కోల్డ్ వార్ నడుస్తుంది
65.wav,తాను అడిగే ప్రశ్నలకు సీఎం కేసీఆర్ వద్ద సమాధానం ఉన్నట్లయితే బహరింగ చర్చకు రావాలని డిమాండ్ చేశారు
66.wav,ఏదైనా ఆన్లైన్ వ్యాపారంలో ఉన్న ట్రిక్ మీరు లాభదాయకమైన సముచిత మార్కెట్లో ఉన్నారని నిర్ధారించుకోవాలి
67.wav,అమర్ కౌశిక్ దర్శకత్వం వహించిన ఈ సినిమా ట్రైలర్ తాజాగా విడుదలైంది
68.wav,ఇస్మార్ట్ శంకర్ సినిమాతో మంచి విజయం అందుకున్న నభా నటేష్ కొత్త కారును కొన్నారు
69.wav,యూపీఏ ప్రభుత్వం ఆంద్ర ప్రదేశ్ను అన్యాయంగా విడదీసిందని పాత పాటే పాడారు
70.wav,దేశంలో కరోనా వైరస్ కట్టడికి విధించిన లాక్డౌన్ దశలవారిగా కేంద్రం సడలింపులు ఇస్తోంది
71.wav,ఇది సాధ్యపడాలంటే మహాకుటమికి ఓటు వేయాలని చంద్రబాబు తెలంగాణ ప్రజలను కోరారు
72.wav,అయితే ఈ చిత్రాన్ని ప్రముఖ చిత్ర నిర్మాణ సంస్థ ఐనటువంటి మైత్రి మూవీ మేకర్స్ నిర్మిస్తున్నారు
73.wav,మీరు చాలా చాలా చెప్పారు లేదు ఒక శీఘ్ర మానసిక స్పందన అవసరం
74.wav,సిద్ధిపేట జిల్లాలో పెద్ద ఎత్తున అభివృద్ధి కార్యక్రమాలకు శంకుస్థాపన చేయనున్నారు సీఎం కేసీఆర్
75.wav,ఇక సీనియర్ హీరోల్లో చిరంజీవి మినహా మిగితా ముగ్గురి సినిమాలు ఏ ఏడాది ప్రేక్షకులని పలకరించాయి
76.wav,అయితే ఎలాంటి పబ్లిక్ ఫంక్షన్ అయినా సరే గంటా చిరుతో కలిసి ఉండడం మనం అనేక సార్లు చూసాం
77.wav,ఓ బీజేపీ ఎంపీ మాత్రం చేతులకు గ్లౌవ్స్ కూడా తొడుక్కోకుండానే టాయిలెట్ క్లీన్ చేశారు
78.wav,నేటి కథనం యొక్క థీమ్ పెరెరోరాక్య కాలం యొక్క సోవియట్ కామెడీ
79.wav,ఈ క్రమంలోనే మూడు నెలల క్రితం బాయ్ఫ్రెండ్తో ఓ రిసార్టు్కు వెళ్లింది
80.wav,ఈ పాత్రకు సంబంధించి మేజర్ పార్ట్ షూటింగ్ కంప్లీట్ అయినప్పటికీ ఒక్క లుక్ కూడా రిలీజ్ చేయలేదు రాజమౌళి
81.wav,ఇచ్చిన డబ్బులను అందరికీ ఇవ్వల్సి ఉంటుందని రాజేందర్ చెప్పినట్లు బాలకృష్ణారెడ్డి తెలిపారు
82.wav,నోవొకస్నెట్స్క్ క్లబ్ నగరంలో హాస్టల్ మాత్రమే ఒక సంవత్సరం తరువాత అతనికి ఇచ్చాడు
83.wav,దీనికి నిరాకరిం చిన కోర్టు నాలుగురోజుల్లోగా తమ అభిప్రాయాన్ని తెలియ జేయాలని ఆదేశించింది
84.wav,ఈ పెళ్లి వీడియో సోషల్ మీడియాలో ఎవరో షేర్ చేయడంతో ఇది కాస్తా ఇప్పుడు వైరల్ అవుతుంది
85.wav,దీంతో భాష్యం స్కూల్ ఎదుట ఓయూ జేఏసీ విద్యార్థులు ఆందోళన చేపట్టారు
86.wav,దీని వల్ల సిబ్బంది జోక్యం వీలైనంత తక్కువ చేసే వీలు ఉంటుందని భావిస్తున్నారు
87.wav,పెద్ద లేదా మురికిగా ఉన్న షాన్డిలియర్ చాలా దృశ్య గదిని తీసుకువెళుతుంది
88.wav,ఇక అక్కడ ఉగ్రవాదులతో పోరాడేందుకే భారత జవాన్లు మోహరించి ఉన్నారని చెప్పారు
89.wav,రాష్ట్రంలో కొన్ని లక్షలాది మంది కంటి పరీక్షలు చేయించుకొని కళ్లద్దాలు వాడుతున్నారు
90.wav,గోర్లు న మేకుకు పోలిష్ యొక్క రంగుల కలయిక ఒక రంగు వరుసగా ఉండాలి
91.wav,ఈ మధ్యకాలంలో ఆయన సినిమాలు పెద్దగా ఆడకపోయినప్పటికీ కృష్ణారెడ్డి సినిమాలు అంటే ఇప్పటికీ క్రేజే
92.wav,దీంతో రాజ్కుమార్ మోహంపై తీవ్ర రక్తశ్రావం జరుగడంతో అక్కడ నుంచి ముస్తాకిన్ పరారయ్యాడు
93.wav,ప్రతి ఉద్యోగి పేరు తీవ్రత సహచరులు ఒక నిర్దిష్ట నాణ్యత కలిగి ఉన్నారో ఇది మదింపు స్కోర్కార్డ్ నింపుతుంది
94.wav,మండలంలో సీతాగూడెం దామరచర్ల మద్దుకూరు చంద్రగుండా పోకలగూడెం పంచాయతీల్లో కళాకారులు ప్రదర్శనలు చేశారు
95.wav,ఈ సారి దయ్యాల వాగు బ్రిడ్జి పిల్లర్లు ఉండడంతో అప్రోచ్ రోడ్డుకు వేసిన పైప్ల ద్వారా నీరు వెళ్లనున్నాయి
96.wav,తాజాగా ఈ ఆట ముంబయి సమీపంలోని కల్యాణ్ పట్టణంలో హింసకు దారి తీసింది
97.wav,ఏదైనా స్థానిక థర్మా స్టార్ రిటైలర్ లేదా డీలర్ మీ ప్రాంతంలో అందుబాటులో ఉన్న దానిపై మీకు వివరాలను అందించగలరు
98.wav,బాక్సాఫీస్ వద్ద తొలి రోజు మంచి కలెక్షన్స్ను సాధించినా డిజాస్టర్ సినిమాగానే మిగిలింది
99.wav,అయినా సరే ఎవరినీ వదలకుండా ఇప్పటికే ముగ్గురు పాకిస్తాన్ క్రికెటర్లు కరోనా వైరస్ బారినపడ్డ విషయం తెలిసిందే
100.wav,తాలిబాన్ ప్రతినిధి ఒకరు మాస్కోలో మాట్లాడుతూ ట్రంప్ నిర్ణయం తమకు ఆశ్చర్యాన్ని కలిగించిందని అన్నారు
101.wav,అంతేకాదు పిల్లలు మద్యం తాగడం వల్ల అది వారి నేరాలకు పాల్పడేలా చేసే అవకాశం ఎక్కువగా ఉంటుంది
102.wav,వన్ ప్లస్ స్మార్ట్ ఫోన్ విభాగం తరహాలోనే టీవీ విభాగంలోనే ప్రత్యేకంగా ఎంట్రీ ఇచ్చింది
103.wav,రెండు మూడు రోజులపాటు మృతుడు పరిసర ప్రాంతాల్లో సంచరిస్తూ కనిపించాడని స్థానికులు చెబుతున్నారు
104.wav,మెట్రో రైలు లిఫ్టులో జరిగిన అసాంఘిక కార్యక్రమాలు సీసీ కెమెరాల్లో రికార్డ్ అయ్యాయి
105.wav,నల్లగొండ జిల్లాలోని మేళ్ళచేరువు మండలంలో మూతపడిన భీమా సిమెంట్స్ ఫ్యాక్టరీని తెరిపించేందుకు ప్రభుత్వం ముమ్మర చర్యలు చేపట్టింది
106.wav,నేను కళ్ళు వాల్చుకుని నా చేతికి వున్న గాజులు సవరించుకుంటూ ఉండిపోయాను
107.wav,గత ఆరు నెలల క్రితం రాష్ట్ర వ్యాప్తంగా చర్చనీయాంశమైన ఈ ఘటన జిల్లా న్యాయస్థానం తీర్పుతో మరోమారు వార్తల్లోకెక్కింది
108.wav,వారి విధి గురించి తెలుసు చదవడం విలువ ఇది సాకెట్లు వివిధ రకాల ఉన్నాయి
109.wav,ఈ షో లాంటి షో లు ఎన్ని వచ్చినా జబర్దస్త్ రేంజి ఏమాత్రం తగ్గలేదు
110.wav,ఆ విషయం తెలిసే గత ఎన్నికల్లో ఆయనతో చేతులు కలపలేదని పవన్ పేర్కొన్నారు
111.wav,ప్రజాస్వామ్య విధానంలో ప్రభుత్వం ప్రజల సమస్యలు వినేలా లేకపోవడం బాధాకరమని జగ్గారెడ్డి ఆరోపించారు
112.wav,కేసీఆర్ సహాయ సహకారం వల్లే బీజేపీలోకి తమ ఎమ్మెల్యేలు జారిపోకుండా కుమార స్వామి చూసుకున్నాడు
113.wav,ఈ చిత్రం లో స్టైలిష్ లుక్ లో కనిపించేందుకు నితిన్ కొత్త ప్రయత్నాలు చేస్తున్నారు
114.wav,దీంతో పాటు బెల్లంకొండ సాయి శ్రీనివాస్ హీరోగా తెరకెక్కనున్న సినిమాలో ముఖ్య పాత్ర పోషిస్తారట
115.wav,అమెరికాలోని వాషింగ్టన్ యూనివర్సిటీ పరిశోధకులు బ్యాటరీ అవసరం లేని సరికొత్త స్మార్ట్ ఫోన్ ను తయారు చేశారు
116.wav,ఈ సంఘాలు ఇంటికి సరైన పెయింట్ను ఎన్నుకునేటప్పుడు ఒక వ్యక్తికి ఇష్టమైన రంగు లేదా కలయికను ఎంచుకోవటానికి సహజంగా చేస్తాయి
117.wav,ఈ నేపథ్యంలో సిపి సజ్జనార్ బృందానికి కొత్త చిక్కులు వచ్చినట్లుగా పరిస్థితులు కనపడుతున్నాయి
118.wav,మరో వారం తరవాత తిరిగి టాక్లకోట్ చేరుకోవడంతో మానసరోవర్ యాత్ర ముగుస్తుంది
119.wav,వేడినీరు మరియు డిష్ సోప్తో కూడిన చిన్న మొత్తాన్ని శుభ్రపరిచే గుడ్డ సాధారణంగా ప్రతిష్టంభనను తొలగించడానికి అవసరమైనది
120.wav,చాలా మసాజ్ సమయంలో మహిళ సౌకర్యవంతంగా మరియు సురక్షితంగా విశ్రాంతి అనుమతించే ఒక ప్రత్యేక పట్టిక ఉంటుంది
121.wav,బాల్టాంపరింగ్తో ఏడాది పాటు క్రికెట్కు దూరమైనా ఇంకా మారలేదని నెట్టింట్లో పోస్ట్లు పోటెత్తాయి
122.wav,అయితే చైనా కి సంబంధించిన వస్తువులను పలు చోట్ల భారతీయ వ్యాపారులు ధ్వంసం చేస్తున్నారు
123.wav,ట్రంక్ యొక్క పెద్ద మరియు శక్తివంతమైన పొడిగించిన బేస్ యొక్క లక్షణం ఈ రకమైన
124.wav,ఇకపోతే గత రెండు రోజులుగా జరుగుతున్న కలెక్టర్ల సదస్సులో కీలక నిర్ణయాలు తీసుకున్నారు
125.wav,తినే ముందు చేతులను సబ్బు లేదా లిక్విడ్ హ్యండ్ వాష్తో శుభ్రం చేసుకోవడం మాత్రం మర్చిపోకండి
126.wav,గువాహాటీలో సీనియర్ వకీల్ ముస్తఫా అలీ దాని గురించి వివరించారు
127.wav,ఇలాంటి వారిని అలాగే వదిలేస్తే వియాకు మాల్కోవాకు గుడికడతారని ఎద్దేవా చేశారు
128.wav,ఇది పరికరం పూర్తిగా అనురూప త్రిమ్మర్లు క్రమపరచువాడు పరికరం అని గమనించాలి
129.wav,మొదటి భార్య సోదరుడు పెండ్లి అయిన నాటి నుంచి సోదరి జాడ తెలుసుకోవడారనికి ఎంత వేత్తికిన ఎక్కడ లభించాలేదు
130.wav,ఇక భారత ఆటగాళ్ల మ్యాచ్ ఫీజులు చూసి అభిమానులు ఆశ్చర్యం వ్యక్తం చేస్తున్నారు
131.wav,ఆ సమయంలో ఎందుకు తినకూడదనే డౌట్ మనలో చాలా మందికి కలుగుతుంది
132.wav,అందువల్ల మనదేశానికి నిధులను సమకూర్చుతున్న దేశాలలో మారిషస్ అగ్రస్థానంలో ఉండడానికి వెనుకగల నల్లని రహస్యం ఇదీ
133.wav,అరెవెన్సా ఈ విధానాన్ని ప్రగతి హౌసింగ్ అండ్ పార్టిసిపేటరీ డిజైన్ అని పిలిచారు
134.wav,దానిపై ఆగ్రహించిన పవన్ కల్యాణ్ ఫ్యాన్స్ ఓ హోటల్లో ఆయనపై దురుసుగా ప్రవర్తించారనే ప్రచారం ఉంది
135.wav,కరోనా వైరస్ మహమ్మారి ను అరికట్టడానికి రెమెడీసివిర్ డ్రగ్ చాలా కీలకం అయిన సంగతి తెలిసిందే
136.wav,దీంతో మరోసారి పోలీస్ అధికారులు జరిపిన విచారణతో ఫోర్బ్స్ నిర్దోషి అని స్పష్టంగా తేలడంతో కోర్టు అతడిని విడుదల చేసింది
137.wav,అస్లాం తలను బ్యాట్ బృందమే తీసుకొని వెళ్లిపోయి ఉంటుందని భారత్ ఆర్మీ అనుమానిస్తోంది
138.wav,అలా విడుదల చేసిన కొన్ని గంటల్లోనే అణుపరీక్షను ఉత్తరకొరియా నిర్వహించిందని దక్షిణ కొరియా తెలిపింది
139.wav,దీంతో ఈసారి ఎలాగైనా కప్పు కొట్టాలనే కసితో ఇంగ్లాండ్ గడ్డపై అడుగు పెట్టింది
140.wav,ఆదివారం బోయిన్పల్లిలోని తన నివాసంలో డ్రై డే కార్యక్రమంలో భాగంగా మొక్కల మధ్యలో ఉన్న చెత్తను తొలగించారు మంత్రి
141.wav,మద్యం లో పోర్ మరియు త్వరగా ప్రతి బిస్కట్ తో విడివిడిగా పరిష్కారం నాని పోవు
142.wav,గుత్తాధిపత్య సంస్థలు ఒక నిర్దిష్ట ఉత్పత్తి యొక్క మార్కెట్లో ఆధిపత్య స్థానాన్ని ఆక్రమించే సంస్థలుగా పిలుస్తారు
143.wav,పట్టిక మరియు గది కోసం కుడి ఎత్తులో ఒక భోజనాల గది షాన్డిలియర్ను వేలాడదీయండి
144.wav,తాజాగా హీరోయిన్ సారా అలీ ఖాన్ కూడా సుశాంత్ తో తన అనుబంధాన్ని గుర్తు చేసుకుంది
145.wav,ఫ్రేమ్ టెక్నాలజీ చవకగా మరియు ఇంటి నిర్మాణం అమలు వారి సొంత ఉంటుంది
146.wav,అందుకే న్యూ ఇయర్ సెలబ్రేషన్స్ కు కుటుంబ సమేతంగా ఛలో సింగపూర్ అన్నారు
147.wav,సినిమాల్లో తన లోటుని భర్తీ చేస్తోంది తన తనయుడు రామ్చరణ్ అనిచెప్తూ పుత్రోత్సాహంలో ఎన్నోసార్లు పొంగిపోయారు మెగాస్టార్ చిరంజీవి
148.wav,పోర్టబుల్ సంపీడన వాయు ట్యాంకు యొక్క భాగాలను మీరు సులభంగా మరియు సురక్షితంగా ఉపయోగించడానికి అవసరమైన అన్ని లక్షణాలను అందిస్తాయి
149.wav,ఇప్పుడు ఆన్లైన్లోనే చేయవచ్ఛు సర్టిఫికెట్లనూ అందుకోవచ్ఛు ప్రత్యక్షంగా చేసిన ఇంటర్న్షిప్లతో సమానంగా వీటికీ ప్రాధాన్యం ఇస్తారు
150.wav,ఓపక్క కేసీఆర్ ను తన మిత్రుడిగా ఒప్పుకుంటున్న జగన్ మాటలు పార్టీకి డ్యామేజ్ చేయటం ఖాయమంటున్నారు
151.wav,తన ప్రభుత్వంలో మంత్రులు ఎవరూ డమ్మీలు కారని ఆయన అధికారులకు స్పష్టంచేశారు
152.wav,కరోనా పరిస్థితి ఇలాగే కొనసాగితే సగం నగరం ఖాళీ కావడం ఖాయమని సమాచారం
153.wav,అనైతిక పద్ధతుల్లో ఎమ్మెల్యేలను లోబరుచుకోవడం మహారాష్ట్ర సంప్రదాయం కాదని హితవు పలికింది
154.wav,నార్తర్న్ ఐర్లాండ్ లోని డార్క్ హగ్జెస్ యొక్క బీక్ అవెన్యూ వెంట షికారు చేయు
155.wav,హైదరాబాదులో ఓ జ్యువెలరీ స్టోర్ ఓపెనింగ్ కు వచ్చిన ఆమె ఊహించని పరిణామం ఎదుర్కొంది
156.wav,అన్ని ఆహార ప్రదేశాలు శ్రద్ధగల మరియు ప్రాంప్ట్ సిబ్బంది శుభ్రంగా ఉంటాయి
157.wav,హైదరాబాద్ లాలాపేట ప్రభుత్వ ఉన్నత పాఠశాలలో కార్పొరేట్ స్కూల్స్కు ఏమాత్రం తీసిపోకుండా కొవిడ్ నిబంధనలు పాటిస్తున్నారు
158.wav,ప్రపంచవ్యాప్తంగా పదుల కోట్లమంది అభాగ్యుల జీవితాలతో నిరంతరం మృత్యుక్రీడలాడుతున్న నిశ్శబ్ద హంతకి పేరు పేదరికం
159.wav,తాజాగా మరో సీనియర్ నేత జగ్గారెడ్డి ఇదే అంశంపై అధిష్టానానికి లేఖ రాశారు
160.wav,రెండు వేల నిరుద్యోగ భృతి చెల్లిస్తామని ఎన్నికల మేనిఫెస్టోలో టిడిపి హామీ ఇచ్చింది
161.wav,యువతాభివృద్ధి మంత్రిత్వ శాఖ కింద యువతకు ప్రత్యేక మౌలిక సదుపాయాలు కల్పిస్తామని తెలిపారు
162.wav,సులువైన అడ్డదారిలో ప్రయాణం చేసే బదులు కష్టమైనా విజయం సాధించే దారిలో నడవడం మంచిదేమో
163.wav,పైలెట్ ప్రాజెక్టు కింద ఇప్పటికే సంస్థ పది లక్షల మంది యూజర్లకు ఈ నూతన సర్వీసులను అందిస్తున్నది
164.wav,దీంతో సుప్రీంకోర్టు ప్రతి అంశాన్ని సోమవారమే వింటామని కోర్టు స్పష్టం చేసింది
165.wav,గత ఆదివారం బజ్గేరా ప్రాంతంలోని ఓ కాలువలో గుర్తు తెలియని మృతదేహాన్ని స్థానికులు గుర్తించారు
166.wav,కష్టకాలంలోనూ ఆస్పత్రుల్లో వైద్య సేవలందిస్తున్న సిబ్బందికి అభినందనలు వెల్లువెత్తుతుంటే ఓ భర్త మాత్రం దారుణానికి ఒడిగట్టాడు
167.wav,పేదల కోసం సోనూసూద్ తీసుకున్న సరికొత్త నిర్ణయం దేశ వ్యాప్తంగా సంచలనం సృష్టించింది
168.wav,దాన్ని చదివి జేబులో పెట్టుకొని వాదన పూర్తి చేసి తన క్లయింట్ ను గెలిపించారు
169.wav,భారత్ హైకమిషనర్గా ఉన్న ఫిలిప్ బార్టన్ బ్రిటన్ ప్రభుత్వ ఆదేశాల మేరకు గత ఏడాది స్వదేశానికి వెళ్లిపోయారు
170.wav,ప్రస్తుతం దేశంలో అత్యుత్తమ రాజనీజ్ఞుడు ఎవరు అంటే చాలా మంది చెప్పే పేరు అమిత్షా
171.wav,అధినేత వేసే ఎత్తులు పలించకపోవచ్చని తెలిసినా దాన్ని కాదనే ధైర్యం చేయలేక కొందరు నేతలు బాబును ఆకాశానికి ఎత్తేస్తుంటారు
172.wav,మరి ప్లాప్ ల్లో ఉన్న ఈ హిట్ కాంబినేషన్ హిట్ కొడుతుందా చూడాలి
173.wav,నిర్ధారణ మరియు అంటువ్యాధులు తరచుగా తేలికపాటి ఉన్నప్పుడు ఇది సులభంగా చికిత్స చేయగలదు
174.wav,కాబట్టి మీరు సంబంధిత సర్టిఫికెట్లను లభ్యత గురించి ముందుగానే హెచ్చరించారు చేయాలి
175.wav,దీని ప్రయవసానమే కడుపు మీద చారలు ఏర్పడి అవి ఎప్పటికి అలానే ఉండిపోతాయి
176.wav,వారితోపాటుగా కొండెపి ఎమ్మెల్యేగా గెలిచిన డోలా బాలవీరాంజనేయస్వామి కూడా సైకిల్ దిగేందుకు సంసిద్ధులవుతున్నట్టు చెబుతున్నారు
177.wav,ఈ ప్రక్రియకు సంబంధించిన విధి విధానాలు నాలుగైదు రోజులలో ఖరారు చేస్తామన్నారు
178.wav,ఒకప్పుడు తెలుగు యువతని ఒక ఊపు ఊపిన ఇలియానాని చంద్రశేఖర్ యేలేటి ఎంపిక చేసినట్లు తెలుస్తోంది
179.wav,ఈ వీడియో సాంగ్ రిలీజైనప్పటి నుంచి భారీగా వ్యూస్ వస్తున్నాయి
180.wav,వాటి కోసం సంఖ్యలు పనిచేయడం దుర్భరమైన కాదు మరియు అలసిపోయాము కాదు
181.wav,ఈ ఎత్తుగడలను సంబంధ మిశ్రమాలలాగా పిలుస్తారు మరియు మీరు సంపాదిస్తారు ఎక్కువ పాయింట్ల సంఖ్యను మరింత స్ట్రింగ్ చేయగలవు
182.wav,ఇదంతా అధికారుల ముందు జరుగుతున్న పట్టించుకోకపోవడం పై పలు విమర్శలకు తావిస్తుంది
183.wav,భారత క్రికెట్ జట్టు అద్భుత విజయం సాధించినందుకు అత్యంత సంతోషంగా ఉందంటూ ట్వీట్ చేశారు
184.wav,ఆపరేటింగ్ సిస్టమ్ తర్వాత మీరు ఇన్స్టాల్ చేయమని ప్రాంప్ట్ చేస్తుంది మరియు వినియోగదారు నుండి ఏదీ అవసరం లేదు
185.wav,అమెరికా భారత్ల మధ్య ద్వైపాక్షిక సంబంధాలు మరింత బలోపేతం చేసేదానిపైనే తాను దృష్టిసారించనున్నట్లు తెలిపారు
186.wav,ఈ సందర్భంగా అభిమానులకు కృతజ్ఞతలు తెలుపుతూ ఓ వీడియో పోస్ట్ చేసింది రకుల్
187.wav,ఆ సమయంలో ఆమెకు తోడై నిలిచిన కుటుంబం ఒంటరితనాన్ని పోగొడుతుంది
188.wav,అసలు ఉందో లేదో తెలియని అమరావతిలో దళిత ఆశాజ్యోతి విగ్రహం కావాలట
189.wav,ఖచ్చితంగా వరల్డ్ ఫేమస్ లవర్ అనే టైటిల్ ఈ మూవీకి చక్కగా సరిపోతుంది
190.wav,బాగా శిక్షణ పొందిన బ్రిటీష్ సైన్యం నార్మాండీ కోసం నౌకలపై ఉండటానికి చాలాకాలం పాటు ఎన్నుకోబడింది
191.wav,హెపటైటిస్ మరియు గ్యాస్ట్రిక్ శ్లేష్మం వ్రణోత్పత్తి గాయం యొక్క బహుశా కూడా అభివృద్ధి
192.wav,ఇది ఎగ్జిక్యూటివ్ శరీర కారు చర్య నమోదు గతంలో విధించిన నిషేధాన్ని తొలగిపోతాయి సూచికను ఉంటుంది
193.wav,మరోవైపు తాము నష్టపోయిన వైనాన్ని సీఎంకు వి వరించేందుకు ఉద్యోగులు సిద్ధమవుతున్నారు
194.wav,వైఎస్ గారితో అలాగే జగన్ గారితో క్లోజ్గా ఉండి పాదయాత్ర చేస్తా అనుకోలేదు
195.wav,బహుశా యూనియన్ పబ్లిక్ సర్వీస్ కమిషన్ పరీక్షలో ఇలాంటి సంఘటన జరగడం మొదటిసారేకావచ్చు
196.wav,ఎస్పీఎస్ నెల్లూరు జిల్లాలోని ఓజిలి మండలం పెద్ద చెరువు దగ్గర గురువారం జరిగిన రోడ్డు ప్రమాదంలో ఐదుగురు మృతి చెందారు
197.wav,ఇది ఈ కార్యక్రమం ఫ్యాన్ క్లబ్ కాథరిన్ గణనీయంగా కొత్త సభ్యులు తో సమృద్ధ పూర్తయిన తర్వాత ఉంది
198.wav,అతని వద్ద ఉన్న లైసెన్స్డ్ రివాల్వర్ ను స్వాధీనం చేసుకున్నారు
199.wav,ఆ సీరియల్ కి రాజమౌళి దర్శకుడు కావడం నా జీవితంలో ఒక తీపిజ్ఞాపకం
200.wav,విశాఖ జిల్లా చింతపల్లిలో చోటుచేసుకున్న ఈ ఘటన మన అభివృద్ధిని ప్రశ్నిస్తోంది
201.wav,ఏసియన్ గేమ్స్లో భారత్ తరపున ఊషూ క్రీడలో పతకాన్ని అందుకున్న తొలి మహిళా క్రీడాకారిణిగా రికార్డును నెలకొల్పింది రోషిబినా
202.wav,జరిగిన విషయం తన తండ్రికి చెప్పడంతో ఆయన స్థానిక పోలీస్ స్టేషన్లో ఫిర్యాదు చేశాడు
203.wav,యంగ్ టైగర్ ఎన్టీఆర్ ట్విట్టర్ వేదిక అభిమానులకు క్రిస్మస్ శుభాకాంక్షలు తెలియజేశారు
204.wav,ఇక ఈ నేపథ్యంలో సుజనా పేరును కూడా బిజెపి అగ్రనాయకత్వం పరిశీలిస్తోంది
205.wav,కానీ క్రీజులోకి వచ్చామంటే ఇన్నింగ్స్ ఆఖరి బంతి వరకు ఆడితీరాలన్న జట్టు యాజమాన్యం ఆదేశాలను తూచా తప్పకుండా పాటించాడు
206.wav,గత నెలలో ఎన్నికలు ఉన్న నేపథ్యంలో ప్రతికూల ఫలితాలు వచ్చే అవకాశమున్నందున పెట్రోలు ధరల పెంచకుండా ప్రభుత్వం నిర్ణయం తీసుకుంది
207.wav,ఈ ప్రతీ క్రైస్తవుడు క్రైస్తవుల జీవితంలో ఆడటానికి వేరే పాత్రను కలిగి ఉన్నారు
208.wav,రామ్ కుమార్ గొంతు గాయంపైనా న్యాయవాది రామరాజ్ అనుమానం వ్యక్తం చేశారు
209.wav,గంగాధర నెల్లూరు మండలంలో రెండు రోజుల క్రితం విత్తనాల పంపిణీ ప్రారంభించారు
210.wav,ఆ తర్వాతి రోజున కోల్ ఇండియా ఆఫీస్ ఎదుట ధర్నా చేస్తామని చెప్పారు
211.wav,సెలబ్రెటీల జీవితంలో కొన్ని ప్రెవేట్ మూవ్ మెంట్స్ ఆసక్తికరంగా ఉంటాయి
212.wav,తల్లిదండ్రులు పాప ఏదని బంధువులను అడిగినప్పుడు పక్క ఇంటి అతను పాపను ఎత్తుకు పోయాడని చెప్పింది
213.wav,టెంపర్ సినిమా తరువాత ఈ స్టార్ హీరో వరసగా హిట్స్ కొడుతున్నాడు
214.wav,ఫీల్డింగ్ చేస్తు్న్న టర్నర్ సులువుగా క్యాచ్ అందుకున్నాడు
215.wav,లక్ష్మీనారాయణ కూడా ఢిల్లీలో ఆప్ విజయం తర్వాత ఆ పార్టీలో చేరితే ఎలా ఉంటుందనే ఆలోచన చేస్తున్నారట
216.wav,ఈ క్రమంలో ఎక్కువగా ఉంటుంది రచయిత మరియు తన ఊహాత్మక హీరో ఏకం కొన్ని సమాంతరాలు డ్రా
217.wav,అయితే సుదీర్ఘంగా బడ్జెట్ ప్రసంగం కొనసాగింపు వల్ల షుగర్ లెవల్స్ తగ్గడంతో రెండు పేజీలు చదవకుండానే తన ప్రసంగాన్ని ముగించారు
218.wav,వీరికి సుధాకర్ తో పాటు మరో ఇద్దరు కూతుళ్లు కూడ ఉన్నారు
219.wav,త్వరలో ఓ రాజకీయ పార్టీ లో చేరుతానని ప్రకటించిన మాజీ ఎంపీ
220.wav,అంతేగాక సోషల్ మీడియా మాధ్యమాలలో ఈ విషయాన్ని తెగ ట్రోల్స్ చేస్తున్నారు
221.wav,వారి వల్ల నడిచే దూరం తగ్గదు కానీ దారి అంతా వెలుతురు పరుచుకుంటుంది
222.wav,కానీ ఫేస్బుక్ అంటే పడిచచ్చేవారికి సంతోషం కలిగించేలా ఓ పరిశోధన జరిగింది
223.wav,ఆ మేస్త్రీ ఏమో తన తప్పును ఇటుకలు తయారు చేసిన వ్యక్తి మీదకు తోస్తాడు
224.wav,అదే విధంగా మనదేశంలోనూ మెల్లిగా సడలింపులతో ప్రజా జీవితం తిరిగి గాడిలో పడుతోంది
225.wav,అప్పటినుంచి గ్యాస్కంపెనీ లు రెండుసార్లు ధరలు పెంచడం వల్ల సిలిండరుకు రూ
226.wav,ఈ ప్రాంతాన్ని భూమి యెక్క ఆధ్యాత్మిక నియంత్రణ కేంద్రమని కూడా పిలుస్తారు
227.wav,జగన్ సొంతకుంపటి పెట్టాక ఆయన కాంగ్రెసు పార్టీకి గుడ్ బై చెప్పారు
228.wav,చెలామణిలో ఉన్న నోట్లను ఇచ్చే ఏటీఎంలు ఏయే ప్రాంతాల్లో ఉన్నాయనే విషయం తెలియక ప్రజలు కొంత ఇబ్బంది పడుతున్నారు
229.wav,డైరెక్టర్ యాక్షన్ చెప్పగానే ఎలాంటి పొరపాట్లు చేయకుండా ఫుల్ ఎనర్జీతో క్యారెక్టర్లోకి వెళ్ళిపోతారు
230.wav,ముఖేష్ అంబానీ భార్య నీతా అంబానీ పేరుగాంచిన మహిళా వ్యాపారవేత్తగా రాణిస్తున్నారు
231.wav,వీటన్నింటిని తుది జాబితాలో తొలగించనున్నట్లు రాష్ట్ర ప్రధాన ఎన్నికల అధికారి రజత్ కుమార్ చెప్పారు
232.wav,దీని వల్ల మదర్సా విద్యార్థులు కూడ దేశ అభివృద్దిలో పాలుపంచుకునే అవకాశం కల్గుతుందని అన్నారు
233.wav,రజినీకాంత్ కు పొలిటికల్ గా మైలేజ్ ఇచ్చేలా ఈ సినిమాను ప్లాన్ చేస్తున్నారని టాక్
234.wav,తాజాగా కల్కితో మంచి పేరు తెచ్చుకున్న ప్రశాంత్ వర్మకు ఈ సినిమా బాధ్యతలు ఇచ్చే అవకాశం ఉన్నట్లు తెలుస్తుంది
235.wav,వారానికోసారి క్షేత్రస్థాయిలో పర్యటన జరిపి నేరుగా పరిశీలించాలని అధికారులను మంత్రి ఆదేశించారు
236.wav,అత్యంత సాధారణ పూతలు అక్రిలిక్ మరియు పత్తి థ్రెడ్ యొక్క మిశ్రమం
237.wav,ఈ కేసును మూసేయాలని సిబిఐ ఇచ్చిన నివేదికను పక్కన పెట్టేసి కేసును తిరిగి తెరవాలని కోర్టు ఆదేశాలు ఇచ్చింది
238.wav,హోటల్ లాబీలోకి ఏనుగు ప్రవేశించిన వీడియో సోషల్ మీడియాలో నవ్వులు పూయిస్తోంది
239.wav,రాష్ట్రంలో వ్యవసాయదారులు ఎదుర్కొంటున్న సమస్యలపై చర్చించే తీరిక ప్రభుత్వానికి లేకుండా పోయిందన్నారు
240.wav,ఓవైపు కరోనా వైరస్ కారణంగా విజయవాడలో లాక్ డౌన్ కొనసాగుతోంది
241.wav,కుల్భూషణ్ జాదవ్ కేసుపై ఐసీజేలో నాలుగు రోజులపాటు సాగనున్న విచారణలో భారత్ మొదట తన వాదనలు వినిపించింది
242.wav,కార్మిక శాఖ చేపట్టిన డ్రైవ్లో సంబంధిత రంగాల్లో పిల్లలను గుర్తిస్తే సంబంధిత సంస్థలకిచ్చిన ప్రభుత్వ అనుమతులు రద్దు చేస్తామన్నారు
243.wav,మున్ముందు వైసీపీ అధినేత విసిరే పంచ్ ఎలా ఉండబోతోందో చూడాలంటున్నారు రాజకీయ విశ్లేషకులు
244.wav,పదమూడు నెలల పాటు పాక్ చెరలో బందీలుగా ఉన్న సిక్కోలు మత్స్యకారులకు విముక్తి కలిగింది
245.wav,డ్రైవర్ లాక్ లోకి కీ ఇన్సర్ట్ మరియు మూడవ స్థానానికి మలుపు మాత్రమే అవసరం
246.wav,అంతరిక్షంలోకి వెళ్లిన తరవాత వచ్చే సన్నివేశాల్లో వీఎఫ్ఎక్స్ వర్క్ ఊహించిన స్థాయిలో లేదు
247.wav,త్వరలోనే ఓ స్టార్ హీరో సరసన ఫుల్ లెంగ్త్ కమర్షియల్ సినిమా చేయబోతున్నానని ప్రకటించింది
248.wav,పార్టీలు అలాగే ఫంక్షన్ లలో హైలైట్ అవ్వాలని పిల్లలకు కూడా ఫేషియల్ ను చేయిస్తున్నారు
249.wav,కాగా తిరుపతి నుంచి రాయచోటికి వెళ్తుండగా ఈ ప్రమాదం జరిగినట్లు తెలుస్తుంది
250.wav,ఇతర అభివృద్ధి చెందుతున్న దేశాలతో పోలిస్తే మాత్రం మనదేశం కొంత వెనకబడే ఉంది
251.wav,ప్రత్యర్థులనే కాకుండా నాటో దేశాలను ఇరుకున పడేస్తున్న ఆయన తాజాగా టర్కీపై నిప్పులు చెరిగారు
252.wav,ఈ ఒక్కమాటనాధారంగా చేసుకొని సందేశాన్ని వస్తువుగా స్వీకరించి నగరాలనన్నిటినీ పరిచయం చేయడం కాళిదాసు వర్ణనా నైపుణ్యానికి నిదర్శనంగా భావించవచ్చు
253.wav,ఇదిలా ఉంటె ఈయనతో ఓ సినిమా చేయాలనీ తెగ ఆరాటపడుతున్నారు నిర్మాత దిల్ రాజు
254.wav,మీ పెద్ద కాలి చుట్టూ మీ మొదటి రెండు వేళ్లు వ్రాసి తేలికగా క్రిందికి లాగండి
255.wav,అయితే పెండింగ్ బిల్లుల సమస్య అన్నది రెండే ళ్లుగా అధికారంలో ఉన్న ఎన్డిఎ ప్రభుత్వానికే పరిమిత మైంది కాదని అన్నారు
256.wav,దీనితో ఆయన స్థానంలో మరొకరిని తీసుకునే అవకాశం ఉందనే ప్రచారం కూడా జరుగుతుంది
257.wav,ఒక ఐదు సంవత్సరాల మోడెమ్ బహుశా మీ సర్వీసు ప్రొవైడర్ల వేగంని నిర్వహించలేదు
258.wav,ప్రతిపక్షాలతో కలిసి తృణమూల్ ఎంపీలు గత పార్లమెంట్ హయాంలో బిల్లును వ్యతిరేకించారు
259.wav,మహిళా అధికారి అని కూడా చూడకుండా ఇష్టం వచ్చినట్లు దాడిచేసినట్టు అధికారులు వాపోయారు
260.wav,అనంతరం వెంటనే అతడు క్రికెట్ ఆస్ట్రేలియా మెడికల్ సిబ్బందిని కలవనున్నాడు
261.wav,అటుగా వెళ్తున్న పెట్రోలింగ్ పోలీసులు దాడిని చూసి వెంటనే అక్కడకు చేరుకున్నారు
262.wav,ఆఫ్ఘనిస్థాన్తో జరుగుతున్న ఈ మ్యాచ్లో విరాట్ దిగ్గజాల రికార్డును బ్రేక్ చేస్తాడో లేదో చూడాలి
263.wav,ఆయనే కాదు టీఆర్ఎస్ వర్కింగ్ ప్రెసిడెంట్ కల్వకుంట్ల తారక రామారావు సైతం ఏపీలో వైసీపీనే విజయం సాధిస్తుందని బహిరంగంగానే ప్రకటించారు
264.wav,టీఆర్ఎస్ కం డువా కప్పుకోవడమంటే అభివృద్ధికి అండగా నిలువడమేనని ఆయన స్పష్టం చేశారు
265.wav,ఈ కార్యక్రమంలో ప్రధాన మంత్రి నరేంద్ర మోడీతోపాటు అస్సాం ముఖ్యమంత్రి సర్వానంద్ సోనోవాల్ కూడా ఉన్నారు
266.wav,సమయం తక్కువగా ఉన్నందున కలెక్టర్లు ప్రత్యేక దృష్టిసారించి నిర్మాణాలు పూర్తిచేసే విధంగా చర్యలు చేపట్టాలన్నారు
267.wav,విపక్షాలు నోటికొచ్చినట్లు ఆరోపణలు చేస్తే పరువు నష్టం దావా వేస్తామని కేటీఆర్ హెచ్చరించారు
268.wav,యూట్యూబ్ ద్వారా వచ్చిన ఫేమ్ తో టాలీవుడ్ లో హీరోయిన్ కావాలనే ప్రయత్నాలలో ఉన్నారు వైష్ణవి
269.wav,అయితే ఆ పాలు తాగిన భర్త వెంటనే మంచమెక్కి నిద్రలోకి జారుకున్నాడు
270.wav,టాలీవుడ్లో కొన్ని సార్లు కొన్ని చిత్రాలు ఒక హీరో చేయాల్సింది మరో హీరో చేస్తూ ఉంటాడు
271.wav,ఇక్కడ సవరించిన లేదా విస్తరించిన నాలుగు చదరపు గార్డెన్ యొక్క గొప్ప ఉదాహరణ
272.wav,అదే విధంగా సేఫ్ లాకర్ ఫెసిలిటీని ప్రారంభిస్తున్నట్లు యెస్ బ్యాంకు సీనియర్ గ్రూపు ప్రెసిడెంట్ రాజన్ పెంటల్ పేర్కొన్నారు
273.wav,ఆ ప్రాజెక్టును అటకెక్కిస్తే ఇప్పటి వరకూ చేసిన వ్యయం బూడిదలో పన్నీరుగా మారుతుందని ఆవేదన వ్యక్తం చేస్తున్నారు
274.wav,గ్రౌండ్ పండ్లు ఫాలెన్ చేసేవారు మరియు తప్పుడు స్నేహితులు మిమ్మల్ని కలిగించు ప్రమాదాల గురించి హెచ్చరించారు
275.wav,ఈ తర్కాన్ని అనుసరించే సిద్ధరామయ్య ప్రభుత్వం లింగాయుతులను హిందువులు కాదని నిర్ణయించింది
276.wav,చోరీ ఘటనలో బ్యాంకు మేనేజర్ పురుషోత్తం పాత్ర ఉన్నట్లు పోలీసులు అనుమానిస్తున్నారు
277.wav,శ్రీలంక ఆటగాళ్లు బ్యాటింగ్ చేస్తున్న సమయంలో ఆస్ట్రేలియా ప్రధాని స్కాట్ మారిసన్ ఒక్కసారిగా మైదానంలోకి పరుగెత్తుకు వచ్చారు
278.wav,నా వద్ద ఉన్న డబ్బు ని బజాజ్ ఫైనాన్స్ లో డిపాజిట్ చేద్దామనుకుంటున్నాను
279.wav,సోమవారం జరిగిన ట్రేడింగ్లో రిలయన్స్ సంస్థ మార్కెట్ లీడర్ హోదాను కూడా కోల్పోయింది
280.wav,ఇప్పటివరకు కంటో న్మెంట్ వెబ్సైట్లో నమోదు చేసుకునే వారని ప్రస్తుతం దేశమంతటా అనుసంధానం చేసినట్లు తెలిపారు
281.wav,భూమి యొక్క చుట్టుకొలత యొక్క గణనీయమైన భిన్నంగా ఉండే దీర్ఘకాలిక తరంగాల వద్ద భూకంప శక్తి విడుదల చేయబడింది
282.wav,సాధారణ పరిభాషలో ఈ ఫంగస్ తెల్ల టోడ్స్టూల్ గా పిలువబడుతుంది
283.wav,కేవలం రెండు నిమిషాలు మాత్రమే ఉన్న ఈ పాటతో శ్రీ మణి తన స్థాయిని అమాంతంగా పెంచేసుకున్నాడు
284.wav,అమ్మకం సమయంలో ఒప్పందాలు క్షణాల్లోనే వస్తాయి కాబట్టి మీకు కావలసిన వస్తువుల విషయాల జాబితాతో మీరు సిద్ధంగా ఉండాలి
285.wav,ఇక వీరిద్దరి మధ్య ఏజ్ గ్యాప్ రాకపోయినా కూడా హైట్ గ్యాప్ చాలా తేడా వస్తుంది
286.wav,మండలంలోని అన్ని పాఠశాలల్లో కూడా ఆటపాటలతో పాటు పలు సాంస్కృతిక కార్యక్రమాలు నిర్వహించారు
287.wav,ఈ మిస్టరీ స్పిన్నర్ నిబంధనల మేరకే మోచేయి వంచి బౌలింగ్ చేసినట్లు కమిటీ వివరణ ఇచ్చింది
288.wav,మిశ్రమం యొక్క నాణ్యత మాత్రమే ప్రధాన జెట్ యొక్క పరిమాణం ఎంపిక తేలుస్తారు
289.wav,ఎంతో ఉన్నత శిఖరాలకు ఎదగాల్సిన విద్యార్థుల జీవితాలు ఇలా మధ్యలోనే అసువులు బాస్తున్నారని ఆవేదన వ్యక్తం చేస్తున్నారు
290.wav,ఉత్తరాఖండ్ లోని రామ్ నగర్ జిల్లాలో ఈ రియాల్టీ షో షూటింగ్ జరుగుతుంది
291.wav,తాజాగా ఆమె ఓ ఇంటర్వ్యూలో తన గత జీవితం గురించిన విషయాలను పంచుకున్నారు
292.wav,మిగిలిన కోతులను చూసి కూడా ఈ వానరం కుక్క వద్దే ఉండటం ఆశ్చర్యపరుస్తోంది
293.wav,కరోనా వైరస్ బారిన పడుతున్న బ్యాంకు ఉద్యోగుల సంఖ్య పెరిగిపోతుండటంతో ఆ రాష్ట్ర ప్రభుత్వం ఈ మేరకు నిర్ణయం తీసుకుంది
294.wav,బీజేపీ యువ విభాగానికి చెందిన నేతలు ఏర్పాటు చేసిన కార్యక్రమంలో దత్ పాల్గొన్నారు
295.wav,ఈ వెంటనే స్పష్టంగా ఈ కూటమి అని నమ్మశక్యం బలం ఉంది
296.wav,అత్యంత ప్రమాదకరమైన వీరేందర్ సెహ్వాగ్ కూడా సచిన్ దరిదాపుల్లో ఉండబోడని ఆయన అన్నారు
297.wav,సోషల్ మీడియాలో వైరల్గా మారిన వీడియోపై తాము జట్టు సభ్యుల నుంచి వివరణ తీసుకున్నామని అన్నారు
298.wav,బాలీవుడ్ హీరోయిన్ రాణి ముఖర్జీ గ్లామర్కు డిమాండ్ లేకపోవడంతో ఈ మధ్య సినిమాల్లో కనిపించడం లేదు
299.wav,గుమ్మడికాయ ప్రతి స్ట్రిప్ న చికెన్ యొక్క భాగాన్ని చాలు మరియు చీజ్ తో చల్లుకోవటానికి
300.wav,తన తల్లి కోమా నుంచి బయటకు వచ్చినపుడు ఆమె హాస్పిటల్ గదిలో హెరాయిన్ తీసుకుంటూ సంజయ్ కనిపిస్తాడు
301.wav,చంద్రబాబు ఎన్నో ఆశలు పెట్టుకున్న కడప జిల్లాలో బాబు వ్యూహం ఎదురు తిరిగింది
302.wav,నారా లోకేష్కు త్వరలోనే టీడీపీ పగ్గాలు అప్పగించబోతున్నారని వైసీపీ ఎంపీ విజయసాయిరెడ్డి వ్యాఖ్యానించారు
303.wav,భోజనం తర్వాత దానికి శారీరక అవసరాలు మించని మరియు మరోసారి డౌన్ వంచు లేదు కోరబడుతుంది
304.wav,చిత్రాన్ని జూలై లో విడుదల చేసేందుకు రెడీ అవుతున్నారు చిత్ర నిర్మాత బి వి ఎస్ ఎన్ ప్రసాద్
305.wav,ఒకరిద్దరు ఏ మాత్రం చూపులకి మార లేదు కాలేజీ రోజుల్లో యెలా ఉన్నారో అలాగే ఉన్నారు
306.wav,స్పీకర్కు ధన్యవాదాల తీర్మానం సందర్భంగా సభలో అందరూ హుందాగా ప్రవర్తించారన్నారు
307.wav,వారం రోజుల పాటు విశ్రాంతి తీసుకోవాలని వైద్యులు సూచించడంతో మూవీ కొన్నిరోజుల పాటు వాయిదా పడింది
308.wav,ప్రస్తుతం అమెరికా పర్యటనలో ఉన్న రాహుల్ న్యూయార్క్లో ఏర్పాటు చేసిన ఎన్నారై సభలో ప్రసంగించారు
309.wav,మరియు డేటా ఐడెంటిఫైయర్లు మీరు భవిష్యత్ సూచన కోసం ఉంచుకుంది చేయాలి పనిని ఏమి మరియు నిర్వచించడానికి అనుమతిస్తాయి
310.wav,ఏది ఏమైనా రాధిక కామెంట్స్ మాత్రం కాస్తా తెలుగు సినిమా వాళ్లకి సంతోషం కలిగించేవి అన్న మాట వాస్తవం
311.wav,ఈ నేచురల్ ఎఫెక్టివ్ హోం రెమెడీస్ ట్రై అండ్ టెస్ట్ చేసి నిర్ధారించబడినవి
312.wav,దీనిని బట్టి మనమే అర్ధం చేసుకోవచ్చు చికెన్ ధర మార్కెట్లో ఎలా ఉందొ
313.wav,ఈ సందర్భంగా ఆమె మాట్లాడుతూ పట్టణాన్ని అభివృద్ధి పరచే దిశగా కౌన్సిలర్లతో కలిసి ముందుకుసాగుతున్నట్టు తెలిపారు
314.wav,గతేడాది చివర్లో జరిగిన ఆటగాళ్ల వేలంలో ఈ ఆంటిగ్వా పేసర్ను ఏ ఫ్రాంచైజీ దక్కించుకోలేదు
315.wav,కానీ కలిసి కాకుండా తీవ్రమైన పరిణామాలు కూడా చాలా హానికరం మందులు ద్వారా రోజువారీ అదే సమయంలో ఉంటే
316.wav,ఈ సినిమాలో ఆల్రెడీ బాలీవుడ్ భామ మందిరా బేడీ కీలక పాత్ర చేస్తున్నారు
317.wav,నవాజ్ కోసం లాహార్లో మొత్తం భారీ ఎత్తున ఏర్పాట్లు జరుగుతున్నాయి
318.wav,భాషా భేదం లేకుండా ప్రతి భాషలోనూ ఈ సినిమా సూపర్బ్ కలెక్షన్స్ వసూలు చేస్తోంది
319.wav,ఈ కష్టం కన్నా వాళ్ళకు మరెంతో ప్రమాదం జరుగబోతుందన్న గుబులే వారిని వీధుల్లో ఆందోళనకు పురికొల్పింది
320.wav,దానిమ్మలో ఫ్లేవనాల్స్ అనే యాంటీఆక్సిడెంట్లు సమృద్ధిగా ఉండుట వలన కీళ్లవాతాన్ని మరియు ఆర్థరైటిస్ ని తగ్గించటంలో సహాయపడుతుంది
321.wav,గ్రీన్ ఛాలెంజ్ను స్వీకరించి సంగారెడ్డి జిల్లా ఐడీఐ బొల్లారం మండలం ఖాజీపల్లి అటవీ ప్రాంతాన్ని హీరో ప్రభాస్ దత్తత తీసుకున్నారు
322.wav,ఇద్దరు చిన్నారుల మృతదేహాలు కనిపించడంతో కంగారుపడిన అతను పోలీసులకు సమాచారం అందించాడు
323.wav,ఏపీ సీఎం జగన్ మోహన్ రెడ్డి ముస్లిం సోదరులకు రంజాన్ శుభాకాంక్షలు తెలిపారు
324.wav,శరీరం కోసం కోకో వెన్న కలిగి ఉన్న సారాంశాలు యొక్క క్రియాశీల భాగాలు చేయలేనివి
325.wav,వెంటనే స్పందించిన సిబ్బంది వారిని సురక్షితంగా కిందకు దించేశారని అధికారులు తెలిపారు
326.wav,పనిలోపనిగా సినిమాపై వస్తున్న మరో రూమర్ పై కూడా స్పష్టత ఇచ్చాడు
327.wav,మండలంలోని ఎర్రమరెడ్డిపాళెంలో రెవెన్యూ అధికారులు అక్రమ కట్టడాలను కూల్చివేయడంతో బాధితులు బుధవారం సాయంత్రం హైవేపై రాస్తారోకో చేశారు
328.wav,ఈ మేరకు జనసేన చీఫ్ పవన్కళ్యాణ్ కూడ సానుకూల సంకేతాలను పంపారు
329.wav,ఫస్ట్ నుంచి కట్టుదిట్టంగా బౌలింగ్ చేస్తూ ముంబై బ్యాట్స్మన్ కట్టడి చేశారు
330.wav,జేఎన్టీయు గ్రౌండు వైపు వచ్చే అన్ని మార్గాల్లో పోలీసులు ఆంక్షలు విధించారు
331.wav,జానపద విజ్ఞానంలో ఉన్న అన్ని అంశాల లాగే సామెతలు కూడా సంప్రదాయబద్ధమైనవి
332.wav,కొన్ని పుష్పించే ప్రారంభంలో నెమ్మదిగా ఉంటుంది ఎందుకంటే జూనియర్ సమయంలో మార్పిడి అవాంఛనీయం అని వాదిస్తారు
333.wav,దీనివల్ల నా మణికట్టుకు ఏర్పడిన గుండ్రటి చారిక నాకు ఆల్విన్ వాచీనే గుర్తు చేస్తుంది
334.wav,ఇక ఈ చిత్రానికి జాను లేదా జానకి దేవి అనే రెండు టైటిల్స్ ను పరిశీలిస్తున్నారు
335.wav,రూట్ల వారీగా ప్రయాణికుల రద్దీ మేరకే బస్సులు నడిపేందుకు ప్రణాళికలు రచిస్తోంది
336.wav,న్యూయార్క్లో చనిపోయిన వారిని పూడ్చటానికి స్థలాలు కూడా సరిపోవడం లేదంటే పరిస్థితి ఏ విధంగా ఉందో అర్థం చేసుకోవచ్చు
337.wav,అంతలో ఊహించని ఘోరం ఒక్కసారిగా ఆ ఆయిల్ టాంకర్ కి నిప్పంటుకొని పేలిపోయింది
338.wav,వీటితో పాటు తెలుగులో వచ్చిన పాత బ్లాక్ బస్టర్లు కూడా స్ట్రీమ్ అవుతున్నాయి
339.wav,ఎన్నికల సందర్బంగా పట్టణ పోలీసులు తనిఖీలు నిర్వహించగా ఈ వ్యవహారం గుట్టు రట్టయింది
340.wav,ఈ విషయం తెలుసుకున్న అర్పిత తల్లిదండ్రులు ఆమెను ఇంటికి రానివ్వడం లేదు
341.wav,యాపిల్ ఇంకా సామ్సంగ్లు స్మార్ట్ వాచీల రూపకల్పన పై దృష్టిసారిస్తున్న నేపధ్యంలో నోకియా స్మార్ట్వాచ్ల తయారీ రంగంలో అడుగుపెట్టాల్సి ఉంది
342.wav,ప్రపంచ వృద్ధి తగ్గుతుందన్న వార్తల నేపథ్యంలో పలు దేశాలు సరళతర ఆరి్థక విధానాలవైపు మొగ్గుచూపుతున్న సంగతి తెలిసిందే
343.wav,తీరాన్ని చేరేలోగా మరింత ఉగ్రరూపాన్ని సంతరించుకునే అవకాశాలు లేకపోలేదని వాతావరణ శాఖ అధికారులు వెల్లడించారు
344.wav,అలాంటిది ఆ ఇంట్లో ఇప్పుడు మరో విషాదం చోటు చేసుకోవడం ఊహించరాని పరిణామం
345.wav,సీఎం కేసీఆర్ ఆహ్వానం మేరకు ఏపీ సీఎం జగన్ శుక్రవారం కాళేశ్వరం ప్రాజెక్టు ప్రారంభోత్సవ కార్యక్రమంలో పాల్గొంటున్నారు
346.wav,ఒహియో మరియు రోడే ఐల్యాండ్ బ్యాలెట్లలో టికెట్ మాత్రమే ప్రాతినిధ్యం వహించింది
347.wav,దీనిని గమనించిన ఇరు పార్టీల నాయకులు కూడా ఇప్పుడు సంయుక్తంగా పోరుకు సిద్ధమవుతున్నారు
348.wav,కానీ మరింత ఆసక్తికరమైన కృత్రిమ ఎంపిక మరియు సంతానోత్పత్తి ఉంది
349.wav,రాజ్యసభ బులెటిన్ ప్రకారం కేవీపీని ఏపీకి కేటాయించారని పల్లా స్పష్టం చేశారు
350.wav,పారిస్ కేంద్రంగా నడిచే సిరియా ప్రతిపక్ష అనుకూల సంస్థ ఒకటి బయటికి వచ్చింది
351.wav,తెలంగాణ కోసం ఆమరణ నిరాహార దీక్ష చేస్తున్న శాసనసభ్యుడు కోమటిరెడ్డి వెంకటరెడ్డిని బలవంతంగా ఆస్పత్రికి తరలించడాన్ని కూడా ఆయన ఖండించారు
352.wav,విద్యార్థుల శ్రేయస్సును దృష్టిలో ఉంచుకుని రాష్ట్రంలో ప్రవేశ పరీక్షలు వాయిదా వేయాలని ఉత్తమ్కుమార్ రెడ్డి ప్రభుత్వాన్ని కోరారు
353.wav,ఇంటి వద్ద ఉండటానికి చుట్టుపక్కల వారు ఒప్పుకోకపోవడంతో ఇద్దరు పిల్లలను ఇంట్లోనే ఉంచి గ్రామంలోని పాఠశాలలో ఐసోలేషన్లో ఉంది
354.wav,నవజాత శిశువులకు కణజాలపు అత్యంత ప్రజాదరణ పొందిన జానపద నివారణ మెండు నీరు
355.wav,శివుని మెడలో పాముని తప్ప మిగతా ఏ పాము కనిపించినా కర్రతో దెబ్బలు వేస్తాం
356.wav,ముఖ్యంగా మంత్రి కేటీఆర్ చొరవతో గత ఐదేళ్లలో పెద్ద ఎత్తున పెట్టుబడులు వెల్లువెత్తాయి
357.wav,వారి మృతదేహాలు నిర్మాణంలో ఫ్లాగెల్లాల తో కాలర్ సెల్ కోసం ప్రత్యేక ఉన్నాయి
358.wav,ప్రస్తుతం డీజల్ వాహనాల మీద నిబంధనలు కొనసాగుతున్న తరుణంలో మరిన్ని ఎలక్ట్రిక్ కార్లను మార్కెట్లో తీసుకురావాలని మహీంద్రా ఆలోచిస్తోంది
359.wav,మనం పోల్చడానికి వెళ్తున్నారు ఏమి ఈ రెండు ఎంపికలు మధ్య జరిమానా వివరాలు ఉన్నాయి
360.wav,గురువారం ఆయన కాంగ్రెస్ అధ్యక్షుడు రాహుల్ గాంధీని కలిసిన విషయం తెలిసిందే
361.wav,మరి అయినా కూడా హిందీలో బ్యాటింగ్ ఎందుకు చేసిందో ఆమెకే తెలియాలి
362.wav,దీన్ని పరిగణలోకి తీసుకున్న డీజీపీ కశ్మీర్ పరిణామాల నేపథ్యంలో సత్యనారాయణను సోమవారం హుటాహుటిన రప్పించారు
363.wav,రాష్ట్రంలో సీఏఎని అమలు చేస్తారా లేదా అన్న విషయమై ప్రజలు కూడా గందరగోళానికి గురవుతున్నారు
364.wav,గతంలో ఎప్పుడు లేని విధంగా తెలుగు మహానటుడు జీవితం రెండు భాగాలుగా విడుదలకానుంది
365.wav,ఆ సమయంలో సినిమాకు టైటిల్ గా లాయర్ సాబ్ అని అనుకున్నారని వార్తలు వచ్చాయి
366.wav,ప్రముఖ హేతువాది అయిన నరేంద్ర దబోల్కర్ హత్య కేసు విచారణ ఆలస్యానికి సంబంధించి ఆయన మహారాష్ట్ర ప్రభుత్వానికి చీవాట్లు పెట్టారు
367.wav,టిడిపికి వ్యతిరేకంగా ఓట్లు వేయమని ముద్రగడ ఇచ్చిన పిలుపు కాకినాడలో ఎక్కువ ప్రభావం చూపాలి
368.wav,అధికారికంగా నిర్మాత కాకపోయినా కానీ ఈ చిత్రానికి ఫైనాన్స్ చేసి రైట్స్ తీసేసుకున్నాడట
369.wav,అత్యుత్తమ ఎకానమీ నమోదు చేస్తూ ఆర్సీబీ విజయాల్లో కీలక పాత్ర పోషిస్తున్నాడు
370.wav,మేము సిద్ధం మరియు రుచికరమైన డెజర్ట్ త్వరగా మరొక వంటకం అందిస్తున్నాయి
371.wav,తాజాగా కియారా అడ్వాణీ తన ట్వీటర్ ద్వారా ఈ సినిమాలో నటించడం పై స్పందించింది
372.wav,ఈ కాంక్లేవ్లో రాజ్దీప్ అడిగిన ప్రశ్నలు ఏమంత బాగాలేకపోవడంతో కెసిఆర్ అవలీలగా జవాబులు చెప్పేశారు
373.wav,ఇది చెవి శుభ్రపరుస్తుంది మరియు చెవిని పెంచుతుంది మరియు బాక్టీరియా మరియు ఫంగస్ నుండి చెవి కాలువను కాపాడుతుంది
374.wav,భారతీయ జనతా పార్టీ మీద విరుచుకుపడడంలో మాత్రం వామపక్షాలు ఎప్పుడూ ముందంజలోనే ఉంటాయి
375.wav,అయితే నేడు మహేష్ బాబు భార్య నమత్రా శిరోద్కర్ పుట్టినరోజు సందర్భంగా కుటుంబంతో కలిసి దుబాయ్ వెకేషన్కు వెళ్లారు సూపర్స్టార్
376.wav,న్యాయవ్యవస్థ సమగ్రతను కాపాడాల్సిన బాధ్యత మనందరిదీ అని స్పష్టం చేశారు
377.wav,సోషల్ మీడియాకు దూరంగా ఉండడానికి గల కారణం ఏమిటో తెలుసుకోవాలని అందరూ ఆసక్తిగా ఎదురుచూస్తున్నారు
378.wav,నా ఆలోచన ఆయనకు చెప్పగానే ఉద్యోగం వదిలేసి నాకోసం రాజమండ్రి వచ్చేశారు
379.wav,ఇప్పుడు మరీ ముఖ్యంగా శ్రీరెడ్డి ఇష్యూ మీద పెద్ద గొడవ నడుస్తున్న నేపథ్యంలో దాసరి లేని లోటుపై పలువురు స్పందిస్తున్నారు
380.wav,ఇక పంట చేతికొచ్చిన తరుణంలో గ్రామాల్లోని రైతులు అగ్రికల్చర్ అసిస్టెంట్ను సంప్రదించాలని పేర్కొన్నారు
381.wav,రాష్ట్రాభివృద్ధి ప్రత్యేక హోదాతో పాటు కేంద్ర నిధుల వల్లనే సాధ్యమవుతుందని ఆయన అన్నారు
382.wav,జట్టు విజయవంతంగా ప్రీమియర్ లీగ్లో నిర్వహించడానికి మరియు ఒక గౌరవనీయ మూడవ స్థానంలో తీసుకోవాలని చేయగలిగింది
383.wav,పూజ హెగ్డే ప్రస్తుతం టాప్ గేర్ లో దూసుకుపోతున్న నెంబర్ వన్ హీరోయిన్ అనటంలో సందేహం లేదు
384.wav,వచ్చే వారంలో తన ఢిల్లీ పర్యటన లో భాగంగా కేంద్ర జౌళిశాఖ మంత్రి స్మృతి ఇరానీతో భేటీ కానున్నట్లు తెలిపారు
385.wav,ఇప్పుడు సైన్యం మరియు చట్ట అమలు సంస్థల లో ఒక వ్యక్తిగత ఆయుధంగా ఉపయోగించే
386.wav,సెక్యూరిటీ మరియు ప్రైవసీ డాష్ బోర్డ్ తరచుగా సగటు వినియోగదారులు ఉపయోగించడంలేదు
387.wav,భారీ వర్షాల ధాటికి గుంతలమయంగా మారిన రోడ్లు ప్రాణాలను బలి తీసుకుంటున్నాయి
388.wav,ఇదిలావుండగా డేటా చోరీ వ్యవహారంలో ఓ సీనియర్ ఐఎఎస్ హస్తం ఉందన్న కోణంలో అధికారులు దర్యాప్తు చేపడుతున్నారు
389.wav,ఉక్కు దీక్ష అని పేరు పెట్టిన టీడీపీ నాయకులూ దీక్ష కోసం అన్ని ఏర్పాట్లను చేశారు
390.wav,లైంగిక వేధింపుల కేసు నేపథ్యంలో నాంచారయ్య రాజీనామా చేసిన విషయం తెలిసిందే
391.wav,ఈ క్రమంలో రెండు రోజుల క్రితం పద్మను హత్య చేసి విద్యుదాఘాతంతో మృతి చెందిన్నట్లు చిత్రీకరించాడు
392.wav,అప్పుడు ద్రవ తిత్తులు ఏర్పడటానికి కారణమవతాయి ఏ చానెల్ లో పేరుకుపోవడంతో ప్రారంభమవుతుంది
393.wav,ఈ సంఘటన జనసేన అధినేత పవన్ కల్యాణ్ మాజీ భార్య రేణుదేశాయ్ మేనల్లుడి విషయంలో ఎదురైన అనుభవం
394.wav,వెంటనే మండలిని రద్దు చేస్తూ అసెంబ్లీలో తీర్మానం చేసి కేంద్రానికి నివేదించింది
395.wav,ప్రపంచంలో ఈ తరహాలో ఇదే మొదటి కార్యక్రమని కలెక్టర్ ఇంతియాజ్ పేర్కొన్నారు
396.wav,ఏ ఇతర వాగ్గేయకారుడూ కూడా శ్యామాశాస్త్రులలాగ లయప్రస్తారం చేయలేదు అని చెప్పవచ్చు
397.wav,యొక్క ఈ కథ ప్రభుత్వ విద్య అభివృద్ధి ఎలా పరిశీలించడానికి లెట్
398.wav,తను దిగాల్సిన చోట ఆపకుండా ఆటోను తీసుకెళ్తున్న సమయంలోనే బాధితురాలు తన తల్లికి ఫోన్ చేసి ఈ విషయం చెప్పింది
399.wav,వలంటీర్లు ప్రతి ఇంటికివెళ్లి వాళ్ల ఆరోగ్యంపై ఆరా తీస్తున్నారని పేర్కొన్నారు
400.wav,వినాయక చవితి కానుకగా ఈ సినిమా కొత్త టీజర్ రిలీజ్ చేశారు
401.wav,ప్రియమైన వారిని కోరుతూ రోగి మరియు అతని బంధువులు రెండింటిని చేయగలరని చెప్పండి
402.wav,తాము ఇచ్చి న నివేదిక స్వీకరించిన రాజ్నాథ్ త్వరలోనే కేంద్ర బృందాలను రాష్ట్రానికి పం పనున్నారని చెప్పారు
403.wav,సూపర్ స్టార్ ఏ విషయంలో అయినా సూపర్ స్టారే అని మరోసారి రుజువైందని
404.wav,అవి శరీరం యొక్క వివిధ భాగాల నుండి వచ్చిన శోషరసాలకు ఫిల్టర్లు
405.wav,ఎప్సమ్ ఉప్పు యొక్క ప్రధాన అంశాలలో ఒకటైన మెగ్నీషియం మొక్కలను పచ్చగా చేస్తుంది
406.wav,ఒక చాక్లెట్ షేక్ సులభంగా మరియు ముఖ్యంగా ఇంటి అవాంతరం చేయవచ్చు సిద్ధం
407.wav,కొంతకాలంగా స్వాతిరెడ్డి కోర్టు వాయిదాలకు హాజరు కాకపోవడంతో న్యాయమూర్తి ఇటీవల ఆమెకు నాన్ బెయిలబుల్ వారెంట్ జారీ చేశారు
408.wav,శ్రీకాంత్ విలువలతో ఉంటూ ఎక్కడ రాజీపడకుండ తన వృత్తి దర్మాన్ని నిర్వర్తించాడని కొనియాడారు
409.wav,ముఖ్యమంత్రిగా ప్రమాణస్వీకారం చేసిన తర్వాత తొలిసారిగా శనివారం నాడు ఉదయం వైఎస్ జగన్ సచివాలయంలో అడుగుపెట్టారు
410.wav,నకిలీ విత్తనాలను కట్టడీ చేయడానికి చర్యలు తీసుకోవటానికి తగిన నిబంధనలు వుండాలి
411.wav,ఇలాంటి పరిస్థితుల నేపధ్యంలో సీఎం ముందస్తుగానే అప్రమత్తమవుతూ ఇక పార్టీ కార్యకలాపాలను విస్తృ తం చేయాలని నిర్ణయించినట్లు చెబుతున్నారు
412.wav,మరోవైపు ఉద్రిక్తత ఉన్న కొన్ని ప్రాంతాల్లో పోలీసులు కనిపిస్తే కాల్చివేత ఉత్తర్వులు జారీ చేశారు
413.wav,బైపాస్ రోడ్డు కి సమీపాన ఉన్న గాంధీనగర్ లో ఈ ఆలయం ఉన్నది
414.wav,సోమవారం నుంచి ప్రారంభమయ్యే తన పర్యటనలో భాగంగా ఇరుదేశాల మధ్య వ్యూహాత్మక బంధాల బలోపేతానికి కృషి చేస్తానని తెలిపారు
415.wav,ఒకవేళ గడువు ముగిసేలోగా వీసా రెన్యువల్ జరగకపోతే తాము భారత్లోనే ఉండిపోవాలని ఎన్ఆర్ఐలు కంగారు పడుతున్నారు
416.wav,ఒకే రోజు వెయ్యి మందికి సరుకులు పంపిణీ చేయడం మామూలు విషయం కాదు
417.wav,దీంతో పార్టీని కాపాడుకోవాలనే ఆలోచనా విధానంతో పార్లమెంట్ నియోజకవర్గ స్థాయిలో అధ్యక్షుల నియమాకానికి పార్టీ అధినేత చంద్రబాబునాయుడు గ్రీన్సిగ్నల్ ఇచ్చారు
418.wav,అదే రోజు రాత్రి కరోనా పాజిటివ్తో చికిత్స పోందుతూ ఓ వృద్ధుడు మృతి చెందాడు
419.wav,అభం శుభం తెలియని ఏడేళ్ల బాలుడి హత్య శ్రీకాకుళంలో నేడు తీవ్ర కలకలం రేపింది
420.wav,తెల్లటి టూత్ పేస్టులో ఉండే లక్షణాలు మచ్చలు మరియు గాయాలను సైతం తగ్గించడంలో సహాయం చేస్తాయి
421.wav,తమ అభిమాన నటిని కర్కశంగా లాక్కె ళ్లిపోయిన క్రూరమైన రోజుగా ద్వేషిస్తున్నారు
422.wav,పవన్ ప్రెస్ మీట్ను ఏడాదికో సినిమా అంటూ కేటీఆర్ నిన్నే స్పందించిన సంగతి తెలిసిందే
423.wav,ఇక్కడ పాలుపడక పోవడమంటే చంటిబిడ్డకు కావాల్సినన్ని పాలు తల్లి దగ్గర లేకపోవడమే
424.wav,బహుశా ఈ సమాచారం మీరు ఈ ప్రమాదకరమైన దృగ్విషయం యొక్క స్వభావం ఆసక్తి ఉంటే మీకు ఉపయోగకరంగా రుజువు చేస్తుంది
425.wav,ప్రస్తుతం ఈ జంటకు సోషల్ మీడియాలో అభినందనలు తెలియజేస్తూ సందేశాలు వచ్చి పడుతున్నాయి
426.wav,హామీల అమలుపై ప్రతిపక్షాలు చేస్తున్న దుష్ప్రచారాన్ని నమ్మవద్దని ఆయన ప్రజలకు విజ్ఞప్తి చేసారు
427.wav,అధికార పార్టీ అంటే అరిటాకు లాంటిది అని చంద్రబాబు వారికి చెప్పారు
428.wav,బీజేపీ నాయకులకు చేతనైతే ప్రధానితో మాట్లాడి దేశంలో హెల్త్ ఎమర్జెన్సీ పెట్టించాలని హితవు పలికారు
429.wav,లినక్స్ మింట్ ప్రాథమికంగా మీరు ఉబుంటు యొక్క శక్తిని ఇస్తుంది కానీ సాధారణ వినియోగదారు ఇంటర్ఫేస్తో సిన్నమోన్ అని పిలుస్తారు
430.wav,అంతకుముందు మాల్యా దాఖలు చేసిన పిటిషన్ మీద విచారణ జరిపిన హైకోర్టు జడ్జి బ్రిగ్స్ తీర్పు రిజర్వు చేశారు
431.wav,అయితే ప్రస్తుతం చాలా మంది బంధం విషయంలో అనేక పొరపాట్లు చేస్తున్నారు
432.wav,తాజాగా మోహన్ బాబు చంద్రబాబుని ఉద్దేశిస్తూ చేసిన వ్యాఖ్యలు హాట్ టాపిక్ గా మారాయి
433.wav,ఇందుకు ఏపీలోని మారుమూల ప్రాంతమైన శ్రీకాకుళం జిల్లాను ఎంచుకున్నట్లు చిరంజీవి సన్నిహిత వర్గాలు తెలిపాయి
434.wav,ఇష్టపడిన వారిని తిరిగి కలుసుకోవడమే గతంలో ఎన్నడూ లేనం త ముఖ్యంగా మారిపోయిందన్నారు
435.wav,ప్రస్తుతం ఉన్న అగ్ర హీరోల్లో ప్రభాస్ చాలా వేగంగా తన రేంజ్ పెంచుకుంటున్నాడు
436.wav,వర్ణించారు ఉత్పత్తి ఆధారంగా సమర్థవంతమైన సాధనంగా తరచుగా ఉత్తమంగా సెక్స్ వర్తింపచేస్తారు
437.wav,ఈ తరువాత పిల్లల మద్దతు చెల్లించటానికి వైఫల్యానికి తల్లిదండ్రుల హక్కుల రద్దు ఉంటుంది
438.wav,ఢిల్లీలోని నిజాముద్దీన్ మర్కజ్లో జరిగిన కార్యక్రమంలో పాల్గొన్న తబ్లీగీ జమాత్ ప్రతినిధుల వల్లనే ఈ వైరస్ వ్యాప్తి చెందిందని తెలిసింది
439.wav,తలలోని వివిధ రకాలైన ఎముక భాగాలు ఉబ్బెతుగా ఉండడాన్ని మైక్రోసెఫల్ అంటారు
440.wav,ఇటువంటి హ్యారీకట్ కేర్ లేదా ప్యాకింగ్ అవసరం లేదు అని చాలామంది నమ్ముతారు
441.wav,అయినప్పటికీ హక్కుల నోటీస్ ఇచ్చారంటే ఆ డ్రామాని ఇంకా రక్తి కట్టించడం కోసమేనని చెప్పక తప్పదు
442.wav,జనవరి నుండి ఈ సినిమా చేద్దామని పవన్ కళ్యాణ్ మాట ఇచ్చాడు
443.wav,మరోవైపు దేశీయ కార్ల ఉత్పత్తుల సంస్థ మారుతి సుజుకీ జూలైలో రికార్డు అమ్మకాలను సాధించింది
444.wav,అందులో భాగంగా ఐటీ విభాగం కేంద్ర ప్రభుత్వ సహకారంతో ప్రత్యేకంగా సాఫ్ట్వేర్ను రూపొందించింది
445.wav,ముఖ్యంగా క్రికెట్ ఆటగాళ్లతో హీరోయిన్ల సన్నిహిత సంబంధాల తాలూకు వార్తలు తెగ వైరల్ అవుతున్నాయి
446.wav,ఈ హిమోగ్లోబిన్ చర్మం సూక్ష్మపగుళ్లు గుండా చొచ్చుకొచ్చే ఇది గాలి ఆక్సిజన్ తో భస్మం వాస్తవం కారణంగా ఉంది
447.wav,ఎంతటి వారైనా ఉపేక్షించకుండా పార్కింగ్ స్థలాల్లోని అక్రమ నిర్మాణాలను తొలగించాలని విజ్ఞప్తి చేస్తున్నారు
448.wav,మూత్రంలో ఇన్ఫెక్షన్ శాతం మోతాదు పెరగడంతో ఆయన ఆరోగ్య పరిస్థితి మంగళవారం రాత్రి నుంచి విషమం అయింది
449.wav,ఈ మతాల వారు శవాలని భూమిలో పాతిపెట్టి పోయిన ఆత్మ అక్కడే విశ్రాంతి పొందుతూ వుంటుందని విశ్వసిస్తారు
450.wav,అయితే వివిధ వర్గాల అభిప్రాయాలను తెలుసుకున్న తర్వాతే చట్టం ఎలా ఉండాలన్న విషయాన్ని ఖరారు చేస్తారు
451.wav,నిన్న సాయంత్రం ఆ యువతి ఫోన్ నుంచి ఆమె తల్లికి వాట్సప్లో ఓ వీడియో వచ్చింది
452.wav,కొన్ని స్వచ్ఛంద సంస్థలు ఇప్పటికే తమవంతు తోడ్పాటును అందిస్తూ విమాన టిక్కెట్లను సమకూర్చడం వల్ల పలువురు ఇళ్లకు చేరుకోగలిగారు
453.wav,బెనిఫిషరీ డేటా పూర్తిగా ఆయా ప్రభుత్వశాఖలోని అధికారుల దగ్గరి నుంచి వచ్చినట్లు అధికారులు గుర్తించారు
454.wav,భవిష్యత్తులో క్యాప్షన్ రైటర్ పేరును కూడా ప్రచురించే రోజులు వస్తాయేమో చూడాలి
455.wav,ఈ క్షేత్రాన్ని దర్శించడం వలన సూర్యభగవానుడి అనుగ్రహంతో పాటు హనుమంతుడి కటాక్షం కూడా లభిస్తుంది
456.wav,ఈ పరిస్ధితుల్లోనే వైసీపీ ఓట్లను ఏ విధంగా లాక్కోవాలో అర్ధం కావటం లేదు టిడిపి శిబిరానికి
457.wav,రాజధానిలో అత్యంత సందర్శించిన ఒకటి మాస్కో యొక్క గోర్కీ పార్క్ ఉంది
458.wav,మహానటిమణులను గుర్తు చేసే విధంగా ఆమె పాత్రలను పోషించి తెలుగు ప్రేక్షకులకు దగ్గరైంది
459.wav,లాక్డౌన్ ముగిసిన నేపథ్యంలో విదేశాల నుంచి కేరళవాసులు తిరిగి వచ్చిన తర్వాత కేసులు పెరిగాయి
460.wav,అందుకే అప్పటికప్పుడు ఇవ్వాళ మధ్యాహ్నం ఒంటిగంటవరకు శ్మశానంలోని స్థలాన్ని తాత్కాలిక పార్కింగ్ గా అధికారులు అడ్డగోలుగా వాడేశారు
461.wav,బాధితురాలికి సత్వరమే న్యాయం జరిగేలా ఫాస్ట్ ట్రాక్ కోర్టులో విచారణ జరుపుతామని హోంమంత్రి అనిల్ ప్రకటించారు
462.wav,డబ్బు సంపాదించాలనే ఆశతో కాకుండా ఎంతో భక్తిశ్రద్ధలతో ఈ సినిమా తీసి తన జన్మ ధన్యం చేసుకున్నారు
463.wav,సోమవారం ఎల్లాపటార్కు వెళ్లిన లక్ష్మిని కొంతమంది గుర్తుతెలియన దుండగులు అపహరించి అత్యాచారానికి పాల్పడ్డారు
464.wav,ఆ తర్వాత చెవులు చిల్లులు పడేలా గట్టిగా కేక పెట్టేదని వివరించాడు
465.wav,వారి అవసరాలకు తగినట్లుగా సౌకర్యాల కొరత సహా అనేక సమస్యలు ఎదుర్కొంటున్నారు
466.wav,అందుకే హెచ్ఐవీ వైరస్ ఎట్టి పరిస్థితుల్లోనూ మన ఒంట్లో చేరకుండా చూసుకోవటం అవసరం
467.wav,దాదాపు నాలుగు గంటల పాటు ముగింపు ఉత్సవాలు దేదీప్య వెలుగుల మధ్య జరిగాయి
468.wav,గృహసంబంధిత కుటుంబాల కోసం డ్రామా అనూహ్యమైన విలువైన మరియు సులభంగా అమలు చేయగల సాధనం
469.wav,ఆంధ్ర ప్రదేశ్ ఈఎస్ఐ లో భారీ కుంభకోణం వెలుగు చూసింది
470.wav,మణికర్ణిక సినిమాని మీరే దర్శకత్వం వహించినప్పటికి ప్రధాన పాత్రలో నటించింది మాత్రం కంగనానే అని మర్చిపోకండి అంటుంది
471.wav,కార్మికులు సమ్మెకు పూనుకున్న మీదట ముఖ్యమంత్రి కేసీఆర్ వారి పట్ల దుష్ప్రచారానికి దిగారని దుయ్యబట్టారు
472.wav,మరో వైపు జిల్లా మొత్తం అన్ని షాపులను మూసివేసిన నిరసనకారులు తమ నిరసనలు తెలియజేస్తున్నారు
473.wav,మూడు రోజుల తరువాత ఇదే విధమైన విధిని నాగసాకి వాసులు ఎదురయ్యాయి
474.wav,పదార్థం అధిక సాంద్రత మరియు ఒక నోబుల్ వివరణని నిజంగా అధునాతన రూపాన్ని కలిగి
475.wav,భూగర్భ జలా లు ఇంకిపోయి బోర్లు వట్టిపోతుండటంతో రైతులు ఆందోళనతో తల్లడిల్లి పోతున్నారు
476.wav,ఒక ఆధారం ప్రాచీన సంప్రదాయాలు తీసుకొని మరియు ఇప్పటికే అలవాటు పడిన ఏమి కొత్త ఏదో జోడించండి
477.wav,ఎన్నికల ముందే ఇరు పార్టీల మధ్య ఈ మేరకు అంగీకారం కుదిరిందని ఉద్దవ్ థాక్రే పార్టీ తెలిపింది
478.wav,ఈ సమాధిని గురు శిష్యుల పరస్పర ప్రేమకు గుర్తుగా నిర్మించినట్లు ఒక కధ ప్రచారంలో ఉంది
479.wav,వడదెబ్బ అసురక్షిత తలపై సూర్యరశ్మి ప్రత్యక్ష కిరణాల నుంచి వేసవి కాలంలో జరుగుతుంది
480.wav,ఇట్స్ మై బాడీ అనే స్లోగన్తో ఇద్దరు బాలిక లతో ప్రారంభించారు ఈ క్రీడను
481.wav,ఎందుకంటే ఇప్పుడు నిజంగానే బాలయ్య కొత్త సినిమా ఆగిపోయిందనే ప్రచారం ఇండస్ట్రీలో జరుగుతుంది
482.wav,మూడు రోజుల పసిపాపను ఇంట్లో పెంచుకుంటున్న కుక్క కరిచి చంపేసిన ఘటన గురువారం రాత్రి చోటు చేసుకుంది
483.wav,ఈ సినిమాలో నటించాలని దర్శకుడు అనిల్ రావిపూడి కోరినప్పుడు ఆమె విముఖత చూపించిన విషయం తెలిసిందే
484.wav,దీంతో మనస్తాపం చెందిన ఆమె శనివారం రాత్రి తన ఇంట్లో ఆత్మహత్య చేసుకుందని ఆరోపిస్తున్నారు
485.wav,జీ తెలుగు సంస్థ ఈ చిత్ర శాటిలైట్ రైట్స్ దాదాపు రూ
486.wav,లాక్డౌన్ కారణంగా చాలా మంది ఉద్యోగాలు కోల్పోయిన నేపథ్యంలో బిహార్ ఎన్నికల్లో ఉద్యోగ ప్రకటన కీలక పాత్ర పోషించనుంది
487.wav,అయితే మార్గం మధ్యలో కారు డ్రైవర్ వాహనం నిలిపి ఆమె మీద లైంగిక దాడికి పాల్పడ్డాడు
488.wav,ఈయన కొన్ని సంవత్సరాల ముందు వరకు స్టార్ హీరోలతో పోటీగా చిత్రాలు చేస్తూ వారికి ఏమాత్రం తీసిపోకుండా సక్సెస్లను దక్కించుకున్నాడు
489.wav,లెజండ్ లో విలన్ గా చేయడంతో తన కెరీర్ స్వరూపమే మారిపోయింది
490.wav,నెలకు మూడు ట్రిప్పులకు మించి కిరాయి ఉండడం లేదని బడా ఓనర్లు సైతం వాపోతున్నారు
491.wav,చాలా అంచనాల నడుమ విడుదలైన పెంగ్విన్ సినిమా ఇలా నిరాశపర్చడంతో భారీ మొత్తానికి కొనుగోలు చేసిన అమెజాన్కు నష్టాలు తప్పవంటున్నారు
492.wav,ఈ జీవన చర్యకు ఉపయోగపడు శక్తిని విడుదల చేయుట ఫలితంగా సంభవించే కండర గణనీయమైన నష్టం నివారించేందుకు సాధ్యం చేస్తుంది
493.wav,ఇంగ్లాండ్ బౌలర్ అదిల్ రషీద్ మూడు వికెట్లు తన ఖాతాలో వేసుకున్నాడు
494.wav,గత శనివారం అర్థరాత్రి చెన్నైలోని నుంగంబాక్కంలో తాను యాక్సిడెంట్ చేసినట్టు వచ్చిన వార్తలను బిగ్ బాస్ మాజీ
495.wav,దాదాపు నెల రోజుల తర్వాత బాలు ఆరోగ్యం విషయంలో కాస్త ఉపశమనం కలిగించే వార్త ఒకటి వచ్చింది
496.wav,అయితే తాను ఇందుకు నిరాకరించడంతో తనకు బాలీవుడ్లో పని లేకుండా చేశాడని ఆమె తెలిపింది
497.wav,అంతరిక్షం నేపథ్యంలో సినిమా అంటే అది ఏ హాలీవుడ్కో చెంది ఉంటుంది అని భావిస్తాం
498.wav,వంట ముగింపులో స్టవ్ మరియు బాధాకరమైన వేచి వద్ద నిలబడటానికి అవసరం
499.wav,దీంతో లేనిపోనివి ఊహించుకొని ప్రాణాల మీదికి తెచ్చుకోవద్దు అంటూ పలువురు వైద్యులు సూచిస్తున్నారు
500.wav,ఆ సంగతెలా ఉన్నా ఆమెకు ఫాలోయింగ్ మాత్రం ఓ రేంజ్లో ఉంది
501.wav,ఇక్కడ రుణదాతలే రిస్క్ కేటగిరీల ఆధారంగా అభ్యర్థులకు రుణాలను ఆఫర్ చేస్తారు
502.wav,వేగవంతమైన డౌన్లోడ్ వేగం కోసం మీరు ఈ ఉదయం ప్రారంభంలో చేయాలనుకోవచ్చు
503.wav,తరచుగా ప్రైవేట్ ఇళ్ళు మరియు వివిధ అవసరాల ప్రజా భవనాలు నిర్మాణ పనుల్లో ఉపయోగిస్తారు మాడ్యులర్ నమూనా వస్తువులు
504.wav,మన దేశంలో జరిగే ద్రవ్య లావాదేవీలకు కావాల్సిన వెసులుబాటు ఇప్పుడు ఆర్బీఐకి లోపించింది
505.wav,వర్గ సమాజంలో శరీర కష్టం చేసే వాళ్ల స్థితిగతులంత సులభంగా మెరుగుపడవు
506.wav,ఈ వ్యాసం సేపోవరాశి అత్యంత ప్రజాదరణ రెస్టారెంట్లు గురించి సమాచారాన్ని కలిగి ఉంది
507.wav,ఈ కోతలు కాండం ముందుగా సిద్ధం ఫౌండేషన్లో ప్రవేశ పెట్టాలి కొద్దిగా గ్లూ అది లోకి కురిపించింది
508.wav,అమెరికా అధ్యక్షుడు డోనాల్డ్ ట్రంప్ కూతురు ఇవాంకా ట్రంప్ పర్యటనకు హైదరాబాద్ ముస్తాబావుతుండడంపై వర్మ స్పందించారు
509.wav,ర్యాపిడ్ యాంటీజెన్ కేంద్రాల వద్ద రద్దీని చూస్తే పరిస్థితిని అర్థం చేసుకోవచ్చు
510.wav,నీకు సంవత్సరం పొడవునా ఎప్పుడు ఎప్పుడు కోరుకుంటే అప్పుడు నీరు లభించే వరము ప్రసాదిస్తున్నాను
511.wav,ఓసారి బాలల సినిమా చూసిన చాచా అందులో నటించిన ఏడేళ్ల పాపాయిని మెచ్చుకుంటూ షేక్హ్యాండ్ ఇచ్చారు
512.wav,శర్మ చేస్తోన్న ఆరోపణలను నిరూపించడానికి తాము సిద్దంగా ఉన్నామని ప్రాసిక్యుషన్ ప్రకటించింది
513.wav,అనుష్క నటించిన తాజా సినిమా నిశ్శబ్దం విడుదల తేదీపై సస్పెన్స్ వీడింది
514.wav,శ్రద్ధతో తెరుచుకుంటుంది మరియు సిరాను కలిగి ఉన్న స్ట్రిప్ను తొలగించండి
515.wav,లేక టిఆర్ఎస్ ఎమ్మెల్యేలు వేసిన పిటిషన్ ను న్యాయస్థానం కొట్టేస్తుందా అన్న టెన్షన్ షురూ అయింది
516.wav,విదేశాంగ కార్యదర్శిగా వ్యవహరించిన జైశంకర్కు కూడా మోదీ మంత్రివర్గంలో చోటు దక్కింది
517.wav,గంగూలీ కెప్టెన్గా బాధ్యతలు స్వీకరించిన తర్వాత సెహ్వాగ్ను ఓపెనర్గా బరిలోకి దించాడు
518.wav,ఈ రోజు బంధువులు మరియు స్నేహితులతో కొన్ని విభేదాలు వచ్చే అవకాశం ఉంది
519.wav,పిల్లలకు ఫాస్ట్ ఫుడ్ బదులు గుడ్డు తినిపిస్తే ప్రయోజనం ఉంటుందని డాక్టర్లు సూచిస్తున్నారు
520.wav,అయితే గుత్తా సుఖేందర్ రెడ్డి ఈ విషయమై ముందుగానే ఒప్పందం కుదుర్చుకున్నట్లు విశ్లేషకులు భావిస్తున్నారు
521.wav,ఇటీవలే సోషల్ మీడియాలో సమంత ప్రెగ్నెన్సీ పై పెద్ద చర్చే జరిగింది
522.wav,అదే సమయంలో పొయ్యి గడ్డపై నుంచి కిందికి దూకిన కుక్క అరిసెలను తొక్కుకుంటూ పరుగెత్తింది
523.wav,ఆ సమయంలో పమేలా గోస్వామితో ఆమె ఫ్రెండ్ ప్రబీర్ కుమార్ దేవ్తో పాటు ఓ బాడీగార్డు కూడా ఉన్నాడు
524.wav,ముఖ చికిత్సల నుండి మీకు లభించే ఫలితాలు అనేక అంశాలపై ఆధారపడి ఉంటాయి
525.wav,ఇంగ్లిష్ మీడియంపై వైసీపీ సర్కారు అబద్దాలు ప్రచారం చేస్తోందని నారా లోకేష్ మండిపడ్డారు
526.wav,మరోపక్క నిందితులను గుర్తించడానికి సీట్ ని ఏర్పాటు చేసింది రాష్ట్ర ప్రభుత్వం
527.wav,ఈ మదర్సాకు రిజిస్ట్రేషన్ ఉన్నదా లేదా అనే విషయమై దర్యాప్తు చేస్తున్నామని తెలిపారు
528.wav,కరోనా నెగటివ్ వచ్చిన నేపాలీ ప్రజలనే భారత్ భూభాగంలోకి అనుమతిస్తామని అధికారులు తేల్చి చెప్పారు
529.wav,తాజాగా టీమిండియా ప్రధాన కోచ్గా అనిల్ కుంబ్లేని కొనసాగించడాన్ని కెప్టెన్ కోహ్లీ ఏమాత్రం ఇష్టపడటం లేదని తెలుస్తోంది
530.wav,అయితే క్షణాల్లో కారులో నుంచి దిగి వచ్చిన వ్యక్తులు వాళ్ళిద్దరినీ కారు కింద నుండి లాగారు
531.wav,ఆర్నామ్లో వాటా విక్రయం సరైన విలువను సొంతం చేసుకునే విధానంలో భాగమే
532.wav,ఇది చేతులు శరీరం యొక్క ఇతర ప్రాంతాల్లో కంటే ముందు వృద్ధాప్యం మొదటి చిహ్నాలు ఉన్నాయి పేర్కొంది విలువ
533.wav,కోర్టుకిచ్చిన ప్రమాణ పత్రాలలో చేసిన వాగ్దానాలు అమలు చేయకపోయినా కోర్టు ధిక్కా రమే
534.wav,దానిపై అక్కసుతోనే ముగ్గురు విలేకరులపై పోలీసులు అక్రమ కేసులు పెట్టారని ఆరోపించారు
535.wav,మరోవైపు వరస విజయాలతో దూకుడుగా కనిపించిన ఢిల్లీ క్యాపిటల్స్ స్వీయ తప్పిదాలతో మూల్యం చెల్లించుకుంది
536.wav,నిత్యం ఏదో ఒక ప్రాంతంలో జరిగే రోడ్డు ప్రమాదాల్లో విలువైన ప్రాణాలు గాలిలో కలసిపోతున్నాయి
537.wav,కాలువల ద్వారా కన్నా పైప్లైన్ల ద్వారా సాగునీటిని పంపిణీ చేయడంలో కలిగే ప్రయోజనాల గురించి చర్చించారు
538.wav,దానికి తోడు పాలన విషయాల్లో నరసింహన్ కి మంచి అనుభవం కూడా ఉంది
539.wav,అయితే రాష్టస్థ్రాయిలో పెద్దల సహకారం కాంట్రాక్టు సంస్థలకు ఉండటంతో కిందిస్థాయి అధికారులు వౌనంగా ఉండిపోతున్నారు
540.wav,రవితేజ మరియు శృతి హాసన్ నటించిన ఈ సినిమాకు గోపీచంద్ మలినేని దర్శకత్వం వహించాడు
541.wav,డబ్బులు తీసుకుని ఓటు వేయటం వల్ల ప్రశ్నించే హక్కును కోల్పోతామని చెప్పారు
542.wav,నౌకను యొక్క మెడ మీద రబ్బరు తొడుగులు ధరిస్తారు లేదా నీటి ముద్ర తయారు చేయాలి
543.wav,శ్రద్ధా తప్పుకోవడంతో పరిణీతి చోప్రా ఈ సినిమా చేయడానికి ముందుకు వచ్చిందట
544.wav,ఆ వయసులోపు వారు క్రమపద్ధతిలో వర్కవుట్లు చేస్తే బరువు తగ్గడం సులువు
545.wav,అలా చూడటం వల్ల తెలియకుండానే ఆత్మవిశ్వాసం పెరుగుతుందని మానసిక నిపుణులు అంటున్నారు
546.wav,సరికొత్త బాడీ డీజైన్ అండ్ గ్రాఫిక్స్లు మహీంద్రా సెంచురోలో హైలైట్గా నిలువనున్నాయి
547.wav,నిమ్మగడ్డ రమేశ్ కుమార్ వ్యవహారంలో జగన్ సర్కార్కి సుప్రీం కోర్టు షాక్ ఇచ్చింది
548.wav,ఇక మీదట నిషేధిత మావోయిస్ట్ పార్టీ వారికి సహకరించేది లేదని గ్రామస్తులంతా స్వచ్ఛందంగా తీర్మానం చేసుకోవడం జరిగింది
549.wav,కరోనా కేసులు ఒక్క పెట్టున పెరిగే సరికి వాటికి తట్టుకోలేని పరిస్థితి నేడు ముంబయిలో తలెత్తుతోంది
550.wav,వారికి తగిన చికిత్సకు సకాలంలో గణపయామాత్యులవారు ఏర్పాటుచేసి వారి బాగోగులు చూడడానికి కొంతమందిని ఏర్పాటుచేశారు
551.wav,తమిళ జనాలకు పరిచయం ఉన్న హీరోయిన్ని పెట్టుకుంటే అక్కడ ఈ చిత్రాన్ని బాగానే మార్కెట్ చేసుకోవచ్చు
552.wav,ఆర్ కే నగర్ లో పోటీ చేసిన టీటీవీ దినకరన్ కు ఎన్నికల కమిషన్ ప్రెషర్ కుక్కర్ సింబల్ కేటాయించింది
553.wav,ఆపదలో ఉన్న అమ్మాయిని ఆదుకోవాల్సిందిపోయి అలాంటి కామెంట్స్ చేయడం దారుణమని మండిపడ్డారు
554.wav,దీంతో కంపెనీకి కస్టమర్ మధ్య డైరెక్ట్ సపోర్ట్ కూడా వినియోగదారులకు లభించనుంది
555.wav,ప్రయాణీకులకు తగిన భద్రతా విధానాలు కల్పించడంలో ఆ సంస్ధ విఫమైందంటూ తన దావాలో ఆరోపించారు
556.wav,ఈ ఎన్నికల్లో నామ రూపాలు లేకుండా దెబ్బ తీస్తే టీడీపీకి చెక్ పెట్టినట్టు అవుతుందని వైసీపీ భావిస్తుంది
557.wav,ఈ నేపథ్యంలో ఆయన బీజేపీ జాతీయ అధ్యక్షుడు అమిత్ షా సమక్షంలో బీజేపీలో చేరారు
558.wav,కొడుకు ఎవరివద్ద ఉండాలనే విషయంలో కోర్టులో కేసు కూడా నడుస్తోంది
559.wav,దేశ సైన్యంలో అనుసరిస్తున్న అన్యాయమైన ఏకపక్ష విధానాలపై మహిళలు జరుపుతున్న పోరాటానికి ఐద్వా మద్దతుగా నిలుస్తోందని తెలిపింది
560.wav,ఈ మొత్తం ఇళ్లను ఈ ఏడాది ముగింపు నాటికి పూర్తి కేటాయింపులు జరపాలని స్పష్టం చేశారు
561.wav,దేశం మొత్తం పూర్తిగా లాక్డౌన్ మొదలయి ఇప్పటికి ఐదు రోజులు అయింది
562.wav,ఇది ప్రచురణ అనేది సామూహిక మరియు చాలా ప్రసిద్ధి చెందిందని ఆమె నాయకత్వంలో ఉంది
563.wav,సగం చక్కెర మరియు ప్రామాణిక రసం యొక్క కేలరీలు అనేక సహజ వాటిని ఉన్నాయి
564.wav,హీరో రామ్ చరణ్ సినిమా పట్ల ఎంత శ్రద్ద చూపుతాడో కుటుంబం పట్ల కూడా అంతే శ్రద్దగా ఉంటారు
565.wav,మహబూబాబాద్ టీఆర్ఎస్ అభ్యర్థి శంకర్ నాయక్ అన్ని వర్గాలను కలుపుకుంటూ ప్రచారంలో దూసుకెళ్తున్నారు
566.wav,సాయంత్రం పూరా ఇక్కడ సూర్యాస్తమ సమయంలో శ్వాసతీసుకునే దృశ్యాలు పర్యాటకులకు గొప్ప అనుభవాన్ని ఇస్తాయి
567.wav,ప్రముఖ టిప్ స్టర్ డిజిటల్ చాట్ స్టేషన్ ఈ విషయాన్ని లీక్ చేశారు
568.wav,ఏఎమ్సీ లు రాబోయే నెలలలో కూడా రిటైల్ మదుపర్ల నుంచి పెట్టుబడులు కొనసాగుతాయని భావిస్తున్నాయి
569.wav,అలాగే అధిక బరువు ఉన్నవారు బరువు తగ్గించడానికి బెండకాయ రోజు డైట్ లో చేర్చుకుంటే కచ్చితంగా తగ్గుతాయని అధ్యయనాలు చెబుతున్నాయి
570.wav,బన్నీ పుట్టిన రోజు సందర్భంగా ట్విటర్ వేదికగా ఆసక్తికర ట్వీట్ చేశాడు చిరంజీవి
571.wav,శుక్రవారం ఉదయం పది గంటలకు శాసన సభా సమావేశాలు ప్రశ్నోత్తరాలతో ప్రారంభం అవుతాయి
572.wav,అంతే కాకుండా పవన్ రోల్ కు సంబంధించి క్రిష్ డిజైన్ చేస్తున్న విధానం కూడా ఆసక్తికరంగా వినిపిస్తుంది
573.wav,అంచులు వెడల్పుగా ఉండే బ్రిమ్ క్యాప్ అయితే వెంట్రుకలకు మరింత ఎక్కువ రక్షణ కలుగుతుంది
574.wav,ఇక కేవలం ఒక వారం రోజుల షూటింగ్ మాత్రమే మిగిలి ఉంది
575.wav,ఇన్ కమ్ టాక్స్ డిపార్ట్ మెంట్తో లావా దేవీలు చేస్తున్న తరుణంలో పాన్ కార్డు తప్పనిసరి
576.wav,నేనావత్ రమేష్ ఓ అపార్ట్మెంట్లో రాత్రి సమయంలో హోంగార్డ్లో విధులు నిర్వహించే వాడు
577.wav,పోలింగ్ కేంద్రాల వద్ద కూడా భారీ బందోబస్తును కల్పిస్తున్నట్లు ఆ యన తెలిపారు
578.wav,మంటల్లో కాలిపోతూ ఆర్తనాదాలు చేస్తున్న అతడ్ని గుర్తించిన స్థానికులు గోనె సంచుల సహాయంతో ఒంటిపై మంటలను ఆర్పారు
579.wav,చాలాసార్లు నిఖిత స్వయంగా ఫోటోలు షేర్ చేయకపోయినా సరే సోషల్ మీడియాలో తన హవా కొనసాగుతూ ఉంటుంది
580.wav,కాశ్మీరు లోయలో పరిస్థితులు క్షీణించేలా ఎలాంటి చర్యలు తీసుకోవద్దని మోడీకి విన్నవించింది
581.wav,గతంలో ఈ రికార్డు ఆమె సోదరి ఎమ్మా పేరు మీద ఉంది
582.wav,ఆ రెండు సినిమాలు కంప్లీట్ అయిన తర్వాత హను రాఘవపూడి దర్శకత్వంలో ఓ సినిమా చేయాలి
583.wav,ఈ విషయంలో కాంగ్రెస్ నిర్ణయం కోసం ఈ రెండు పార్టీలు వేచిచూస్తున్నాయి
584.wav,గతంలో ముద్రగడ దీక్ష చేసినప్పుడు ప్రభుత్వం తరపున వచ్చిన మంత్రులు ముగ్గురు ఏమి చెప్పారో గుర్తు చేసుకోవాలని అన్నారు
585.wav,శిక్షణకు హాజరవుతున్న వారు విధిగా సమయపాలన పాటించాల్సి ఉంటుందని పార్టీ ఇప్పటికే సూచనలు పంపింది
586.wav,సీఎం వైఎస్ జగన్మోహన్రెడ్డి అధ్యక్షతన సచివాలయంలో గురువారం సమావేశమైన రాష్ట్ర మంత్రివర్గం పలు అంశాలపై చర్చించి కీలక నిర్ణయాలు తీసుకుంది
587.wav,దీనిని బట్టి భూసేకరణ బిల్లును పవన్ కళ్యాణ్ వ్యతిరేకిస్తున్నారని అర్ధం అవుతున్నది
588.wav,కాంట్రాక్టర్లతో ప్రభుత్వం కుమ్మక్కు కావడం వల్లనే ఇలాంటి ఘటనలు పునరావృతం అవుతున్నాయని ఆయన ఆరోపించారు
589.wav,సోషల్ అవేర్నెస్ అంశంతో తెరకెక్కే ఈ సినిమాకు చిరంజీవి సినిమా టైటిల్ పెడుతున్నట్టు వార్తలొస్తున్నాయి
590.wav,అతని తండ్రి సమూహం కంపెనీల నిర్మాణ ద్రష్ట మరియు యజమాని ఉంది
591.wav,చాలా రోజుల తర్వాత రకుల్ ప్రీత్ సింగ్ వద్దకు ఆఫర్ వచ్చింది
592.wav,స్క్రీన్ను అంచు నుండి స్వైప్ చేయడం ద్వారా స్లయిడ్ ఓవర్ విండోను మూసివేయండి
593.wav,యువతి మునిగిపోయే ముందు ఒడ్డుమీద ఉంచిన వస్తువులను స్వాధీనం చేసుకొని ఆమె కోసం అగ్నిమాపక శాఖకు సమాచారం అందించారు
594.wav,ఆమె కంటే ముందు మరో ఇద్దరు అమ్మాయిలను చంపడం కలకలం రేపింది
595.wav,బేకన్ కొవ్వు మద్యం శోషణ తగ్గిస్తుంది ఇది హార్మోన్లు విడుదల కలిగిస్తాయి
596.wav,కేసుల పేరుతో ఎమ్మెల్యే భర్త తనను కొద్ది రోజులుగా భయభ్రాంతులకు గురిచేస్తున్నారని ఆవేదన వ్యక్తం చేశారు
597.wav,మీరు ఒక ఫార్మసీ ప్రత్యేక పరీక్ష లో కొనుగోలు చేయవచ్చు ఖచ్చితమైన అండోత్సర్గం తేదీని నిర్ణయించడానికి
598.wav,కొన్ని వ్యక్తుల్లో అధిక వాయువును కలిగించే ఆహార పదార్థాల సమూహాన్ని కూడా పరిశోధకులు గుర్తించారు
599.wav,ప్రస్తుత పరిస్థితుల్లో బంగారం ధర పెరగడమే తప్ప భారీగా తగ్గడం మాత్రం ఉండదని బులియన్ మార్కెట్ నిపుణులు అంచనా వేస్తున్నారు
600.wav,హైదరాబాద్లో కేంద్ర ఎన్నికల సంఘం బృందంతో ఎమ్మెల్సీ శ్రీనివాస్రెడ్డితో కలిసి ఆయన భేటీ అయ్యారు
601.wav,సమాచారం అందుకున్న పోలీసులు ఘటనాస్థలికి చేరుకుని మృతదేహాన్ని పోస్ట్మార్టం నిమిత్తం ఆసుపత్రికి తరలించారు
602.wav,మృతులు ఏ రాష్ట్రానికి చెందిన వారే అనే దానిపై ఇంకా స్పష్టత రాలేదు
603.wav,కాబట్టి ప్రజాస్వామ్య హితైషులందరూ ప్రత్యామ్నాయ మీడియాను పెంపొందించుకోవాల్సిన అవసరాన్ని అనివార్యంగా గుర్తించాలి
604.wav,భారతదేశం యొక్క మొబైల్ మార్కెట్లో అనేక స్మార్ట్ఫోన్లు ఇప్పుడు అందుబాటులో వున్నాయి
605.wav,నేను వెనకనుంచి తోటలోకి వెళ్ళి పూలకుండీ కట్టేసాక వచ్చి నీకు సిగ్నల్ ఇస్తాను
606.wav,ఇండియాలో కొత్త హ్యుండాయ్ వెన్యూ ఆవిష్కరించిన అదే రోజు అమెరికాలోని న్యూయార్క్ లో కూడా ఆవిష్కరించారు
607.wav,అయితే దుండగుడి తూటాలకు మరింత మంది బలికాకుండా భారతీయ సంతతి ఉపాధ్యాయిని శాంతి విశ్వనాథన్ అడ్డుకున్నారు
608.wav,ప్రజలు అవి అలా ఈ ప్రపంచంలోకి వచ్చిన గ్రహం పరచడానికి లార్డ్ సహాయం అర్థం ఉండాలి
609.wav,అప్పుడు ఒక స్వీయ చోదక శక్తి యంత్రం సర్టిఫికెట్ జారీ మరియు ఆమె తనిఖీ ఆమోదించింది
610.wav,వేసవిలో మండుటెండల నుంచి కార్మికులకు ఉపశమనం కలిగేలా గల్ఫ్ దేశాల్లో తీసుకొచ్చిన చట్టాలు పకడ్బం దీగా అమలు కావడం లేదు
611.wav,అయితే పోటీ ఏడాది చెల్లుబాటుతో ఉన్న ప్లాన్ ల మధ్య ఉంటే జియో మరియు ఎయిర్టెల్ ముందువరుసలో ఉంటాయి
612.wav,అయితే ఈ సినిమాకు సెన్సార్ బోర్డ్ షాక్ ఇచ్చిందని ప్రచారం జరుగుతుంది
613.wav,కంపెనీ సీఈఓపై ఆరోపణలతో ఇన్ఫోసిస్ షేర్లు కుదేలవడంతో మార్కెట్లపై ప్రభావం పడింది
614.wav,ఫ్యాషన్ వీక్ ప్రారంభించినందున ఇప్పుడు న్యూయార్క్లో చాలా ఎక్కువ సమయం కావాలి
615.wav,ఇచ్చిన సమాచారం ఆధారంగా పటం లేదా పట్టికను రూపొందించుకోవడం ద్వారా ఈ ప్రశ్నలకు సమాధానాలు సులువుగా గుర్తించవచ్చు
616.wav,మరొకరిని చికిత్స నిమిత్తం రిమ్స్ నుంచి హైదరాబాదు కు తరలిస్తుండగా గురువారం ఉదయం మార్గమధ్యలో మృతి చెందింది
617.wav,పోర్న్ను ఈ దేశం నుంచి బహిష్కరించాలని కేంద్ర ప్రభుత్వానికి లేఖ రాశారు
618.wav,వింధ్య కి భయం నేర్పిన మనిషివి నువ్వే బాబు అని అనుకుంది మనసులో ప్రతాప్ గురించి
619.wav,సరసముగా లేస్ లేదా మాట్టే ఫాబ్రిక్తో చేసిన ఇన్సర్ట్ లను చూడండి
620.wav,శృంగారం లేదా సాహసం ప్రేమికులకు సుదీర్ఘ హైకింగ్ ప్రయాణాలకు యొక్క అన్ని ఆకర్షణ ప్రశంసలు
621.wav,హైకోర్టు తీర్పు మేరకు ఏపీ ఇంటెలిజెన్స్ డీజీ వెంకటేశ్వరరావును ప్రభుత్వం బదిలీ చేసింది
622.wav,ఆంత్రాక్నోస్ను నిరోధించడానికి చేసే చర్యలు చెడిపోయిన ఆకులు మరియు సమీప బ్యారెల్ వృత్తం త్రవ్వడం
623.wav,అటు యస్ బ్యాంక్ సీఈవో రవ్నీత్ గిల్ను కూడా ఈడీ ప్రశ్నించినట్లు సంబంధిత వర్గాలు తెలిపాయి
624.wav,అంతేకాకుండా ఈ విషయం లో కేసీఆర్ చర్యలని అడ్డుకొని మహబూబ్ నగర్ జిల్లా రైతాంగ ప్రయోజనాలని కాపాడుకుంటామని అన్నారు
625.wav,మొదటి మూడు దశల ర్యాలీ బికనీర్ పరిసర ప్రాంతాల్లో నిర్వహిస్తున్నారు
626.wav,మండల కేంద్రానికి సమీపంలోని కనిమెట్ట వద్ద ఉన్న ఓ హోటల్లో హైదరాబాద్కు చెందిన రియాల్టర్ వద్ద రూ
627.wav,తెలంగాణలో మద్యం ధరలు తక్కువగా ఉండడంతో కొందరు సరిహద్దులు దాటి గుట్టుగా వ్యాపారం సాగిస్తున్నారన్న ఆరోపణలు వస్తున్నాయి
628.wav,లక్ష్మి పార్వతి పాత్రకు దర్శకుడు తేజ ప్రమేయంతో శ్రీరెడ్డికి ఈ అవకాశం వచ్చినట్లు సమాచారం
629.wav,డ్వాక్రా రుణమాఫీ ద్వారా సీఎం జగన్ మహిళలుకి మరింత చేరువయ్యారని అన్నారు
630.wav,ఒక మనిషి చక్కగా నిలబడి అతని ఛాతి ఎత్తు వద్ద చెట్టు యొక్క చుట్టుకొలత లేక అడ్డుకొలతను కొలుస్తాడు
631.wav,తల్లిదండ్రులు కూడా మంచి పిల్లల పెంచడానికి ఎలా ప్రశ్న ఆసక్తి ఉండవచ్చు
632.wav,కొత్త సాగు చట్టాలను రద్దు చేయాలని ప్రధాని మోదీ ముందు ఆప్ ఎంపీలు నిరసన తెలిపారు
633.wav,ఇలాంటి చీకటి చట్టాలపై పోరాటం చేసేందుకే ఖేటీ బచావో యాత్ర చేపట్టామని చెప్పారు
634.wav,పోలీసులు వేసిన ప్రశ్నలతో ఉక్కిరిబిక్కిరి అయిన టీనా చౌదరి కుటుంబ సభ్యులు జరిగిన విషయం మొత్తం చెప్పారు
635.wav,బిహార్లోని మధుబని నియోజవకర్గంలో నిర్వహించిన ఎన్నికల ర్యాలీలో పాల్గొన్న అమిత్షా మహాగత్బంధన్ కూటమిపై తనదైన శైలిలో మాటల దాడి చేశారు
636.wav,బీజేపీ మాత్రం ఈ విషయంలో తెలివిగా పావులు కదిపిందన్న వాదన కూడా వినిపిస్తోంది
637.wav,ఆ పదాలను వింటూ మళ్లీ వాటిని వల్లెవేయడం పిల్లలకు కూడా బాగున్నట్లుంది
638.wav,ఇప్పటికే అమ్మాయిల్లో ఈయనకున్న క్రేజ్ ఏమాత్రం తగ్గలేదని తాజా ఘటన తో రుజువుఅయ్యింది
639.wav,ఆ సమయంలోనే సొం తంగా ఒక యూఏవీని తయారు చేయాల నుకున్నాడు
640.wav,ఆంధ్రలో మిగతా ఏరియాలలో కూడా స్టడీగా వున్న వసూళ్లతో అన్ని చోట్లా బ్రేక్ ఈవెన్ ఖాయమని ట్రేడ్ అంటోంది
641.wav,ఈ వార్త బయటకు రావడం తో అంత నాగబాబు ఫై ఫైర్ అవుతున్నారు
642.wav,ఆ అమ్మాయికి మరలా బాయ్ ఫ్రెండ్ ఎక్కడ దొరకడో అని చెప్పి అమ్మాయికు కూడా సైలెంట్ గా ఉంటారని తెలుస్తున్నది
643.wav,తన బెల్ట్ న దాని తొడుగు లో ఒక చక్కని రాకుమారుడు పొడవైన కత్తి ముగించారు
644.wav,మీరు మీ వైద్యునితో మీ వ్యక్తిగత మరియు కుటుంబ వైద్య చరిత్రలను చర్చించటం ముఖ్యం
645.wav,అలాంటి ఒక దారుణ ఘటనే ఏపీలో ఒకటి చోటు చేసుకోవడంతో నారా లోకేష్ జగన్ ప్రభుత్వం పై సీరియస్ అవుతున్నారు
646.wav,మాంసం తినే నక్క గుహలో ఒంటె మెడను చూచి శుభ్రంగా దాన్ని తినేసింది
647.wav,ఆయన భక్తికి మెచ్చిన లయకారకుడు జింక రూపంలో ఉన్న ఖారుడిని ఎత్తుకొంటాడు
648.wav,ఆ తర్వాత బహుబలి మూవీ రిలీజ్ కు రెండేళ్లు గ్యాప్ తీసుకున్నాడు
649.wav,హిందీలో మంచి సక్సెస్ అయిన లస్ట్ స్టోరీస్ తెలుగు వెర్షన్లో ఈషా బోల్డ్ కేరక్టర్ లో కనువిందు చేయనుంది
650.wav,క్రానిక్ బ్రోన్కైటిస్ చూపిన ఈ సహజ భాగం ఆధారంగా సన్నాహాలు ఉపయోగం
651.wav,త్రివిక్రమ్ శ్రీనివాస్ దర్శకత్వంలో సినిమా చేస్తుండటంపై మా నాన్న ఫుల్ హ్యాపీ
652.wav,చివరికి టాయ్లెట్ పథకానికి కూడా టీడీపీ స్టిక్కర్ వేసుకోవాలని చంద్రబాబు ప్రయత్నించారని ఆరోపించారు
653.wav,ఈ చాలా అధిక నాణ్యత తాళాలు ధన్యవాదాలు పొందిన మరియు అందంగా మరియు సహజంగా ప్రకాశింప ఉంటాయి
654.wav,మీరు మీ స్నేహితుని గురించి ఆలోచిస్తున్నారని చూపించడానికి ఆ రోజుల్లో ఒక గమనికను వ్రాయడానికి సమయాన్ని కేటాయించండి
655.wav,స్వామినారాయణ్ గురుకుల పాఠశాలలో విద్యార్ధులు ప్రదర్శించిన ఒక కత్తుల నృత్యంలో ఆమె కూడా సరదాగా పాల్గొన్నారు
656.wav,పంజాబీ నృత్యకారిణి వసుధ జీవిత కథ ఆధారంగా ఈ సినిమాను రూపొందించారు
657.wav,రాతపరీక్ష ద్వారా ఎంపికలు జరగనున్న ఈ ఉద్యోగాలకు సంబంధించి అభ్యర్థులకు కచ్చితంగా విద్యుత్ స్తంభం ఎక్కడం తెలుసుండాలి
658.wav,కొవ్వు నెక్రోసిస్ మీ రొమ్ములో సంభవించే ఒక నిరపాయమైన రొమ్ము పరిస్థితి
659.wav,ఈ కార్యక్రమానికి హాజరైన ఎపిఎన్జీవో అధ్యక్షుడు అశోక్ బాబు సిక్కులకు సంఘీభావం తెలిపారు
660.wav,అందుకే పార్టీ మారిన ఎంపీ మల్లారెడ్డికి టీడీపీ మీద వ్యామోహం మాత్రం పోవడం లేదు
661.wav,డిప్యూటీ సీఎం రాష్ట్రంలో మత విద్వేషాలు రేకెత్తించే ప్రయత్నంలో ఉన్నారంటూ ఆరోపించారు
662.wav,ప్రజాసంబంధాలు తిరిగి ఏర్పడటంతో పార్టీ నాలుగువందల మంది కొత్త సభ్యులను చేర్చుకోగలిగింది
663.wav,అబ్బాయి ఆధునిక వాసులు దావా తరచుగా శరీర మనస్సాక్షి సిల్హౌట్ ఉంది
664.wav,రొమాంటిక్ లవ్ అండ్ యాక్షన్ డ్రామా నేపధ్యంగా నిర్మిస్తున్న చిత్రం రిలీజ్ డేట్ను సినిమా యూనిట్ అభిమానులకు వెల్లడించింది
665.wav,ఎన్నికల అఫడవిట్ లోనూ ఈ ఆస్తులు పేర్కొనకపోవడంతో అనుమానం వచ్చి ఏసీబీ అధికారులు ఆయనను విచారణకు పిలిపించారు
666.wav,దానికి అనుగుణంగా కర్ణాటక తనకు దక్కిన వాటాకు సరిపడా ఎత్తిపోతల పథకాలను రూపొందించుకొని వాడుకుంటున్నది
667.wav,సమ్మక్క జాతరకు ముందు నెల రోజుల నుండి తెలంగాణలోని పలు ప్రాంతాల నుంచి వచ్చి రాజన్నను దర్శించుకుంటారు భక్తులు
668.wav,ఐతే అతను తన తర్వాతి సినిమా ఏంటన్నది ఇంకా కన్ఫమ్ చేయలేదు
669.wav,ఈ సమాచారం ఇంటర్నెట్ మూడేళ్లు వెబ్ పేజీలో నిల్వ ఉంది
670.wav,దీనికి సంబంధించిన కొన్ని స్పెసిఫికేషన్లు కూడా ఇప్పటికే ఆన్ లైన్ లో ప్రత్యక్షమయ్యాయి కూడా
671.wav,నిజామాబాద్ అర్బన్ టికెట్ యెండల లక్ష్మీనారాయణకు కేటాయించడంపై సూర్యనారాయణ అనుచరుల ఆగ్రహం వ్యక్తం చేశారు
672.wav,ప్రతి వైద్య పర్యాటకుడి వెంట ఒక అటెండెంట్ లేదా కుటుంబ సభ్యులు ఒకరు వస్తున్నారు
673.wav,ఈ మధ్యే మాల్దీవులకు వెళ్లిన ధోనీ సహచరులకు పానీపూరీ అందిస్తూ ఆశ్చర్యపరిచాడు
674.wav,బాబా మెట్ట ప్రాంతానికి చెందిన మోహన్ జిల్లాలోని చీపురుపల్లిలో వీఆర్వోగా విధులు నిర్వహిస్తున్నారు
675.wav,ఇప్పటికే దేశ వ్యాప్తంగా కోటి కుటుంబాలకు పైగా వ్యవసాయ రంగం నుండి వైదొలిగాయని ప్రభుత్వ లెక్కలే చెపుతున్నాయి
676.wav,ఆకుపచ్చ నుండి పసుపు రంగులో పక్వానికి వచ్చే పండ్ల ఆకృతిని ఈ ఫికస్ యొక్క ఒక లక్షణం
677.wav,అయితే వాటిని నీటిలో వేసి కడిగి తింటే మరింత మేలు జరుగుతుందని ఆరోగ్యనిపుణులు అంటున్నారు
678.wav,అయితే ఇప్పటికే జయ చికిత్స వివరాలు ఎప్పటికప్పుడు కేంద్రానికి పంపామని శశికళ కూడా ప్రకటించారు
679.wav,ఇక సంగీత దర్శకులు విశాల్ శేఖర్ ద్వయానికి కూడా చాలా క్లియర్ గా సూచనలు ఇచ్చా
680.wav,అయితే చాలా మున్సిపాలిటిలలో పాలక మండలి గడువు ముగిసి ఏళ్లు గడిచినా ఎన్నికలు పెట్టరు
681.wav,భారతీ షేర్ల వ్యవహారంలో ఏ విధమైన మతలబు లేదని ఆయన వివరణ ఇచ్చారు
682.wav,రామ్ గోపాల్ వర్మ గత నెల రోజులుగా కాస్త సైలెంట్గా ఉంటున్నాడు అనిపిస్తుంది
683.wav,ఈ కేసులో వారిద్దరిని అరెస్టు చేసి జైలులో ఉంచినట్లు పోలీసులు తెలిపారు
684.wav,సంగారెడ్డికి గోదావరి జలాలను తరలించాలని జగ్గారెడ్డి గత కొద్ది రోజులుగా డిమాండ్ చేస్తున్న సంగతి తెలిసిందే
685.wav,చేతులు న నేర్చుకోవడం విద్యార్థులు స్టేషన్లు లేదా సైన్స్ ప్రయోగాలు లో స్పష్టంగా ఒక వ్యవస్థీకృత సూచించే పాల్గొనేందుకు అనుమతిస్తుంది
686.wav,అందుకే మరో హిట్ ఇచ్చి బాకీ తీర్చాలని ఫిక్స్ అయ్యాడు నాని
687.wav,మనస్తత్వవేత్తలు వివిధ రకాల వైలెట్లు మనిషి యొక్క మానసిక మరియు సృజనాత్మక సామర్ధ్యాల అభివృద్ధికి దోహదపడుతున్నారని గమనించారు
688.wav,అంతర్జాతీయ న్యాయస్థానం ముందుకు ఇవాళ కుల్ భూషణ్ జాదవ్ కేసు రానుంది
689.wav,దాంతో పాటు నాకు రెస్పెక్ట్ వస్తుంది అన్నందుకు ఐ యాం వెరీ హ్యాపీ
690.wav,అంతే తప్ప ఎఫ్సిఐ ఎక్కువ స్థాయిలో సేకరణ జరపడం కారణం కాదు
691.wav,ఈ పండుగ రోజుల్లో రాష్ట్రంలోని ప్రజలంతా థియేటర్ల ముందు వాలిపోతారు
692.wav,మద్యం అమ్మకాలపై ఆగమేఘాల మీద ఎందుకు నిర్ణయం తీసుకున్నారని వైసీపీ ప్రభుత్వాన్ని బీజేపీ ఎంపీ జీవీఎల్ నరసింహారావు ప్రశ్నించారు
693.wav,లూయిస్ యొక్క చట్టపరమైన హోదాని కొట్టిపారేసిన పత్రాలను సంతకం చేయటానికి గై అతన్ని పట్టుకోవటానికి ఇది సరిపోతుంది
694.wav,ఇందుకు కారణం లైఫ్టైమ్ అచీవ్మెంట్ అందుకునేంతటి వయసు తనకు ఇంకా రాలేదన్నది శ్రీదేవి అభిప్రాయమట
695.wav,సుకుమార్ క్యాన్సర్ వ్యాధి సోకడంతో ఓ ప్రైవేటు ఆస్పత్రిలో చికిత్స పొందుతూ మరణించారు
696.wav,రాష్ట్రంలో గ్రామ వాలంటీర్ల నియామకం ఒక రికార్డు అని సీఎం వ్యాఖ్యానించారు
697.wav,తెలుగు వెర్షన్ కు తనదైన శైలిలో సీన్స్ రాసి నేరేషన్ వినిపించారు
698.wav,ప్రతి బాక్స్ అక్కడ ఖచ్చితంగా నిర్వహించడానికి మరియు ఒక గుత్తి కోసం శ్రమ ఎలా వివరిస్తూ ఒక బుక్లెట్ ఉంది
699.wav,కొనుగోలు సమయంలో ఈ నకిలీ ప్రోమో కోడ్లను ఉపయోగించడం మీ బ్యాంక్ వివరాలకు ప్రమాదం
700.wav,ట్రంప్తో జరిగిన సమావేశంలో రిపబ్లికన్ పార్టీకి చెందిన సెనేటర్ లిండ్సే గ్రాహాం కూడా పాల్గొన్నారు
701.wav,ప్రముఖ దర్శకుడు రాంగోపాల్ వర్మ ట్విట్టర్ను వదిలేశాడనుకుంటే మళ్లీ ఫేస్బుక్లో పదునైన వ్యాఖ్యలతో దడదడలాడిస్తున్నాడు
702.wav,ఈ విధంగా దేశాలన్నీ తిరుగుతున్న కారణంగా ఈ వైరస్ వేగంగా వ్యాప్తి చెందడానికి కారణమైంది
703.wav,అయితే సంచలన దర్శకుడు రామ్ గోపాల్ వర్మ ట్విట్టర్ అకౌంట్ కి వెళ్ళండి
704.wav,మూడు లక్షలకు పైగా ట్యాగ్స్ తో రాధే శ్యామ్ సినిమానే టాప్ లో ఉందట
705.wav,మిగతా ఫ్లాట్స్ లో ఉంటున్న దాదాపు వంద మంది వెంటనే అప్రమత్తమై బయటకు వచ్చేశారు
706.wav,అతడు కేసు విచారణకు సరిగ్గా హాజరుకాకపోవడంతో తిరునెల్వేలి కోర్టు అరెస్టు వారెంటు జారీ చేసింది
707.wav,ఒక నిజంగా ఏకైక ప్రదర్శిస్తుంది ఇది ప్రజలు నిజంగా సురక్షితంగా ఉంటాయి అని స్పష్టం చేస్తాయి
708.wav,అలాంటి కథాంశం తీసుకుని రాంబాబు సినిమా చేయడం ఇంట్రెస్ట్ గా ఉంది
709.wav,బళ్లారి నగర శాసన సభ నియోజక వర్గం నుంచి ఇప్పుడు టిక్కెట్ ఆశిస్తున్న వ్యక్తి గాలి సోమశేఖర్ రెడ్డి మాత్రమే
710.wav,అవును మరి సచిన్ చేతిలో ఆడిన బ్యాట్ ను పొందడమంటే సాధారణ విషయం కాదుగా
711.wav,కామంతో కన్నుమిన్ను కానరాని స్థితికి చేరిన మరో కీచకుడి ఉదంతం తాజాగా వెలుగు చూసింది
712.wav,అందుకే ఏపి అవతరణ దినోత్సవ విషయంలో ఎలాంటి నిర్ణయం తీసుకుంటారనేది ఆసక్తికరంగా మారింది
713.wav,కొత్త సాంకేతికతల ఆమె భర్త ఆల్బర్ట్ పోషకుడిగా తరువాత డ్రినా మరియు వాటిని ఆసక్తి
714.wav,అతను అప్పుడప్పుడూ ఇబ్బంది పెడుతుంటాడని బంధువుల దగ్గర అన్నట్లు విన్నామని ఆయన చెప్పారు
715.wav,ప్రభుత్వ పాఠశాలలో చదువుతున్న విద్యార్థులకు ఆ నోట్ బుక్స్ అందించాలనేది ఆయన అభిమతం
716.wav,ఇన్సూరెన్స్ వివరాలను చెక్ చేసేం దుకు కొన్ని యాప్ లూ అందుబాటులో ఉన్న వాటి పనితీరు మెరుగ్గా లేదు
717.wav,దేశ చరిత్రలో ఎక్కడా లేని విధంగా రాజధాని అమరావతికి కేంద్రం నిధులు ఇచ్చిందన్నారు
718.wav,ఆ తర్వాత చాలీ చాలనీ జీతాలతో జీవితాన్ని నెట్టుకొచ్చే వారు
719.wav,సీఎం నుంచి ఆదేశాలు వస్తేనే చర్చలు జరుపుతామని కేకే చెప్పారన్నారు కొండా విశ్వేశ్వర్ రెడ్డి
720.wav,ఇంటిలోని పాత వస్తువులను భోగి మంటల్లో కాల్చి కొత్తకు ఆహ్వానం పలికేకాలం
721.wav,ఆ చిత్రాల్లో హీరోయిన్ లేదా హీరోలు చిన్నతనంలోనే తల్లిదండ్రుల నుంచి అనుకోని
722.wav,కండలేరు రిజర్వాయర్లో నీరున్నా అధికారులు స్పందించడం లేదని ఆవేదన వ్యక్తం చేశారాయన
723.wav,ఇక మెడికల్ ల్యాబ్స్లో పరీక్షలు నిర్వహించే వారు కూడా ఈ జాగ్రత్తలు తీసుకోవాలి
724.wav,దీంతో తన తల్లి ఇండియాలో ఉందని తెలుసుకొని ముంబయికి వచ్చి ఆమె వాకబు చేసింది
725.wav,టెస్టు క్రికెటర్లను పరీక్షించి బరిలోకి దింపిన తర్వాత రెండోరోజు ఎవరికైనా కరోనా పాజిటివ్ వస్తే ఏం చేయాలని ఆయన ప్రశ్నించాడు
726.wav,దేశం ఉమ్మడి పౌరస్మృతిని రూపొందించుకోవడానికి కృషి చేస్తుందని రాజ్యాంగ నిర్మాతలు తాము పొందుపరచిన ఆదేశిక సూత్రాలలో ఆశించారని పేర్కొన్నారు
727.wav,అమానుషంగా దాడి చేయడం వల్లే భార్య మృతి చెందిందని సంజయ్ ఆవేదన వ్యక్తం చేశారు
728.wav,కేంద్రానికి వ్యతిరేకంగా వ్యాఖ్యలకు దిగినందునే ఆయనను బదిలీ చేశారని విమర్శలు వెలువడ్డాయి
729.wav,ప్రాక్టికల్ గా ఎక్స్ పీరియస్ సాధించడం వల్ల సకాలంలో విద్యార్థులు ఉద్యోగాలు సాధించేందుకు వీలు పడుతుంది
730.wav,నియోజకవర్గ సరిహద్దుల వద్ద ఉన్న రిచ్ లపై సరిహద్దు వివాదాలతో ప్రజా ప్రతినిదులు బాహాబాహీకి దిగారు
731.wav,మొదటి దశలో డాక్టర్ బాల గురించి సాధ్యమైనంత ఎక్కువ సమాచారం సేకరించడానికి ప్రయత్నిస్తున్నారు
732.wav,దాంతో ఈ సీజన్లో కింగ్స్ పంజాబ్తో జరిగిన రెండు మ్యాచ్ల్లోనూ రాజస్తాన్ విజయం సాధించినట్లయ్యింది
733.wav,ఒక ఉపయోగకరమైన ఫీచర్ అదనంగా బ్రష్లు మరియు ఫిల్టర్లు సెట్ను పొందుపరచడానికి సామర్ధ్యం
734.wav,విస్తరణ చేపడితే ఎన్నికలపై ప్రభావం పడే అవకాశం ఉందని కేసీఆర్ భావిస్తే ఫిబ్రవరి దాకా ఉండకపోవచ్చునని అంటున్నారు
735.wav,పెళ్లి తర్వాత దంపతులు సంతానం కోసం ఎంతో ఆత్రుతగా ఎదురుచూస్తారు
736.wav,ఈ రీజనింగ్ ను తన మార్క్ డైలాగ్ డెలివరీతో కెసిఆర్ గనుక చెబితే సభల్లో చప్పట్లు హోరెత్తడం ఖాయం
737.wav,వైయస్ హయాం నుండి కిరణ్ కుమార్ రెడ్డి హాయం వరకు మంత్రిగా పని చేసారు
738.wav,సంఘటనల క్రమం పని రాజధాని భారీ మొత్తంలో మళ్లింపు కారణమయ్యే చెల్లింపులు చేసింది
739.wav,ఇందులో భాగంగా క్రోమ్ బ్రౌజర్ యూజర్లు ఈజీగా షాపింగ్ చేసుకునేందుకు గూగుల్ కొత
740.wav,ఆయన ఇలా చెప్పడానికి వెనుక కొంత తెర వెనుక కథ నడిచిందట
741.wav,వేలచ్చేరిలో కొత్తగా నిర్మితమైన డాక్టర్ అగర్వాల్ నేత్ర వైద్యశాల శాఖను ఆమె శనివారం ప్రారంభించారు
742.wav,ఉత్తమ క్వాలిటీ సౌండ్ వ్యవస్థను ఈ డివైజ్లో నిక్షిప్తం చెయ్యటంతో స్మూత్ అవుట్ పుట్ను శ్రోత ఆస్వాదించవచ్చు
743.wav,దుబాయ్లో పుట్టిన ఈ చిన్నది దక్షిణాది చిత్రాల్లో తన అదృష్టాన్ని పరీక్షించుకోవడానికి వచ్చింది
744.wav,ముఖ్యమంత్రి కిరణ్ కుమార్ రెడ్ది సీమాంధ్ర ప్రాంతానికి మాత్రమే ముఖ్యమంత్రిగా వ్యవహరిస్తున్నారని ఆమె ఆగ్రహం వ్యక్తం చేశారు
745.wav,జనాలు కాస్త సోషియో ఫాంటసీ నా అనుకునేలా వుంటాయట ఆమె గెటప్ లు కూడా
746.wav,దీర్ఘకాలిక ల్యుకేమియా యొక్క అసాధారణ కణాలు సాధారణంగా తీవ్రమైన ల్యుకేమియాల కంటే తక్కువ వేగంతో గుణిస్తారు
747.wav,స్థానిక సంస్థ లోట్టే చిల్సుంగ్ ఈ ఉత్పత్తి ఉత్పత్తిలో నిమగ్నమై ఉంది
748.wav,శ్లేష్మ పొరకు నష్టం కొన్ని విధ్వంసక ఏజెంట్ల చర్య ఫలితంగా సంభవించవచ్చు
749.wav,దీన్ని పరిశీలించిన వైద్యులు మాత్రం క్రెస్టెడ్ సర్పెంట్ ఈగల్ జాతికి చెందినదని భావిస్తున్నారు
750.wav,సమాచారం అందుకున్న పోలీసులు సంఘటను స్థలానికి చేరుకొని కానిస్టేబుల్ను హుటాహుటిన డిఆర్డీఏ ఆపోలో ఆసుపత్రికి తరలించారు
751.wav,రక్షిత మంచినీటి పథకాలు మూలనపడడంతో ప్రైవేటు వాటర్ ప్లాంట్లు విరివిగా వెలుస్తున్నాయి
752.wav,సంగీత దర్శకుడు యస్ తమన్ అందించిన పాటల సంగీతం అంతగా ఆకట్టుకోలేదు
753.wav,చివరిగా కడప పిక్చర్స్ వారి భావిపౌరులు సినిమాకు సంగీత దర్శకుడిగా పనిచేసి సరికొత్త బాణిలతో మధురమైన సంగీతాన్ని అందించారు
754.wav,సంస్కరణలను చురుకుగా ముందుకు తీసు కువెళ్లేందుకు తమ ప్రభుత్వం నిరంతరాయంగా పనిచేస్తోందన్నారు
755.wav,తెలుగు సినీ పరిశ్రమలో డ్రగ్స్ ఆరోపణలు ఎదుర్కొంటున్న సెలబ్రిటీలకు సంబంధించి ఇప్పటికే పలువురు మీడియా ముందుకొచ్చారు
756.wav,హాట్ ఓవెన్ యొక్క రాక్ తాకడం నిజంగా కుకీలను నాశనం చేస్తుంది
757.wav,అయితే ప్రయాణీకుల రద్దీకి తగ్గట్టుగా బస్సులు నడపడం లేదని ఆర్టీసీపై ఆరోపణలు వస్తున్నాయి
758.wav,పెన్ను కోసం గొడవ పడి తోటి స్నేహితురాలినే చంపిది ఒక అమ్మాయి
759.wav,అయితే స్నేహ ప్రస్తుతం తన ట్విట్టర్లో ఆసుపత్రి బెడ్పై ఉన్న ఫోటోలని పోస్ట్ చేసి తాను చికిత్స తీసుకుంటున్నట్టు తెలిపింది
760.wav,ఇప్పటికే దాసరి నారాయణ రావు పలు కథలను పవన్ కోసం విన్నాడు
761.wav,మేర్లపాక గాంధీ దర్శకత్వంలో రూపొందుతున్న ఈ సినిమా ఇప్పటికే పూజ కార్యక్రమాలను పూర్తి చేసుకుంది
762.wav,ఈ వైరస్ వుహాన్లోని ఓ సముద్రపు ఆహార ఉత్పత్తుల మార్కెట్ లో వ్యాపించినట్లు అధికారులు గుర్తించారు
763.wav,ఆర్టీసీ జేఏసీని విచ్చిన్నం చేయాలని ముఖ్యమంత్రి కేసీఆర్ చూస్తున్నారని రాజిరెడ్డి విమర్శించారు
764.wav,ఈ నేపథ్యంలో తేజు మూవీతో తనేంటో రుజువు చేసుకోవాల్సిన స్థితిలో ఉన్నాడు వినాయక్
765.wav,బొగ్గు నిల్వలు ఉన్న దిగువకు రంధ్రాలు చేసి ఆ బొగ్గు మండేలా చేస్తారు
766.wav,కాగజ్నగర్ డివిజన్ ఎఫ్డివో మంచిర్యాల నుంచి ప్రైవేట్బస్సులో వారందరిని హైదరాబాద్ కు తీసుకొచ్చా రు
767.wav,తెలంగాణ సీఎం కేసీఆర్పై ఆర్టీసీ కార్మికుల సంఘాల ఐకాసా నాయకుడు అశ్వత్థామరెడ్డి తీవ్ర వ్యాఖ్యలు చేశాడు
768.wav,రామ్లీలా మైదానంలో ప్రధాని మోదీ పాల్గొన్న ఈ సభకు అధికారులు భారీగా భద్రత ఏర్పాట్లు చేశారు
769.wav,దీంతో బాహుబలి తరువాత అంతటి వేగవంతమైన కలెక్షన్లు సాదించిన రెండవ తెలుగు చిత్రంగా ఖైదీ నిలిచింది
770.wav,పూర్వం ఎన్నోసార్లు యజ్ఞ విరామ సమయాల్లో మీరు మాకు వివిధ పురాణాలు వినిపించారు
771.wav,క్లాక్ టవర్ వద్ద అమరవీరుల స్థూపానికి నివాళులర్పించిన అనంతరం లయన్స్ క్లబ్కు చేరుకొని సమావేశం నిర్వ హించారు
772.wav,తన వెనుక ఉన్న ఓటర్ల సంఖ్యను చూసైనా ఫారిన్ లిక్కర్ సరఫరా చేయాల్సిందేనని గల్లీ లీడర్లు డిమాండ్ చేస్తున్నారు
773.wav,మనిషి ఆలోచనలపై అనేక రకాల పరిశోధనలు చేసిన వారు ఓ అద్భుతమైన విషయాన్నీ కనుగొన్నారు
774.wav,కానీ నేడు ఈ పదాన్ని మహిళలను అవమానించడానికి ఉపయోగిస్తున్నారని తనేజా అంటున్నారు
775.wav,ముఖ్యమంత్రి చంద్రబాబు నాలుగేళ్లుగా అమరావతిలో ఉండి రాష్ట్రాభివృద్ధి కోసం పాటుపడుతుంటే విమర్శలు చేస్తారా అని మండిపడ్డారు
776.wav,రిజిస్ట్రేషన్ శాఖ అధికారులతో మాట్లాడి కొత్త పంచాయతీలకే ఆదాయం వచ్చేలా చర్యలు తీసుకుంటాం
777.wav,అందుకుే ఈ చిత్రాన్ని గట్టి పోటీ మధ్య వినాయక చవితి వీకెండ్లో రిలీజ్ చేయడానికి రెడీ అయిపోయారు
778.wav,ముమైత్ ఖాన్పై సిట్ అధికారులు ఆరున్నర గంటల పాటు ప్రశ్నల వర్షం కురిపించారు
779.wav,ఈ మహామాయ దేవాలయం ప్రాంగణంలోనే అనేక ఉపాలయాలను కూడా మనం దర్శనం చేసుకోవచ్చు
780.wav,వివాదాస్పద వ్యాఖ్యలు చేస్తూ ఎప్పుడు మీడియా అటెంక్షన్ పొందుతూ ఉంటాడు కత్తి మహేష్
781.wav,టౌన్ వాన్ జాంట్ట్ అన్ని కాలాలలోనూ అత్యుత్తమ గీతరచయితలలో ఒకరిగా పరిగణించబడతాడు
782.wav,కొన్నాళ్లు టెన్షన్స్ అన్నీ పక్కన పెట్టిన కుటుంబంతో ఎక్కువ సమయం గడపాలని ఒబామా భావిస్తున్నారు
783.wav,ఇస్షెవ్స్క్ జూలాజికల్ పార్క్ గ్రామం యొక్క స్థానిక లక్షణాల్లో ఒకటి చెందినది
784.wav,కనీసం వార్డు మెంబర్ గా కూడా గెలవని లోకేష్ ని చూసి జగన్ భయపడాలా అని ప్రశ్నించారు
785.wav,రసూల్ స్నేహితుడు అమితాబ్సింగ్ ఇటీవల ఆయన్ను ఓ మంచి కథతో కలిశారు
786.wav,చిత్రం శీర్షిక పడాక్ పక్కన ఉన్నా లేనట్టేనని ఆయన పొరుగింటి వాళ్లు చెప్పారు
787.wav,మెనోపాజ్ సమయంలో హార్మోన్ల ఔషధాల తీసుకోవడం శరీరం లోపలే తప్పిపోయిన హార్మోన్ల క్రమంగా మార్చడానికి దారితీస్తుంది
788.wav,రక్తం సరఫరాను తగ్గించేటప్పుడు దాని యొక్క అసలు స్థానానికి ముడుచుకున్న హెమోరోర్హాయిడ్ను స్థిరంగా ఉంచే వృత్తాకార పరికరాన్ని ఇది ఉపయోగించుకుంటుంది
789.wav,విప్లవకర తదనంతర కాలంలో పరిశోధనా సహాయకులు పదేపదే ఒక ఏకీకృత మిలిటరీ మ్యూజియం యొక్క సంస్థ ప్రశ్నను రేకెత్తించాయి
790.wav,అంతే కాకుండా వాహనానికి చేపట్టిన మరమ్మతుల ప్రూఫ్ లను అందించడం జరుగుతోంది
791.wav,రాష్ట్రంలో రోజుకు పది లక్షల మందికి టీకా ఇవ్వాలని లక్ష్యంగా పెట్టుకున్నట్లు ప్రకటించారు
792.wav,ఇక ఇప్పుడు రకుల్ కూడా ఈ ప్రాజెక్ట్ కి గుడ్ బై చెప్పేసింది
793.wav,ప్రకృతి రక్షణ ఒక నిరుత్సాహక పనిని అవుతుంది గురించి చట్టబద్ధమైన నిర్ణయాలు
794.wav,టీడీపీ విధానాలపై వ్యక్తిగత ప్రకటనలు చేయడం సరికాదని చంద్రబాబు తేల్చి చెప్పారు
795.wav,నిపుణులు వినియోగదారు ప్రొఫైల్లు మరియు నిపుణులను విశ్లేషించడం ద్వారా లెక్కించే పరిమాణాత్మక ఫలితాలపై గణాంకాలను సేకరించారు
796.wav,దీంతో వైద్య సేవల నిర్లక్ష్యంపై ఆరోగ్యశాఖ అధికారులు ఆయనపై సీరియస్ అయినట్లు తెలుస్తోంది
797.wav,ఆఖరికి పాటతో సంబంధం లేని స్టంట్ మాస్టర్ పేరు కూడా వేసారు
798.wav,వెబ్ కెమెరాల ద్వారా జిల్లా కలెక్టర్ ఓటింగ్ సరళిని ఎప్పటికప్పుడు పర్యవేక్షిస్తున్నారు
799.wav,ఆ మధ్య ఓ ఇంటర్వ్యూలో రామ్ చరణ్ తో సినిమా ఉంటుందని కన్ఫర్మ్ చేసాడు గౌతమ్ మీనన్
800.wav,ప్రేమ విఫలమై భవానీ ఆత్మహత్య చేసుకుందని ఆమె తండ్రి వెంకటేశ్వర్లు అందరినీ నమ్మించి అంత్యక్రియలు పూర్తి చేయించాడు
801.wav,అయితే షారూక్ మెజారిటీ పార్ట్ తన సొంత నిర్మాణ సంస్థ రెడ్ చిల్లీస్లోనే నటిస్తున్నాడు
802.wav,తెలంగాణ మహాకూటమిలో పారిశ్రామిక వేత్తగానే కాకుండా సినిమా నిర్మాతగా ముద్ర వేసుకున్న ఆ వ్యక్తికి రాజకీయాలే తెలియదు
803.wav,ఇలా ఉద్యోగాలు తెచ్చుకున్నవాళ్లు యింటికి డబ్బు పంపి అక్కడ పొయ్యిలో పిల్లి లేచేట్లు చూస్తున్నారు
804.wav,ఒక ఇల్లు యొక్క ముఖభాగాన్ని పూర్తి చేయడం ఇటుక కోసం పలకలను నిర్వహించడానికి మరియు ఉపయోగించేందుకు తగినది
805.wav,అప్పుడే అది దాని ఫలితాన్ని దాని పాఠక వర్గాన్నీ పొందగలదు
806.wav,కూడా వ్యక్తి ఏ ఇతర పెన్షన్ అందుకోకపోతే ఏ సాక్ష్యం తీసుకోవాలని
807.wav,దీనికి తోడు ఈ సమావేశానికి తొలిసారిగా ఉపాధ్యక్షుడి హోదాలో రాహుల్ గాంధీ హాజరు కాబోతున్నారు
808.wav,మీ పరీక్షల ఫలితాలు చూసిన తరువాత ఒక వైద్యుడు కేటాయించే ఈ ప్రత్యేక మందులు నెట్టివేయు మందులు
809.wav,అప్పుడే దుండగుడి పక్కనుంచి మసీదు కార్మికుడు వచ్చి తుపాకీ లాక్కున్నాడని ప్రత్యక్షసాక్షి సయ్యద్ మజారుద్దీన్ వెల్లడించినట్టు స్కై న్యూస్ పేర్కొన్నది
810.wav,ప్రస్తుతం సందీప్ ఈ పరిస్థితి నుంచి బయటపడాలంటే మాములు సినిమాలతో జరిగే పని కాదు
811.wav,తమ క్లయింట్లకు మెరుగైన సేవలు అందించడం కోసమే ఈ నిర్ణయం తీసుకున్నట్లు దిగ్గజ కంపెనీలు ప్రకటించాయి
812.wav,దాదాపు అన్ని వినోద సంస్థలు కూడా చాలా ప్రాముఖ్యత కస్టమర్ అవసరాలను చేయగలరు
813.wav,ఆధునిక సాంకేతిక ఇది ప్రజలు మార్స్ ను మరియు దాని ఉపరితలంపై భూమికి పరికరము సృష్టించడానికి అనుమతిస్తుంది
814.wav,ఇక మరిది రవీందర్ ను పిలిచి దేవరావ్ ను ఇంట్లోనే ఉంచి గడియపెట్టాలని కోరడంతో అతడు గడియవేశాడు
815.wav,పక్కన ఉన్న పత్రికల మీది సుందర మానినీ దరహాస ముఖచిత్రాల్ని కుతూహలంగా చూస్తూ
816.wav,ఊహించని విధంగా జరిగిన ఈ పరిణామాన్ని చూసిన చైర్మన్ రాములు ఒక్కసారిగా నిర్ఘాంతపోయారు
817.wav,ఎన్నికలు ప్రశాంతంగా జరగడానికి రాష్ట్ర ఎన్నికల కమిషన్ జారీ చేసిన ఆదేశాలకు అనుగుణంగా అన్ని ఏర్పాట్లు నిర్వహిస్తున్నామన్నారు
818.wav,ఇది ఏ సాధారణ యూజర్ ఇంటర్ఫేస్ అభివృద్ధి కోసం ప్రధాన లక్ష్యాలను గుర్తించడానికి అవకాశం ఉంది
819.wav,ఆ దశలో వర్గాల మధ్య రాజీ కుదర్చాలని బోధించేవారు ప్రభుత్వవర్గం నుంచే తలెత్తుతారు
820.wav,రానున్న మూడు రోజుల్లో తెలంగాణ రాష్ట్ర వ్యాపితంగా వర్షాలు కురిసే అవకాశాలు ఉన్నట్లు హైదరా బాద్ వాతావరణ కేంద్రం తెలిపింది
821.wav,పృధ్వీనారాయణ శాహు నేపాల్ నంతనీ ఒకే రాజ్యం కింద తెచ్చి ఒకే పాలన చేశాడు
822.wav,ఎయిర్పోర్టులో ఫ్లైట్ దిగింది మొదలు అడుగడుగునా జగన్కు ప్రజలు బ్రహ్మరథం పట్టారు
823.wav,డ్రగ్స్ కేసులో నిన్న ఛార్మీపై జరిగిన విచారణ పెద్దగా సత్ఫలితాలను ఇవ్వలేదు
824.wav,బాహుబలి చిత్రంతో ఈయనకు వచ్చిన క్రేజ్తో అంబానీ ఇంట పెళ్లికి అతిథిగా హాజరు అయ్యే ఛాన్స్ వచ్చింది
825.wav,వారికి పోలవరం ప్రాజెక్ట్ వ్యవహారం కూడా అనుకోకుండా ఓ లడ్డులా కనిపంచింది
826.wav,అక్టోబర్ డేట్ లు యువి నిర్మించే ప్రభాస్ సినిమా కోసం వున్నాయి
827.wav,పంట సంజీవిని పధకం పంటకుంటలు త్రవ్వించడం ద్వారా బూగర్బజలాలు పెంపొందించడం జరుగుతుం దన్నారు
828.wav,పులులు ఉండటానికి అనుకూలమైన వాతవరణం నల్లమల అటవి ప్రాంతంలో ఉన్నా పులుల వృద్ధి మాత్రం నా మమాత్రంగానే ఉందని చెప్పవచ్చు
829.wav,మరోవైపు స్పీకర్ సభలోని ప్రతి ఒక్కరికి విశ్వాస పరీక్షలో మాట్లాడటానికి అవకాశం కల్పిస్తున్నారు
830.wav,పేటిఎం ఫాస్ట్ ట్యాగ్ కోసం పేటిఎం వాలెట్ నుండి డైరెక్ట్ గా చెల్లించొచ్చు
831.wav,అయితే ఆ కారులో గౌతమ్ అనే యువకుడు ఫుల్ గా మద్యం తాగి డ్రైవింగ్ చేయడం జరిగిందని
832.wav,ఆంధ్రప్రదేశ్ ముఖ్యమంత్రి వైఎస్ జగన్ మోహన్రెడ్డి కేబినెట్లో అన్ని సామాజిక వర్గాలకు చోటు కల్పించారు
833.wav,ఒక్క రియల్టీ షేర్లకు తప్ప మిగిలిన అన్ని రంగాలకు చెందిన షేర్లకు కొనుగోళ్ల మద్దతు లభిస్తోంది
834.wav,అంత్యక్రియల సందర్భంగా లాక్డౌన్ నిబంధనల ఉల్లంఘనపై జిల్లా కలెక్టర్ సహా ఉన్నతాధికారులు ఎవరూ పెదవివిప్పలేదు
835.wav,ఎన్డీఏలో తాము కొనసాగి ఉంటే మరోసారి ఏపీ రాష్ట్రంలో టీడీపీ అధికారంలోకి వచ్చేదని ఆయన అభిప్రాయపడ్డారు
836.wav,ప్రతి అమ్మాయి వార్డ్రోబ్లో ప్రస్తుతం సాయంత్రం దుస్తులు ఉండాలి
837.wav,ఇప్పటికే నాలుగుసార్లు తన వీటో అధికారం సాయంతో దీనికి చెక్ పెట్టింది
838.wav,పూర్తి వేగంతో ప్రయాణిస్తున్న ఒక సైక్లిస్ట్ యొక్క క్రై వినడానికి ఇష్టపడే వ్యక్తుల గురించి ఆలోచించండి
839.wav,త్రిశంకు నరకంలాంటి ఆ ఊగిసలాట తెచ్చే మానసిక క్షోభ పరాయివాడికి కూడా వద్దురా బాబు అనిపిస్తుంది
840.wav,ఇది మీరు ఇకపై అవసరం లేదు అనుభూతి అది వెళ్ళనిస్తున్నారని కూడా ముఖ్యం
841.wav,దొంగతనం చేయబోయి తప్పించుకునే ప్రయత్నంలో ఓ దొంగ తన ప్రాణాల్ని కోల్పోయాడు
842.wav,ప్రత్యేకంగా ఈ సేల్ లో ఫ్లిప్ కార్డ్ ఐఫోన్ ఎక్స్ ఆర్ అందరిని ఆకర్షిస్తుంది
843.wav,ఆ గుడి గురించి తెలుసుకోవాలి అనుకున్న వాళ్ళు పాము కాటుకే ఎందుకు చనిపోతున్నారు
844.wav,వ్యాధులు టీకా వ్యతిరేకంగా పూర్తి రక్షణ ఇవ్వదు కానీ సంక్రమణ వ్యాధి విషయంలో ఒక సులభమైన పద్ధతిలో ముందుకు చేస్తుంది
845.wav,సాయిప్రతాప్ సార్వత్రిక ఎన్నికలకు ముందు నుంచే తెలుగుదేశం పార్టీలో చేరేందుకు సంప్రదింపులు జరిపారు
846.wav,నేను సాఫ్ట్వేర్ను సమర్పిస్తున్నప్పుడు అది ఎలా పరిమితంగా ఉంటుందో కూడా నాకు ఇష్టం లేదు
847.wav,ఇంజనీరింగ్ డిగ్రీ పూర్తిచేసినవారితో పాటు కోర్సు చివరి సంవత్సరం చదువుతున్నవాళ్లు కూడా దరఖాస్తు చేసుకోవచ్చు
848.wav,ఈ క్రమంలో గాంధీభవన్ వద్ద గత కొన్ని రోజుల నుంచి నిరసన తెలుపుతున్నారు
849.wav,దీని ఆధారంగా కేంద్ర ప్రభుత్వం ప్రత్యేక హోదాను తొలగిస్తూ నిర్ణయం తీసుకుంది
850.wav,రెండు రోజుల క్రితం వీసీలో మాట్లాడుతుంటే చాలా మంది పోలీసులు ఓ కోరిక కోరారు
851.wav,శేరిలింగంపల్లి ఆదర్శనగర్లోని భీంరావు ఇంట్లో గత కొన్ని గంటలుగా తనిఖీలు కొనసాగుతున్నాయి
852.wav,పర్యాటక కేంద్రంగా భాసిల్లిన తాటిపూడి రిజర్వాయరు జలాశయం అడుగంటడంతో ప్రజలు తాగునీటికి అవస్థలు తప్పడం లేదు
853.wav,జిల్లా ఎన్నికల అధికారులు సైతం ట్విట్టర్లో అతనిపై చర్యలు తీసుకున్నామని వెల్లడించింది
854.wav,అధ్యక్షుడిగా ట్రంప్ తొలి రోజు పలు కీలక నియామకాలకు సంబంధించిన పత్రాలపై సంతకాలు చేశారు
855.wav,ఎక్కడి నుంచి ఎక్కడికైనా అరగంటలో చేరుకునే విధంగా అత్యుత్తమ ప్రజా రవాణ వ్యవస్థను అమరావతిలో ఏర్పాటు చేస్తున్నామని చెప్పారు
856.wav,ప్రతి మూసివేసే పైన కూడా కాగితం లేదా అదే పాలిథిలిన్ చేసిన రక్షిత కోశం నిండి ఉంది
857.wav,కరోనా వైరస్ విస్తరించిన ప్రస్తుత పరిస్థితుల్లో చేతులను పరిశుభ్రంగా ఉంచుకోకపోతే ప్రాణం మీదికి వస్తుందనే సందేశాన్ని ఇస్తున్నారు
858.wav,టెస్టుల్లో భారత వికెట్ కీపర్గా అతి తక్కువ ఇన్నింగ్స్ల్లో వెయ్యి పరుగులు సాధించిన ఆటగాడిగా కొత్త రికార్డు నెలకొల్పాడు
859.wav,వారిద్దరికి మాతృభాష వచ్చినా ఇంగ్లిష్లో మాట్లాడుకున్నంత సులభంగా తెలుగులో మాట్లాడలేకపోవడం లేదా స్మోకన్ ఇంగ్లిష్పై మోజు కావచ్చు
860.wav,ఇప్పటికైనా ఈ విషయం పై ద్రుష్టి సారించకపోతే భవిష్యత్ లో మరిన్ని బాధాకర సంఘటనలను చవిచూడాల్సివస్తుంది
861.wav,తాజాగా ఆయనపై వీరనారాయణ అనే వ్యక్తి నమోదు చేసిన కేసు తీవ్రంగా మారే అవకాశాలు కనిపిస్తున్నాయి
862.wav,విద్యుత్ కార్లు ప్రొపల్షన్ కోసం సిన్క్రోనస్ రోటరీ ట్రాక్షన్ మోటార్లను ఉపయోగిస్తాయి
863.wav,ఇది తరచూ టోక్యో ఆర్ధికవ్యవస్థతో ఉపయోగించబడుతుంది మరియు ఒక విద్యార్థి అర్థాన్ని అర్థం చేసుకున్నప్పుడు ఉత్తమంగా ఉపయోగించబడుతుంది
864.wav,మామూలు గీతని బాపు గీతగా మార్చడం వెనుక ఎన్నో ఏళ్ళ పరిశ్రమ ఉంది
865.wav,దీంతో దగ్గరలో ఉన్న వారు బాధితు రాలికి సహాయం చేసే వీలు కలుగు తుంది
866.wav,ఇతర చనీయా హోటల్స్ పిల్లలతో కుటుంబాలు దాదాపు అదే సేవలు అందిస్తున్నాయి
867.wav,ఇది అసలు మరియు రుచి మధ్య ఉంది ఆ సన్నని గీత కనుగొనేందుకు ముఖ్యం
868.wav,దీంతో ఈ వాచ్ ధరించిన చిన్నారులు ఎక్కడున్నా తమ తల్లిదండ్రులకు ఇట్టే తెలిసిపోతుందన్న మాట
869.wav,వైద్యులు కళ్లద్దాలు సాయంత్రం మరియు రాత్రి రంగు ధరిస్తారు సిఫార్సు లేదు
870.wav,అయితే ఈ ముగ్గురు నిందితుల బాధలు భరించలేకనే శ్రావణి ఆత్మహత్య చేసుకుందని భావిస్తున్నామని డీసీపీ పేర్కొన్నారు
871.wav,ఇక నుంచి ఆర్టీసీ కార్మికుల జీతభత్యాల బాధ్యతను రాష్ట్ర ప్రభుత్వమే భరిస్తుందన్నారు
872.wav,యూవీ క్రియేషన్స్ తీరుపై తీవ్ర ఆగ్రహం వ్యక్తం చేసిన ప్రభాస్ ఫ్యాన్స్ తాజాగా ట్విట్టర్ లో స్పందించారు
873.wav,భారతదేశంలో రిమోట్ సెన్సింగ్ టెక్నాలజీ సహాయంతో తవ్వకం ప్రక్రియలు కొనసాగిస్తున్న ప్రదేశాలలో తలకాడు ఒకటి
874.wav,ఇప్పుడు వైసీపీ కూడా టీడీపీ నేతలకు గాలం వేస్తుందన్న వార్తలు వినవస్తున్నాయి
875.wav,మీ సీనియర్లతో మంచి సంబంధం కలిగి ఉండటం వల్ల మీకు పూర్తి ప్రయోజనం లభిస్తుంది
876.wav,పేదల ఆత్మగౌరవం కాపాడతామని ప్రభుత్వం ఏర్పడిన కొత్తలోనే సీఎం కేసీఆర్ మాటిచ్చారని గుర్తుచేశారు
877.wav,మైక్రోసాఫ్ట్ సుదూర వర్గాలకు చాలా చిన్నదిగా లభించే సెలవు టెంప్లేట్లు అందిస్తుంది
878.wav,ఇప్పుడిప్పుడే తాను చేదు జ్ఞాపకాల నుంచి బయటపడుతున్నానని రాగిణి ద్వివేది కీలక వ్యాఖ్యలు చేశారు
879.wav,పవిత్ర ప్రవక్త ఏలీయా తన నీతి జీవితానికి పరలోకమునకు రేప్ చేయబడ్డాడు
880.wav,అయితే నూతన్ నాయుడు హౌస్ లోకి వెళ్లడం వెనుక పెద్ద స్కామ్ ఉందని తేల్చేసింది సంజన
881.wav,అదే సమయంలో ప్రధాని మోడీకి కూడా ఘటనపై ట్వీట్ చేస్తూ చట్టాల్లో మార్పులు తీసుకురావాల్సిందేనని చెప్పారు
882.wav,అందుకు కారణం ఇటీవలే యూరప్ మార్కెట్లో పయనీర్ కంపెనీకి చెందిన నాలుగు మైక్రో స్టీరియో సిస్టమ్స్ని ప్రవేశపెట్టారు
883.wav,అప్పుడు కార్యాలయం దివాళా తీసి మూతపడకుండా రాబర్ట్ భవిష్యత్తులో నటించాలనే ఒక సైన్ అనిపించింది
884.wav,యొక్క అస్పష్టంగా జ్ఞాపకం పెరుగుతున్న కుక్కలు యుక్తవయస్సు యుక్తవయసులోని
885.wav,ఈ రెండు ప్రాంతాలకు చెందిన యూజర్లు జియో సిమ్ను ఆర్డర్ చేసేందుకు ఈ క్రింది స్టెప్స్ ఫాలో అవ్వాల్సి ఉంటుంది
886.wav,దాంతో తప్పిపోయిన వెంకటన్న ఆచూకీ కోసం పోలీసులు గాలింపు చర్యలకు ప్రయత్నాలు ప్రారంభించారు
887.wav,కానీ ఈ నూతన గులాబీ మాల్లో గురించి వాస్తవాలను మరింత లోతుగా తీయండి
888.wav,అక్రమ రవాణాకు గురైన దాదాపు యువతులు కువైట్లోని ఇండియన్ ఎంబసి వద్ద చిక్కుకున్నారు
889.wav,ఈ నేపథ్యంలో ఇటీవలి కాలంలో రకుల్ ప్రీత్ సింగ్ సోషల్ మీడియాలో యాక్టివ్గా ఉంటూ యూత్ ఆడియన్స్కి కిక్కిస్తోంది
890.wav,ఇపుడు అనుసరిస్తున్న వైఖరికి సంబంధించి మీ మ్యాజిక్ ఏమిటి రాహుల్జీ అంటూ ప్రశ్నలు గుప్పించారు
891.wav,ఈ చిత్రం లో ఎఫ్ఎం చానెల్ లీడ్ గా లక్ష్మి మంచు నటించబోతుంది
892.wav,మరుసటి రోజు ఉదయం తల స్నానం చేస్తే మంచి ఫలితం ఉంటుంది
893.wav,ఆయన సినిమాలో హీరోయిన్ గా నటించిన అందరితో ఆయనకి రిలేషన్ ఉందని టాక్
894.wav,దేశవ్యాప్తంగా ఉన్న ఈ ప్రత్యేక దళాలను సరిహద్దుకు సమీపాన మోహరించినట్టు ప్రభుత్వ వర్గాలు తెలిపాయి
895.wav,గత కొంతకాలంగా సెల్ఫోన్ కొనివ్వమని భార్య ప్రియదర్శిని భర్త నిత్యానందాన్ని కోరుతోంది
896.wav,ఈ మేరకు రకుల్ ప్రీతి సింగ్ తో ఫొటో షూట్ సైతం చిత్రం కార్యాలయంలో జరిపినట్లు సమాచారం
897.wav,ఇప్పటికే గత నెల రోజులుగా ఎండా కాలంలో తీసుకోవాల్సిన జాగ్రత్తలపై క్షేత్రస్థాయిలో ప్రజలకు విస్తృతంగా అవగాహన కల్పించామన్నారు
898.wav,వరద నీటిలో బార్పేట జిల్లాలోని స్వాహిద్ మదన్ రౌతా సబ్ డివిజనల్ ఆస్పత్రి
899.wav,మీరు ఎక్కడైనా షాపింగ్ చేసే సమయంలె అక్కడ కనిపించే బార్ కోడ్ వివరాలను మీ మొబైల్ ద్వారా తెలుసుకోవచ్చు
900.wav,దురదృష్టవశాత్తు తన తల్లిదండ్రులకు కరోనా పాజిటివ్ అని రిపోర్ట్ వచ్చిందని చెప్పింది
901.wav,ఆచార్యునిగా ఆయనతో సాన్ని హిత్యం కలిగిన ఆంధ్రవిశ్వవిద్యాలయం కూడా ఈ మహనీయుడిని విస్మరించింది
902.wav,ఇంతకుముందు ఆదివారం వస్తే సరదాగా సినిమా చూడ్డానికి ఏ థియేటర్కో వెళ్లేవారు
903.wav,పనితీరు బాగు పడకపోతే వారికి వచ్చే ఎన్నికల్లో టికెట్లు ఇచ్చే విషయం సందేహమేనని అంటున్నారు
904.wav,అవి రానురానూ తగ్గిపోయి రికార్డుల్లో ఉన్న చిన్న నీటి వనరులకు వాస్తవానికి ఎంతో తేడా కన్పిస్తున్నది
905.wav,తేజ దర్శకత్వంలో తెరకెక్కిన ఈ సినిమాను సురేష్బాబు నిర్మించిన విషయం తెల్సిందే
906.wav,ఓ మృగాడి కామ దాహానికి తొమ్మిది నెలల పసి పాప బలైపోయింది
907.wav,ఉద్యమం మెజారిటీ సాతానిజం గురించి సాహిత్యం రాశారు మరియు వారి చిత్రం శవం ద్వారా నిర్వచించబడింది
908.wav,ఆ మిగిలిన మూడు స్థానాలను కూడా ఎంఐఎం కైవసం చేసుకోవడం గమనార్హం
909.wav,ఆజాద్ను బయటకు పంపారనే అపవాదు పడకుండా గాంధీ కుటుంబానికి వీరవిధేయులైన వీరిని వ్యూహాత్మకంగా సాగనంపారు
910.wav,ఇప్పటికైనా నకిలీ బీమా పత్రాలపై పూర్తి స్థాయిలో విచారణ చేపడితే పలు విషయాలు వెలుగులోకి వచ్చే అవకాశం ఉంది
911.wav,ఇది తక్షణమే అమలులోకి వస్తుందని గవర్నర్ విడుదల చేసిన రాజపత్రంలో పేర్కొన్నారు
912.wav,ఒక విషయంలో మీరు కార్య వైఫల్యాన్ని ఎదుర్కొంటారు అది మెల్లిగా దాటగలిగితే మీకు చాలా సుఖంగా మారిపోతుంది
913.wav,పశ్చాత్తాపం మరియు అవసరమైన ఆధ్యాత్మిక సామరస్యానికి ఈ రోజులను మార్చుకోవడం అవసరం
914.wav,యువ తరం వారి ఇయర్ఫోన్స్ వారి చెవులకు పెట్టుకొని పని ప్రదేశం లేదా ప్రయాణాల్లో సంగీతంను వింటారు
915.wav,వివరాల ప్రకారం గత శుక్రవారం ఆస్పత్రిలో నిర్మల పేట్ల బురుజు హాస్పిటల్లో మగబిడ్డకు జన్మనిచ్చింది
916.wav,మెగా ప్రిన్స్ వరుణ్ తేజ్ నటించిన గద్దలకొండ గణేష్ చిత్రం నేడు ప్రేక్షకుల ముందుకు వచ్చింది
917.wav,ఈ వ్యవహారం అంతా స్ధానికంగా ఉన్న ఏపీ బీజేపీ నేతలకు అంతగా తెలియదు
918.wav,మరణించిన వ్యక్తి దేవుడితో కలిసి ఉంటాడని ఎవరైనా నమ్మితే అతను డెత్ను కూడా సెలబ్రేట్ చేసుకోవచ్చన్నారు
919.wav,పీసీబీ ఎప్పుడూ కష్ట సమయాల్లో ప్రభుత్వానికి మద్దతుగా నిలుస్తున్న విషయాన్ని పీసీబీ చైర్మన్ మణి గుర్తుచేశారు
920.wav,బుధవారం పుదుక్కోటై జిల్లాలోని తిరుమయ్యం గ్రామానికి చెందిన ముత్తయ్య అనే రైతు పొలంలో ఉన్న ఓ చెట్టును కొట్టేస్తున్నాడు
921.wav,ఆల్రెడీ తమిళ దర్శకుడు వెంకట్ ప్రభు రుపొందిస్తున్న ఓ వెబ్ సిరీస్ నటిస్తున్నారు కాజల్ అగర్వాల్
922.wav,మీడియాకు విడుదల చేసిన రాజీనామా పత్రాలను ఎవరికి పంపించారో తమకు తెలీదని చెబుతున్నారు
923.wav,టైటిల్ సాంగ్ను దర్శకుడు శేఖర్ కమ్ముల విడుదల చేయడం పట్ల నిర్మాత సంతోషం వ్యక్తం చేశారు
924.wav,గౌలిగూడ శ్రీరామ మందిరంలో శాంతి హోమంతో ప్రారంభమైన శోభాయాత్ర సికిందరాబాద్ తాడ్బంద్ ఆంజనేయ స్వామి దేవాలయం వరకు కొనసాగింది
925.wav,ఆయన పాలన వైఫల్యాల వల్లే భారత ఆర్థిక వ్యవస్థ ఇంతగా పతనాంచుకు చేరింది
926.wav,కారును శుభ్రం చేయడానికి మరియు రూమ్ లో వచ్చే వాసనలు దూరం చేయడానికి కాఫీ బాగా సహాయపడుతుంది
927.wav,కొన్ని నెలల క్రితమే ఈ చిత్రానికి సంబంధించిన స్టోరీ బోర్డ్ రెడీ చెయ్యడం జరిగింది
928.wav,ఆయన వేసిన పిటిషన్పై స్పందించిన హైకోర్టు అరెస్టుపై స్టే ఉత్తర్వులు జారీచేసింది
929.wav,మరియు పాపాత్ముల మరియు బంధువులు కోర్టు ముందు వారికి నికోలస్ మంచి ప్రార్థన సహాయం చేస్తుంది
930.wav,అందాల ఆరబోతకు దూరంగా నటనకు దగ్గరగా తన ప్రస్థానాన్ని విజయవంతంగా కొనసాగిస్తుంది ఈ అమ్మడు
931.wav,దానికి తావిస్తే అది మహా వృక్షంలాగా పదే పది నిముషాల్లో పెరిగి తనని కాటేయడానికి సిద్ధమౌతుంది
932.wav,అదనపు బరువు నలభై నిమిషాల సెషన్ల తర్వాత వాడిపోవు ప్రారంభమవుతుంది మర్చిపోవద్దు
933.wav,ఔషధం బంతిని చుట్టూ దూకడం చేయకుండా హృదయ స్పందన రేటును పొందడానికి ఒక గొప్ప మార్గం
934.wav,అనంత్ శ్రీ రామ్ ప్రేమలోని మొహాల్ని బాగా ఈ పాటలో చెప్పాడు
935.wav,ఈ దాడులు విజయవంతంగా నిర్వహించిన ఘనత అంతా అప్పటి సైన్యాధ్యక్షుడు దళబీర్ సింగ్ సుహాగ్ కె దక్కుతుందన్నారు
936.wav,తక్కువ తరచుగా రోగనిర్ధారణ ఒక ముక్కు లేదా తల యొక్క బాధల వలన సంభవిస్తుంది
937.wav,మరోసారి ఈ స్టార్ హీరో పోలిస్ పాత్రలో కనిపించనున్నాడని టాలీవుడ్ టాక్
938.wav,రానున్న బ్యాచ్లో ఎక్కువగా గ్రామీణ ప్రాంతాల్లో శిక్షణ ఇచ్చేందుకు చర్యలు తీసుకోవాలన్నారు
939.wav,చాలా వరకు ఆ కారణం ఒక చెడ్డ ఫ్యూజ్ లేదా కేవలం ఒక డ్రాఫ్ట్
940.wav,అయితే ఈ చిత్రం విడుదల కోసం కూడా చాలా మంది ఎదురు చూస్తున్నారు
941.wav,తాజగా ఆమ్ ఆద్మి పార్టీ అదినేత అరవింద్ కేజ్రీవాల్ పీకే సేవలను ఉపయోగించుకునేందుకు సిద్ధం అయిపోయారు
942.wav,కొండా రెడ్డి అత్మహత్య ముమ్మటికి ప్రభుత్వ హత్యేనంటూ నాయకులు మండిపడ్డారు
943.wav,నేను సాధారణ భావాన్ని ఉపయోగించాను మరియు నా వ్యక్తిగత పాత్రను నా వ్యక్తిగత పాత్రలో ఉంచింది
944.wav,ఇక అత్యంత అరుదైన గరుడ దేవాలయం కూడా ఇదే జిల్లాలో ఉంది
945.wav,ఇలాంటి నేతను మిగలనిస్తే మునుముందు ప్రమాదం చంకలో దూరినట్టేనని బాబు భావిస్తున్నారుట
946.wav,ఈ సూచీ ఆధారంగా తీసుకోవాల్సిన జాగ్రత్తలపై ప్రజలకు ఎప్పటికప్పుడు సంస్థలు అవగాహన ఇస్తుంటాయి
947.wav,కావాలనే తన అందాలను ఫోటో గ్రాఫర్లకు ప్రదర్శిస్తూ అందరి కళ్లలో పడే ప్రయత్నం చేసింది
948.wav,అయితే చాలా కాలం నుంచి కేటిఆర్ ను తన వారసుడిగా నిలబెట్టే ప్రయత్నాలను కేసిఆర్ కొనసాగిస్తూ వస్తున్నారు
949.wav,చంద్రశేఖరన్ తన బాధ్యతల నుం చి పక్కకు తప్పుకున్న తర్వాత రాజేష్ గోపినాథ్ను ఆయన స్థానంలో బాధ్యతలు చేపట్టనున్నారు
950.wav,ఈమూవీలో చిరంజీవి దేవాదాయ శాఖలో పనిచేసే ఉద్యోగి పాత్రలో నటించనున్నట్లు సమాచారం
951.wav,ఇప్పటికీ ఉనికిలో ఉన్న పురాతన జాతి సమూహాలలో ఒకటైన హడ్జజా టాంజానియాలో ఉద్భవించిందని భావిస్తున్నారు
952.wav,అయితే ఉన్నపళంగా రాజకీయాలపై ద్రుష్టి సారించడంతో సినిమాల పరిస్థితి ఏమిటి అనేది ప్రశ్నార్ధకంగా మారింది
953.wav,నోట్ల రద్దు కారణంగా దేశ ఆర్ధికవ్యవస్థ పూర్తిగా మందగించిందని అన్నారు
954.wav,పనులు చేసిన వారు డబ్బులు రాక అప్పులపాలై ఆత్మహత్యలు చేసుకున్నారని తెలిపారు
955.wav,ఇవి మొదట మానవ శరీరంలోని ఇరవై ఒక్క అమైనో ఆమ్లాలు ఉంటాయి
956.wav,ఇదిలా ఉండగా షారుఖ్ ఖాన్ నటిస్తున్న చిత్రాలు వరుసగా నిరాశ పరుస్తున్నాయి
957.wav,ఇది సాధారణంగా ఒక గ్రౌండ్ కవర్ గా ఉపయోగించబడుతుంది ఒక వైన్
958.wav,సాయి రామ్ శంకర్ నటించిన నేనోరకం కాస్త పర్వాలేదని టాక్ ఎక్కువ వినిపిస్తుంది
959.wav,హోటల్ మొత్తం కుటుంబం తో యువత వినోదం లేదా సెలవు కోసం రూపొందించబడింది
960.wav,బాలిక ఫోను లొకేషన్ ఆధారంగా బళ్లారిలో ఉన్నట్లు గుర్తించి తీసుకొచ్చారు
961.wav,పైన పద్ధతులు కలినా దాని స్వాభావిక లక్షణం చేదును తప్పించేందుకు అనుమతిస్తాయి
962.wav,ఫెడరల్ ఫ్రంట్ ప్రధన హామీ కూడా అదే అని చెబుతూ ఉంటారు
963.wav,హత్య జరిగిన తర్వాత వారం రోజుల పాటు రామ్ కుమార్ కనిపించకపోవడంతో ఇంటి యజమాని పోలీసులకు సమాచారం అందించాడు
964.wav,అయితే స్టార్ హీరోలు అందరితో చేసిన కాజల్ కి ప్రత్యేక స్థానం ఉంటుంది
965.wav,ఏపీకి చెందిన అన్నీ స్థాయిల్లోని కాంగ్రెస్ నేతలందరినీ సంప్రదించి ఏపీసీసీ ఎంపికపై ఉమెన్ చాందీ అభిప్రాయాలు సేకరిస్తారు
966.wav,అయితే ఏ రకంగా జిల్లాలను ఏర్పాటు చేయాలనే దానిపై ఈ కమిటీ అధ్యయనం చేసి ప్రభుత్వానికి నివేదిక ఇవ్వనుంది
967.wav,కొన్ని జిల్లాల్లో అమ్మఒడి సైట్ ఓపెన్ కావటం లేదనే ఫిర్యాదులు వస్తున్నాయి
968.wav,హేతువాదులపై జరుగుతున్న దాడులపై ప్రకాశ్రాజ్ ప్రస్తావించినపుడు కేంద్రమంత్రి అభ్యంతరం వ్యక్తం చేశారు
969.wav,కరోనా నియంత్రణకు గత సంవత్సర కాలంగా వైద్యశాఖ చేస్తున్న కృషికి ఫలితాలు వస్తున్నాయని ఆయన అభిప్రాయపడ్డారు
970.wav,రాష్ట్రానికి ఒక కేంద్రమంత్రి పదవి వచ్చే అవకాశముందని కూడా ఆయన సూచనప్రాయంగా చెప్పారు
971.wav,కొంతమంది డ్రైవర్లు ఆ పాటలు పెట్టి ఆటో అద్దాల్లో నుంచి చూసి వెకిలినవ్వులు రువ్వడం మరింత ఇబ్బందిగా ఉంటుంది
972.wav,ముఖ్యమంత్రి దృష్టికి తీసుకువెళ్లి సమస్య పరిష్కారానికి తగిన సహాయం చేస్తానని మంత్రి హామీ ఇచ్చారు
973.wav,జమ్మూ నుంచి శ్రీనగర్ వెళ్తున్న హైవేపై వెళుతున్న బస్సు ఒకటి అదుపు తప్పి రోడ్డు పక్కన ఉన్న లోయలో పడింది
974.wav,ఆన్లైన్ దర్యాప్తుపై ప్రతి ఒక్కరు అవగాహన పెంచుకోవాలని ఎస్పీ సిద్ధార్థ కౌశల్ సూచించారు
975.wav,ఈ కార్యక్రమానికి నగర వాసుల నుంచి కూడా సానుకూల స్పందన లభించిందని ఆయన తెలిపారు
976.wav,ప్రతి ఈవెంట్ మరియు భావోద్వేగం క్రమంగా జీవితంలో వారి అర్థం అవగాహనకు దారితీస్తుంది
977.wav,అత్యంత కీలకమైన పోలవరం ప్రాజెక్టుకు సంబంధించిన బిల్లు నేడు లోకసభలో చర్చకు రానుంది
978.wav,ఈ చిత్రానికి అక్కడే కాకుండా తెలుగు ట్రేడ్ లో కూడా చాలా మంచి క్రేజ్ వుంది
979.wav,ఆవిధంగా శేషగిరిరావు రాజకీయ జీవితంలో ఎత్తుపల్లాలు చూశారు కానీ విద్యారంగంలో తిరుగులేని విజయాలు సాధించారు
980.wav,రాజధానివాసుల పాదయాత్రకు అనుమతి లేదన్న పోలీసులు శుక్రవారం వేకువజాము నుంచే అమరావతి గ్రామాల్లో పెద్దఎత్తున మోహరించారు
981.wav,ఈ కార్యక్రమాన్ని పటిష్టంగా అమలు చేసేందుకు జిల్లాల్లో టాస్క్ఫోర్స్ కమిటీలు ఏర్పాటు చేస్తాం
982.wav,దాని స్వంత శైలి నిర్వహించడానికి బాధ్యతను కలిగి నక్షత్రాలు మరియు దైనందిన జీవితంలో చిత్రం
983.wav,సమయానికి మల్లెపువ్వులు లభించకపోవడంతో కాగడాలతో అలంకరించాల్సివచ్చిందంటూ వధువు కుటుంబ సభ్యులు నచ్చచెప్పసాగారు
984.wav,వారి స్మార్ట్ఫోన్లను ఏకైక వీడియో రికార్డింగ్ పరికరంగా ఉపయోగించే కంటెంట్ సృష్టికర్తలకు సౌండ్ ఫోకస్ మోడ్ చాలా బాగా ఉపయోగపడుతుంది
985.wav,ఆపరేషన్ ద్వారా వక్షోజాల సైజును రొమ్ము పరిమాణాన్ని పెంచుకోవాలని చాలా మంది అమ్మాయిలు అనుకుంటూ ఉంటారు
986.wav,కార్మిక శాఖ మంత్రికి కార్మికుల సంక్షేమం కంటే ముఖ్యమైన పనులు ఏమున్నాయో తెలీదన్నారు
987.wav,కొన్ని మధుమేహం మందులు రక్తంలో చక్కెర స్థాయిలను తగ్గిస్తున్నప్పుడు ఇన్సులిన్ స్థాయిలు పెరుగుతాయి
988.wav,వరుసగా రెండో రోజు లాభాలతో కదులుతున్న మార్కెట్లలో చిన్న షేర్లకు నెమ్మదిగా డిమాండ్ పెరిగింది
989.wav,కానీ లోకేష్ని మాత్రం సమర్థుడిగా జనాల ముందు నిలబెట్టడానికి తన ప్రచార అనుభవం మొత్తం ఉపయోగిస్తున్నాడు చంద్రబాబు
990.wav,అభివృద్ధి చెందుతున్న పర్యాటక రంగం మీద ఇక్కడున్న మత ప్రాముఖ్యత దుష్ప్రభావం చూపలేదు
991.wav,ఆదివారం రాత్రి ఇంట్లో విద్యుత్ సరఫరాలో అంతరాయడం ఏర్పడటంతో పొలంలో ఉన్న ట్రాన్స్ఫార్మర్ను పరిశీలించడానికి వెంకటరాజు వెళ్లాడు
992.wav,ఎమ్మెల్సీ ఎన్నికల ఫలితాల్లో మొదటి ప్రాధాన్యత ఓట్లు రావడమే టీఆర్ఎస్ పాలనకు నిదర్శనమని మంత్రి అన్నారు
993.wav,లారిసా కోసం ఇది శాశ్వత నివాసం కోసం కెనడా కోసం నిష్క్రమణ
994.wav,దిశా నిందితుల డిఎన్ఎ మరిన్ని హత్య కేసుల్లో మ్యాచ్ అవుతున్నట్టు సమాచారం
995.wav,తల్లి తన కొడుకును ఎలాంటి హింసాత్మక వాతావరణము లేని చోట మంచి పౌరుడుగా పెంచాలని అనుకుంటుంది
996.wav,మడమ మరియు బొటనవేలు ఒక మెటల్ ప్లేట్ లేదా యాంత్రిక నష్టం నుండి స్టాక్ రక్షించే ఒక కార్బాక్సిలిక్ చేర్చబడుతుంది
997.wav,శాపాల వంటి మూఢ నమ్మకాలను ప్రజలు నమ్ముతూ ఉన్నంత కాలమే ప్రజలపై వారికి పట్టు ఉంటుంది
998.wav,ఆశ్చర్యకరమైన వాస్తవం ఏమిటంటే ఈ సిద్దాంతం ఒక సాధారణ పంపిణీ ప్రారంభ పంపిణీతో సంబంధం లేకుండా పుడుతుంది
999.wav,తర్జన భర్జనల అనంతరం సోనియా ఎట్టకేలకు ఈ కీలక నిర్ణయం తీసుకున్నారని చెబుతున్నాయి
1000.wav,ప్రమాదవశాత్తు నదిలో పడి గల్లంతైన యువకుల కోసం గాలింపు చర్యలు కొనసాగుతున్నాయి
1001.wav,వరుసగా అవకాశాలు కోల్పోయిన కారణంగానే సుశాంత్ ఆర్ధిక ఇబ్బందుల్లో కూరుకుపోయినట్టుగా మిడ్ డే సంస్థ పేర్కోంది
1002.wav,అమెరికా చరిత్రలో మొట్టమొదటి పబ్లిక్ స్కూలు అయిన బోస్టన్ లాటిన్ స్కూలు ఇక్కడే నెలకొల్పవడింది
1003.wav,చిన్నారులపై లైంగిక దాడులకు పాల్పడితే ప్రస్తుతం ఉన్న చట్టాల ప్రకారం గరిష్టంగా ఐదేళ్ల శిక్ష మాత్రమే పడుతుంది
1004.wav,ఓ స్ట్రాంగ్ టెక్నికల్ పుల్బ్యాక్ కి రెడీగా ఉన్నట్లు మిలన్ వైష్ణవ్ చెప్తున్నారు
1005.wav,నలుగురు యువకులు కలిసి వీధి కుక్కను రేప్ చేయడంతో అది తీవ్ర రక్తస్రావమై ప్రాణాలు కోల్పోయింది
1006.wav,పనులు పాటు పౌరుల సామాజిక రక్షణ సరిపోయేంత స్థాయిలో నిర్వహించడం లక్ష్యంగా కార్యకలాపాలు కలపడం భూభాగాల ఆర్థిక కార్యకలాపాలు మెరుగుపరచడానికి
1007.wav,ఈ సందర్భంగా సభ వద్దకు వచ్చేందుకు అక్కడకు చేరుకున్న పార్థసారథిని పోలీసులు అడ్డుకున్నారు
1008.wav,టీటీడీ హుండీ ద్వారా లభించే కానుకలకు పక్కాగా రికార్డులు నిర్వహిస్తున్నామని తెలియజేశారు
1009.wav,ఎట్టి పరిస్థితుల్లో రేపు నేను రాజధాని కోసం భూములు ఇచ్చిన గ్రామస్తులను కలువబోతున్నాను
1010.wav,తమిళ ప్రేక్షకుల్నే కాక మిగతా భాషల వాళ్లనూ ఇలాగే మెప్పించాడు
1011.wav,ఇక విలన్ అజరు పాత్ర భయపడే సన్నివేశం అతని నటుడ్ని మరోసారి గుర్తు చేసింది
1012.wav,మా అమ్మ మమ్మల్ని పెంచడానికి పొరుగు ఇళ్ళల్లో ఇంటి పనులు చేసేది
1013.wav,ఈ నేపథ్యంలో తాజా సినిమా సక్సెస్ మీట్ లో శ్రీనివాస రెడ్డి తన తదుపరి సినిమా గురించి ప్రకటన చేశాడు
1014.wav,ఆబ్జెక్టివ్ పరీక్షలో సెక్షన్ల వారీ బ్యాంకు నిర్ణయించిన కటాఫ్ మార్కులు సాధించాలి
1015.wav,వీలైతే మరో అడుగు ముందుకేసి సినిమా టీజర్ కూడా విదుదల చేసే అవకాశం ఉందట
1016.wav,ఈ విషయాన్ని అసోం భాజపా ప్రతినధి దేవన్ ధ్రుబ జ్యోతి మరాల్ ధ్రువీకరించారు
1017.wav,ఈ కండిషన్స్ తో సమస్య వచ్చినందుకే నాగబాబుతో సహా పలువురు జబర్దస్త్ షో నుంచి తప్పుకున్నట్టుగా ప్రచారం నడిచింది
1018.wav,ప్రస్తుత పరిస్థితులను ఆర్బీఐ నిశితంగా పరిశీలిస్తోందని ఆర్బీఐ గవర్నర్ శక్తికాంతదాస్ తెలిపారు
1019.wav,మున్సిఫల్ అధికారులు ప్రజల సౌకర్యాలను దృష్టిలో వుంచుకొని అందుకు అనుగుణంగా చర్యలు చేపట్టలని ప్రజలు విజ్ఙప్తి చేస్తున్నారు
1020.wav,కానీ క్రేజ్ ఉన్నపుడు సినిమాను రిలీజ్ చేయలేకపోయిన వర్మ ఏవేవో కారణాలు చెప్పి వాయిదాల మీద వాయిదాలు వేశాడు
1021.wav,చిరంజీవితో గతంలో స్టెప్పులు వేసిన హీరోయిన్ ఇప్పుడు రెచ్చిపోయి మరి ఎక్స్ పోయి మరీ ఎక్స్ పోజింగ్ చేస్తున్నది
1022.wav,అనుభవజ్ఞులైన గృహిణులు పిండి గ్రౌండింగ్ కోసం ఒక పరికరాన్ని ఎలా ఇంటిలో ఉపయోగపడుతుంది తెలుసు
1023.wav,కారణం మనిషి పసి వయసు నుంచీ భాష నేర్చుకునే తీరులోనే ఉంది
1024.wav,స్క్రీన్ యొక్క దిగువ ఎడమ వైపున బ్రాడ్కాస్ట్ బటన్పై క్లిక్ చేయండి
1025.wav,తనను వివాహం చేసుకుంటానని చెప్పడంతో అతనితో వెళ్లేందుకు సిద్ధమైన ఆ మహిళను కలిసేందుకు అతడు మోసం చేశాడు
1026.wav,అలంకరణ సంప్రదాయం వివాహ అద్దాలు మొదటగా పశ్చిమ ప్రాంతములోనే అగుపించాయి
1027.wav,నడుము లైన్ ఛాతీ చెంగు దాచడానికి లేదు కాబట్టి మధ్య ఉన్న ఫాస్ట్నెర్ల
1028.wav,ఫ్లైకి ఈ సీక్వెల్ ఫ్లై సన్ అఫ్ ది ఫ్లై గా చెప్పవచ్చు
1029.wav,భారతీయులు అనుసరించే పంచాంగం కాలగణనకు అనేక పద్దతులు ఉన్నా ప్రస్తుతం మాత్రం రెండు విధానాలే అమల్లో ఉన్నాయి
1030.wav,అదేవిధంగా మీరు స్విమ్మింగ్ కు వెళ్ళి వచ్చిన వెంటనే బట్టలు మార్చండి
1031.wav,మేఘాలయలో పౌరసత్వ సవరణ బిల్లు అమలు చేయాలన్న ప్రతిపాదన సరైంది కాదన్నారు
1032.wav,ఏదేమైనా కర్ణాటక ఎన్నికల తర్వాతి పరిణామాలు ఏపీలో రాజకీయాలను ప్రభావితం చేసే దిశగా ఉండనున్నాయి
1033.wav,ఈ అతిధేయ మంచి స్నేహితులవుతారు చేసిన చాలా ప్రశాంతంగా బూట్లు ఉంది
1034.wav,పార్వతీపురం డివిజన్ కేంద్రంలో కీలకమైన కార్యాలయాలకు అవకాశం ఉన్నభవనాలు గుర్తించి ఇవ్వాలని సూచించారు
1035.wav,వివరాల్లోకి వెళితే కంటి నుంచి రక్త ధారతో కింది చిత్రంలో కనిపిస్తున్న అమ్మాయి పేరు ముమ్మడి మధుబాల
1036.wav,ఇక సురక్షితమైన ప్రాంతంలో సరుకులను ప్రజలకి అందించేలా ఏపీ ప్రభుత్వం ఇప్పటికే పలు జాగ్రత్తలు తీసుకుంది
1037.wav,ఈసినిమా కోసం వరుణ్ తీసుకుంటున్న రెమ్యూనరేషన్ ప్రస్తుతం బాలీవుడ్ లో హాట్ టాపిక్ అవుతుంది
1038.wav,వైఎస్ఆర్ హయాంలో కర్నూలు జిల్లాలో బలమైన మహిళా నేతగా శోభా నాగిరెడ్డి చక్రం తిప్పారు
1039.wav,విరాట్ను గొప్ప బ్యాట్స్మన్గా పేర్కొన్న కుంబ్లే అతనితో కలిసి పనిచేయడానికి ఆతృతతో ఉన్నానని తెలిపాడు
1040.wav,స్పీకర్ పోచారం కలెక్టర్ శరత్తో కలిసి గూడెం గల్లీలోని డబుల్ బెడ్రూం లబ్ధిదారు మంద సాయవ్వ ఇంటికి వెళ్లారు
1041.wav,జిల్లా ఎన్నికల అధికారి స్పందించి కట్టుదిట్టమైన చర్యలు చేపట్టాలని డిమాండ్ చేశారు
1042.wav,ఈ కోసం కాబట్టి తరచుగా మరియు పెద్ద పరిమాణంలో ప్రజలు ఇక్కడ వచ్చిన పలు కారణాల్లో ఒకటిగా ఉంది
1043.wav,అన్వయించిన సేవకు బదులుగా మాత్రమే వాటిని ఒక ఆత్మ ఇవ్వాలని అవసరం
1044.wav,ప్రకృతి సిద్ధంగా లభించే కొన్ని పదార్థాలను జాగ్రత్తగా పరికిస్తే అవి కొన్ని శరీర భాగాలను పోలి ఉంటాయి
1045.wav,అయితే తరచూ తినుబండారాల కోసం చిన్నారి సుబ్బారెడ్డి కొట్టుకి వెళుతూ ఉండేది
1046.wav,జెంట్లి మృగం యొక్క అలవాట్లు మరియు దాని యొక్క ప్రత్యేకమైన బాహ్య లక్షణాలు గుర్తుచేసే సరైన సమాధానం శిశువు తరలించడానికి
1047.wav,అందుకే ప్రతిరోజు భోజనం చేసిన తర్వాత బెల్లంలో నెయ్యి కలిపి తీసుకుంటే మంచి ఫలితం ఉంటుంది
1048.wav,సంతోష్ బాబను కడసారి చూసేందుకు వచ్చేవారు భౌతిక దూరం నిబంధన పాటించాలన్నారు
1049.wav,వారు ఏమీ అతనికి గట్టిపడతాయి మరియు సరిగా అభివృద్ధి నిరోధించే నిర్ధారించడానికి అవసరం అని వాదించారు
1050.wav,వత్సల మొబైల్ ఫోన్ లోని డేటా పరిశీలించిన పోలీసులు అన్బును అదుపులోకి తీసుకున్నారు
1051.wav,తెలంగాణ ప్రజల వీరోచిత పోరాటం ఫలితంగానే హైదరాబాదు నిజాం నిరంకుశ రాజరిక పాలన అంతమొందింది
1052.wav,ఈ క్రమంలోనే ఈ ఏడాది ఏకంగా అర ఎకరం లో ఈ పద్ధతి ద్వారా పంటను సాగు చేస్తున్నారు
1053.wav,ఫ్యాక్టరీ రీ ఓపెనింగ్ సందర్భంగా అందరిని సంతోష పెట్టేందుకు ఈ కార్యక్రమాన్ని నిర్వహించినట్టు ఫ్యాక్టరీ యజమాన్యం ప్రకటించింది
1054.wav,మరింత మంది ఆదివారం నాటికి విధుల్లో చేరతారన్న విశ్వాసాన్ని ఆయన వ్యక్తం చేశారు
1055.wav,శాంతియుతంగా సమస్యలను పరిష్కరించుకోవడంలో భారత్కు ఉన్న శక్తిసామర్థ్యాలపై విశ్వాసం ఉంచి ముందుకు రావాలని పిలుపునిచ్చారు
1056.wav,మరోవైపు ఫిషింగ్ ఇబ్బందులు ఎదురుకాకుండా ఉండటానికి సెక్యూరిటీలో మార్పులు చేస్తూ వస్తోంది
1057.wav,ఇంత భారీ బడ్జెట్ తో సినిమా చేయటానికి ముఖ్యంగా రాజమౌళి పై ఉన్న నమ్మకమే
1058.wav,టామీ అనే ఈ కుక్క నోయిడాలోని జంతు సంరక్షణ కేంద్రంలో చికిత్స పొందుతూ ఆదివారం రాత్రి ఆకస్మిక గుండెపోటుతో చనిపోయింది
1059.wav,అవనిగడ్డ ప్రభుత్వ ఆస్పత్రిలో రోజు రోజుకు పాము కాటు బాధితుల సంఖ్య పెరుగుతోంది
1060.wav,దీనికి సంబంధించి లబ్ధిదారుల గుర్తింపు ప్రక్రియను ఇప్పటికే పౌర సరఫరాల శాఖ ఆరంభించింది
1061.wav,ప్లాస్టిక్ వాడకంలో చదువులేనోళ్ల నుంచి చదువుకున్నవాళ్ల వరకు ఎవరూ అతీతులు కారేమో
1062.wav,ఈ వ్యవహారంలో ప్రతి అంశాన్ని క్షుణ్ణంగా పరిశీంచిన తర్వాత కోర్టుకు తెలియజేస్తాం
1063.wav,జనం పెద్దఎత్తున పోలీసు స్టేషన్ వద్ద గుమికూడటంతో మీడియా ప్రతినిధులకు విషయం తెలిసిపోయింది
1064.wav,అంతే కాకుండా పరభాషా నటీనటులను కూడా ఈ సినిమా నచ్చిన విషయం తెలిసిందే
1065.wav,సాధారణ ఎన్నికల తరహాలో జరిగే ఈ ఎన్నికల్లో టీజీబీకేఎస్ గెలుస్తూ వచ్చింది
1066.wav,బారన్ రోత్స్చైల్డ్ యొక్క ఉద్యోగి ఈ భాగాలలో కనిపించకపోతే గతంలో కొత్త పరిష్కారాన్ని సృష్టించే ఆలోచన కొనసాగుతుంది
1067.wav,ఇక ఆయన ఇప్పటిలో సీఎం పీఠానికి దూరంగా ఉండే ఆలోచన పొరపాటున చేయనే చేయరు
1068.wav,మచ్చలు ఉన్న ప్రదేశంలో ఆరెంజ్ రసం రాస్తే మచ్చలు పోయి చర్మం అందముగా తయారవుతుంది
1069.wav,ఈ సరిపోలని వైవిధ్యత మరియు ఉత్పత్తి యొక్క ఈ రకం యొక్క మన్నిక అందిస్తుంది
1070.wav,రెండోతరగతి దాకా చదువుకొని ఆ తర్వాత జీతానికి పోయి ఎగరగొట్టి తిరుగుతుండేవాణ్ణి
1071.wav,లాలూను చూసేందుకు ఎవరికీ అనుమతి లేదని అధికారులు స్పష్టం చేయడంతో పలువురు ఆర్జేడీ నేతలు ఆగ్రహాన్ని వ్యక్తం చేశారు
1072.wav,కులాల వారీగా తాత్కాలిక ప్రయోజనాల కోసం పనులు చేస్తున్నారని కిషన్ రెడ్డి మండిపడ్డారు
1073.wav,తల్లిదండ్రులు అక్షరాస్యులై ఉండి తమ పిల్లలకూ మాధ్యమాలపై ఎంతో కొంత తర్ఫీదునివ్వగలగాలి
1074.wav,నిరాశ అనేది సాధారణంగా మీరు వాస్తవం నుండి దూరంగా ఆలోచనలు వచ్చి ఒకటి లేదా ఎక్కువ భావోద్వేగాలు కలిగినపుడు వస్తుంది
1075.wav,గతంలో కౌశల్ మోడల్గా రాణిస్తూనే కొన్ని చిత్రాల్లో నటించిన సంగతి తెలిసిందే
1076.wav,ఇదంతా చదువుతుంటే మనం గతంలో చెప్పుకున్న ఢిల్లీ బ్రడ్జి స్కూలు గుర్తొస్తోంది కదూ
1077.wav,ఈ క్షేత్రము మైలాపూరునకు సమీపమునందుండుటచే మయిలై తిరువల్లిక్కేణి యనియు తిరునామము గలదు
1078.wav,సాధారణంగా ఏదైనా ప్రభుత్వ సంస్థ టెండర్లు పిలిస్తే కాంట్రాక్టర్లు వివిధ ధరలకు కోట్ చేస్తుంటారు
1079.wav,నేను ఒక అద్భుత ఫ్యూచర్ యొక్క ఒక పునరావృత పరీక్ష సూచిస్తుంది
1080.wav,ఎన్నికల నియమావళి అమల్లో ఉండడంతో దాదాపు ఐదు లక్షల మంది అన్నదాతలకు
1081.wav,స్టెప్ బై స్టెప్ గైడ్ ఈ కష్టం విషయంలో మీకు సహాయం
1082.wav,ఈ నేపథ్యంలో కోహ్లీ సోమవారం తన ఫేస్బుక్ ఖాతాలో భావోద్వేగమైన పోస్టు చేశాడు
1083.wav,గత మూడు నాలుగు రోజులుగా ఈ వార్తలు సోషల్ మీడియాలో తెగ హడావుడి చేస్తున్నాయి
1084.wav,ఈ కిట్ను ఒక రాడాన్ స్థాయితో రిపోర్ట్ చేస్తున్న తయారీదారుకు పంపబడుతుంది
1085.wav,ఆయన్ను డైరెక్ట్ చేయడం అంటే చాలా అదృష్టం చేసుకుని ఉండాలి అనడంలో సందేహం లేదు
1086.wav,ఈ పథకానికి ఉన్న విద్యుత్ పరమైన ఇబ్బందులను అధికారులు వైస్ చైర్మన్కు వివరించారు
1087.wav,బాలీవుడ్ మెగాస్టార్ అమితాబ్ బచ్చన్ తన సోషల్ సైట్లో ఓ ఆసక్తికరమైన వ్యాఖ్యలు చేశారు
1088.wav,శాంతి భద్రతల డిఎస్పీ శిబ్లినోమాని నేతృత్వంలో సిట్ను ఏర్పాటు చేసినట్టు ఎస్పి ప్రకటించారు
1089.wav,అన్ని శరీర ముఖ్యమైన పనులను న జిన్సెంగ్ చట్టం తో విటమిన్లు
1090.wav,స్టైలిష్ స్టార్ అల్లు అర్జున్ అల వైకుంఠపురములో లాంటి బ్లాక్ బస్టర్ హిట్ తో ఫుల్ జోష్ లో ఉన్నాడు
1091.wav,ఓ ఉన్మాది మహిళను చంపి ఆమె మెదడును తిన్న ఘటన సంచలనం సృష్టించింది
1092.wav,నాటక రచయితగా ప్రసిద్ధిగాంచిన కర్నాడ్ పూర్తి పేరు గిరీష్ రఘునాథ్ కర్నాడ్
1093.wav,నిజానికి ధనుష్ పక్కన మంజూ వారియర్ నటించడమేంటని విమర్శించిన వాళ్లందరూ ఈ పోస్టర్ చూసి సైలెంట్ అయిపోయారు
1094.wav,ద్రవం అందులో విధంగా నివారించడం స్తబ్దత మరియు దాని స్థితిస్థాపకత పెరుగుతుంది
1095.wav,అన్న ఆలోచనలు రేకెత్తించేలా వరుస ట్వీట్స్ సోషల్ మీడియాలో పవన్ పెడుతూ వస్తున్నాడు
1096.wav,ఇప్పుడు శ్రీదేవి కూడా ఇలాంటి అనుమానాస్పద పరిస్థితుల్లోనే మృతి చెందడం గమనార్హం
1097.wav,క్రికెటర్లే కాకుండా దేశం తరఫున ఇతర క్రీడలకు ప్రాతినిధ్యం వహిస్తున్న ఆటగాళ్లు సైతం ఈ మ్యాచ్ కోసం ఆశగా ఎదురుచూస్తున్నారు
1098.wav,మాంసం ఉత్పత్తులు వేయించిన లేదా ఉడికించిన కాల్చిన లేదా ఉడికించిన
1099.wav,అతిలోక సుందరి శ్రీదేవి ఈ ప్రపంచాన్ని విడిచి ఏడాదిన్నర కాలమవుతున్నా అభిమానులు ఆమెను మరిచిపోలేకపోతున్నారు
1100.wav,గత ఎన్నికల్లో అక్కడి నుంచి హరిబాబు పైన వైయస్ విజయమ్మ పోటీ చేసి ఓడిపోయారు
1101.wav,దాల్చినచెక్క నుండి తయారైన పాలీఫెనాల్ సారం రోగనిరోధక పనితీరును నియంత్రించడానికి మరియు సూక్ష్మజీవులకు వ్యతిరేకంగా పోరాడటానికి సహాయపడుతుంది
1102.wav,ఆ సమయంలో అతనికి అడ్డువచ్చిన దర్శినిప్రియపై కూడా కిరాతకంగా దాడి చేశారు
1103.wav,ఆ పింక్ డైమండ్ ఏమైపోయినదనే అంశంపై శ్రీ రమణ దీక్షితులు గారు గత ప్రభుత్వ హయాంలోనే సంచలన విషయాలు చెప్పారు
1104.wav,అన్యమత ప్రచారం తిరుమలలో ఎక్కువగా జరుగుతోందని స్థానికులు చెబుతున్నారని పవన్ అన్నారు
1105.wav,తెలుగుదేశం పార్టీ ప్రభుత్వాన్ని ఏర్పరిచిందంటే చాలు ఆ ప్రభుత్వంలో కీలక పోర్ట్ పోలియో మాత్రం ఆయనదే
1106.wav,అంతేకాకుండా ప్రేమలో పడిన కొత్త జంట ఎలాగైతే ఉంటుందో అలానే చెట్టాపట్టాలేసుకోని వీరిద్దరూ పారిస్ వీధులన్నీ తిరిగారని వీక్షకులు తెలిపారు
1107.wav,వార్నర్ అర్ధ శతకానికి చేరువలో ఉండగా జోఫ్రా ఆర్చర్ బౌలింగ్లో బౌల్డయ్యాడు
1108.wav,సిటి మార్కెట్ సమీపంలోని కలాసిపాళ్యలో నివాసం ఉంటున్న సలీం అనే రౌడీ షీటర్ కాలిలో బుల్లెట్ దిగింది
1109.wav,నిజ జీవితంలో భార్య భర్తలు అయిన వీళ్ళు వెండితెరపై కూడా అలాగే కనపడి సందడి చేస్తారేమో చూడాలి
1110.wav,ఈ క్రమంలో పది రోజుల క్రితమే ఆ యువతిని వివాహం చేసుకుని ఇంటికి తీసుకువచ్చాడు
1111.wav,సమ్మె ఒక్క సంస్థనే కాకుండా మొత్తం సమాజానికే నష్టం చేస్తోంది
1112.wav,ఉనాలో దాడి తరువాత పెద్దఎత్తున దళితులు ఉద్యమించడంతో తప్పనిసరి పరిస్థితిలోనే మోదీ పెదవి విప్పారని జగ్నేష్ విమర్శించారు
1113.wav,కృష్ణుడి గుడిలో పుట్టిన అర్జున్ అమ్మమ్మతో కలిసి ధనవంతుడైన నాజర్ ఇంటిలో పనిచేస్తుంటాడు
1114.wav,అనుయాయి అధికారంలో ఉండటంతో తన వ్యూహాలను జైలు నుంచే అమలు చేయాలని చిన్నమ్మ భావిస్తున్నారు
1115.wav,పని లేమికి సంబంధించిన ఆర్థిక ఇబ్బందులు ప్రారంభించినప్పుడు అతను తన విద్యార్థి సంవత్సరాలలో సృష్టించిన కుటుంబం విచ్ఛిన్నమైంది
1116.wav,ఆయన కొత్తగా కొనుగోలు చేసిన రేంజ్రోవర్ కారు కోసం డబ్బు వెచ్చించి దక్కించుకున్నారు
1117.wav,అలా మొదటి విషయం ఇంజన్ ఆయిల్ లో పిస్టన్ రింగ్ ఉంచడానికి ఉంది
1118.wav,దిశ ఘటనపై తన వ్యాఖ్యలను కొందరు వక్రీకరించారని పవన్ కళ్యాణ్ చెప్పుకొచ్చారు
1119.wav,అద్వానికి జరిగిన అన్యాయంపై పట్ల కూడా తీవ్ర ఆరోపణలు చేశారు సిన్హా
1120.wav,ఇది దృశ్యపరంగా ఫిగర్ లోపాలను తీసివేస్తుంది మరియు మీరు శుద్ధిని ఇస్తారు
1121.wav,ఈ ప్రతిఘటనే రాజ్యాంగం ఇచ్చిన స్ఫూర్తితో లౌకికతత్వాన్ని మరింత విపులంగా వ్యాఖ్యానిస్తోంది
1122.wav,మనిషి విజ్ఞానం సంపాదించుకుంటూ సాంకేతిక విప్లవాలు సాధించుకుంటూ సృష్ఠికి ప్రతిసృష్ఠి గావించేంతటి మేథను పుణికి పుచ్చుకుంటున్నాడంటూ ఎలుగెత్తి ఘోషిస్తూ ఉంటాం
1123.wav,పవన్ కల్యాణ్ను ధీటుగా ఎదుర్కోవడానికి వైయస్ జగన్ తన పోరాటాన్ని ఉధృతం చేసే అవకాశాలు కూడా లేకపోలేదు
1124.wav,ఇప్పుడు వీటిని పక్కకు తీసి మెత్తని పేస్ట్ లా తయారు చేసి పెట్టుకోవాలి
1125.wav,ఈ సౌత్ ఫ్లోరిడా ఐకాన్ ఖచ్చితంగా కోసం చిన్న ముక్కలుగా తరిగి ఉంది
1126.wav,ఆమె దిగాల్సిన ప్రదేశం వచ్చినా దించకుండా ఆటో మరో మార్గంలో వెళ్తుంటే గస్తీ పోలీసులు అనుమానించారు
1127.wav,మేల్ మరియు ఫీమేల్ మోడ్రల్స్ ధరించిన స్టైలిష్ కలెక్షన్స్ ను చాలా మందిని ఆకర్షించింది
1128.wav,ఈ రోజు మీరు మీ భావాలను ఒకరికొకరు బహిరంగంగా వ్యక్తం చేస్తారు
1129.wav,బీజేపీ ప్రభుత్వ విధానాలకు వ్యతిరేకంగా గట్టి విపక్షం రూపుదిద్దుకోవాల్సిన అవసరం ఉందని ఆదివారం ఒక ప్రకటన విడుదల చేశారు
1130.wav,ఆర్ధిక ముడి పదార్థం దృగ్విన్యాసం సమస్య దాని పునర్నిర్మాణ సమస్యలను మొత్తం క్లిష్టమైన అత్యంత ముఖ్యమైన ఒకటి
1131.wav,కడక్ నాథ్ చికెన్ తినడం వల్ల ఆటగాళ్లు మరింత ఎనర్జీతో ఉండగలరని తెలిపింది
1132.wav,అందుకే నేను తమిళంలో సినిమాలు చేయడం కన్నా తెలుగులో చేయడానికే ఇష్టపడతాను
1133.wav,ప్రజల పరిశీలనలో నిరంతరంగా ఉన్న ప్రముఖులు ఇటువంటి వివాదాస్పద జంటలుగా ఉన్నారు
1134.wav,సో వీడియో అన్లిమిటెడ్ మరియు స్టోర్ ఖచ్చితంగా కాస్మెటిక్ యుద్ధం గెలుచుకున్న
1135.wav,దీనిపై భువీ రిప్లై ఇస్తూ ధావన్ టాలెంట్పై హిందీలో కామెంట్ చేశాడు
1136.wav,ప్రగతి రేంజ్లో సోషల్ మీడియాలో రచ్చ చేస్తున్న మరో సీనియర్ నటి సురేఖా వాణి
1137.wav,దర్శకుడు ఇన్స్టాగ్రామ్లో వెతికి పట్టిన తెల్లతోలు పిల్లలో చాలా విషయం ఉందే అనుకుంటారు
1138.wav,నయీమ్ ముఠా భూ ఆక్రమణలపై పదుల సంఖ్యలో మొదలైన ఫిర్యాదులు చూస్తుండగానే వందల సంఖ్యలోకి పెరిగాయి
1139.wav,చక్రి దర్శకత్వంలో రవితేజ హీరోగా నటిస్తున్న రాబిన్ హుడ్ సినిమాకి దామోదర ప్రసాద్ నిర్మాతగా వ్యవహరిస్తున్నారు
1140.wav,అయితే అదే సమయం లో టపాసులపై ఆధారపడి జీవనం సాగిస్తున్నవారిని కూడా దృష్టిలో పెట్టుకొనే ఈ ఆదేశాలు వెలువరించింది
1141.wav,వార్డు స్థాయి నుంచి కమిటీలు ఏర్పాటు చేసి ప్రజలను భాగస్వామ్యం చేయనుంది
1142.wav,దాంతో కనీసం నాలుగు నుంచి ఆరు వారాలపాటు రైనా క్రికెట్కు దూరంగా ఉండాలని వైద్యులు సూచించారు
1143.wav,పెళ్లికి హాజరైన వారిలో ఒకరు ఆమె డ్యాన్స్ను వీడియో తీసి సోషల్ మీడియాలో పోస్టు చేయడంతో క్షణాల్లోనే వైరల్ అయింది
1144.wav,ఫాస్టాగ్ విధానం లేకుంటే అదనంగా ఛార్జీలు వసూలు చేసి టోల్ ఫీజు వసూలు చేస్తారు
1145.wav,ఒక టీచర్ దగ్గర చదువుకున్నందుకు ఆమెను గుర్తు పెట్టుకుని ఆమెను కంటికి రెప్పలా చూసుకుంటున్నారు
1146.wav,ప్రకృతి అందాలకు ఎక్కడా తీసిపోని విధంగా ఒకదానిని మించి మరొకటి అన్న చందంగా శ్రీలంకలో వివిధ ప్రాంతాలు ఉన్నాయి
1147.wav,నేరం జరిగినప్పుడు అమల్లో ఉన్న చట్ట నిబంధనలకు అనుగుణంగా కేసును విచారిస్తామని ఎస్పీ వివరించారు
1148.wav,పా రిశుధ్యం కనిపించేలా కార్యక్రమాలను అ మలు చే యాల్సి ఉంటుంది
1149.wav,ఇది పత్తి లేదా మృదువైన మరియు కట్టు కట్టుకుని ఏదో ఒక పిల్లల మెడ విధించే అవసరం
1150.wav,కొంచెం టచ్లో ఉంటే చెప్తా అంటూ ప్రదీప్ చేసే కార్యక్రమంలో ఎంతో వైరల్ అయింది
1151.wav,ప్రతి దేశం తమ జిడిపిలో కొంత శాతం తమ వాటాగా యివ్వాలి
1152.wav,రెండు రోజుల పాటూ జరిగిన ఈప్రక్రియ విజయవంతం అయిందని కేంద్రం కూడా ప్రకటించింది
1153.wav,తనతో పాటు ఉన్న ఎనిమిది మంది పిల్లల ఆలనా పాలనా చూసుకోవడమే సరిపోయేది తల్లికి
1154.wav,వీరి ఉపాధిని ఖరారు చేసి కొత్త వారిని నియమించడం సముచితం అవుతుంది
1155.wav,మీరు కళాశాలను బాగా పరిశోధిస్తున్నారని మరియు పాఠశాలకు మంచి మ్యాచ్ అని మీరు చూపించండి
1156.wav,మెజార్టీ రాకపోవడంతో పాటు నగరిలో పరిస్థితులు ఆమెకు మంత్రి పదవికి దూరం చేశాయని తెలుస్తోంది
1157.wav,ముంబైలోని బిగ్ బీ అమితాబ్ ఇంటి గోడని ఓ యువకుడు దూకడానికి ప్రయత్నించిన సంగతి తెలిసిందే
1158.wav,ఇటీవల విడుదలైన ఈ సినిమా ట్రైలర్ కూడ మంచి స్పందన లభించింది
1159.wav,జగన్ వ్యతిరేకతను ఎదుర్కుంటున్నప్పటికీ కర్ణాటక బిజెపి ప్రభుత్వం ఆయన బాటలో నడవాలని నిర్ణయం తీసుకుంది
1160.wav,ఢిల్లీలో రెండు రోజులపాటు పర్యటించిన పవన్ కళ్యాణ్ ఎవరిని కలిశారో కూడా తెలియకుండా జాగ్రత్తపడ్డారు
1161.wav,ఈ ఫంక్షన్ కూడా అదే సమయంలో వక్రీకరణ మరియు వర్ణపు ఉల్లంఘనం సరి చేయవచ్చు
1162.wav,ఎప్పుడూ ఎనర్జిటిక్గా కనిపించే రాజ్ తరుణ్తో ఇలాంటి నీరసమయిన పాత్ర చేయించడం ఎంత మాత్రం సమంజసమనిపించుకోదు
1163.wav,టైగర్ ష్రాఫ్కి మాస్లో ఉన్న పట్టు ఎంతో ఈ సినిమా నిరూపించింది
1164.wav,గ్రీన్ ఛాలెంజ్ ద్వారా పది కోట్ల మొక్కలను నాటాలనే లక్ష్యాన్ని పెట్టుకున్నట్లు ఆయన తెలిపారు
1165.wav,ఉదయం మరియు సాయంత్రం మరుసటి రోజు మరో నేత్రం కోసం చేయాలి
1166.wav,బీహార్ నుంచి ఒడిషా మీదుగా ఆంధ్రప్రదేశ్వైపు అల్పపీడన ద్రోణి కొనసాగుతుం దని విశాఖపట్నం వాతావరణ కేంద్రం అధికారులు బుధవారం వెల్లడించారు
1167.wav,భారతదేశంలోని ఒడిస్సా రాష్ట్రంలోని మల్కాన్ గిరి జిల్లాలో జరిగిన దృశ్యం కళ్లకు అద్దం పడుతున్నాయి
1168.wav,అందువలన తన గుహ టైగర్స్ మంచు నుండి రక్షించబడింది ప్రదేశాల్లో నిర్వహించడానికి ప్రయత్నించారు
1169.wav,అప్పటి వరకు ఎంతో ఉత్సాహంగా కనిపించిన వధువు ఉన్నట్టుండి ఒక్కసారిగా కుప్పకూలిపోయింది
1170.wav,తన సామంత సైన్స్ డాక్టర్ మార్గదర్శకత్వంలో వివిధ చట్ట అమలు సంస్థల నుండి ఆదేశాలు పెద్ద సంఖ్యలో స్వీకరించడం ప్రారంభించింది
1171.wav,ఇటీవల టెలికామ్ నియంత్రణ సంస్థ ట్రాయ్ కాల్ డ్రాప్స్పై హెచ్చరికలు చేసింది
1172.wav,ఇలా చేస్తే ఆఖరి ధారల వరకు పూర్తి వెన్న శాతం పొందవచ్చు
1173.wav,అధిక వేడి కారణంగా శరీర ఉష్ణోగ్రతలు బాగా పెరిగిపోయి పలు రకాల అనారోగ్య సమస్యలు తలెత్తుతాయి
1174.wav,అంతేకాకుండా సిగ్నల్ మరింత నాణ్యతగా ఉంచేందుకు కొత్త టెక్నాలజీని పరిశోధకులు ఉపయోగించారు
1175.wav,అక్కడ ఉన్న ల్యాబ్ టెక్నీషియన్ ముందుగా ముక్కు నుంచి శ్యాంపిల్ సేకరించాడు
1176.wav,ఈ సులభ ఛార్టులో మీరు వాటిని చూడవచ్చు లేదా మీరు సాధారణ వాతావరణ మార్పిడి సమీకరణాలను ఉపయోగించి గణితాన్ని చేయవచ్చు
1177.wav,వారి తల్లితండ్రుల చరిత్ర తెలుసుకున్న నా భర్త అతన్ని దత్తత తీసుకోవడాన్ని వ్యతిరేకించారు
1178.wav,మరోవైపు పాకిస్తాన్ ఆర్మీపోస్టులపై దాడులు చేయడంతో ఆరుగురు పాకిస్తాన్ జవాన్లు మృత్యువాత పడ్డట్టు సమాచారం
1179.wav,ఆ ముగ్గురితో పాటు మరో ఐదుగురు విద్యార్తులు జలవనరులపై సర్వే చేయడానికి కృష్ణా నది ఒడ్డుకు వచ్చారు
1180.wav,మీరు ఇప్పటికే ఏ విషము మీకు మీరు పేలుడు చేయడానికి ఎలా తెలిసిన ఒక పేలుడు చేయవచ్చు తెలుసు కషాయము
1181.wav,అనంతరం పట్టణంలోని ఇరగవరం కాలనీలో ఎస్సీ బాలికల వసతి గృహాన్ని సందర్శించి అందులో విద్యార్థుల వివరాలను అడిగి తెలుసుకున్నారు
1182.wav,సిరాను పునఃపంపిణీ చేయకుండా ఇంక్ గా ఒక కొత్త పాలిపోయినట్లు మార్చండి
1183.wav,ఉద్యోగ రీత్యా వేరే రాష్ట్రాలకు వెళ్లినప్పుడు మళ్లీ వెహికల్స్ ను రిజిస్ట్రేషన్ చేసుకోవాల్సి ఉంటుంది
1184.wav,నిఖిల్ పల్లవి అనే డాక్టర్ ని పెళ్లి చేసుకోబోతున్న విషయం తెలిసిందే
1185.wav,ఈ పర్యటన అనంతరం సౌతాఫ్రికాతో స్వదేశంలో జరగాల్సిన మూడు వన్డేల సిరీస్ కరోనా కారణంగా నిరవధికంగా వాయిదాపడింది
1186.wav,కొత్త దర్శకుల టాలెంట్ గుర్తించి వారికి తగిన ఫ్లాట్ఫామ్ ఏర్పాటు చేస్తున్నాడు
1187.wav,కొందరు ఈ ప్రదర్శనలో రాడికల్ మార్పులు కాన్స్టాంటిన్ ఎర్నస్ట్ మాజీ సలహాదారుల అసంతృప్తి వలన కలుగుతుందని వాదిస్తారు
1188.wav,ప్రజల సెంటిమెంట్ను పట్టించుకోవాల్సిన అవసరం లేదంటూ అరుణ్ జైట్లీ అన్నట్లే ఇప్పుడు రైల్వే జోన్ ఇవ్వడం కుదరదంటూ చెప్పారన్నారు
1189.wav,అభినందన్ను నాలుగు గంటల ప్రాంతంలో తీసుకొచ్చిన పాకిస్తాన్ భారత్కు అప్పగించేందుకు చాలా సమయం తీసుకుంది
1190.wav,ఖమ్మం జిల్లా పాలేరు అసెంబ్లీ స్థానానికి జరుననున్న ఉప ఎన్నిక ప్రచారంలో పాల్గొన్న మంత్రి జగదీష్రెడ్డి ప్రతిపక్షాలపై విరుచుక పడ్డారు
1191.wav,అందుబాటు గృహాల నిర్మాణాల వైపు డెవలపర్లను ఆకర్షించేందుకు ప్రభుత్వ స్థలాలను కేటాయించనున్నారు
1192.wav,రాజధాని నగరంపై డిమాండ్ ఇప్పుడిప్పుడే ఏపీలోని అన్నీ ప్రాంతాల నుంచి నెమ్మదిగా మొదలువుతున్నాయి
1193.wav,ఏపీ సీఎం చంద్రబాబు పాలనపై ఏపీ బీజేపీ అధ్యక్షుడు కన్నా లక్ష్మీనారాయణ తీవ్ర విమర్శలు చేశారు
1194.wav,జైల్లో శశికళ కర్మకాండ బయటకు వచ్చిన తరువాత కర్ణాటక ప్రభుత్వం ఉలిక్కిపడింది
1195.wav,రూపం సమర్పించిన తర్వాత మీరు కేవలం ప్రత్యుత్తరం మద్దతు కోసం వేచి ఉండాలి
1196.wav,కానీ తాజాగా అందుతున్న సమాచారం ప్రకారం ఈ ప్రెస్ మీట్ పెద్ద రేంజిలోనే జరగబోతోందట
1197.wav,ఆ క్షణంలో ఇక మరణించినా మరి బాధ లేదన్న తృప్తి మనసంతా నిండింది
1198.wav,ఇలాంటి పాత పద్ధతులతో ఆహార భద్రతను సాధించటం కలగానే మిగిలిపోయే ప్రమాదముంది
1199.wav,కత్తెర లేదా బాహ్య మరియు అంతర్గత రేఖల స్టేషనరీ కత్తి కట్ వృత్తాలు ఉపయోగించి
1200.wav,రోడ్డ పొడవునా చాలా చోట్ల పోలీసు పికెట్లు ఏర్పాటు చేశారు
1201.wav,ఏపీ భూభాగం నుంచి గోదావరి నీటిని తరలించాలంటే అది ఎంతో వ్యయ ప్రయాసలతో కూడిన పని
1202.wav,ఈ భూలోకం పై చేసిన పాపాలను యమలోకంలో యమధర్మరాజు లెక్క కడుతూ ఉంటాడని చెబుతుంటారు
1203.wav,అంటే కన్నూరు జిల్లాలో విజయన్ ముఠాకు వ్యతిరేకంగా ఎవరూ ఎన్నికలలో నిలబడకూడదు
1204.wav,ఆ విషయం పూర్తిగా గ్రహింపుకు రాగానే నర్గీస్ రాజ్ నుండి దూరంగా తొలగిపోయింది
1205.wav,దిలీపుడు గొప్ప వంశంలో జన్మించినా ఎలాంటి కష్టాలు లేకుండా జీవితం గడిపినా కొంత కూడా అహం లేకుండా బతికాడు
1206.wav,దేవినేని అవినాశ్కు మంచి రాజకీయ జీవితం ఇచ్చేందుకు దేవినేని నెహ్రూ ప్రయత్నించారు
1207.wav,వెస్ట్వుడ్ స్టూడియోస్ ఎలక్ట్రానిక్ ఆర్ట్స్ చేత కొనుగోలు చేయబడి తరువాత కొన్ని సంవత్సరాల తరువాత ముగిసింది
1208.wav,దీనిపై ప్రధాని స్పందిస్తూ స్వాతంత్య్రోద్యమ ఘట్టంలోనూ వందేమాతరం గురించి ఇదే విధంగా కొందరు వాదనలకు దిగారని తెలిపారు
1209.wav,ఈ ఉగ్రవాదిని పట్టుకొనేందుకు ప్రత్యేకంగా ఏర్పాటు చేసిన ఏటీఎస్ బృందం జంషెడ్పూర్లోని టాటానగర్ రైల్వేస్టేషన్లో నిందితుడిని అరెస్టు చేసినట్లు వివరించారు
1210.wav,భరత్పూర్ జిల్లా భారతదేశ జాతీయ రాజధాని ప్రాంతం ఢిల్లీలో ఒక భాగం
1211.wav,ఇది యాంటీమైక్రోబైయాల్ ఏజెంట్ మొత్తం జీవి ఎటువంటి దైహిక ప్రభావాలు కలిగి గమనించాలి
1212.wav,ఇక్కడి వారసత్వ హోటళ్లలో మీ జీవిత భాగస్వామితో కలిసి సమయం గడపడం ఎప్పటికీ మర్చిపోలేరు
1213.wav,ఈ రోజు సమంత వేసిన ఓ ట్వీట్ ఈ విషయానికి తెరదించేసింది
1214.wav,తెలుగులో హీరోయిన్గా పరిచయం అయిన బింధు మాధవి ఆ తర్వాత తమిళం మరియు మలయాళ సినిమాలపై ఎక్కువ ఫోకస్ పెట్టింది
1215.wav,ఇలా దూకుడు ప్రదర్శించి పరుగులు రాబడితే ప్రత్యర్థి పరిస్థితి ఎలా ఉంటుందో చూడాలనుకున్నా
1216.wav,అయితే మహాలక్ష్మి అన్నయ్య తాను చెప్పిన పని చేస్తే తన చెల్లిని ఇచ్చి పెళ్లి చేస్తానని మాట ఇస్తాడు
1217.wav,ఎగిసి పడుతున్న మంటలతోపాటు దట్టమైన పొగ కమ్ముకోవడంతో ఆర్పేందుకు రాజేంద్రనగర్ అగ్నిమాపక సిబ్బంది ప్రయత్నిస్తున్నారు
1218.wav,ఆర్టీఐ ద్వారా తెలిసిన సమాచారం ఆధారంగా మోదీ తన మేకప్ కోసం నెలకు రూ
1219.wav,కానీ ప్రపంచ ఆరోగ్య సంస్థ పేర్కొన్న లక్షణాల ప్రకారం మీ వారు ఒసిడి లక్షణాలతో బాఢపడుతున్నారని చెప్పకతప్పదు
1220.wav,ఇస్లామిక్ స్టేట్ సంస్థ పేరు మీద గోవా సెక్రెటేరియట్ కి ఈ మధ్యాన ఒక లేఖ వచ్చింది
1221.wav,సినిమా గురించి ప్రీ రిలీజ్ టాక్ అంటూ రకరకాలుగా ప్రచారం జరిగింది
1222.wav,ఇది అసలైన ఉపకరణాలు మరియు ఆభరణాలతో తక్కువ శైలి లేదా విపరీత విల్లు ఉంటుంది
1223.wav,తాజాగా అజారుద్దీన్ ప్యానెల్కు టీఆర్ఎస్ పార్టీ సపోర్ట్ చేయడంతో ఘన విజయం సాధించారు
1224.wav,మండలి వ్యవహారాల్లో జోక్యం చేసుకుంటే సభాహక్కుల నోటీసు ఇస్తామని ఉద్యోగ సంఘాల నాయకులకు ఎమ్మెల్సీలు హెచ్చరికలు జారీ చేశారు
1225.wav,ఆర్టీసీ కార్మికులు తమ సమస్యల గురించి సమ్మె చేస్తుంటే ప్రభుత్వానికి పట్టడం లేదని విమర్శించారు
1226.wav,ఎందుకో ఆ నేలపైన అందంగా పరచుకున్న ఆ రంగులు ఎండమావి నీడల్లా అనిపించాయి
1227.wav,క్వాజిగుండ్ ప్రాంతంలో భద్రతా బలగాల వాహన శ్రేణిపైకి ఉగ్రవాదులు కాల్పులు జరిపారు
1228.wav,ఈ చిత్రం ఆడియోను నాలుగు పట్టణాల్లో విడుదల చేయడానికి ప్లాన్ చేశారు
1229.wav,వీధి అంతా జనసందోహంగా కనిపిస్తున్న ఉన్న ఒక ఫొటోను సోషల్ మీడియాలో పెద్దఎత్తున షేర్ చేస్తున్నారు
1230.wav,ఒక సంవత్సరం తరువాత ఆమె చెన్నై వెళ్ళి మహిళా సమాజం వద్ద మొదటి ప్రదర్శననిచ్చింది
1231.wav,భూభాగ కళ పునాదులను ప్రాథమిక కోర్సు తెలుసుకోవడానికి మరియు సృష్టించడానికి పడుతుంది
1232.wav,మంచు లేదా భారీ వర్షం గాని వేచి విలువ సీజన్ బట్టి
1233.wav,ఈ కంపార్ట్మెంట్ లోపల సాధారణ భిన్నం సంక్లిష్ట కర్బన సమ్మేళనాలు కుళ్ళిన ప్రోత్సహించడానికి ఇది వాయురహిత బ్యాక్టీరియా ఉన్నాయి
1234.wav,రష్యాలోని వేర్వేరు నగరాల్లో జరుగుతున్న మ్యాచ్లకు ఆటగాళ్లను విమానాల్లో తరలిస్తున్న విషయం విధితమే
1235.wav,ఇప్పటికే ఫెడరల్ రిజర్వ్ వడ్డీ పెంపు అంచనాలతో ఇన్వెస్టర్లలో ఆందోళనలు నెలకొనడంతో గడిచిన వారం అమ్మకాలదే పైచేయిగా నిలిచింది
1236.wav,ఆలయ నిర్మాణ పనులు అత్యంత సుందరంగా ఉండేలా చూడాలని అధికారులను ఆదేశించారు
1237.wav,మీరు ఒక మమ్మోగ్రామ్ లేదా ఒక ప్రోస్టేట్ పరీక్ష పొందడానికి మర్చిపోతే మీ మధుమేహం లో చిక్కుకున్నారో లేదు
1238.wav,మలయాళం సినిమా సాంగ్ మానిక్యా మలారాయ పూవి యూట్యూబ్లో పోస్ట్ చేసిన కొన్ని గంటల్లోనే వైరల్ గా మారింది
1239.wav,అయినా ప్రయోజనం లేకపోవటంతో బంటుమిల్లిలో నివాసం ఉంటున్న ఆమె కుమార్తె వద్దకు వెళ్లి తలదాచుకుంది
1240.wav,తెలంగాణా ఏర్పడిన తరువాత రిటైరైన సూపర్వైజర్లు మరియు కార్మికుల బాధలు వర్ణనాతీతం
1241.wav,అయితే ఐపిఎల్ ప్రవర్తనా నియమావళిని ఎక్కడ ఉల్లంఘించాడనే విషయాన్ని ఐపిఎల్ యాజమాన్యం చెప్పలేదు
1242.wav,ఇదంతా కెమెరాల్లో రికార్డువ్వడంతో టీవీల ముందు మ్యాచ్ చూస్తున్న ప్రేక్షకులు ఆశ్చర్యానికి లోనయ్యారు
1243.wav,ఈ ఏడాది నవంబర్ లో జరుగబోయే బీహార్ అసెంబ్లీ ఎన్నికలలో బీజేపీ ఎలాగయినా అధికారం దక్కించుకోవాలని ఉబలాటపడుతోంది
1244.wav,ఆమె తొమ్మిదో తరగతి వరకు సుశీలాదేవి పాఠశాలలో చదివి పదో తరగతిని శ్రీకృష్ణ కళాశాలలో పూర్తి చేశారు
1245.wav,కలిపి దగిన సహజ రంగుగా మరియు ఆరోగ్య అంటే గోరింటాకు ఉంది
1246.wav,అంతేనా లైవ్లో రెహమాన్ కోసం రజనీ ఓ పాటను పాడేందుకు రెడీ అవుతున్నారని తెలిసింది
1247.wav,మధ్య రేఖ వెంట సగం లో ఖాళీ మడత మరియు రూపం రెక్కలు మొదలు
1248.wav,తనకు పాత్ర నచ్చితే తెలుగులో కూడా నటించడానికి సిద్ధమని ఆ మధ్య ఇంటర్వ్యూలో ఉపేంద్ర చెప్పారు
1249.wav,వెంటనే గమనించవచ్చు మహిళలు అందమైన జుట్టు మరియు చాలా దెబ్బతిన్న విధానం కలిగి
1250.wav,అంతర్గత పరివర్తనం కోసం ఎంపికలు ఒకటి బాలుర పిల్లల ఫోటో వాల్పేపర్ ఉపయోగం
1251.wav,తాజాగా ఆమె మరోసారి తన వ్యక్తిగత జీవితాన్ని గురించి కామెంట్ చేసింది
1252.wav,తనయందు అనురక్తయైన ఈ సుకుమారి దమయంతి తన మూలంగా దుఃఖాన్ని పొందుచున్నది
1253.wav,దీనికితోడు ఈ సమస్యను రాజకీయంగా ఉపయోగించుకుని లబ్దిపొందేందుకు కొన్ని రాజకీయ పార్టీలు ఉండనే ఉన్నాయి
1254.wav,అందుచేత ఒకరోజు జీతభత్యాలను కోల్పోతూ సమ్మె ద్వారానే నిరసనను తెలిపే హక్కును సాధించుకోవడం నేటి అవసరం
1255.wav,ఇప్పుడు చిరంజీవి ప్రజారాజ్యం పార్టీని విలీనం చేయడం ద్వారా కాంగ్రెసులోనే చేరుతున్నారు
1256.wav,మీరు మొదటి కేవియర్ మరియు ఉప్పు ఈ విలువైన పోషక ఉత్పత్తి కాపాడేందుకు అవసరమైన చాలా చేపలు కొనుగోలు చేయాలి
1257.wav,పార్క్ చేసిన కారు ఎలా మిస్సయిందో తెలుసుకున్న పోలీసులు ఆశ్చర్యపోయిన ఘటన చైనాలోని క్వింగ్డావో ప్రాంతంలో చోటుచేసుకుంది
1258.wav,ప్రపంచకప్ వైఫల్యం తర్వాత కూడా పాత కెప్టెన్ సర్ఫరాజ్ అహ్మద్ను కొనసాగించింది పాకిస్థాన్ బోర్డు
1259.wav,ఈ సందర్భంగా ఆయనకు చైన్నైలోని ఓ ప్రముఖ పాఠశాలకు చెందిన విద్యార్ధులు వినూత్న రీతిలో స్వాగతం పలికారు
1260.wav,శస్త్రచికిత్స కణితులను తొలగించడానికి నొప్పిని లేదా దృష్టిని కలిగించే లేదా సమస్యలను కలిగించడానికి ఉపయోగించబడుతుంది
1261.wav,అయితే క్వారంటైన్లో ఉన్న ఓ యువతి తండ్రి కల్పించుకుని లోపల దారుణమైన పరిస్థితులు ఉన్నాయని తెలిపారు
1262.wav,కొన్నిరోజుల్లోనే రాజోలు బ్యూటీ అంజలి ట్విట్టర్ లో సెల్ఫీలు అప్ లోడ్ చేయటంలో ముదిరిపోయింది
1263.wav,పోరాటాల్లో అసువులు బారిన అమరవీరుల వసంతం నివాళులర్పించిన రోజు మేడేఅని పలువురు వక్తలు పేర్కొన్నారు
1264.wav,ఆయన తీసుకుని రాకుంటే నాకు ఇండస్ట్రీలో ఓ వేదిక దొరికేది కాదు
1265.wav,అలా తయారైన టాటా గరళకంఠ కషాయాన్ని కలుపు నివారణకు పిచికారీ చేయాలని చెబుతున్నాడు
1266.wav,బాబ్ డైలాన్ సినిమాలను ప్రేమిస్తున్నాడు మరియు సినిమాలు ఎప్పుడూ అతని గేయరచనకు తెలియజేశాయి
1267.wav,భారీ మొత్తాన్ని చెల్లించి ఈ హక్కులను దక్కించుకుంది సన్ నెట్ వర్క్
1268.wav,ఈ పట్టిక ఎడిటర్ కార్యాలయంలో మరియు ఇంటిలో ఉద్యోగం కోసం పరిపూర్ణ సాధనం
1269.wav,వీటిని అభివృద్ధి చేసే పనిని నేషనల్ ఎన్విరాన్మెంటల్ ఇంజినీరింగ్ రీసెర్చ్ ఇన్స్టిట్యూట్కు అప్పగించారు
1270.wav,చంద్రబాబు అనైతిక రాజకీయాల వల్లే ప్రభుత్వ ఉద్యోగులకు వేతనాలు ఆలస్యంగా అందుతున్నాయని ఎమ్మెల్యే తిప్పేస్వామి పేర్కొన్నారు
1271.wav,వచ్చే జులై నాటికి ఎర్టిగా ధరను సవరిస్తామని కంపెనీ ఉన్నతాధికారి ఒకరు వెల్లడించారు
1272.wav,ఇప్పటికే ముఖ్యమంత్రి వైఎస్ జగన్మోహనరెడ్డి నుండి వీరికి స్పష్టమైన సంకేతం అందినట్లు తెలుస్తోంది
1273.wav,ఆశ్చర్యంగా చూస్తున్న హానిత గాభాల్న అటెన్షన్ లోకి వచ్చేసి హేమంత్ ని ఫాలో చేయడం మొదలుపెట్టింది
1274.wav,అయితే చాలామంది మగవారు యోనిని చుంబిచడానికి లేదంటే యోని చూషణకు ఇష్టపడరు
1275.wav,రతన్ పూర్ కోటకు సంబంధించి ఎలాంటి చారిత్రక ఆధారాలు లేకపోవడమే దీనికి కారణం
1276.wav,ఈ ఘటనలో గాయపడ్డవారి పరిస్థితి ప్రస్తుతం స్థిరంగా ఉందని వైద్యులు తెలిపారు
1277.wav,ఇది ఈ లక్షణాలు కనిపిస్తాయి ఉంటే వైద్య సదుపాయాన్ని ఆశ్రయించాలని ముఖ్యం
1278.wav,దీంతో పాటు రైల్వే బోర్డు చైర్మన్ తెలిపిన వివరాల ప్రకారం సెటిల్మెంట్ మాడ్యూల్ కూడా అందుబాటులోకి వచ్చిందట
1279.wav,ఎట్టకేలకు ఏపీ హైకోర్టు షరతులతో కూడిన బెయిల్ ను మంజూరు చేసింది
1280.wav,టీం లో కొందరు కీలక వ్యక్తులు టీం ని నడిపిస్తూ పార్టీ కి ఘన విజయాన్ని అందించారు
1281.wav,వెంకటపతి ససేమిరా అని మోసం చేసి తనకొడుకుతో తాళి కట్టించారని తిట్టి తనకొడుకుకు వేరే పెళ్ళి చేస్తానని చెపుతాడు
1282.wav,ప్రక్రుతిపై ఆధారపడి జీవనం సాగిస్తున్న రొకాడే వంటి రైతులు అనేకమంది ప్రభుత్వం అనుసరిస్తున్న విధానాలతో అణచివేతకు గురవుతున్నారు
1283.wav,కానీ తగ్గింపులు మరియు మొత్తం వెలుపల జేబు ఖర్చులు వైద్య ద్రవ్యోల్బణంతో పెరుగుతాయి
1284.wav,అయితే ప్రస్తుతం కొన్ని కారణాలవల్ల ఈ సినిమాలో వారిద్దరు నటించడం లేదట
1285.wav,పౌరసత్వ చట్టం సవరణ మూలంగా మొత్తం ఈశాన్య రాష్ట్రాలు సంక్షోభంలో ఉన్నాయని అన్నారు
1286.wav,అయితే ఓ బాలీవుడ్ హీరో మాత్రం ఇవేమీ పాటించకుండా పోలీస్కి షేక్ హ్యాండ్ ఇవ్వడంతో ఆయనపై నెటిజన్స్ ఫైర్ అయ్యారు
1287.wav,నిజానికి ఇప్పటివరకు అల్లు అర్జున్ ప్రతిసారి తన హెయిర్ స్టయిల్తో కొత్త ప్రయోగాలు చేస్తూ ఆకట్టుకునేవాడు
1288.wav,జ్యోతి లక్ష్మి తన చెల్లెలు జయమాలినిని కూడా సినిమాలకు పరిచయం చేశారు
1289.wav,ఎక్స్ఛేంజ్ ఆఫర్ పై మీ స్మార్ట్ఫోన్కు బదులుగా మోటరోలా మోటో టర్బోను సొంతం చేసుకునేందుకు క్లిక్ చేయండి
1290.wav,కోలారులో ప్రస్తుతం స్వతంత్ర పార్టీ అభ్యర్థి వర్తూరు ప్రకాష్ ఎమ్మెల్యేగా ఉన్నారు
1291.wav,అభ్యర్థన న హోటల్ దాని అతిథులు విమానాశ్రయం నుండి బదిలీ చెల్లింపు కోసం ఏర్పాటు చేసుకోవచ్చు
1292.wav,కానీ మీరు గుండెల్లో అసాధారణమైనది మరియు ఎందుకంటే పోషకాహారలోపం ఏర్పడుతుంది ఉంటే మాత్రమే వాటిని ఉపయోగించాలి
1293.wav,పలు కారణాల వంటి వాటి వల్ల ప్రచారంలో కొద్ది రోజులు చురుగ్గా లేరు కూడా
1294.wav,మధ్యలో మీడియా ఇన్ చార్జి మైల్ తీసుకుని మీడియా సమావేశం ముగిసిందని ప్రకటించారు
1295.wav,ఈ రెండు సినిమాలు వారం వ్యవధిలో లేదా ఒకే రోజు విడుదల కానున్నాయని టాక్
1296.wav,రోజు మొత్తం స్వల్ప స్థాయిలో ఒడిదుడుకులకు లోనైన మార్కెట్లలో అమ్మకాలదే పైచేయిగా నిలిచింది
1297.wav,ఇంత పెద్ద ఎత్తున పనులు సమైక్య రాష్ట్రంలో కూడా జరగలేదన్నారు
1298.wav,జిల్ ఓ మాధిరిగా పాజిటివ్ అందుకున్నప్పటికీ బాక్స్ ఆఫీస్ వద్ద పెద్దగా లాభాల్ని అందించలేదు
1299.wav,అంతేకాకుండా ఆరోగ్యాలు కూడా పూర్తిగా దెబ్బతింటూ ఆకుటుంబాలు కోలుకోలేని పరిస్థితులు ఏర్పడుతున్నాయి
1300.wav,ఎక్కువ మంది తమ బేబీమూన్ పర్యటనలో భాగంగా సాగర తీరాల్లో సేద తీరుతుంటారు
1301.wav,అంతకుముందు లాహోర్లోని కోర్టు వందలాదిమంది పాకిస్తాన్ముస్లింలీగ్సభ్యులను అరెస్టుచేసిన వారిని విడుదలచేయాలని ఆదేశించింది
1302.wav,దీంతో భర్త ఆ ఆధారలను తీసుకుని నేరుగా కోర్టుకి వెళ్ళి విడాకులకు అప్లై చేశాడు
1303.wav,శుక్రవారం సినిమా విడుదలవుతున్న నేపథ్యంలో సినిమా విశేషాలపై మీడియాతో మాట్లాడారు దిల్రాజు
1304.wav,గంగ కాలువ నిర్మాణ పనుల్లో నాణ్యతకు తిలోదకాలు ఇస్తున్నారంటూ ఆది నుంచి ఆరోపణలు ఉన్నాయి
1305.wav,బెంగాల్లోని ఓ ధనిక కుటుంబంలో పుట్టిన బాలుడు భవిష్యత్తులో భారతీయ తత్వాన్నే మార్చేయగలడని ఎవరూ ఊహించలేదు
1306.wav,ప్రభుత్వం తాండూరులో ఇప్పటి వరకు పత్తి కొనుగోళు కేంద్రాన్ని ఏర్పాటు చేయక పోవడం రైతులు దళారులను ఆశ్రయిస్తున్నారు
1307.wav,పోలవరం ప్రాజెక్టుకు సంబంధించి బిల్లులు ఇస్తే ఎందుకు డబ్బులు ఇవ్వరని ప్రశ్నించారు
1308.wav,సీఎం కేసీఆర్ తీసుకున్న నిర్ణయం అభినందనీయమని ఆయన ఓ ట్వీట్లో పేర్కొన్నారు
1309.wav,గ్లూకోజ్ బాగా నియంత్రించబడే వరకు పేలవంగా నియంత్రించబడిన డయాబెటిస్ ఆలస్యమైన శస్త్రచికిత్సకు దారితీయవచ్చు
1310.wav,మరియు ఇది మూడవ ప్రణాళిక యొక్క పాత్రల గురించి ఎల్లప్పుడూ కాదు
1311.wav,అయితే వైసీపీ ప్రవేశపెట్టే అవిశ్వాస తీర్మాణానికి టిడిపి కూడ మద్దతు ప్రకటించాలని అరుణ్ కుమార్ డిమాండ్ చేశారు
1312.wav,నగదు రహిత లావాదేవీలు పెరగాలంటే కరెన్సీ రద్దు చేయడమే మార్గం అని కనిపెట్టారు
1313.wav,కైరో శివారు ప్రాంతమైనా గీజాలో పోలీసులు ఉగ్రవాదుల స్థావరాలపై దాడులు నిర్వహిస్తున్న సమయంలో ఈ పేలుడు సంభవించింది
1314.wav,బంగారు తెలంగాణ గురించి ఆయన చెబుతున్నా రాజకీయంగా ఫిరాయింపుల తెలంగాణగా మారింది
1315.wav,ఇప్పుడు భవిష్యత్తు నిర్మాణాల నేపథ్యంలో గుంటూరు జిల్లాలోనే కాకుండా కృష్ణా జిల్లాలోనూ ఇటుక బట్టీల సంఖ్య పెరుగుతోంది
1316.wav,కార్డ్బోర్డ్ నుండి మేము మా అయస్కాంతం పైన చూడాలనుకుంటున్న పరిమాణం యొక్క వృత్తం కత్తిరించాం
1317.wav,కిరాణా సుదీర్ఘ జీవితకాలం మరియు ఏ ప్రత్యేక నిల్వ పరిస్థితులు అవసరం లేదు
1318.wav,చివరికి మ్యాచ్ లో కోహ్లీ సేన విజయం సాధించడంతో అనుష్క సంతోషంగా కనబడింది
1319.wav,ద్రం లు మాత్రమే కేసీఆర్ దళిత బంధు అల్లావుద్దీన్ అద్భుత దీపమంటూ తెగ ప్రచారం చేస్తున్నారు
1320.wav,పదహారేళ్లుగా కాంట్రాక్ట్ లెక్చరర్లు శ్రమదోపిడికి గురవుతున్నారని వెంటనే వారి సమస్యలను పరిష్కరించాలని ఆయన డిమాండ్ చేశారు
1321.wav,చెమట ధారాపాతంగా కారిపోవడం వల్ల శరీరం జీవక్రియలు జరుపుకోవడానికి అవసరం అయిన లవణాలని కోల్పోయి లోబీపీ వచ్చే ప్రమాదం ఉంది
1322.wav,ప్రస్తుతం దేశాన్ని కుదిపేస్తున్న అంశాల్లో ఒకటి రాఫెల్ యుద్ధ విమానం కొనుగోలు ఒప్పందం
1323.wav,ట్రాఫిక్లో చిక్కుకున్న అంబులెన్స్కు దారి చూపుతూ దాని ముందు పరిగెత్తిన బాబ్జీని నెటిజన్లు సహా అందరూ ప్రశంసిస్తున్న సంగతి తెలిసిందే
1324.wav,తాము పిలిస్తే తప్ప అనవసరంగా ఎవరూ ఢిల్లీ రావొద్దంటూ తెలంగాణ కాంగ్రెస్ లీడర్లకు తేల్చి చెప్పింది
1325.wav,కాని వరుణుడు ఈసారి కనికరించక పోవడంతో వ్యవసాయశాఖపై ప్రభావం పడుతుందని అంటున్నారు ఆయన పేషి అధికారులు
1326.wav,చనిపోవడానికి నాలుగు రోజుల ముందు తనతో ఈ విషయం స్వయంగా చెప్పారని సంజయ్ వివరించారు
1327.wav,ప్రాజెక్టు అమలు చేయడానికి రోడ్డు మీద మొదటి అడుగు మాస్కో నుండి కజాన్ వరకు మార్గం ఉండాలి
1328.wav,ఈ రోజు మనం మానవ హక్కుల అంతర్జాతీయ న్యాయస్థానంలో ఫిర్యాదు ముందు కోర్టు ఎగువ ప్రాంతములకు పొందాలి
1329.wav,ఇటీవల జనసేన అధినేత పవన్ కళ్యాణ్ ని కలిసి తమ గోడు విన్నవించుకున్నారు
1330.wav,మరో మూడు నెలల్లో మధుసూదన్రెడ్డి పదవీ విరమణ చేయనుండగా ఈ విషాదం నెలకొనడంతో ఆయన కుటుంబం కన్నీరుమున్నీరవుతోంది
1331.wav,ఈమె సోదరుడు సంజయ్ చావ్లా కమర్షియల్ పైలట్ కావాలని కలలు కనేవాడు
1332.wav,రాహుల్ గాంధీ పోటీ చేస్తున్న అమేథీలో స్మృతి ఇరానీని బరిలోకి దింపింది
1333.wav,శ్రీశ్రీనివాసరాజుగారి దగ్గర సెలవు తీసుకొని నిప్పుదేవుడు గుర్రమెక్కి తిరుగు ప్రయాణం అయ్యాడు
1334.wav,ఇంటర్ మంచి మార్కులతో పాస్ అయిన కస్తూరి తన వాళ్ళను కలవాలని ఊరికి వచ్చింది
1335.wav,అతను కోలుకొనే కాలంలో అతని భార్య అన్నపూర్ణ సపర్యలు చేస్తూ ఆమె అతనికి ఎంత ముఖ్యమో నిరూపిస్తుంది
1336.wav,తాజాగా ఫ్లెక్సీ ఫేర్ను తగ్గిస్తూ కేంద్ర రైల్వే నిర్ణయం తీసుకోవడంతో ప్రయాణికులపై ఆ భారం తప్పనుంది
1337.wav,తెలంగాణ ఎన్ కౌంటర్ లో నిందితులు నేరం జరిగిన ప్రదేశానికి తీసుకెళ్లారు
1338.wav,మంత్రులతోపాటు ఎమ్మెల్యేలను కూడ అధికారపార్టీ ఈ నియోజకవర్గానికి ఇంచార్జీలుగా నియమించింది
1339.wav,అప్పుడు అనుభవించిన బోధనా మీరు నీటి క్రీడలు ప్రాథమిక పద్ధతులను నేర్పుతుంది పేరు కొన్ని కేంద్రాలు ఉన్నాయి
1340.wav,కొంత అమ్ముకుని కొంత తర్వాత అమ్ముకుందాం అని భావించిన వాళ్లకు ప్రభుత్వ నిర్ణయం చుక్కలు చూపించింది
1341.wav,దీనికి అనుగుణంగా ఆయా పార్టీల నాయకులు పోరు బాటకు సన్నాహాలు చేస్తున్నాయి
1342.wav,తమ ఓపిక నశిస్తే బీజేపీ వాళ్లు బయట తిరగలేని పరిస్థితి ఏర్పడుతుందని హెచ్చరించారు
1343.wav,లాక్డౌన్ సమయంలో మలైక ఆరోరా తన ఇంట్లో లడ్డూలు తయారు చేస్తోంది
1344.wav,మర్కజ్ కరోనా మంటలు మరిచిపోకముందే అలాంటి మరో ఘటనే కలకలం రేపుతోంది
1345.wav,ఇంకో ప్రత్యేకత ఏమిటంటే అదే సంవత్సరం ఏషియా క్రికెట్ కౌన్సిల్ కూడా ఏర్పాటై అధిక సంఖ్యలో అభిమానుల మన్ననలు పొందింది
1346.wav,ఇక బీజేపీ జాతీయాధ్యక్షుడు అమిత్ షా చేపట్టిన సంపర్క్ ఫర్ సమర్థన్ కార్యక్రమంలో నటి మాధురీ దీక్షిత్తో సమావేశం అయ్యారు
1347.wav,నేను కూడా పెళ్లయ్యాక నా భార్యకు ఈ విషయం చెప్పకూడదనే అనుకుంటున్నా
1348.wav,రైతు వ్యతిరేక విధానాలు ప్రభుత్వం వెంటనే వెనక్కి తీసుకోవాలని ప్రతిపక్షాలు పెద్ద ఎత్తున నినాదాలు చేస్తున్నాయి
1349.wav,కరోనా వైరస్ మహమ్మారి వ్యాప్తి నేపథ్యంలో గురువారం సీతారాముల కల్యాణం అతికొద్ది మంది సమక్షంలో నిర్వహించిన విషయం తెలిసిందే
1350.wav,మరో నేత అయిన విశాఖ ఎమ్మెల్యే వాసుపల్లి గణేష్ కుమార్ సైతం పార్టీని వీడిన సంగతి తెలిసిందే
1351.wav,తెలంగాణ విమోచన దినోత్సవాన్ని అధికారికంగా నిర్వహించాలని బిజెపి చాలా కాలంగా డిమాండ్ చేస్తూ వస్తోంది
1352.wav,ఇప్పటికే శ్రీముఖి ఆర్మీ అంటూ సోషల్ మీడియాలో కొన్ని గ్రూపులు రెడీ అయినట్లు టాక్ వినిపిస్తుంది
1353.wav,ఈ మేరకు కేంద్ర ప్రభుత్వం ఆధీనంలో పనిచేసే డిపార్ట్మెంట్ ఆప్ బయో టెక్నాలజీ అనుమతులను మంజూరు చేసింది
1354.wav,అక్కడ వీరిని బందోబస్తు పోలీసులు అడ్డగించి కేవలం ఎంపీతో పాటు కొద్దిమందిని మాత్రమే లోపలికి అనుమతించారు
1355.wav,బీజేపీ నేత సోము వీర్రాజు తనను విమర్శించడం వల్లే తాను విమర్శించాల్సి వచ్చిందన్నారు
1356.wav,మీరు చిత్రం ప్రపంచంలో తాము ముంచుతాం చేయగలరు మరియు అన్ని భావోద్వేగాలు మరియు చిత్రాలు నాయకులు అనుభవిస్తున్న భావాలు సాధించగలదు
1357.wav,ప్రమోటర్ వాటా విక్రయ అంశాన్ని స్టాక్ ఎక్స్ఛేంజీలకు నిట్ టెక్ ఆలస్యంగా శనివారం రాత్రి అందించినట్లు తెలుస్తోంది
1358.wav,నిర్దేశిత ప్లాన్ అతిక్రమించి నిర్మాణాలు చేపడితే నోటీసులు జారీ చేయకుండానే అధికారులకు కూల్చివేసే అధికారాలు ఉన్నాయి
1359.wav,విజయనగరంతో పాటు ఉత్తరాంధ్ర రాజకీయాల్లో తనదైన ముద్ర వేసిన పెన్మెత్స సాంబశివరాజుకు సుదీర్ఘ రాజకీయ అనుభవం ఉంది
1360.wav,ఈ ఔషధం మూత్రం మరియు పైత్యములతో పాటు మానవ శరీరం నుండి వస్తుంది
1361.wav,హెచ్ఐవీ అనేది పాజిటివ్ ఉన్న వ్యక్తితో శృంగారం చేసినప్పుడు మాత్రమే వస్తుంది
1362.wav,దేశంలో పెచ్చరిల్లిపోతున్న మూక హత్యలను నిరిసిస్తూ ప్రధాని మోదీకి లేఖలు రాసిన ప్రముఖులపై ఎఫ్ఐఆర్ నమోదు చేయడాన్ని రాహుల్ ఆక్షేపించారు
1363.wav,ప్రముఖ దుబాయ్ సెన్సార్ సభ్యుడు ఉమర్ రివ్యూ కోసం అంత వెయిట్ చేస్తున్నారు
1364.wav,పొట్టలో ఉన్న ముత్యాలతో సహా ఆల్చిప్పలను ప్యాక్ చేసి అమ్ముతున్నారంట అక్కడ నాకైతే చాలా సంతోషం అన్పించింది
1365.wav,ఈ సందర్భంగా సీపీ మాట్లాడుతూ రకరకాల మోసాల బారినపడకుండా ప్రజలు అప్రమత్తంగా ఉండాలని సూచించారు
1366.wav,అలాగే కర్ణాటకలో రాహుల్ గాంధీ సందర్శించాల్సిన ఆలయాల జాబితాను స్థానిక నేతలు సిద్ధం చేస్తున్నారు
1367.wav,ఇప్పుడు ఆమె జీవితంలో ఆమె ఎప్పటికి తెలిసిన ఒక విలువైన వ్యక్తి
1368.wav,దీనిపై విచారణ జరిపిన హైకోర్టు ఇవాళ కీలక ఆదేశాలు జారీ చేసింది
1369.wav,మూడేండ్లుగా పట్టణంలో అద్దె ఇండ్లల్లో ఉంటూ పేదలు నరక యాతన అనుభవిస్తున్నారని ఆవేదన వ్యక్తం చేశారు
1370.wav,తోటలో తడిగా ఉన్న బోర్డులలో దాచడానికి నచ్చిన స్లగ్స్ మరియు నత్తలు కోసం ఒక కన్ను వేసి ఉంచండి
1371.wav,ఇంటి నెంబర్లతో సంబంధం లేకుండా ఒక వార్డు భౌగోళిక స్వరూపాన్ని ప్రామాణికంగా తీసుకొని తదనుగుణంగా ఇళ్లను చేర్చేవారు
1372.wav,ఇంటి యజమాని సదరు బుడబుక్కల వాడికి సంతృప్తి కలిగేలా ధాన్యాన్ని ముట్టజెప్పేవారు
1373.wav,అందుకే ఇంటర్వ్యూ బోర్డును ఆకట్టుకోవాలంటే సబ్జెక్టుతోపాటు ఆయా సంస్థల గురించి తెలుసుకోవాలి
1374.wav,ఇదిలా ఉండగా గత ప్లాన్లో ప్రతిపాదించిన రోడ్లను మార్చేందుకు సానుకూలంగా ఉంది అథారిటీ
1375.wav,రోగి యొక్క చార్ట్లో నమోదు చేసిన సమాచారానికి దావా వేసిన సేవలను మరియు సరఫరాలను పోల్చడానికి ఎవరైనా ఆడిట్లకు అవసరం
1376.wav,శరీరం నుండి యూరిక్ ఆమ్లం తొలగించడం విసర్జన మీద ఆధారపడి ఉంటుంది
1377.wav,అయితే వీటిలో ఏ సినిమా ఫలితాలు ఎలా వచ్చాయో కూడా అందరికీ తెలుసు
1378.wav,నేడు ఎంతో మంది పెద్ద ఉద్యోగాలు చేస్తున్నారని ఆమె చెప్పారు వాళ్లంతా వైఎస్ రాజశేఖర రెడ్డిని గుర్తు పెట్టుకున్నారని చెప్పారు
1379.wav,తనకి ఒకప్పుడు సాయం చేసిన పాకిస్థాన్కు తిరిగి సాయం చేసే స్థాయిలో ఉంది
1380.wav,ప్రీమియర్ షో కలెక్షన్ల విషయంలో ఎన్టీఆర్ కెరీర్లో ఇదే టాప్ మూవీ
1381.wav,ఈ నేపథ్యంలో వాహనదారులు నిర్ణీత సమయంలో ప్రత్యామ్నాయ రూట్లలో వెళ్లాలని నగర ట్రాఫిక్ అధికారులు సూచించారు
1382.wav,బ్రిటిష్ పాలకులు పైకి ఎంత నటించినా జరిగిన ఘోరాన్ని శాంతిభద్రతల రక్షణగా అభివర్ణించుకున్నారు
1383.wav,వచ్చి చూసేసరికి ఆ టేబుల్ మీద వందల డాలర్ల నోట్లు కొన్ని కనిపించాయి
1384.wav,బ్లడ్ షుగర్ తక్కువ కీపింగ్ మేయర్ స్టెమ్ గెరాట్రిక్ మెమరీ లాస్ సహాయం
1385.wav,అక్కడికి పదిహేను కిలోమీటర్ల దూరంలో ఉన్న కొయ్యూరు మీదుగా రాజేంద్రపాలెం ఆటోలో చేరుకున్నాం
1386.wav,గంభీరమైన విషయాల్లోకి వెళ్ళకుండా నేలపై నుంచే సాము చేయడం ఈ కవి బలం
1387.wav,పరీక్షలు రాయనిస్తారో లేదో అని ప్రతి రోజు మేమంతా తీవ్ర ఒత్తిడికి గురయ్యాము
1388.wav,భారతదేశంలోని సర్టిఫైడ్ ల్యాబ్ల వివరాల కొరకు ఈ క్రింద లింక్ క్లిక్ చెయ్యగలరు
1389.wav,నూనెతో కూడిన రూపం క్రింద కొద్దిగా బెకామెల్ సాస్తో కలుపుతారు మరియు షీట్లు మొదటి పొరతో కప్పబడి ఉంటుంది
1390.wav,తన భర్తని అక్కడే వదిలేసి డ్రైవర్ ని కారు స్టార్ట్ చేయమని చెప్పడానికి ఆమె లాబీల్లోకి వెళ్లిందట
1391.wav,జీవితం యొక్క ఈ ప్రాంతం దేశం మరియు కాని దేశం పదార్థాల పరస్పర ఫలితమే
1392.wav,ఈ పరీక్షకు సుదూర ప్రాంతాల నుంచి వచ్చే విద్యార్ధులు ఆయా పరీక్ష కేంద్రాలలో ఉరుకుల పరుగులతో కనిపించారు
1393.wav,త్వరలోనే ఆయన కన్నా లక్ష్మినారాయణకి కలిసి బీజేపీ తీర్ధం తీసుకునే అవకాశం ఉందని తెలుస్తుంది
1394.wav,ఇదిలా ఉండగా సుజీత్ హీరో శర్వానంద్ కోసం మంచి ప్రేమకథను రెడీ చేశాడట
1395.wav,అంత పెద్ద స్పష్టత స్మార్ట్ఫోన్ తో పూర్తిగా వేగం మరియు ఇంటర్ఫేస్ యొక్క సున్నితత్వం సంరక్షించబడిన
1396.wav,నటుడు సుమన్ పాల్గొన్న ఓ కార్యక్రమంలో పాల్గొనేందుకు వివిధ ప్రాంతాల నుంచి అభిమానులు వచ్చారు
1397.wav,ప్రైవేట్ మరియు ప్రభుత్వ పాఠశాల నిర్వాహకులు ఇద్దరూ తమ పిల్లల భద్రతకు ప్రాధాన్యతనిచ్చారు
1398.wav,ఇలా జమైన డబ్బులో నుంచి సిస్టమేటిక్ విత్డ్రాయల్ ప్లాన్ను పెట్టుకుంటే నెలనెలా రాబడి అందుతుంది
1399.wav,మధ్యప్రదేశ్లోని రాజ్పూర్ బీజేపీ అభ్యర్థి దేవిసింగ్ పటేల్ గుండెపోటుతో సోమవారం ఉదయం కన్నుమూశారు
1400.wav,అక్రమ సంబంధం అన్న అనుమానంతోనే భార్య సుప్రియను కానిస్టేబుల్ రామకృష్ణ హత్య చేశాడని వెల్లడించారు
1401.wav,గతంలో టీడీపీ హయాంలో పోలవరం నిర్మాణానికి కేంద్రం ఇచ్చిన నిధులకు లెక్కలు చెప్పాలని అడిగితే చెప్పలేకపోయారని ప్రశ్నించారు
1402.wav,అయితే ఆయనది మూనాళ్ళ ముచ్చటేనని ఆ రాష్ట్రంలో ప్రస్తుతం జరుగుతున్న రాజకీయ పరిణామాలు స్పష్టం చేస్తున్నాయి
1403.wav,హోండా మోటార్స్ కూడా తగ్గిన రేట్లతో భారీ ఫ్లెక్సీలను ఏర్పాటు చేసి కస్టమర్లను ఆకర్షించేందుకు ప్రయత్నిస్తోంది
1404.wav,ఈ వీడియో సోషల్ మీడియాలో వైరల్ కావడంతో నిర్వాహకులపై పలువురు ఆగ్రహం వ్యక్తం చేస్తున్నారు
1405.wav,ఇప్పుడు ప్రేక్షకుల ముందు నుండి ప్రకాశవంతమైన తయారు మరియు ఫ్యాషన్ బట్టలు తో అందమైన లేడీ కనిపిస్తుంది
1406.wav,అయితే కాంగ్రెస్ ఇప్పటికే తెలంగాణాలో దాదాపు ఉనికి కోల్పోయే పరిస్థితుల్లో ఉన్న టీడీపీ పై గురిపెట్టింది
1407.wav,ఈరోజు కోనా నిర్మాణ సారధ్యంలో వచ్చిన సినిమా శంకరాభరణం విడుదల అయ్యింది
1408.wav,చిన్నప్పటి నుంచి ఎన్నో కష్టాలను అనుభవించి జట్టులోకి వచ్చిన ఆటగాళ్లను చూశాం
1409.wav,పూర్తి వధువు కోసం సరిగ్గా సరిపోలే వివాహ వస్త్రాలు వారి చిత్రం అసాధారణమైన స్త్రీలింగ మరియు అందమైన తయారు
1410.wav,అయి న ప్రభుత్వ పాఠశాలల మీద హేళనభావం ఎందువల్ల ఉందో ఆలో చించాల్సిన అవసరం ప్రభుత్వానికిఉంది
1411.wav,అంతర్జాతీయ బాలికల దినోత్సవాన్ని ప్రత్యేకంగా జరుపుకోవడానికి తాము ఈ ప్రయోగం చేశామని గిబ్బిన్స్ తెలిపారు
1412.wav,ఆల్రౌండర్గా నిలకడగా రాణిస్తున్న బెన్స్టోక్స్ జట్టులో లేకపోవడం ఇంగ్లాండ్ని ఒత్తిడిలోకి నెట్టే అంశమే
1413.wav,కాలేజ్ బ్యాక్డ్రాప్లో నడవనున్న ఈసినిమాలో నిఖిల్ స్టూడెంట్ లీడర్ పాత్రలో కనఇపస్తున్నాడు
1414.wav,ఒక లక్ష్యం సాధించిన తర్వాత మరో లక్ష్యం మన ముందుకు వస్తూనే ఉంటుంది
1415.wav,శరీరం యొక్క వివిధ ప్రాంతాల్లో ఉన్న బోన్ ప్లేట్లు ఒక నిర్దిష్ట క్రమంలో ఏర్పాటు చేస్తారు
1416.wav,రైతుబంధు వెబ్సైట్లో సైతం ప్రభుత్వ పూర్తి సమాచారం అందుబాటులో ఉండక పోవడంతో అధికారులతో పాటు రైతులు ఇబ్బందులు పడుతున్నారు
1417.wav,ఒక్క ఇంటర్నేషనల్ మ్యాచ్ ఆడకున్నా కూడా రాజస్థాన్ రాయల్స్ యాజమాన్యం నన్ను వేలంలో తీసుకుంది
1418.wav,ఈ రోజు ఏపీ సచివాలయంలో బొత్స సత్యనారాయణ మీడియా సమావేశం ఏర్పాటు చేసి మాట్లడారు
1419.wav,మరి అలాంటి అవకాశాన్ని తనంతట తానే వదులుకున్నాడు నటుడు వెన్నెల కిశోర్
1420.wav,బస్సుయాత్ర ముగిసిన తర్వాత మీ అభిప్రాయం ప్రకారమే చేద్దామని బాబు హామీ ఇచ్చారన్నారు
1421.wav,ఇప్పుడు వైయస్సార్ కాంగ్రెస్ పార్టీ నాయకులు ఏం సమాధానం చెబుతారని యనమల ప్రశ్నించారు
1422.wav,అర్జెంటీనా పవిత్ర స్థలాలు మరియు మతపరమైన స్థలాలకు ఖజానా
1423.wav,బాహ్య డిజైన్ పాటు ఏమి దీపం ఉంటుంది వాస్తవం పరిగణలోకి ముఖ్యం
1424.wav,డేటా యొక్క పరిధిలో ఏదైనా విలువ యొక్క శాతాన్ని కనుగొనడానికి ఈ సూత్రాన్ని ఉపయోగించవచ్చు
1425.wav,పుల్వామా ఉగ్రదాడిని ఖండిస్తూ పాకిస్థాన్ కళాకారులతో కలిసి పనిచేయకూడదని భారత చిత్ర పరిశ్రమ నిర్ణయించింది
1426.wav,మార్కెట్ డిమాండ్ భారీగా పతనమవడంతో అనేక రంగాల వృద్ధి రేటు తిరోగమనంలో పయనిస్తోంది
1427.wav,ఇప్పటికే ఆ పార్టీకి కంచుకోటగా ఉన్న ప్రాంతాల్లోని నేతలు ఒక్కొక్కరుగా ఒకరి వెంట మరొకరు రాజీనామా చేస్తూ బయటకు వెళ్లిపోతున్నారు
1428.wav,ఆ తర్వాత కొద్దిసేపటికే మహరాజ్ బౌలింగ్లో శీకర్ భరత్ వికెట్ల ముందు దొరికిపోయాడు
1429.wav,ఇప్పుడు అలాగే విశాఖలో కూడా సమ్మర్ అసెంబ్లీ నిర్వహించుకోవాలని ప్రభుత్వానికి ప్రతిపాదించినట్టు చెప్పారు
1430.wav,మీరు ఉంచిన ఆ నమ్మకమే పెద్ద పెద్ద నిర్ణయాలు తీసుకునేలా మమ్మల్ని ప్రోత్సహిస్తోంది
1431.wav,అలాగే మూత్రపిండాలలో గల రాళ్ళు కరిగిపోవడానికి కూడా కీరదోసకాయ ఎంతో దోహదం చేస్తుంది
1432.wav,సంజామల పోలీసులు అప్రమత్తమై బొందలదిన్నె గ్రామానికి చేరుకుని వినోద్ను అదుపులోకి తీసుకున్నారు
1433.wav,తెలంగాణలో ఆర్టీసీ సమ్మెపై సీఎం కేసీఆర్ అధికారులతో ఉన్నత స్థాయి సమీక్ష నిర్వహిస్తున్నారు
1434.wav,ఏపీసీసీ చీఫ్ రఘువీరారెడ్డి సమక్షంలో మాజీ ఎమ్మెల్యే కాంగ్రెస్ పార్టీ కండువా కప్పుకున్నారు
1435.wav,ఆదివారం మొహాలీలో జరిగే మ్యాచ్లో ఆసిస్ పైన భారత్ గెలవాల్సి ఉంది
1436.wav,సుమేధ ద్వారా నాలల నిర్మాణం అక్రమ కట్టడాలు కూల్చివేత చేపడతామని హామీ ఇచ్చారు
1437.wav,అయితే సూర్యకిరణ్ బయటకు వెళ్లడం వెనుక అతడి స్వయంకృతపరాధమే ఉందనే మాట మొదటి నుంచి తెలుస్తున్న విషయమే
1438.wav,ఈ చిత్రం తీసినంత వరకు చూసుకుని సంతృప్తికరంగా రాలేదని చాలా సన్నివేశాలని స్క్రాప్ చేసేసారట
1439.wav,జట్టు సంరక్షణ కోసం ఉపయోగించే కొబ్బరి నూనెతో బెల్లిఫ్యాట్ ని కరిగించవచ్చు
1440.wav,ఈ కెరీర్ ఎంచుకోవాలంటే సందర్శనీయ ప్రాంతాలకు సంబంధించిన విశేషాలు తెలిసి ఉండాలి
1441.wav,బహుశా సంశయవాదులు ఇతర చాట్ నెట్వర్క్లు ఉన్నాయి చాలా చెప్పటానికి లేదా
1442.wav,మరోవైపు నదిలో నిబంధనలకు విరుద్ధంగా పట్టా భూముల పేరుతో తవ్వకాలు జరిగిపోతున్నాయి
1443.wav,ఆ సినిమాలో బాలీవుడ్ బ్యూటీ కంగనా రనౌత్ జయలలిత పాత్రను పోషిస్తున్న విషయం తెల్సిందే
1444.wav,అయినా అంత అర్జంట్ వచ్చిందాకా ఉండకపోతే ముందే నన్ను లేపొచ్చుగా అని చీవాట్లు
1445.wav,పూర్తి లేస్ వర్క్ మరియు బ్యాక్ లెస్ బ్లాక్ డ్రెస్ లో చూస్తుంటే హాట్ అండ్ సెక్సీగా కనిపించారు
1446.wav,ఈ రసాయన ప్రభావంతో వందల రకాల చిత్ర విచిత్ర క్రిమికీటకాలు పుట్టుకొచ్చాయి
1447.wav,ఆ ఇద్దరు తక్కువ కాలంలోనే సత్తాచాటి తమ జట్లలో రెగ్యులర్ ఆటగాళ్లగా మారిపోయారు
1448.wav,ప్రస్తుతం దర్శకుడిగా పూరీ జగన్నాథ్కు హీరోగా రామ్కు సక్సెస్ అనేది కీలకంగా మారింది
1449.wav,చాలా కాలం పాటు చంద్రబాబు వద్ద పీఏగా పని చేసినఆయన తర్వాత రిలీవ్ అయ్యారు
1450.wav,అన్నీ సవ్యంగా జరిగితే వచ్చే విద్యాసంవత్సరం నుంచే రాష్ట్రంలోని అన్ని డిగ్రీ కళాశాలల్లో బయోమెట్రిక్ హాజరు విధానం అందుబాటులోకి రానుంది
1451.wav,బరువు పొదుపు కార్బన్ ఫైబర్ అందిస్తుంది ప్రధాన కారణం కార్బన్ ఫైబర్ ఏరోస్పేస్ పరిశ్రమచే అనుసరించబడింది
1452.wav,ప్రతి డిపోలో ఇద్దరు చొప్పున కార్మికులు సభ్యులుగా కార్మిక సంక్షేమ బోర్డును ఏర్పాటు చేస్తాం
1453.wav,ఉంటే పాన్ కార్డు లేకపోతే ఆధార్ సరిపోతుందనే నిబంధన సరళీకృతం గురించి మరింతగా ఆయన వివరించారు
1454.wav,ప్రతి రోజూ సాయంత్రం ఆరు గంటల నుంచి రెండు మూడు గంటలపాటు పార్టీ వ్యవహారాలపైనే దృష్టి పెడతానని కూడా చెప్పారు
1455.wav,ది మేరీల్యాండ్ జరిగిన ది కన్జర్వేటీవ్ పొలిటికల్ యాక్షన్ కాన్ఫరెన్స్ ఆయన మాట్లాడారు
1456.wav,ఈ దఫా బదిలీలు క్షేత్ర స్థాయిలో కచ్చితంగా పెద్ద ఎత్తున జరుగుతాయని అంటున్నారు
1457.wav,కాలు సక్రమంగా పని చెయ్యాలంటే ప్రతిరోజూ ఉదయం కంకర రాళ్ల మీద వాకింగ్ చెయ్యాలని వైద్యులు సూచించారు
1458.wav,తెలంగాణలో కొత్త పార్టీ ఏర్పాటు కోసం వైఎస్ షర్మిల ప్రయత్నాలు చేస్తున్న సంగతి తెలిసిందే
1459.wav,కథా బలమున్న మంచి సినిమాతో కొత్త ఏడాది ఆరంభమవ్వడం ఆనందంగా ఉంది
1460.wav,అయితే ఫిల్మ్ నగర్ సమాచారం ప్రకారం కృష్ణవంశి దర్శకత్వం వహిచబోయే ఈ తాజా చిత్రంలో కొత్త నటీనటులకు అవకాశం ఇస్తున్నారు
1461.wav,అధికారి పార్టీ టీఆర్ఎస్ ఎన్నికల కోడ్ను యథేశ్ఛగా ఉల్లంఘిస్తున్నా అధికారులు చేతులు ముడుచుకు కూర్చున్నారని ప్రతిపక్ష పార్టీలు ఆరోపిస్తున్నాయి
1462.wav,కాటసాని రాంభూపాల్ రెడ్డితో పాటు ఆయన అనుచరులు కూడ బిజెపికి గుడ్బై చెప్పారు
1463.wav,సాధారణంగా కంటికి దూరదృష్టికి హశ్వదృష్టికీ అవసరమైన కంటి అద్దాలను ధరించడం ద్వారా అధిగమించవచ్చు
1464.wav,అనంతరం భర్త కంప్లైంట్ ఆధారంగా సునీతా రెడ్డిని సస్పెండ్ చేస్తూ ప్రభుత్వం ఉత్తర్వూలు జారీ చేసింది
1465.wav,గుడ్ టచ్ బాడ్ టచ్ లపై అవగాహన కలిగించే వారు ప్రస్తుత కుటుంబ వ్యవస్థలో కరువయ్యారు
1466.wav,చిరు హైదరాబాద్ హైదరాబాద్ వెళ్లాడని తెలుసుకొని వారు తీవ్ర నిరాశకు గురయ్యారు
1467.wav,ఇద్దరి మధ్య తీవ్ర వాదోపవాదాలు చోటు చేసు కోవడంతో కొద్ది సేపు అక్కడ ఏం జరుగుతుందోనన్న ఆందోళన నెలకొంది
1468.wav,దర్శకుడిగా తనకు స్వేచ్ఛ లేకుండా చేసినందువల్లే సినిమా ఫలితం ఇలా వచ్చిందని తన సన్నిహితుల వద్ద వాపోయాడట దర్శకుడు క్రాంతి
1469.wav,దక్షిణ ఢిల్లీలోని ఆండ్రూస్ గంజ్లో ఉన్న స్ట్రెచ్ రోడ్డుకు నటుడి పేరు పెట్టాలని నిర్ణయించారు
1470.wav,ప్రధానిగా షిజిన్ పింగ్ తొలిసారి నేపాల్ పర్యటించి అక్కడి నేతలతో చర్చలు జరిపారు
1471.wav,ఈ క్రమంలో తమ ఇంటి పక్కన నివాసం ఉండే ఆరేళ్ల చిన్నారిపై అత్యాచారానికి పాల్పడ్డాడు
1472.wav,కొంతమంది పౌరులు మొదటి రసీదును ఇన్వెస్ట్మెంట్ ఫండ్ లో వోచర్లు పెట్టుబడి పెట్టారు
1473.wav,అయితే నరేంద్ర మోదీ అధికారంలోకి వచ్చిన తర్వాత ఫ్రాన్స్వెళ్లి కాంట్రాక్టులోని నిబంధనలన్నీ తనకు అనుకూలంగా మార్చివేశారని ఆరోపించారు
1474.wav,సెకండాఫ్లో ఒక ఫైట్ అభిమానులకు విజువల్ ట్రీట్లా ఉందనే అభిప్రాయాలు వ్యక్తం అవుతున్నాయి
1475.wav,ఒకవేళ అణ్వస్త్రాలను వదిలేందుకు సిద్ధమైతే ఉత్తరకొరియాకు సహకరిస్తామని ట్రంప్ కూడా హామీ ఇచ్చారు
1476.wav,అవసరమైతే ఏ దేశాన్నైనా బెదిరించే చైనా ఆటలు త్సాయ్ వద్ద సాగలేదు
1477.wav,అనధికార లే అవుట్లలో స్థలాలు కొనుగోలు చేసి ఇబ్బందులు పడుతున్నవారికి ప్రయోజనం కలిగించేందుకే ప్రభుత్వం నిబంధనలను సవరించింది
1478.wav,మీరు మీ శిక్షణా షెడ్యూల్కు బానిసగా ఉన్నారని భావించడం వల్ల మీరు బయట పడుతున్నారు
1479.wav,ముఖ్యమంత్రితో సమావేశం అనంతరం పవన్ కళ్యాణ్ మీడియాతో మాట్లాడే అవకాశం ఉంది
1480.wav,జమ్మూ కశ్మీర్లోని కుల్గామ్ జిల్లాలోని చెకి అష్ముజీ పట్టణానికి చెందిన ఇతడు ముందుగా
1481.wav,కుంటముక్కలలో ఉన్న ఒక ప్రాథమిక ఆరోగ్య ఉప కేంద్రంలో డాక్టర్లు లేరు
1482.wav,ప్రతి సాంఘిక నెట్వర్క్ దాని సొంత విలక్షణమైన అకౌంటింగ్ యూనిట్లను కలిగి ఉంది
1483.wav,మద్రాసు తెలుగు అకాడమీ వారి ఉగాది పురస్కారాన్ని అందుకున్న వ్యక్తీ ఆరవేటి శ్రీనివాసులు
1484.wav,ప్రధాన రోడ్డుకు ఇరువైపులా చేపట్టే వ్యాపార వాణిజ్య సముదాయానికి తప్పనిసరిగా పార్కింగ్ కోసం సెల్లార్లను కేటాయించాలి
1485.wav,శుక్రవారం ప్రధానమంత్రి నరేంద్ర మోడీతో భేటీ అనంతరం కేజ్రీవాల్ ట్వీట్ ద్వారా ఈ విషయాన్ని వెల్లడించారు
1486.wav,తెలంగాణలో జరగబోయే శాసనసభ ఎన్నికల్లో కాంగ్రెస్ నేతృత్వంతో ఏర్పాటు చేసిన కూటమిలో టీడీపీ చేరడాన్ని మొయిలీ అభినందించారు
1487.wav,తత్వశాస్త్రం యొక్క ప్రధాన సమస్య సైన్స్ శాస్త్రీయ విజ్ఞానం యొక్క మూలం సమస్య
1488.wav,ప్రభుత్వంతో పాటు ప్రైవేటు మార్కెట్లకు కూడా టీకాల తయారీకి తాము రెడీ అవుతున్నామని పూనావాలా చెప్పారు
1489.wav,సమాజ్వాదీ పార్టీ టికెట్పై పోటీ చేసిన ఆయన సంచలన విజయం సాధించారు
1490.wav,తల్లులా విల్లీస్ ఆమె స్నేహితులతో సెలవులపై తన స్లిమ్ మరియు అథ్లెటిక్ శరీరం చూపించాడు
1491.wav,ఈ ఫొటో షూట్ ద్వారా గ్లామరస్ ప్రపంచానికి మరింత దగ్గరైంది సుహనా
1492.wav,అబ్రాహాము ఇస్సాకును బలి చేస్తే కూడా దేవుడు తన కుమారుని చనిపోయిన వాళ్ళను పెంచుకున్నాడని అబ్రాహాము విశ్వసించాడు
1493.wav,బతుకమ్మ పండుగను నిర్వహించేందుకు మరికొన్ని గాధల చరిత్ర కూడా మనకు లభ్యం అవుతుంది
1494.wav,పంజాగుట్ట పోలీస్ స్టేషన్ పరిధిలోని బియెస్ మక్త హరీ గేట్లో భార్యాభర్తలు మృతిచెందారు
1495.wav,ఇతర రూపాలు రాతి జీవులు మూడ్ మరియు రోజు సమయంలో ఆధారపడి తీసుకునేవారు
1496.wav,ఐతే ఈ చిత్రం గురించి మరో ఆసక్తికర వార్త ఇండస్ట్రీలో చక్కర్లు కొడుతుంది
1497.wav,అయినా నాకు తెలియకుండా అంత సీక్రెట్ గా నా న్యూడ్ ఫొటోలు తియ్యాల్సిన అవసరం ఏముందని నిలదీశాను
1498.wav,క్రికెట్ ఆడే సమయంలో లక్ష్మణ్ స్కూల్ ఆవరణలో ఉండే యువతిని గమనించాడు
1499.wav,ఇక ఇప్పుడు అత్యధిక శాతం రాష్ట్రాలు కూడా కమలానివే కాబట్టి వాట్ని కూడా ఓట్ల యద్ధంలోకి దింపవచ్చు
1500.wav,తాజా సమాచారం ప్రకారం బాలకృష్ణ మరో యంగ్ విలన్ తో కూడా ఈ సినిమాలో ఢీ కొట్టనున్నాడు
1501.wav,తొలి రెండు టెస్టుల్లో ఘోరంగా విఫలమైన స్మిత్ ఈసారి మాత్రం ఆరంభం నుంచే ఆత్మవిశ్వాసంతో ఆడాడు
1502.wav,ఓ సమయంలో మహేష్ బాబును గల్లా అరుణ కుమారి రాజకీయాల్లోకి తీసుకు వస్తున్నారనే ప్రచారం కూడా జరిగింది
1503.wav,స్కాన్ యొక్క ఫలితాన్ని దాని గురించి ఆందోళన చెందించేందుకు అది మారదు
1504.wav,ఇక మెహ్రీన్ కూడా ఈ ప్రాజెక్టు నుంచి తప్పుకుందనేది తాజా సమాచారం
1505.wav,కాబట్టి పచ్చసొన తీసేసి వైట్ మాత్రమే ఆమ్లేట్ మాత్రం వేసుకొని తినడం వల్ల ఆరోగ్యానికి చాలా మంచిది
1506.wav,అప్పట్లో పవన్ కళ్యాణ్ ఈ విషయమై పవన్ కళ్యాణ్ తీవ్రంగా స్పందించాడు
1507.wav,దీనినిబట్టి త్రివిక్రమ్ శ్రీనివాస్ మరో ఆసక్తికర కథాంశంతో ఫ్యామిలీ ఎంటర్టైనర్ చిత్రాన్ని రూపొందిస్తున్నట్లు అర్థం అవుతోంది
1508.wav,కొత్తగా పార్టీలోకి వచ్చిన రేవంత్రెడ్డికి వర్కింగ్ ప్రెసిడెంట్ పదవి ఇవ్వడంపై పలువురు అసహనం వ్యక్తం చేస్తున్నారు
1509.wav,లోతు ఏకాగ్రతను దెబ్బతీసిందని ఉపరితల పరిమాణం మరియు మందం ఆధారపడి ఉంటుంది
1510.wav,ఇది మీ మొహంపై రాసుకునే ముందు కొంచెం ముఖాన్ని తడిచేసి తర్వాత రాయండి
1511.wav,జైలుకెళ్లిన ప్రదీప్ హీరోగా ఎలా చేస్తాడని కేసు పెట్టిన దర్శకుడు
1512.wav,ఆ ఎన్నికల్లో కరుణానిధి నాయకత్వంలోని డీఎంకే విజయం సాధించి అధికారంలోకి వచ్చింది
1513.wav,ఈ నేపథ్యంలో తన ప్రణయ్ తల్లిదండ్రులతో పాటు తన ప్రాణానికి సైతం ముప్పుందని అమృత ఆరోపించింది
1514.wav,శ్రీదేవి మృతి కేసులో వెలుగుచూసిన ఈ కొత్త ట్విస్ట్ ఇంకెన్ని మలుపులకు దారితీయనుందో వేచిచూడాల్సిందే
1515.wav,భర్త చనిపోవడంతో చార్లెస్ యంగ్ బేజెట్ ను పెళ్లి చేసుకుని మిసెస్ బేజెట్ అయింది
1516.wav,ఇంతలో స్థానిక సంస్థల ఎన్నికలు వాయిదా పడి రాష్ట్ర రాజకీయాలు మరింత హీటెక్కాయి
1517.wav,అనంతరం ఆలయ నిర్మాణానికి న్యాయ వ్యవస్థ ఆమోదం పొందేందుకు అనేక విన్యాసాలు చేశారు
1518.wav,సినిమాలకు సెన్సార్ బోర్డు ఉన్నట్లే టీవీ సీరియల్స్కు కూడా ఒక బోర్డు ఏర్పాటు చేయాలని ప్రభుత్వాన్ని కోరనున్నట్లు తెలిపారు
1519.wav,తాజాగా వెంకీ మరో మల్టీస్టారర్ సినిమాకు గ్రీన్ సిగ్నల్ ఇచ్చినట్లు తెలుస్తుంది
1520.wav,కలపతో తయారు చేయబడిన కార్నర్ అల్మారాలు మీకు హేతుబద్ధంగా స్థలాన్ని ఉపయోగించుకోవడానికి అనుమతిస్తాయి
1521.wav,కాంగ్రెస్ తరఫున లోక్సభకు ఎన్నికైన కొత్త ఎంపీలను కలుసుకునేందుకు రాహుల్ నిరాకరించారు
1522.wav,ఆ తరువాత సందర్శకుల ఆదరణ ను బట్టి ప్రాజెక్టు కొనసాగించాలా లేదా అనేది నిర్ణయిస్తామన్నారు
1523.wav,వర్చ్యువల్ విధానంలో జరిగే ఈ సమావేశంలో సిఎంల అభిప్రాయాలను మోడి తెలుసుకోనున్నారని సమాచారం
1524.wav,అంతర్జాతీయ క్రికెట్కు ధోనీ వీడ్కోలు చెబుతారనే వార్తలను తాను కొద్దిరోజుల నుంచి వింటున్నానని ఆమె పేర్కొన్నారు
1525.wav,నిమ్మగడ్డను తొలగించడాన్ని సవాల్ చేస్తూ హైకోర్టులో పిటీషన్ను దాఖలు చేసిన వారిలో కామినేని శ్రీనివాస్ ఒకరు
1526.wav,కేంద్ర పర్యాటక శాఖ మంత్రి చిరంజీవి కార్యక్రమానికి కొద్దిగా ఆలస్యంగా వచ్చారు
1527.wav,నీడలో చాలా సన్ఫీష్ హోల్డింగ్ సాధారణంగా నీడలో మరియు బ్రష్ లేదా కలుపు మొక్కలలో సహాయపడుతుంది
1528.wav,అందుకోసం చాలా మంది మహిళలు ఎక్కువగా డార్క్ కలర్ లిప్స్ కలర్స్ ను ఉపయోగిస్తుంటారు
1529.wav,అయితే వీటి విషయంలో శాంసంగ్ నుంచి ఎలాంటి అధికారిక సమాచారం లేదు
1530.wav,అందుకు అంతర్జాతీయ గగన తలంలో అమెరికా యుద్ధ విమానం చక్కర్లు కొట్టింది
1531.wav,మరో సభ్యులు లుకాలపు లక్షణ్ దాస్ కూడా మరో ప్రతిపాదనను ప్రవేశపెట్టగా దీన్ని సమర్థించారు కాంగ్రెస్ నేత కృష్ణమూర్తి
1532.wav,ఈ ప్రత్యేక టూర్లకు సంబంధించి ఆర్టీసి అధికారులతో సమన్వయం చేసుకోవలసిన బాధ్యతను దేవాదాయ ధర్మాదాయ శాఖకు ప్రభుత్వం అప్పగించింది
1533.wav,సమన్తో కలిసి దిగిన పలు ఫొటోలను సోషల్ మీడియాలో పంచుకుంటూ భావోద్వేగానికి గురైంది
1534.wav,అయితే తాను ఇప్పుడు ప్రస్తుతం హ్యాపీగా ఉన్నాను అనే సమాధానంతో ఆమె ఆ అంశాన్ని ముగించినట్టు తెలుస్తున్నది
1535.wav,వైరాలోని రైతు శిక్షణా కేంద్రంలో మంగళవారం సాయంత్రం పోలింగ్ సామగ్రిని అధికారులు పంపిణీ చేయనున్నారు
1536.wav,హెపాటిటిస్ సి కూడా హోడ్గ్కిన్ యొక్క లింఫోమాతో సంబంధం కలిగి ఉంది
1537.wav,ఎందుకంటే బెల్టు దుకాణాలకు సమయపాలన లేకుండా రోజంతా అమ్మడమే ఇందుకు కారణమని చెబుతున్నారు
1538.wav,మరొక అధ్యయనంలో మీరు కొన్ని వివరాలు దృష్టి కావలసినప్పుడు ఎరుపు అత్యంత ప్రభావవంతమైన మిత్రుడు అని కనుగొన్నారు
1539.wav,సరూర్ నగర్లో నిర్వహించిన సకల జనభేరీ సభలో ఓ ఆర్టీసీ డ్రైవర్ గుండెపోటుతో మృతి చెందారు
1540.wav,పూర్తి స్థాయి రాజకీయాల్లోకి వచ్చేవరకు పవన్ మౌనంగా ఉండడం మంచిదని ఆయన అన్నారు
1541.wav,అందువల్ల మద్యం ధరను పెంచితే అతిగా తాగేవారిలో ఈ అలవాటు తగ్గే అవకాశముందని పేర్కొన్నారు
1542.wav,కాగా ఇటీవల ఓ సమావేశంలో ప్రధాని మోడీ సైతం ఆర్బీఐ గవర్నర్ రాజన్పై బహిరంగంగానే పొగడ్తలు కురిపించారు
1543.wav,నిల్చున్న వినాయకుడి విగ్రహం తరచుగా ఒక సింహాసనం మీద వాలి కనిపిస్తుంది
1544.wav,వారం రోజుల నుంచి హత్య జరిగిన ఇంటి ముందు గస్తీ కాస్తున్నారు
1545.wav,రెబల్ ఎమ్మెల్యేలకు ఆయన లంచాలు ఎర చూపినట్లు బయటపడిన వీడియోలపై వివరణ ఇవ్వాలంటూ సీబీఐ ఆదేశించింది
1546.wav,ఈ హక్కుల ద్వారా బీసీలకు రాజ్యాంగం అండగా నిలబడే వీలు కలుగుతుందన్నారు
1547.wav,రహదారిపై డివైడర్కు మధ్య నాటిన మొక్కలకు ట్యాంకర్తో నీళ్లు పోస్తుండగా వెనుకనుంచి వచ్చిన లారీ ఢీకొనడంతో ఈ ప్రమాదం జరిగింది
1548.wav,ఈ కార్యక్రమంలో ప్రజలందరు పాల్గొని లైవ్ బ్యాండ్ ప్రదర్శనను తిలకించాలని ఆయన కోరారు
1549.wav,వారి ఆదాయం మీ నడుము లైన్ సన్నగా చేయడం ద్వారా విస్తరిస్తోంది
1550.wav,ఈ ఇద్దరూ పెద్ద హీరోల సినిమాలు ఒకరోజు తేడాతో రిలీజ్ అవుతుండటంతో మిగిలిన సినిమాలకు థియేటర్లు లేకుండా పోయాయి
1551.wav,ప్రస్తుతం దేశ వ్యాప్తంగా కాంగ్రెస్ పార్టీ తన బలాన్ని పెంచుకోవడానికి ట్రై చేస్తోంది
1552.wav,ప్రముఖ స్మార్ట్ ఫోన్ బ్రాండ్ పోకో తన తర్వాతి స్మార్ట్ ఫోన్ ను లాంచ్ చేయనుంది
1553.wav,చెప్పా పెట్టకుండా కరెంటు తీస్తే ఆ సంస్థలు ఇకనుంచి పరిహారం చెల్లించాల్సి ఉంటుంది
1554.wav,విగ్రహాలను పెట్టడం అంటే అది కచ్చితంగా మత దూషణ కిందకే వస్తుంది
1555.wav,ఈ వైద్యులు జ్ఞానంతో వారి రచనలు డే ఆరోగ్య కార్యకర్త గుర్తించారు కలిగి అర్హత ఉంది
1556.wav,సమీపంలో ఉన్న పాదముద్రలను చూసి చిరుత దాడి చేసినట్లుగా రైతులు గుర్తించారు
1557.wav,మరియు సంస్థ యొక్క ధర స్థాయి తరగతి ఆర్ధిక వ్యవస్థకు లక్షణం కష్టం వాస్తవం ఉన్నప్పటికీ ఈ
1558.wav,గత ఆర్థిక సంవత్సరంలోనే మోడీ సర్కారు కోటీశ్వరులకు ఆరు లక్షల కోట్ల రూపాయల రాయితీలిచ్చింది
1559.wav,ఒకవేళ పదే పదే ధోని రిటైర్మెంట్పై చర్చ పెడితే మాత్రం అది కచ్చితంగా అతన్ని ఆ ఆలోచన దిశగా నడిపించినట్లేనన్నాడు
1560.wav,పెళ్లై కొడుకు ఉండి డైవర్స్ అయిన రమను రాజమౌళి ప్రేమించి వివాహం చేసుకున్నారు
1561.wav,ఖుజస్థాన్ రాష్ట్రం రాజధాని హవాజ్ కాల్పులు జరపగానే సైనిక పెరేడ్లో పాల్గొన్నవారు చెల్లాచెదరుగా పరిగెత్తారని స్థానిక వార్తా ఏజెన్సీ పేర్కొన్నది
1562.wav,నాణ్యత ప్రధానంగా బేకింగ్ మరియు ఓవెన్లో పిండి వేడి ప్రభావితం చేస్తుంది
1563.wav,అలాగే విదేశీ మారకం మార్కెట్లో రూపాయి బలపడటం కూడా మార్కెట్కు కలిసొచ్చింది
1564.wav,నాగ్ సూచించిన కొన్ని మార్పులని కూడా కళ్యాణ్ కృష్ణ ఫినిష్ చేశాడట
1565.wav,అల్లు అర్జున్ కు జోడీగా రష్మిక మందన్న ఈ సినిమాలో నటిస్తోంది
1566.wav,రాజ్ తరుణ్ నటించిన గత సినిమాలు బాక్సాఫీస్ వద్ద బొక్క బోర్లా పడ్డాయి
1567.wav,రాష్ట్రంలో ఒక ప్రాంతం నుంచి మరో ప్రాంతానికి వెళ్ళేటప్పుడు పచ్చటి అడవి మధ్యలో దారిమీదుగా వెళ్తున్నామనే భావన కలుగుతుంది
1568.wav,నగర శివారులోని కాచవానిసింగారంలోని బాబారావు క్రికెట్ అకాడమీ పక్కనే రెండేళ్ల క్రితం స్విమ్మింగ్ పూల్ నిర్మించాడు
1569.wav,ఈ ఎన్నికల ఫలితం తనకు ఒక గట్టి చెంపదెబ్బ అని ప్రకాష్రాజ్ వ్యాఖ్యానించారు
1570.wav,ఇంటికి ఎదురుగా ఉన్న పసులకొట్టం పక్కన తడికల్తో చిన్న గది ఏర్పరచింది
1571.wav,ముంబైలోని ఐటీఏ అవార్డ్స్ ప్రదానోత్సవంలో రెడ్ కార్పెట్ పై నటి ఆశ్నూర్ కౌర్
1572.wav,కాల్పులు జరిపిన వ్యక్తిని గుర్తించేందుకు ఘటన జరిగిన ప్రాంతంలోని సీసీ టీవీఫుటేజ్ ను కూడా పరిశీలిస్తున్నామన్నారు
1573.wav,నాభి నుండి ఉద్భవించిన బ్రహ్మ దేవుడికి వివిధ జీవరాశులనీ సృష్టించే బాధ్యత అప్పగించాడు
1574.wav,బిస్కెట్ ఇస్తానని చెప్పి తీసుకెళ్లి నాలుగేళ్ల చిన్నారిపై ఓ కామాంధుడు అత్యాచారం చేశాడు
1575.wav,ముంపు బాధిత కుటుంబాలకు తక్షణమే నిత్యావసర సరుకులు అందిం చాలని సూచించారు
1576.wav,ఇప్పుడు షాంపూతో తలస్నానం చేశాక ఆ నీటితో తలని కడగాలి
1577.wav,పూర్తిగా ఎండబెట్టిన ఈకలు ఒక ప్లాస్టిక్ కంటైనర్ లేదా సీసాలో కట్ చేసి మడవబడుతుంది
1578.wav,రికవరీ కోసం బ్యాంకు మేనేజర్ ప్రమోద్కుమార్ సోమవారం లెవెన్ స్టార్ మహిళా సంఘం లీడర్ సరస్వతిని పిలిపించాడు
1579.wav,ప్రస్తుతం ఈ ఘటనకు సంబంధించిన వీడియో సోషల్ మీడియాలో వైరల్ అవుతోంది
1580.wav,వ్యాపార పత్రాలు చిన్న శైలులలో పెద్ద సంఖ్యలో ఉనికి వారి వైవిధ్యం దారి లేదు
1581.wav,వారు ఏమి చేస్తున్నారనేది వారికి తెలుసు మరియు ఏవైనా సమస్యలు ఎదుర్కోవటానికి ఎలా అవకాశం ఉంటుందో తెలుస్తుంది
1582.wav,వైసీపీకి చెందిన రైతులే జగన్ తీరుపై గుర్రుగా ఉన్నారని వారు ఆరోపించారు
1583.wav,అంటే రేపటి ఎపిసోడ్లో ఒకేసారి ఇద్దర్ని బిగ్ బాస్ స్టేజ్పై చూడొచ్చు
1584.wav,మూడు రోజుల క్రితం విహార యాత్రకు వెళ్లిన కదిరి ప్రభుత్వ పాఠశాల విద్యార్థులు
1585.wav,రియల్ లైఫ్ భార్య భర్తలు అయిన అక్కినేని నాగచైతన్య సమంత రిల్ లైఫ్లో కూడా భార్యాభర్తలుగా ప్రేక్షకులను ఎంతగానో మెప్పించారు
1586.wav,గొప్ప పరాక్రమం గల నువ్వు శివ ధనస్సుని విరిచేసావని తెలిసిన వెంటనే ఇక్కడికి వచ్చాను
1587.wav,దస్త్రాలన్నింటినీ పరిశీలించిన తర్వాత అనుమానితులను జిల్లా పోలీసు శిక్షణా కేంద్రానికి విచారణకు పిలిచే అవకాశం ఉన్నట్లు తెలుస్తోంది
1588.wav,ఈ తీపి రకం వర్తించదు ఈ కూరగాయల ఈ చేదును కనపడడు వంటి లేదు
1589.wav,దీని పైన రాయపాటి ఒకటి రెండు రోజుల్లో అధికారికంగా ప్రకటన చేయనున్నారు
1590.wav,జెనీవా ఒప్పందాన్ని అనుసరించి పాక్ అధికారులు తొలుత అభినందన్ను అంతర్జాతీయ రెడ్ క్రాస్ కమిటీకి అప్పగించారు
1591.wav,కానీ మీకు చిన్న పిల్లలుంటే వీటి విషయంలో చాలా జాగ్రత్తగా ఉండండి
1592.wav,మనవారు ఒక్కరు ముద్దు ఇద్దరు హద్దు ముగ్గురు వద్దు అని తీర్మానించుకున్నారు
1593.wav,అసలు రాహుల్ ఇన్నాళ్లూ అమేథీకి ఏమీ చెయ్యలేదని అపర కాళికలా విరుచుకుపడుతున్నారు
1594.wav,అయితే మొన్నటి వరకు షూటింగ్స్తో బిజీగా ఉన్న అనసూయ ప్రస్తుతం ఫ్యామిలీతో విహార యాత్రకి వెళ్ళింది
1595.wav,ప్రారంభ శీతాకాలంలో మీరు ఆహారం మరియు సాధారణ గా నీళ్ళు ప్రారంభించడానికి ఒక వెచ్చని స్థానంలో ఉంచారు అవసరం
1596.wav,ప్రపంచ కప్లో భాగంగా గత రెండు ఇన్నింగ్స్లో ధోనీ జోరు ప్రదర్శించకపోవడంపై విమర్శలొస్తున్న సంగతి తెలిసిందే
1597.wav,ఈ చిత్రంతో పాటు పలు తెలుగు చిత్రాల్లో సైడ్ క్యారెక్టర్లు చేసాడు
1598.wav,మంచి పంటను కాపాడుకోవడానికి కూరగాయలను పండించడం వలన నాటడం యొక్క సమయము చాలా ముఖ్యమైనది
1599.wav,ఈ నేపథ్యంలో పారా ఉపాధ్యాయులు చేస్తున్న ఆందోళనకు తాము అండగా పోరాటం చేస్తామన్నారు
1600.wav,పూర్వగామి క్యాప్సులార్ కాఫీ కుదించబడి గ్రౌండ్ కాఫీ టాబ్లెట్లో
1601.wav,స్వప్న సురేశ్ తో పరిచయం ఉన్న ప్రభుత్వాధికారి శివశంకర్ ను సస్పెండ్ చేశారు
1602.wav,మూడు రాజధానుల ఏర్పాటుకు వ్యతిరేకంగా రైతులు చేస్తున్న దీక్షలకు తెలుగుదేశం పార్టీ సంపూర్ణ మద్దతు తెలియజేస్తోంది
1603.wav,ఇలా చేయడం వల్ల కొంత వరకు స్కూలు ఆటోల ప్రమాదాలను అరికట్టవచ్చు
1604.wav,కాంతారావు బయోపిక్ కోసం దర్శకుడు పీసీ ఆదిత్య కాంతారావు స్వగ్రామం గుదిబండ వెళ్లి వివరాలు సేకరించారు
1605.wav,పురుషుల మధ్యలో పని చేయాల్సిన సందర్భంలో మహిళ తనని తాను ఎలా నిరూపించుకోవాలంటే
1606.wav,స్టీల్ ప్లాంట్ ఆస్తులు కాపాడుకోవడానికి ఎంతటి తీవ్ర ఉద్యమమైనా చేపడతామని ఆమె తెలియజేశారు
1607.wav,ఇటీవల కత్తి మహేష్ శ్రీ రాముడిపై అనుచిత వ్యాఖ్యలు చేసిన సంగతి తెలిసిందే
1608.wav,దీంతో తన ఐపీఎల్ కెరీర్లో తొలిసారిగా ఈ సీజన్లోనే అత్యధిక సిక్సర్లు సాధించగలిగాడు
1609.wav,ఈ వీరిలో తో అతను ఈ వ్యాసంలో రీడర్ తీర్చగలవా ఒక ప్రత్యేక సమస్య ఉంది
1610.wav,సౌర శక్తి మీ హోమ్ లో ఇన్స్టాల్ చేయవచ్చు పునరుత్పాదక శక్తి యొక్క ఒక రూపం
1611.wav,ఇద్దరు భార్యలకు పిల్లలు లేకపోవడంతో ఈ ముగ్గురిని చిన్నప్పుడే దత్తత తీసుకున్నారని పోలీసులు అన్నారు
1612.wav,టీం ఇండియా ఓపెనర్ శిఖర్ ధవన్ ప్రస్తుతం అద్భుతమైన ఫాంలో ఉన్నాడు
1613.wav,అయితే మర్కజ్ తో పాటు దేవ్ బంద్ లింకులు కూడ ఉన్నట్టుగా తెలంగాణ ప్రభుత్వం గుర్తించింది
1614.wav,ఎవరి ప్రోద్బలంతో అయినా ఈ హత్యాయత్నం చేశాడా అనే విషయంపైనా పోలీసులు ఆరా తీస్తున్నారు
1615.wav,ఈ చోటుతో తనకేదో అనుబంధం ఉందని భావించిన ఆయన కొన్నాళ్లు ఇక్కడే ఉండాలని నిశ్చయించుకున్నారట
1616.wav,ఇందుకోసం ట్రంప్ రాక సందర్భంగా భారీ స్థాయి స్వాగత ఏర్పాట్లు జరుగుతున్నాయి
1617.wav,ఇందులో ఎవరు విజయం సాధించినా లక్ష్మీదేవి వారికి అపారమైన సంపదను ఇస్తుందని పురాణాల్లో పేర్కొనబడింది
1618.wav,ఇక ఈ షెడ్యూల్ తరువాత చిత్ర యూనిట్ యు ఎస్ వెళ్లనుంది
1619.wav,దాంతో పాటు డబ్బులే అవసరం అనుకుంటే రంగ అభిమానులు చందాలు వేసుకుని వర్మకి ఇవ్వడానికి సిద్ధమని కూడా రాధా ప్రకటించాడు
1620.wav,జిల్లా కలెక్టర్ ఆదేశాల మేరకు ఇవాళ సూర్యజ్యోతిని అధికారులు సస్పెండ్ చేశారు
1621.wav,అంతేకాదు ఇదే విషయమై పార్లమెంట్ స్పీకర్ ఓం బిర్లాకు కూడ ఆయన లేఖ రాశాడు
1622.wav,కానీ అంపైరు విషయాని పట్టించుకోకపోవడంతో పాక్ ఆ పెనాల్టీ నుంచి తప్పించుకుంది
1623.wav,ఎంత ప్రయత్నించినా మీ ఆలోచనకి తగ్గ వ్యక్తులుగాని విషయంగాని లభించక చాలా ఇబ్బందిని ఎదుర్కొంటారు
1624.wav,మీరు మీ వృద్ధాప్యను గౌరవించాల్సిన అవసరం ఉన్నందున బహుశా మీ కుటుంబ సభ్యులందరితో ప్రత్యేకమైన విందు వేయవలసి ఉంటుంది
1625.wav,ఇక్కడ ఈ డిష్ వంట కోసం కొన్ని సాధారణ వంటకాలను ఉన్నాయి
1626.wav,ఇది ఒక చదునైన తల మరియు ఒక పెద్ద నోరు ఒక ఇరుకైన పొడుగుచేసిన శరీరం
1627.wav,కానీ నేత పేరు అడాల్ఫ్ హిట్లర్ యూనోనా కావడంతో ఇప్పుడు ఆయన పేరు గెలుపు ప్రపంచ దృష్టిని ఆకర్షించింది
1628.wav,రోడ్ మ్యాప్ ఇచ్చి తమ రాజీనామాలను ముఖ్యమంత్రి ఆపారని అన్నారు
1629.wav,కానీ సొంతూరిపై కూడా పిసరంతైనా మమకారం లేదని నిరూపిస్తోంది ఈ ఘటన
1630.wav,అనేక చిన్న క్లబ్ మరియు వైవిధ్యం పిల్లల సెంటర్ పిల్లలు మరియు తల్లిదండ్రుల విశ్రాంతి ఉంది
1631.wav,అమ్మాయి ఫిర్యాదు మేరకు కేసు నమోదు చేసుకొని దర్యాప్తు చేస్తున్నామని ఎస్పి ప్రశాంత్ అగర్వాల్ తెలిపాడు
1632.wav,భారతీయ జనతా పార్టీ జాతీయ అధ్యక్షుడు జేపీ నడ్డా కరోనా బారినపడ్డారు
1633.wav,ఇప్పటికే టీజర్తో ఆకట్టుకున్న అల వైకుంఠపురములో సంక్రాంతికి వచ్చి సంచలనాలు రేపుతాడని నమ్ముతున్నారు అభిమానులు
1634.wav,అక్రమంగా వసూలు చేస్తున్న ఫీజు దోపిడీని అరికట్టాలని పీడీఎస్యూ డిమాండ్ చేసింది
1635.wav,ఈ భేటీ అనంతరం మీడియాతో పరిపూర్ణానంద మాట్లాడుతూ అమిత్ షా ఆదేశిస్తే బీజేపీ తరఫున ప్రచారం చేస్తానని స్పష్టం చేశారు
1636.wav,హైదరాబాద్ సిటీ తాగునీటి కష్టాలను దూరం చేయడానికి ఆసియాలోనే అతిపెద్ద తాగునీటి పథకాన్ని ఎంఇఐఎల్ నిర్మించడం మరో ఘనత
1637.wav,సాధారణ డెజర్ట్ నుండి పండు యొక్క అనేక రకాల సిద్ధం ఉపయోగిస్తారు ఏమిటి ఇది భిన్నమైనది
1638.wav,నేడు అంతర్జాతీయ మార్కెట్ల సానుకూల సంకేతాలతో దేశీయ సూచీలు లాభాలతో ట్రేడింగ్ మొదలుపెట్టాయి
1639.wav,ఉపాధి కల్పన దిశగా తెలంగాణ ప్రభుత్వం సహా దేశంలోని ఇతర రాష్ట్రాలు తీసుకుంటున్న చర్యలను ఆమె ఈ సదస్సులో ప్రస్తావిస్తారు
1640.wav,వేగంగా ప్రవాహ పైపు తప్పు లేదా వెల్డ్ గ్యాప్ కారణంగా కంటే కూడా మెటల్ పంపు ద్వారా ఏర్పడుతుంది
1641.wav,తన గర్ల్ ఫ్రెండ్ అడిగిందల్లా ఇవ్వడం కోసం దొంగలాగా మారిపోయాడు ఓ కర్ణాటక కుర్రాడు
1642.wav,తన క్రియేషన్స్ ప్రధాన పాత్రలు చురుకుగా ఇన్వెస్టిగేషన్ బ్యూరో సహకరించిన ఇది జెఫెర్సోనియన్ ఇన్స్టిట్యూట్ నుండి మానవ శాస్త్రజ్ఞులు ఉన్నాయి
1643.wav,బిల్డర్ ఆక్యుపేషన్ సర్టిఫికెట్ పొందేంత వరకు మాత్రమే ఈ రిఫండ్ పథకం వర్తిస్తుందని ఎస్బీఐ చైర్మన్ రజనీశ్ కుమార్ చెప్పారు
1644.wav,ఈ సందర్భంగా నల్లగొండలో లింగయ్య మద్దతుదారులతో కోమటిరెట్టి వెంకటరెడ్డి రాస్తా రోకోను నర్వహించడం కాంగ్రెస్లో కొత్త వివాదానిక బీజం వేస్తోంది
1645.wav,కాని తమకు అన్యాయం జరిగిందని అనుకున్నప్పుడు ఫిర్యాదు చేయడానికి చాలా శక్తి కావాలి
1646.wav,మేము జాగ్రత్తగా ప్రతిదీ కలపాలి మరియు సమయం కోసం అది పక్కన ఉంచండి
1647.wav,అది ఏకపక్షంగా జరిగిన తీర్పు కావడంతో సాక్ష్యాలు నిర్ధారణ కాకపోవడంతో కేసు కొట్టివేశారు
1648.wav,ఇటీవల ఎన్టీఆర్ చేతుల మీదుగా విడుదలైన టీజర్ కు చక్కటి స్పందన లభిస్తుంది
1649.wav,అభివృద్ది పనులు దక్కించుకునేందుకు ఇరువురు పోటీపడడంతో నియోజకవర్గంలో ఇరువురు నేతల గొడవలు మరింత పెరిగాయి
1650.wav,ఈ అసహ్యకరమైన వ్యాధి పిల్లలకి అసౌకర్యం తెస్తుంది మరియు తల్లి నుండి అదనపు జాగ్రత్త అవసరం
1651.wav,కడుపు కలిగి మరియు ముందుకు మీ తల మరియు అతని గడ్డం వంచి ప్రయత్నించండి
1652.wav,అదే రోజు రాత్రి గణపతి విగ్రహ ఊరేగింపునకు వెళ్లి తిరిగి రాలేదు
1653.wav,మహర్షి సినిమాకు ముందు ఈయన అజిత్ దర్శకత్వంలో వచ్చిన ఆయుష్మాన్ భవ మూవీలో నటించారు
1654.wav,అటవీశాఖ అధికారులతో సమీక్షా సమావేశం నిర్వహించిన అనంతరం బాలినేని మీడియాతో మాట్లాడారు
1655.wav,దక్షిణాదిపై ఉత్తరాది నాయకుల ఆధిపత్యం గురించి ముందునుంచే ప్రస్తావిస్తున్న పవన్ ఈసారి కాస్త ఘాటుగా స్పందించారు
1656.wav,కార్యక్రమం యొక్క వశ్యత మీరు మెరుగుదలలు చేయడానికి మరియు ఏ సంస్థకు వ్యవస్థను సరిదిద్దాలి అనుమతిస్తుంది
1657.wav,ఇది దాని తయారీ పద్ధతిలో మాకు సాధారణమైన భిన్నంగా ఉంటుంది అని అవుతుంది
1658.wav,ఇదిలా ఉండగానే మహేష్ బాబు కాదు యంగ్ రెబల్ స్టార్ ప్రభాస్తో సురేందర్ రెడ్డి సినిమా ఉంటుందనే వార్తలు గుప్పుమన్నాయి
1659.wav,వారి తల్లిదండ్రులు నటీనటులు కాబట్టి నటనను ఎంచుకోమని బలవంత పెట్టడం సరికాదు అని అన్నారు
1660.wav,జర్మనీ దేశస్తురాలిని వివాహం చేసుకోవడంతో పాటు ఆ దేశ పౌరసత్వాన్ని పొందారన్నది రమేష్ బాబుపై ఉన్న ఆరోపణ
1661.wav,తాజాగా చిత్ర టీజర్ విడుదల చేయగా ఇందులో సన్నివేశాలు అద్భుతంగా ఉన్నాయి
1662.wav,ఆయన మృతి పట్ల తీవ్ర విచారం వ్యక్తం చేస్తున్నానన్నారు రాష్ట్రపతి రామ్నాథ్ కోవింద్
1663.wav,అన్నపూర్ణా స్టూడియోస్ నిర్మించే తదుపరి చిత్రానికి కూడా తాను దర్శకత్వం వహించనున్నట్టు పేర్కొన్నాడు
1664.wav,ఈ భారీ సినిమాలో బాలీవుడ్ స్టార్ హీరోయిన్ దీపికా పదుకొణె హీరోయిన్ గా నటిస్తోంది
1665.wav,ఏ జట్టు అయినా స్వదేశంలో క్రికెట్ జరిగితే అనుకూల పిచ్లు సిద్ధం చేసుకునే హక్కు ఉంటుందని చెప్పాడు
1666.wav,రికార్డు స్థాయిలో మహేష్ బాబు మహర్షి చిత్రం వసూళ్లను రాబట్టిన నేపథ్యంలో సరికొత్త రికార్డులు నెలకొల్పడం జరిగింది
1667.wav,సినిమాకు బడ్జెట్ కూడా రెండు వందల కోట్ల వరకు వుంటుందని తెలుస్తోంది
1668.wav,ఆ తర్వాత మేరే డాడ్ కీ మారుతీ అనే హిందీ చిత్రంలో నటించింది
1669.wav,కోడి గుడ్లను సహజ పద్ధుతుల్లో పొదిగించడం వల్ల కొన్ని సమస్యలు వస్తున్నాయి
1670.wav,దీంతో ఆ ఖైదీని ప్రశ్నించగా తాను అతిచిన్న ఫోనును మింగేశానని తెలిపాడు
1671.wav,ఆ సమయం లో ఇతడు మాజీ ఎంపీ పక్కనే ఉండడంతో బీహార్ రాజకీయాల్లో అగ్గి రాజుకుంది
1672.wav,అలాగే రైతుల అభ్యున్నతికి తమ ప్రభుత్వం కట్టుబడి ఉంటుందని ప్రత్తిపాటి పుల్లారావు స్పష్టం చేశారు
1673.wav,సకాలంలో రైతులకు అవసరానికి అనుగునంగా రుణం అందేటట్లు చర్యలు తీసుకోవాల్సిన ప్రభుత్వం ఆలస్యం చేస్తుడంటంతో రైతుల పాలిట శాపంగా పరిణమించింది
1674.wav,ఐసీసీ ప్రపంచప్లో వరుస విజయాలతో దూసుకుపోతున్న టీమిండియాకు గట్టి పరాభవమే ఎదురైంది
1675.wav,జీఎస్టీ అమల్లోకి రాక ముందు వరకు ఈ పని చేతి వృత్తుల్లో ఒకటిగా ఉండేది
1676.wav,సూదిలో దారం పట్టే రంద్రంలో అద్భుతమైన కళాఖండాన్ని రూపొందించడం మామూలు విషయం కాదు
1677.wav,ఆ అంచనాలను అందుకునేలా దర్శకుడు బోయపాటి శ్రీను ప్రస్తుతం చరణ్తో ఒక హై ఎనర్జిటిక్ యాక్షన్ ఎంటర్టైనర్స్ను తెరకెక్కిస్తున్నాడు
1678.wav,చిన్నారిని రేప్ చేసి చంపేసిన నేరస్తుడికి ఉరి శిక్ష విధించాలని పెద్ద ఎత్తున డిమాండ్ చేశారు
1679.wav,మహేష్ ఈ సినిమాలో రాక్స్టార్ గా కనిపిస్తాడనే ప్రచారం ముందు నుంచీ సాగుతోంది
1680.wav,జాలా మేథోశక్తికి మెచ్చిన దక్షిణ కొరియా మిలటరీ వారు ఆఫర్లను ఇచ్చారు
1681.wav,కూటమి ప్రక్రియను వేగవంతం చేయాల్సిన అవసరం ఉందని కోదండరామ్ ఆకాంక్షను వ్యక్తం చేశారు
1682.wav,కార్మికులకు మరింత నష్టం కలగకుండా ప్రభుత్వం ద్వారా ప్రయోజనం పొంద వచ్చని ఆశిస్తున్నారు
1683.wav,అతి చవకైన విమానసంస్థగా పేరున్న ఇండిగో విమానాల్లో కేవలం సాధారణ తరగతి సీట్లు మాత్రమే ఉంటాయి
1684.wav,షకీల్ అహ్మద్ కు ఆయేషా ఫాతిమా అమీర్ తో వివాహం జరిగింది
1685.wav,వాణిజ్యపరంగా విదేశాలకు చెందిన చిన్న తరహా ఉపగ్రహాలను ప్రయోగించేందుకు భవిష్యత్తులో ఈ రాకెట్ ఉపయోగపడనుంది
1686.wav,అతను కొన ఊపరితో ఉండటాన్ని గమనించి ఆటోలో హన్మకొండలోని ఓ ప్రైవేట్ ఆసుపత్రికి తరలించారు
1687.wav,గత కమిషన్లు చట్టబద్ధ కమిషన్లు కాగా రాజ్యాంగ సవరణ ద్వారా ప్రస్తుత కమిషన్కు రాజ్యాంగ ప్రతిపత్తి కల్పించారు
1688.wav,తల్లికి ఉన్న జన్యు లోపాలు ఆ శిశువులో ఉండవని వైద్యులు చెప్పారు
1689.wav,ఇక తాజాగా మాధవీలత చేసిన పెట్టిన ఓ ఫేస్ బుక్ పోస్టు తీవ్ర కలకలం రేపుతోంది
1690.wav,ప్రతిపక్ష నేత చంద్రబాబు తప్పుడు ప్రచారంతో ప్రజలను పక్కదారి పట్టిస్తున్నారని ఆగ్రహం వ్యక్తం చేశారు
1691.wav,కొందరు న్యాయశాస్త్రం విద్యార్థులు కూడా సీఏఏకు వ్యతిరేకంగా పిటిషన్లు దాఖలు చేయటం గమనార్హం
1692.wav,ఎక్కువ కృషి తరువాత బ్రాండ్ ఫాస్ట్ ఫుడ్ దాని నెట్వర్క్ ప్రపంచవ్యాప్తంగా వ్యాపించింది
1693.wav,రాష్ట్రాన్ని రావణకాష్టంలా చేసి జైపాల్ రెడ్డి ఢిల్లీలో భజన చేసుకుంటూ కూర్చున్నారన్నారు
1694.wav,ఆలయాన్ని అప్పగించాల్సిందిగా త్వరలోనే ప్రభుత్వాన్ని కోరతామని ఒప్పుకోని పక్షంలో తాము సుప్రీంకోర్టును ఆశ్రయిస్తామని తెలిపారు
1695.wav,స్పెషలిస్ట్ తప్పులతో ప్రత్యేక మెటల్ బ్రష్ లేదా అల్ట్రా వేగంగా తిరిగే కట్టర్ ఉపయోగించి బాహ్యచర్మం తొలగిస్తుంది
1696.wav,అయితే ఈ సినిమా భారీ డిజాస్టర్ కావడంతో ఇక ఈ బ్యూటీని ఎవరూ చూడలేదు
1697.wav,దేశ రాజధాని ఢిల్లీలో నేతాజీ పేరుతో ఓ స్మారక మందిరం నిర్మించనున్నట్టు ఈ సందర్భంగా ప్రభుత్వం ప్రకటించింది
1698.wav,చిల్లర భవానీదేవి అతను రాసిన వ్యాసాలన్నిటినీ సేకరించి చిన్న పుస్తకంగా అచ్చు వేయించారు
1699.wav,ఈ సినిమాలో హీరోయిన్ రాశి టిక్ టాక్ అంటే పడిపోయే చచ్చిపోయే అమ్మాయిగా కనిపిస్తుందట
1700.wav,కాలేజీ నేపధ్యంలో తెరకెక్కుతున్న ఈ సినిమా యూత్ తమను తాము ఐడెంటిఫై చేసుకునేలా ఉంటుందని సమాచారం
1701.wav,తీర్పు అమల్లోకి వస్తే నాలుగు రాష్ట్రాలు బోర్డు పరిధిలోకి వస్తాయన్న కేంద్రం
1702.wav,కాలిఫోర్నియాలో సెలవులో ఉన్నప్పుడు వార్డ్ వీవర్ హింసాత్మకంగా మరియు అత్యాచారం చేశాడని యాష్లే ఆమెతో కలసి వెల్లడించాడు
1703.wav,ఎక్కడా అవినీతి లేకుండా వైఎస్ఆర్ వాహనమిత్రను అమలు చేయాలని అధికారులను ఆదేశించారు ఏపీ సీఎం వైఎస్ జగన్మోహన్ రెడ్డి
1704.wav,దీంతో అనుమానం వచ్చిన కానిస్టేబుల్ కారుపైకి కాల్పులు జరపడంతో తివారికి బుల్లెట్ తగిలింది
1705.wav,దీనికి కారణం సర్కస్లలో ఉపయోగించే జంతువులు సంప్రదాయక భావంలో పెంపుడు జంతువులను కాదు
1706.wav,దీంతో సమస్యను కొలిక్కి తీసుకు వచ్చేందుకు అక్కడకు వెళ్లి ఉంటారని అంటున్నారు
1707.wav,కొండచిలువలతో తన గర్ల్ ఫ్రెండ్ గుండెలదిరిపోయేలా చేశాడు ఓ బాయ్ ఫ్రెండ్
1708.wav,అతన్ని గద్దె నెక్కించాలని రంగారావు తన అన్నగారి కొడుకు అంటే యువరాజు ఎన్టీరామారావును చంపుదామని ప్లాను వేశాడు
1709.wav,రోగనిరోధక వ్యవస్థ యొక్క సాధారణీకరణ కోసం జీర్ణాశయంలో పనితీరును సర్దుబాటు అవసరం
1710.wav,నిందితుడి భార్య కూడా ఒక దొంగతనం కేసులో మంగళగిరి జైల్లో ఉందని పోలీసులు తెలిపారు
1711.wav,దీర్ఘ మరియు మెత్తటి పైల్ ఒక అందమైన బాహ్య కార్పెట్ చాలా స్టైలిష్ మరియు ఆహ్లాదకరమైన అంతర్గత వివరాలు ఉంది
1712.wav,నుమాయిష్లో ఏర్పాటు చేసిన స్టాళ్లలో కొనుగోళ్లతో పాటు అమ్యూజ్మెంట్ పార్కులో రైడింగ్ చేసేందుకు సందర్శకులు తరలివచ్చారు
1713.wav,తన తల్లికి బిడ్డ ఇష్టం లేకనే న్యూజెర్సీకి చెందిన దంపతులకు ఇచ్చినట్టు వెల్లడైంది
1714.wav,కరోనా వైరస్ వ్యాక్సిన్ అభివృధ్దికి సహకరిస్తున్న భారతీయ అమెరిక్లను కూడా ట్రంప్ పొగడ్తలు కురిపించారు
1715.wav,ఇదిలాఉంటే ఇది తీవ్రమైన నేరం కాదు కాబట్టి అప్పీల్ కి అవకాశం ఇవ్వరని తెలుస్తోంది
1716.wav,అయితే ఈ విషయాన్ని చిత్ర యూనిట్ అధికారికంగా ఇప్పటి వరకు ద్రువీకరించాకున్న ఇదే నిజం అని కన్నడ ఇండస్ట్రీలో చెప్పుకుంటున్నారు
1717.wav,ఎస్సై తనను తరుచూ ఫోన్లో వేధించే వాడని ఆమె ఆవేదన వ్యక్తం చేశారు
1718.wav,అది ఎన్ని యజ్ఞయాగాది క్రతువులు చేసినా పురుషుడు పొందగలడో లేదో కానీ పతివ్రతాధర్మంతో స్త్రీ సాధించింది
1719.wav,సర్దార్ గబ్బర్ సింగ్ సనిమా విషయంలో కూడా అదే జరిగింది
1720.wav,విమాన ప్రయాణంలో ఒక్కోసారి అనుకోని సంఘటనలు తీవ్ర ఆందోళనకు దారి తీస్తూ వుంటాయి
1721.wav,ఎంత నచ్చజెప్పినా ఇద్దరూ వినడం లేదని ఆగ్రహించిన బాబు తనను కలవాల్సిందిగా ఇద్దరినీ ఆదేశించారు
1722.wav,రాజకీయాలలో ఘోరంగా విఫలమైన హీరో కూడా గల్లీనుంచి ఢిల్లీ దాకా అన్ని రాజకీయాలనూ చెడుగుడాడేసానని పలికే అబద్దాల డైలాగులు రాసే
1723.wav,సాత్యకి మరొక రధము ఎక్కి కర్ణుడి మనుమడైన సుషేణుని ఎదుర్కొని అతడి హయములను చంపి అతడిని చంపడానికి శరప్రయోగం చేసాడు
1724.wav,ప్రధాన విషయం సరైన వైఖరి మరియు తమను తాము సహాయం చేయడానికి కోరిక
1725.wav,కేంద్ర పౌర విమానయాన శాఖ మంత్రి హర్దీప్ సింగ్ దీనికి సంబంధించి స్పష్టత ఇచ్చారు
1726.wav,బ్రిటన్ జాతీయుడైన క్రిస్టియన్ మిషెల్ దుబాయిలో ఓ మీడియా సంస్థకు అనుబంధంగా ఓ సేవల సంస్థను నడుపుతున్నారు
1727.wav,గడ్డం ప్రాంతం మొటిమలు పురుషుడు సెక్స్ హార్మోన్లు పురుషుడు శరీరం యొక్క పెరిగిన కంటెంట్ యొక్క ఫలితంగా కూడా ఉండవచ్చు
1728.wav,పెద్దపెద్ద వ్యాపార సంస్థలు సంక్లిష్టమైన జిఎస్టి చెల్లింపులను నిర్వహించడం కష్టం కాదు
1729.wav,చేతులను ఎప్పటికప్పుడు శుభ్రం చేసుకోవాలి అని డాక్టర్లు పదే పదే సూచిస్తున్నారు
1730.wav,ఒక స్టార్ హీరోయిన్ చేసే గ్లామరస్ ఫోటోషూట్లకు ఏ మాత్రం తీసిపోని రేంజ్ లో ఇవి ఉంటున్నాయి
1731.wav,ఫీజు రీయింబర్స్మెంట్కు అర్హత లేని విద్యార్థులు ఆన్లైన్ ద్వారా ట్యూషన్ ఫీజు చెల్లించి కాలేజీలో రిపోర్టు చేయాలి
1732.wav,మీరు గర్భవతిగా లేదా తల్లి పాలిస్తున్నట్లయితే నాసికా దెబ్బతిన్నవారిని ఉపయోగించటానికి ముందు మీ డాక్టర్తో సంప్రదించాలి
1733.wav,ఆడియో ఫంక్షన్ లో భాయ్ టైటిల్ సాంగ్ కి స్టేజ్ పైన నేను డాన్స్ చెయ్యాలని అనుకున్నాను
1734.wav,ఐర్లాండ్ రాజధాని కాఫీ గృహాల కంటే ఎక్కువగా మద్యపాన పబ్లకు ప్రసిద్ధి చెందింది
1735.wav,తనను ఓ జర్నలిస్ట్ అడిగిన ప్రశ్నకు సమాధానం అలా చెప్పవలసి వచ్చిందని వివరించాడు
1736.wav,తాజాగా మెగా హీరో సాయి ధరమ్ తేజ్ కూడా ఓ మంచి డైరెక్టర్ కోసం వెతుకుతున్నాడు
1737.wav,మీరు విజయవంతంగా విడిపోవడానికి దీనితో దేవాలయాలు న అద్భుతమైన భూభాగం సాధించింది
1738.wav,దీంతో మాల్యా ఏ క్షణమైనా భారత్కు తీసుకొస్తామని ప్రభుత్వ వర్గాలు చెబుతున్నాయి
1739.wav,మకర విలక్కు సమీపిస్తున్న వేళ శబరిమలలో మళ్లీ ఉద్రిక్త పరిస్థితులు నెలకొన్నాయి
1740.wav,ఔషధ కేవలం పదమూడు గంటల సగటున శరీరం లో ప్రస్తుతం ఉంది
1741.wav,పోలీసుల ప్రాథమిక విచారణలో నిందితుడైన శివాజీ బొర్హాడే తన నేరాన్ని అంగీకరించి క్షమాపణలు చెప్పాడు
1742.wav,ఏది ఏమైనా రాహుల్ గాంధీ అమరావతి రైతుల కోసం వస్తే ఇష్యూ జాతీయ స్థాయిలో చర్చనీయాంశం కావటం ఖాయం
1743.wav,దాని ఇరుకైన భాగం పట్టిక అంచుకు సమాంతరంగా ఉంటుంది కనుక రాయిని అమర్చండి
1744.wav,ఈ మార్పు మీ సుదూర సంస్థతో వ్యాపారం చేసే విధంగా ప్రభావితం చేస్తుంది
1745.wav,కొంతమంది ఇతరులు కంటే ఫ్లూ నుండి సమస్యలు ఎక్కువ ప్రమాదం మరియు యాంటీవైరల్ మందులు నుండి లాభం అవకాశం ఉంటుంది
1746.wav,జాతీయ రహదారిపై ఉన్న నిఘానేత్రాల్లో రోడ్డు ప్రమాద దృశ్యం చూసిన వారి హృదయం ద్రవించిపోయింది
1747.wav,సాధారణంగా ఈ భూస్వాములు పిల్లలు తమ సొంత గదిని ఆక్రమించుకోవటానికి మెరుగైన సంతాన వ్యూహం అని భావిస్తారు
1748.wav,చివరికి సత్య రాజ్ తనయుడు శిబి సత్యరాజ్ ఈ హక్కులని దక్కించుకుని తానే హీరోగా సినిమా చేస్తున్నాడు
1749.wav,దీంతో ఫ్యాన్స్ నెటిజన్లు ఇక దొరికిందే సందు అని జోరుగా హాట్ హాట్ కామెంట్స్ పెడుతున్నారు
1750.wav,కానీ దిల్ రాజు ఈ నాలుగు చిత్రాలతో గ్యాంబ్లింగ్ ఆడాడు అన్నది మాత్రం నిజం
1751.wav,ఇంతలోనే అజిత్ నెక్స్ట్ సినిమా అప్డేట్ కావాలని అజిత్ ఫ్యాన్స్ సోషల్ మీడియాని షేక్ చేస్తున్నారు
1752.wav,దేశ రాజధాని ఢిల్లీలో మరో దారుణ ఘటన వెలుగులోకి వచ్చింది
1753.wav,వేల కోట్లకు మోసం చేసి విదేశాలకు పారిపోయిన వజ్రాల వ్యాపారి నీరవ్మోదీని లండన్లో పోలీసులు అదుపులోకి తీసుకున్న విషయం తెలిసిందే
1754.wav,వర్షాలు లేక బోర్లు నుండి నీరు రాక పంటను కాపాడుకోవడానికి తీవ్ర ప్రయత్నాలు చేసినా పంటను కాపాడుకోలేకపోయారు
1755.wav,ఇన్ని సౌకర్యాలు కలిగిన స్టాల్లను వ్యాపారులను బృందాలుగా చేసి అధికారులు అప్పగించారు
1756.wav,ఇండియాలో హిందువుగా జన్మించడం కన్నా గాడిదగా జన్మించడం మంచిది అన్నాడు మోతీలాల్ నెహ్రూ
1757.wav,ఈ ఏడాది కూడా భారత్లో అత్యంత సంపన్నుడిగా ముకేష్ అంబానీ మళ్లీ అగ్రస్థానంలో నిలిచారు
1758.wav,అయితే ఇంత జరిగినా ఉన్నతాధికారులు ఎలాంటి చర్యలు తీసుకోకపోవడంపై విస్మయం వ్యక్తం అవుతోంది
1759.wav,ఈ దాడి సమాచారం అందుకున్న వెంటనే మాజీ మంత్రి ఆలపాటి రాజేంద్రప్రసాదర్ దీక్షా శిబిరం వద్దకు చేరుకున్నారు
1760.wav,సీఐటీయూ జిల్లా ఉపాధ్యక్షుడు బండారి శేఖర్ మాట్లాడుతూ మున్సిపల్ కార్మికులకు కనీస వేతనం రూ
1761.wav,కూడా అధిక స్థాయి టెలిపాత్లు తన ఉపచేతన యొక్క రక్షణ చీల్చుకొని కష్టం
1762.wav,నిన్న ఐదు గంటల సమయంలో గాంధీ ఆస్పత్రిలో పరీక్షలు చేసి పుణే ల్యాబ్కు పంపిస్తే కరోనా పాటిజివ్ వచ్చిందని వివరించారు
1763.wav,ఈ ఉత్పత్తులు ప్రేగు ఫంక్షన్ మరియు కొలెస్ట్రాల్ యొక్క తొలగింపు మెరుగుపరచడానికి సహాయం
1764.wav,కార్డియోలజిస్ట్స్ హృదయనాళ వ్యవస్థ యొక్క గుండె మరియు రక్తనాళాల చికిత్సపై దృష్టి పెట్టారు
1765.wav,గతంలో తన కన్న కూతురు చంద్రలేఖకు ఐదు లక్షలు అప్పుగా ఇచ్చాడు
1766.wav,రాజకీయ నాయ కులైన దళితులు కూడా రెండవ శ్రేణి నాయకులుగానే చూడబడుతు న్నారు
1767.wav,ఈ దృష్టి జీవితం నిద్ర యొక్క అన్ని ప్రాంతాల్లో ప్రభావితం మార్పులు గురించి హెచ్చరిస్తుంది
1768.wav,సంస్థ మరియు గాయాలు లేదా పాలిష్ భాగాలు లేకుండా కాసాబ్ పుచ్చకాయలను ఎంచుకోండి
1769.wav,కానీ ఆమె వివాహం మరియు ఒక కుమార్తె పెంచింది మరియు అతని కుటుంబం నాశనం కాలేదు
1770.wav,త్వరలోనే శివాత్మిక కూడా అక్కలాగే సినిమాల్లో ఎంట్రీ ఇచ్చేందుకు సన్నాహాలు జరుపుతున్నారు
1771.wav,పీపీఏల అంశంపై ఏపీ ప్రభుత్వం తీరును కేంద్రమంత్రి ఆర్కే సింగ్ తప్పుబట్టారు
1772.wav,గర్భాశయ వెన్నెముక యొక్క ఆస్టియోకోండ్రోసిస్ కోసం ఫిజియోథెరపీ వ్యాయామాలు తప్పనిసరిగా సాగదీయడం వ్యాయామాలను కలిగి ఉండాలి
1773.wav,ఈక్రమంలోనే ఆగస్టు రెండో వారంలో ఆయన మరోమారు తెలంగాణ పర్యటనకు వస్తుండటం ప్రాధాన్యం సంతరించుకుంది
1774.wav,ఏలూరు రూరల్ ఎస్సై సురేష్ కేసు నమోదు చేసి దర్యాప్తు చేపట్టారు
1775.wav,తెలంగాణలో ఎలా ముందుకు వెళ్లాలన్న అంశాలపై వారితో భవిష్యత్ కార్యాచరణపై షర్మిల చర్చిస్తున్నారు
1776.wav,ఈ క్రమంలోనే తన క్రైస్తవ మతాన్ని వదిలేసి ముస్లిం మతాన్ని పుచ్చుకున్నాడు
1777.wav,గచ్చిబౌలి సమీపంలోని పర్యావరణ పరిరక్షణ సంస్థలో ఇటీవల ఒక సదస్సు జరిగింది
1778.wav,కేసీఆర్ దొరలా వ్యవహరించకుండా ఆత్మహత్యలు చేసుకున్న కార్మిక కుటుంబాలకు ఆర్థిక సాయం అందించాలని ఆయన డిమాండ్ చేశారు
1779.wav,అయితే ఇదే సందర్భంలో మన టాలీవుడ్ లో ఒక కొత్త ట్రెండ్ స్టార్ట్ అయ్యింది
1780.wav,గ్లిట్టర్ తో మీ ముసుగు మరియు కోటు యొక్క బుగ్గలు మీద గ్లూ యొక్క స్విరల్స్ చేయండి
1781.wav,గ్రనేడ్ల పేలుడు తీవ్రత ఎక్కువగా ఉండటంతో ప్రతాప్ పార్కులోని జనం హడలిపోయారు
1782.wav,మీ వ్యాపార సలహాదారుని ఎందుకు విశ్వసించకూడదని ఈ వ్యాసం భవిష్యత్తులో సమస్యలను నివారించడంలో మీకు సహాయపడవచ్చు
1783.wav,ఈ సందర్బంగా మిషన్ భగీరథ పనుల పురోగతిపై అధికారులు పవర్ ప్రజెంటేషన్ ఇచ్చారు
1784.wav,అన్ని రోజులు ఒకేలా ఉండవు కదా మరి
1785.wav,బూటబుల్ హార్డ్ డ్రైవ్ల చిహ్నాలతో మీరు బూడిద రంగును చూసేవరకు ఎంపిక కీని నొక్కి పట్టుకోండి
1786.wav,ఎవరైన సరే పెళ్లికి వచ్చే అతిథుల నుంచి మంచి గిఫ్ట్లు ఆశిస్తారు
1787.wav,హాలీవుడ్ లో మొదలైన ఈ మీటు వ్యవహారం బాలీవుడ్ ను భయపెట్టింది
1788.wav,మనం పారేసిన ఏటీఎమ్ రిసిప్ట్ వివరాలను ఆధారంగా చేసుకుని హ్యాకర్లు మన అకౌంట్లలోకి చొరబడే అవకాశం ఉందని నిపుణులు చెబుతున్నారు
1789.wav,అడ్మిషన్ల సమయంలో తమ కళాశాలలో అన్ని వసతులు ఉన్నాయని చెబుతూ మోసం చేశారని విద్యార్థులు ఆవేదన వ్యక్తం చేశారు
1790.wav,శనివారం బషీర్ బాగ్ ప్రెస్ క్లబ్ లో బిషప్ స్వామి దాస్ ఆధ్వర్యంలో సమావేశం నిర్వహించారు
1791.wav,ఈ ముగ్గురిని ఐపీఎల్ కోసం వారిని భారత్ పంపాల్సిందిగా బీసీసీఐ కోరడంతో సీఏ ఇలా బ్లాక్మెయిలింగ్కు పాల్పడింది
1792.wav,ఈ సినిమాలో సునీల్ శెట్టి కూడా ఓ కీలక పాత్రలో కనిపించబోతున్నాడు
1793.wav,జస్టీస్ ఫర్ దిశా హ్యాష్ ట్యాగ్ ప్రస్తుతం సోషల్ మీడియాలో ట్రెండ్ అవుతుంది
1794.wav,బడ్జెట్ సమావేశాల లోగానే పార్లమెంట్ లో ఆమోదం లభిస్తే ఏ పనయిపోతుందనే అభిప్రాయంతో ప్రభుత్వం ఉంది
1795.wav,అటు మహాకూటమి కూడా సర్దుబాట్లు పూర్తి చేసుకుని పూర్తిస్థాయిలో ప్రచారానికి రంగంలోకి దిగింది
1796.wav,ఇదిలా ఉండగా ప్రైవేట్ ట్రావెల్స్ ఆగడాలను అడ్డుకునేందుకు సంబంధిత అధికారులకు ఫిర్యాదు చేసే సాహసం ఎవరు చేయలేకపోతున్నారు
1797.wav,అయితే ఒక్కసారిగా గంటా ఇలా యూటర్న్ తీసుకోవడానికి చాలానే కారణాలు ఉన్నట్టు తెలుస్తుంది
1798.wav,ఇక మీదట అంత జాగ్రత్తగా ఉండాల్సిన అవసరం లేదంటున్నారు యూకే పరిశోధకులు
1799.wav,వెంకన్న దంపతులపై దాడి చేసిన దుండగులు నర్సంపేట పోలీస్ స్టేషన్ లో లొంగిపోయారు
1800.wav,ఇలా డాన్స్ లకు ఫుల్ స్టాప్ పెట్టేసిన పవన్ తో తిరిగి డాన్స్ చేయించాడు దర్శకుడు హరీష్ శంకర్
1801.wav,బాషా తనకున్న ఏడెకరాల పొలంలో మలబార్ వేప మొక్కలు నాటాలని సంక్పలించారు
1802.wav,మరోవైపు బీసీ నేత అయిన ఈటల రాజేందర్ కు క్యాబినెట్ లో చోటు దక్కదనే ప్రచారం జరుగుతోంది
1803.wav,నలభై ఐదు నిమిషాలకుపైగా బస్సులో ప్రయాణించిన తర్వాత ఆటపాక గ్రామం చేరుకున్నాం
1804.wav,న్యూజిలాండ్ ఆడిన రెండు మ్యాచ్ల్లో ఒకటి వర్షం కారణంగా రద్దు అయింది
1805.wav,అందుకే ఒమేగా త్రీ ఉన్న ఆహారం మీ ప్రతి రోజు భోజనం లో భాగం చేసుకోవాలి
1806.wav,చొల్లేటి వినయ్ రెడ్డి మూలాలు తెలంగాణలోని కరీంనగర్ జిల్లా హుజురాబాద్ మండలం పోతిరెడ్డి గ్రామంలో ఉన్నాయి
1807.wav,బెడ్ రూమ్ మీ మనస్సు యొక్క సూక్ష్మ మనస్తత్వాన్ని తాకిన ప్రదేశం
1808.wav,బహుశా శనివారం ఒప్పందం ముసాయిదాను పార్లమెంట్లో ప్రవేశ పెట్టే అవకాశం ఉంది
1809.wav,తెరాసకు ఉన్న సంఖ్య కంటే మండలి ఎన్నికల్లో ఎక్కువ ఓట్లు ఎలా ఎక్కువగా వచ్చాయో చెప్పాలన్నారు
1810.wav,కొన్ని సందర్భాల్లో సినిమాకు హిట్ టాక్ వచ్చినా కలెక్షన్లు రాక ఆ సినిమాలు ఫ్లాపులుగా మిగిలిన సందర్భాలు ఉన్నాయి
1811.wav,పాటలు వినసొంపుగా లేకపోయేసరికి చాలా సందర్భాల్లో అవి పంటి కింద రాళ్లలా తగుల్తుంటాయి
1812.wav,పుష్పించే అక్టోబర్ మధ్య జూలై నుండి కాలంలో కురిసే మొక్కలు
1813.wav,సినిమాకి హిట్ కళ కనిపిస్తున్నా కానీ ముందు తీసిన ఫ్లాప్ సినిమా వల్ల పడుతోన్న ఇబ్బందులు అయి ఉండొచ్చు
1814.wav,అలాగే స్వాత్మానందేంద్ర సరస్వతి స్వామి వారు మహా జ్ఞాని
1815.wav,అన్ని రాత్రి నీటి ప్లేట్ ఉప సున్నా ఉష్ణోగ్రతలు వీధిలో ఉండాలి
1816.wav,అద్భుతమైన ఈ పాటకు అనుగుణంగా చక్కని పెదాల కదలికతో ఎన్టీఆర్ చక్కని హావభా వాలతో అందర్నీ మంత్రము గ్థులను చేశారు
1817.wav,ఎక్కువ ఎంటర్టైన్మెంట్ ఉంటుంది అని చెప్పిన ఈ మూవీలో కామెడీ కూడా లేకపోవడం ఈ సినిమాకి మరో మైనస్
1818.wav,వర్షాకాలంలో అధిక తరంగాలను మరియు నీటి స్థాయిల కారణంగా వర్షాకాలంలో ఈ బీచ్ ను సందర్శించడం మంచిది కాదు
1819.wav,దీంతో జేసీ సోదరులకు నోటీసులిచ్చి ఎఫ్ఐఆర్ నమోదు చేయించేందుకు అన్ని ఏర్పాట్లు చేస్తున్నట్లు తెలిసింది
1820.wav,ఇక ఇప్పటివరకు జనవరి నెలల్లో వసూలైన జీఎస్టీ వివరాలు చూస్తే సెంట్రల్ జీఎస్టీ రూ
1821.wav,ఐపీఎల్లో దిల్లీ క్యాపిటల్స్కు ప్రాతినిధ్యం వహించి ఈ సీజన్లో బ్యాట్స్మెన్గా మెరుగైన ప్రదర్శనే చేశాడు
1822.wav,కరువు ఎద్దడి ప్రాంతాల్లో జనాలు నీటి కోసం కొట్టుకున్నట్టు దుకాణాలపై ఎగబడ్డారు
1823.wav,మార్చిలో మండే ఎండల్లో ఇంత దూరం పాదయాత్ర అంటేనే పెద్ద సాహసం
1824.wav,కేసీఆర్తో కలిసి పని చేసే విషయంలో జగన్ చాలా ఉత్సాహంగా ఉన్నారని చెబుతున్నారు
1825.wav,ధరణి పోర్టల్ ప్రారంభంతో భూ రికార్డుల నిర్వహణ ప్రక్రియ నేటితో ప్రారంభమయ్యిందని సిఎం కెసిఆర్ స్పష్టం చేశారు
1826.wav,అయితే ఈ సినిమా హిందీ వర్షన్ విడుదల హక్కుల కొరకు ఇప్పటికే అక్కడి ప్రముఖ డిస్ట్రిబ్యూషన్ సంస్థలు పోటీ పడుతున్నాయట
1827.wav,కానీ అది కూడా పొయ్యి లో పక్షి రొట్టెలుకాల్చు ముందు ఉపయోగించవచ్చు
1828.wav,మీ కళాశాల తరగతులు ఉంచడానికి మరో కారణం గ్రాడ్యుయేట్ స్కూల్ అంగీకారం కోసం
1829.wav,ముఖ్యంగా రాంగ్ డెసిషన్తో దర్శకత్వం చేపట్టిన మదన్ సినిమా తీయడంలో తడబడ్డాడు
1830.wav,ఇది శిల్ప సమయాలలో చాలా అరుదుగా మూసివేయబడిన డబుల్ తలుపులతో రెండు కంచె ద్వారాలు
1831.wav,వరదల బీభత్సంతో కకావికలమైన కేరళ రాష్ట్రం తిరిగి కోలుకోవడానికి కనీసం దశాబ్ద కాలం పడుతుందని నిపుణులు అభిప్రాయపడుతున్నారు
1832.wav,ఈ సమయంలో గంభీర్ తమను మోసం చేశాడంటూ ఈ సంస్థ ప్రతినిధులు చీటింగ్ కేసు పెట్టారు
1833.wav,ఆరడుగుల ఆజానబాహుడు రానా విభిన్నమైన చిత్రాలతో తిరుగులేని నటుడిగా గుర్తింపు తెచ్చుకుంటున్నాడు
1834.wav,కోడలొచ్చాక నోములు చేయించి నలుగురు పేరంటాళ్లని పిలిచి వాయినాలు ఇప్పిస్తే సరదాగా వుంటుందని ఆశపడింది
1835.wav,తనదైన స్క్రీన్ ప్లే తో అఖిల్ కు విక్రమ్ పక్కా హిట్ ఇస్తారని నాగార్జున నమ్మకంగా ఉన్నారు
1836.wav,శనివారం రోజున ఆర్టీసీ కార్మికుల బంద్లో పాల్గొన్న బీజేపీ నాయకులు లక్ష్మణ్తో పాటు చాలామంది ని అరెస్ట్ చేశారు
1837.wav,అనేక వివరణలు ఉన్నాయి మరియు ఈ సంఖ్యల వివరణలు అనుకూల సంఘటనల మరియు ప్రతికూల హెచ్చరిక చేయు
1838.wav,పైగా ఇప్పుడు విడుదల చేసిన వీడియోలో కావాలనే పదే పదే చంద్రబాబునాయుడు బొమ్మ చూపించాడు వర్మ
1839.wav,ఇక మన క్రికెటర్లు శాఖాహారంతో పాటు మాంసాహారానికి ఎక్కువ ప్రాధాన్యత ఇస్తారు
1840.wav,ఇది ఇతర జంతువుల నుండి కూడా చాలా అధిక నిఘా వేరు అని నమ్ముతారు
1841.wav,వైజాగ్ డిక్లరేషన్ ప్రపంచానికి ఒక దిశానిర్దేశం చేస్తుందని ఏపీ మానవనరుల శాఖ మంత్రి గంటాశ్రీనివాసరావు తెలిపారు
1842.wav,కరోనా పరీక్షల కోసం ఎక్కడికెళ్లాలో అర్ధం కాని పరిస్ధితులు రాష్ట్రంలో ఉండకూడదని అధికారులకు జగన్ స్పష్టం చేశారు
1843.wav,అంతే కాదు ఈ ఖరీదైన చికిత్సలు శాశ్వత పరిష్కార మార్గం కావు
1844.wav,ఏది ఏమయినప్పటికీ దమ్మపేట మండలంలో కరోనా పాజిటివ్ కేసులు పెరగడానికి వాలీబాల్ ఆట ప్రధాన కారణం అవ్వడం చర్చనీయాంశం అయ్యింది
1845.wav,ప్రగతి భవన్లో ముఖ్యమంత్రి కెసిఆర్ విద్యుత్ ఉద్యోగులతో శనివారం సాయంత్రం సమావేశమైన సందర్భంగా వారి సమక్షంలోనే పై ప్రకటన చేశారు
1846.wav,అసూయ మరో రుజువు ఒక అపారమయిన ఆగ్రహం మరియు నిశ్శబ్దం ఒక గేమ్
1847.wav,అనే అనుమానాలు పూర్తిగా తొలగిపోవాలంటే సీబీఐతో దర్యాప్తు చేయించాలని జయ సోదరుడు వాసుదేవన్ డిమాండ్ చేశారు
1848.wav,మరి అదితి అందాలు చూసినవారు ఎవరైనా అబ్బా అతిధి కత్తిలా వచ్చేస్తుందిగా అంటున్నారు
1849.wav,ఆయన వెంట కడప పార్లమెంట్ సభ్యుడు వైఎస్ అవినాష్రెడ్డి తదితరులు పాల్గొన్నారు
1850.wav,ఇప్పుడు మెట్రో నగరాల్లోని యువత ఎక్కువగా ఈ విధంగానే తమకు కావలసిన ఫుడ్ ని క్షణాల్లోనే ఆర్డర్ పెట్టుకుంటున్నారు
1851.wav,మరోవైపు ఉమెన్ ఎంపావర్మెంట్ అంటూ మరో జిమ్ వర్కౌట్ వీడియోని పంచుకుంది తమన్నా
1852.wav,లంక బౌలర్లను ఎవరిని వదలకుండా ప్రతి బౌలర్ ను రోహిత్ టార్గెట్ చేస్తూ ఆడాడు
1853.wav,అలాంటి లింకుల ద్వారా మీ ఖాతాకు సంబంధించిన వ్యక్తిగత సమాచారాన్ని ఎట్టి పరిస్థితుల్లోనూ నమోదు చేయవద్దు
1854.wav,ఎంపీ గుత్తాతో భూ వివాదానికి సంబంధించి మహేందర్ రెడ్డి భార్య శ్రీలత కలత చెందినట్లు తెలుస్తోంది
1855.wav,తన మిగిలిన జీవితం తెలంగాణ ప్రజలకు అంకితం చేయాలనే ఉద్దేశంతో రాజకీయాల్లోకి వచ్చానని ఉత్తమ్ వివరణ ఇచ్చారు
1856.wav,అదేవిధంగా వివిధ గాయాలు మరియు శిలీంధ్ర వ్యాధులు చికిత్సకు ఉపయోగిస్తారు గుగ్గిలము
1857.wav,ముఖ్యమంత్రి మారినప్పుడల్లా రాజధానిని మార్చడం రాష్ట్ర ప్రగతికి మంచిది కాదని అన్నారు
1858.wav,వీలైతే బీజేపీని ఎదుర్కోవడానికి ఫెడరల్ ఫ్రంట్ ధోరణిలో కూడా వెళ్తామని ఆమె అన్నారు
1859.wav,కేవలం ఫన్ ను మాత్రమే కాకుండా మానవ భావోద్వేగాలను మిళితం చేస్తూ సినిమా చేయాలన్నది అవసరాల ఆలోచన
1860.wav,దీంతో బాధితుల సామాజిక వర్గానికి చెందినవారు గ్రామంలోని మెయిన్ రోడ్డుపై బైఠాయించారు
1861.wav,అన్ని పెర్ఫ్యూం మధ్య కొలోన్ వాసన తీవ్రత మీద గత స్థానంలో ఉంది
1862.wav,దీనితో మీరు నర్సింగ్ హోమ్ కేర్ కోసం అర్హత పొడగడానికి ఎక్కువకాలం ఆసుపత్రిలో ఉండవలసి ఉంటుంది
1863.wav,క్రింద కాలిక్యులేటర్లో మీ సమాచారాన్ని పూరించడం ద్వారా మీరు రోజుకు ఎన్ని కేలరీలు అవసరం అనే ఆలోచనను పొందండి
1864.wav,ఈ టికెట్ ధర పెంచడం పట్ల ప్రయాణికులు అగ్రం వ్యక్తం చేస్తున్నారు
1865.wav,భూగోళంపై చేరుకోవడం అత్యంత కఠినమైన ప్రదేశాల్లో ఒకటిగా థ్వైట్స్ హిమానీ నదాన్ని పేర్కొంటారు
1866.wav,విశాఖలో చేపట్టిన లాంగ్ మార్చ్ ని మరవక ముందే కార్మికులకు ఆహారాన్ని అందించే ప్రక్రియ లో వుంది
1867.wav,మూడో మ్యాచ్లో శ్రీపద్మావతి మహిళా వర్సిటీపై తిరుపతి పశువైద్య విశ్వవిద్యాలయం జట్టు విజయాన్ని సొంతం చేసుకుంది
1868.wav,సంగారెడ్డి జిల్లా మండల కేంద్రమైన కంది గ్రామ శివారులోని ఐఐటీహెచ్లో ఆదివారం నిర్వహించిన స్నాతకోత్సవ కార్యక్రమానికి ఆయన ముఖ్యఅతిథిగా హాజరయ్యారు
1869.wav,హేమోడైనమిక్ అస్థిర రోగిని గుర్తించటానికి ప్రయత్నిస్తున్నప్పుడు వైఫల్యం చెందని ప్రసరణ వ్యవస్థకు శరీర ప్రతిచర్యలను గ్రహించడం చాలా ముఖ్యమైనది
1870.wav,పొగమంచు కారణంగా జాతీయ రహదారిపై చాలా చోట్ల వాహనాలు నిలిచిపోయాయి
1871.wav,ఫెర్గూసన్ అద్భుత బౌలింగ్కు సూపర్ ఓవర్లో మూడు బంతులే ఆడిన హైదరాబాద్ రెండు పరుగులు చేసి రెండు వికెట్లు కోల్పోయింది
1872.wav,రాజకీయ పరిపక్వత లేని ఒక నాయకుడిగా అప్పటి నుంచి వీలు చిక్కినప్పుడల్లా అందరూ అవహేళన చేస్తూ వస్తున్నారు
1873.wav,ఒక భారీ భూభాగం ప్రతి అతిధిని వారి స్వంత ప్రైవేటు సందును కనుగొనటానికి అనుమతిస్తుంది
1874.wav,అయితే తన కొడుకు రఘువీర్ను కూడ బరిలోకి దింపాలని జానారెడ్డి భావిస్తున్నారు
1875.wav,దేశంలోని పుణ్య నదులన్నింటిలో స్నానం చేసినా జగన్ చేసిన పాపాలు ప్రక్షాళన కావని ఈ సందర్భంగా మంత్రి విమర్శించారు
1876.wav,ఈ సినిమాలో హీరోయిన్ గా దీపికను మరోసారి తీసుకోవాలని ప్లాన్ చేశాడు
1877.wav,గత కొంతకాలంగా అనారోగ్యంతో బాధపడుతున్న ఆయన ఆదివారం ఉదయం చెన్నైలోని తన నివాసంలో తుదిశ్వాస విడిచినట్లు కుటుంబ సభ్యులు తెలిపారు
1878.wav,ఈ ధర వద్ద చికిత్స చేర్చబడలేదు మరియు విడిగా చెల్లించాల్సి ఉంటుంది
1879.wav,ఫిరంగీ నాళా వెడల్పు పనుల్లో రాళ్లగూడ రోడ్డు వద్ద బ్రిడ్జి బయటపడింది
1880.wav,ఫలితంగా ద్రవ్యోల్బణం పెరగడానికి వీలైన సంస్కరణలను రిజర్వ్ బ్యాంక్ అనేక నెలలుగా కొనసాగిస్తోంది
1881.wav,అయితే ఈ చిత్రంలోని అనుష్క పాత్రపై సినీ వర్గాల ద్వారా క్లారిటీ వచ్చేసింది
1882.wav,టిడిపి విడుదల చేసిన అభ్యర్థుల చివరి జాబితాలో లలితాకుమారి పేరు లేకపోవడంతో ఆమె ఖంగుతిన్నది
1883.wav,దేశవ్యాప్తంగా పది సాంప్రదాయక స్థలాలకు స్వచ్ఛ ఐకాన్లుగా గుర్తిస్తూ రెండో జాబితా విడుదల చేసింది
1884.wav,దేశంలోనే తొలి ట్రాన్స్జెండర్ కాలేజీ ప్రిన్సిపాల్గా నియమించబడి రికార్డు సృష్టించారు మనాబీ బందోపాధ్యాయ
1885.wav,ఓ పక్క కౌసల్య క్రికెటర్ అవ్వాలన్న మెయిన్ కథను చెబుతూనే రైతు కష్టాల గురించి కూడా టచ్ చేశాడు
1886.wav,ఈ రహదారిలో మాటి మాటికి ట్రాఫిక్ స్తంభించి పోవడంతో వాహనదారులు నరకయాతన అనుభవించాల్సి వస్తోంది
1887.wav,ఎవరు తమ నియోజకవర్గ సమస్యల పైన మాట్లాడారో రికార్డులు చూస్తే తెలుస్తుందన్నారు
1888.wav,రాజధానిని ఎంపిక చేసుకోవాల్సిన అనివార్యతలో ఆ ప్రాంత రాజకీయ నాయకులు పడ్డారు
1889.wav,మూత్రపిండాలు మరియు కాలేయాలలో అనారోగ్యం వద్ద రిసెప్షన్ను తిరస్కరించడం కూడా అవసరం
1890.wav,పైగా అవి అప్పటికప్పుడు రంగులు మారుస్తుంటే చూసేవారు అదుర్స్ అనకుండా ఉండగలరా
1891.wav,మానవజాతి ఆవిర్భావం నుంచి అందరూ గుంపులుగా జీవించారని చరిత్ర పరిశీలిస్తే బోధపడుతుంది
1892.wav,అంతకు ముందు విచ్చలవిడిగా సెక్స్ లో పాల్గొనే జనాలు మనదేశంలో చాలా మంది ఉండేవారు
1893.wav,అనుమతుల విషయంలో నిర్లక్ష్యం వహిస్తే కఠిన చర్యలు తీసుకునేందుకు యంత్రాంగం సిద్ధమైనట్లు సమాచారం
1894.wav,రాజాధిరాజా అనే పేరు పెట్టి ఫ్రెష్ గా విడుదల చేశారు
1895.wav,రైళ్ల రద్దుతో విశాఖ రైల్వే స్టేషన్లో పరిసర ప్రాంతాల ప్రయాణికులు పడిగాపులు కాస్తున్నారు
1896.wav,ఇక్కడ ఫ్యాక్టరీ సాధ్యం కాదంటూ ఆ మధ్య సుప్రీం కోర్టులో అఫిడవిట్ వేశారు
1897.wav,షెడ్యూల్ ప్రకారం సాయంత్రం ఐదు గంటలకు సీఎం కేసీఆర్ సభాస్థలికి వస్తారు
1898.wav,ప్యాకేజీకంటే హోదావల్ల జరిగే మేలు ఏంటని ఆనాడు చంద్రబాబుని తాను ప్రశ్నించినట్లు జగన్ తెలిపారు
1899.wav,అక్కడి పరిసరాలను అయన భక్తులను ఆకట్టుకుంటున్న తీరు చూశాక ఎందుకనో నాకు అక్కడి వాతావరణంలో కృత్రిమత్వం గోచరించింది
1900.wav,ఈ నేపథ్యంలో ఆమె భర్త ఆరోజు అర్జెంటుగా స్నేహితులను కలిసేందుకు వెళ్తున్నానని చెప్పి బయటకు వెళ్లాడు
1901.wav,ఈ చిత్రం కానీ క్లిక్ అయితే ఆకాశమే హద్దుగా వసూళ్లు వస్తాయని ఫాన్స్కి తెలుసు
1902.wav,ఆరు నెలల్లో ఎన్నికలు ఉండగా రిజర్వేషన్ బిల్లును పార్లమెంట్కు పంపుతానని చెప్పడం విడ్డూరంగా ఉందన్నారు
1903.wav,ఒక సమయంలో రెండు పత్రికలూ ఒకదానిపై మరొకటి తీవ్రస్థాయిలో విషం చల్లుకున్నాయి
1904.wav,రెండు సినిమా లు ఘనవిజయం కావాలని కోరుకుంటున్న అని చెప్పడం గమనార్హం
1905.wav,కాంగ్రెస్ పార్టీని అధికారంలోకి తెచ్చేందుకు శక్తి వంచనలేకుండా కృషి చేస్తామని ఆయన చెప్పారు
1906.wav,జాతీయ నాయకులతో సమావేశాల అనంతరం కాన్స్టిట్యూషనల్ క్లబ్కు చేరుకున్న ఆయన నేషనల్ మీడియాతో మాట్లాడారు
1907.wav,ప్రతి ఒక్కరూ ట్రాఫిక్ రూల్స్ పాటిస్తే ప్రమాదాలు జరగవని ఆయన పేర్కొన్నారు
1908.wav,వాతా వరణ మార్పులపై భారత్ పోరుకు తామంతా అండగా ఉంటామని ఈ సందర్భంగా వారు ప్రకటించారు
1909.wav,అది మొదటి సారిగా భూమి చుట్టూ తిరుగుతూ తీసిన ఫోటోలను మొదటి సారిగా బుదవారం రోజు భూమిపైకి పంపింది
1910.wav,ఈ వీడియోను చూసిన వాళ్లంతా ఈ ఏనుగు చాలా తెలివైందంటూ కామెంట్లు చేస్తున్నారు
1911.wav,కాగా నిందితుల్లో ఒకడైన చెన్నకేశవులు భార్యను ప్రముఖ సంచలన దర్శకుడు రామ్గోపాల్ వర్మ కలిశారు
1912.wav,ఈ సులభంగా గాలి తగిలేలా ఉంచాలి కాంక్రీటు బ్లాకుల రంపపు మరియు నాటే యంత్రం బిట్స్ సులభం వాస్తవం వివరించారు
1913.wav,డ్రగ్స్ అమ్మేవాళ్లు ఎవరితోనూ తనకు పరిచయం లేదని కూడా ఆమె స్పష్టం చేసినట్లు పేర్కొంది
1914.wav,ఈ నక్షత్రం పరిశోధకులు అధ్యయనం చేయగల ఒంటరి నక్షత్రం కంటే వంద రెట్ల దూరంలో ఉంది
1915.wav,అమెరికాని మళ్ళీ ఉన్నతమైన స్థానంలో ఉంచుతుందని యూట్యూబ్ ద్వారా అమెరికా ప్రజలకి సందేసం ఇచ్చారు
1916.wav,ఇదే సమయంలో తొలి ఓవర్ వేసే బాధ్యతను స్పిన్నర్ ఇమ్రాన్ తాహిర్కు అప్పగించాడు
1917.wav,లోక్సభలో చర్చించేందుకు కాంగ్రెస్ పార్టీ వాయిదా తీర్మానం నోటీసు ఇచ్చింది
1918.wav,ఇక చాలా రోజుల తరువాత నాగబాబు గారు ఈ ఎన్నికలపై స్పందించారు
1919.wav,దాంతో ఇది డబ్బులు గుంజేందుకు సైబర్ నేరగాళ్లు వేసిన ప్లాన్ ఇది అని అర్థమైంది
1920.wav,మూడేళ్ళ క్రితం అనారోగ్యం కారణంగా దిల్రాజు భార్య అనిత మరణించగా అప్పటి నుంచి ఆయన ఒంటరిగానే ఉన్నాడు
1921.wav,ఇక ఇప్పుడు ఈ రెండు బలమైన జట్లు డీకొనే సమయం వచ్చింది
1922.wav,మంగళవారం ట్యాంకుబండ్పై ఉన్న అంబేద్కర్ విగ్రహం వద్ద వీరు ధర్నా చేశారు
1923.wav,ఇది ఒక పుష్పం మాత్రమే రెగ్యులర్ నీరు త్రాగుటకు లేక మరియు ఫలదీకరణం అవసరం
1924.wav,కాని ఇందుకు సంబంధించి అక్కడ వాహనదారులకు ఎటువంటి అవగాహన కార్యక్రమాలు కల్పించడం లేదు
1925.wav,జనరల్ నాలెడ్జ్ విభాగం విస్తృతమైనదిగా అభ్యర్థులు భావిస్తున్నప్పటికీ దీన్ని అంశాలుగా విభజించుకుంటే సన్నద్ధత తేలికవుతుంది
1926.wav,సాదా సీదా దుస్తుల్లో వున్న ఆ యువకుడి పేరు రవిచంద్ర
1927.wav,చాలా గ్రామాలలో కుటుంబంలోని పురుషులు ఇతర పనులు వెతుక్కుంటూ వలస వెళ్లిపోయారు
1928.wav,అయితే ఎన్నడూ లేని విధంగా పోయినేడు కనీసం సాధారణ స్థాయిలో కూడా కురవలేదు
1929.wav,ఇర్ఫాన్ అనే వ్యక్తులు పరిచయం కాగా ఏకంగా వారితో కలిసి ఒక ముఠానే ఏర్పాటు చేసింది
1930.wav,మధుపుర్ స్థానం నుంచి పోటీ చేస్తున్న పాలివార్ జేఎంఎం అభ్యర్థి హుస్సేన్ అన్సారీ నుంచి గట్టిపోటీ ఎదుర్కొంటున్నారు
1931.wav,మీ ఇంట్లో టీవీ ని అమర్చే గదిని బట్టి మరియు పరివారాన్ని బట్టి టీవీని ఎంచుకోవాలి
1932.wav,తాజాగా తెలుగులో తన స్వంత పెర్ఫ్యూమ్ లైన్ ని విడుదల చేస్తున్న మొదటి సెలబ్రిటీ అయ్యారు
1933.wav,మిగతా నిర్మాణ అంశాలపై మేము ఫిరంగి యొక్క ఫిక్సింగ్ పాయింట్లు కొలుస్తాము
1934.wav,మీరు తొలగించటానికి చేస్తున్న ట్వీట్ మీద క్లిక్ చేయండి మరియు విండోలో దాన్ని తెరిచేందుకు సవరించండి
1935.wav,ప్రపంచీకరణ కారణంగా దేశాల్లో అంతర్గతంగా ప్రజల మధ్య ఆర్థిక అసమానతలు పెరిగాయి
1936.wav,మేఘాలయలో ఏ పార్టీకీ సంపూర్ణ మెజారిటీ రాకపోవడం ఎన్నికల ఆనవాయితీగా వస్తోంది
1937.wav,దీంతో పోలుస్తూ ప్రభుత్వం తీసుకున్న నోట్ల రద్దు నిర్ణయం కూడా సేమ్ టు సేమ్ అని విమర్శించారు
1938.wav,వాటి తయారీ మీద ఆసక్తి పెరగడంతో ఇండియాకు తిరిగొచ్చేటప్పుడు తనతో పాటే అవసరమైన సరకులన్నీ వెంటతెచ్చుకుంది
1939.wav,ఇప్పుడు మరో ప్రచ్ఛన్న యుద్ధం ఛాయలు ఎలా ఏర్పడుతున్నాయంటే కరోనా వైరస్ సృష్టిస్తున్న అగాధం వల్ల అని బహుశ చెప్పవచ్చు
1940.wav,కాంగ్రెస్ పార్టీ అధ్యక్షుడు రాహుల్ గాంధీ రెండు రోజుల పాటు తెలంగాణలో పర్యటించారు
1941.wav,ఈ రోజుల్లో చేతిలో ఫోన్ లేకుంటే పరిస్థితి ఎలా ఉంటుందో చెప్పాల్సిన పని లేదు
1942.wav,క్రాకర్స్ కాల్చడంలో సరైన జాగ్రత్తలు తీసుకోకపోవడం వల్లే ప్రమాదం జరిగి ఉంటుందని వైద్యులు తెలిపారు
1943.wav,మరికొన్న సందర్బాల్లో ఎంకి పెళ్లి సుబ్బి చావుకు చేటైన చందంగా రూపాంతరం చెందుతాయి
1944.wav,సమ్మె నుంచి శబరిమల భక్తులను మినహాయించారు కేఎస్ఆర్టీసీ బస్సులు అయ్యప్ప భక్తులను పంబకు తీసుకువెళ్లాయి
1945.wav,రవితేజ కెరీర్లో ఓ హయ్యెస్ట్ పవర్ ఎంటర్టైనర్గా రూపొందిన ఈ చిత్రం కుటుంబ ప్రేక్షకులకు నచ్చుతుందని వారు తెలిపారు
1946.wav,కాశ్మీర్ నుంచి కనీసం ఒక్కరు కూడా రాజ్యసభలో ప్రాతినిథ్యం వహించే అవకాశం లేకపోవటం పెద్దలోటుగా రాజకీయ విశ్లేషకులు భావిస్తున్నారు
1947.wav,ఇందుకు అనుగుణంగా అన్ని రాష్ట్రాల నుంచి వచ్చిన అభిప్రాయాలను క్రోడీకరించి నిర్ణయం తీసుకుంటారు
1948.wav,అప్పట్లో ఈ శకుంతలరైల్వేస్ను విదర్భా నుండి పత్తిని రవాణా చేయడానికి వినియోగించే వారు
1949.wav,ఈ రకం యొక్క ఆటోమేటిక్ ట్రాన్స్మిషన్తో తయారు కార్లు ఒక మృదువైన రీతిలో నిర్వహించగల
1950.wav,ఒక నిలబడి స్థానం చేసే ఒక సాధారణ వ్యాయామం కంటే ఎక్కువ
1951.wav,ఏకంగా మూడు పాత్రల్లో నటించి అదరగొట్టిన ఎన్టీఆర్ తదుపరి చిత్రానికి సన్నాహాలు మొదలుపెట్టాడు
1952.wav,ముఖ్యమైన లేదా వార్తాప్రసార వ్యక్తుల ఇంటర్వ్యూ ఆలోచన ద్వారా బెదిరించడం లేదు
1953.wav,ఆ గ్రామం నుంచే వికేంద్రీకరణ అవగాహన ప్రారంబించాలని ఆ పార్టీ నేతలు తలపెట్టారు
1954.wav,సోషల్ మీడియా బాగా పాపులర్ అయిన నేపథ్యంలో ఇప్పుడిక అలాంటి దొంగతనాలను దాచడం ఎవ్వరికైనా చాలా కష్టం
1955.wav,దేశ రక్షణ రంగంలోకి విదేశీ పెట్టుబడులను ఆహ్వానించి దేశ భక్తులం అంటే ఎవరూ నమ్మరన్నారు
1956.wav,చివరకు వాష్ రూమ్ వెళ్లినా కూడా అక్కడికి కూడా ఫోన్ తీసుకెళ్తాడు
1957.wav,సెమిరామీలు అందమైన సైనికులతో ఒక రాత్రి నిలువు వరుసల పొడవు కలిగి ఉన్నారని చెప్పబడింది
1958.wav,రెండేళ్లలో ఇప్పటికే రెండు సార్లు ఇసుక ధరలను పెంచారని గుర్తు చేశారు
1959.wav,ఒక రౌండు లెక్కింపు పూర్తి కాగానే ఫలితాల్ని కౌంటింగ్ కేంద్రం దగ్గర మైక్లో చెబుతారు
1960.wav,అజ్ఞాతవాసి కథ అచ్చం లార్గో వించ్లాగే ఉందని కొన్ని రివ్యూ వెబ్సైట్లు రాశాయి
1961.wav,ఈ సంగీత కళాశాల ప్రారంభోత్సవానికి అంబానీతోపాటు ఆయన సతీమణి నీతూ అంబానీ కూడా పాల్గొన్నారు
1962.wav,ఈ విషయాన్ని ఓ టీవీ షో లో పంచుకుంది సోనమ్ కపూర్
1963.wav,కాపులను మంచి చేసుకోవడానికి చంద్రబాబునాయుడు చేస్తున్న విశ్వప్రయత్నాలు ప్రయోజనం కనపడటం లేదు
1964.wav,హంద్రినీవా పనులపై ఏపీ ముఖ్యమంత్రి జగన్ కు లేఖ రాస్తామని పయ్యావుల చెప్పారు
1965.wav,ఒక ఉపచేతన స్థాయిలో ఈ సంజ్ఞ మొదట తప్పుడు సమాచారాన్ని పంచుకునేందుకు అతన్ని ఒప్పుకోదు
1966.wav,అయితే బాహుబలి సెకండ్ పార్ట్ తర్వాత అనుష్క నటించిన ఒక్క సినిమా కూడా రిలీజ్ కాలేదు
1967.wav,అఖిల పక్ష భేటీ ఏమైనా ఉందా అని అడిగితే ఏమీ లేదంటూ చెప్పారు
1968.wav,కానీ నేతలు అందరు పక్క పార్టీల వైపు చూడటంతో జిల్లాలో పార్టీ బలహీనమైంది
1969.wav,ఇక్కడ ఉన్న హారము జోయిస్ యొక్క బోధనలను మరియు జ్ఞానాన్ని సేకరించేది
1970.wav,దానితో వారిని అదుపు చేయడానికి వారిపై వాటర్ క్యాన్ లను ప్రయోగించడం జరిగింది
1971.wav,పంట సంరక్షణ కోసం ఆక్సిజన్తో నేల యొక్క నీరు మరియు సంతృప్తతను బయట పడటానికి ఇది చాలా ముఖ్యం
1972.wav,సోషల్ మీడియాలో ఈ సినిమాపై కాస్త హైప్ ఉన్నప్పటికీ పూర్తిస్థాయిలో జనాల్లోకి ఈ సినిమాను తీసుకువెళ్లలేకపోతున్నారు
1973.wav,భారత్లో నగదు రహిత సమాజా విష్కరణకు మార్గదర్శకత్వం వహించవలసిందిగా దానిని కోరారు
1974.wav,ఇతర కీటకాలు నోరుపారలు నమలడం మరియు ఆకులు లేదా ఇతర మొక్కల పదార్థాలను తినడం ఉన్నాయి
1975.wav,దురదృష్టవశావత్తూ తాను సూర్య గ్రహణాన్ని తాను ప్రత్యక్షంగా తిలకించలేకపోతున్నానంటూ నరేంద్ర మోడీ ఓ ట్వీట్ చేశారు
1976.wav,దీంతో చేసేదిలేక త్వరలోనే ఆయనను ఈపదవి నుంచి తప్పించి అసలు ఏపీలోనే లేకుండా చేయాలని భావిస్తున్నట్టు వార్తలు వస్తున్నాయి
1977.wav,ఈ మూడేళ్ల కాలంలో ప్రతి పథకం అలాగే మొదలై అలాగే మూలన పడ్డదని ఎద్దేవా చేశారు
1978.wav,ప్రామాణికమైన నాయకుడు తన వ్యక్తిగత లక్ష్యాలను మరియు వృత్తిపరమైన వాటిని సమగ్రపరచడానికి నిజంగా ప్రేరేపించాలి
1979.wav,గంగా జలంతో విగ్రహాన్ని శుద్ధి చేస్తుండగా చిత్రీకరించిన వీడియోను సైతం వారు సోషల్ మీడియాలో షేర్ చేశారు
1980.wav,చాలా కాలంగా పెండింగులో ఉన్న ఏ సమస్యకు ఈరోజు పరిష్కారం లభించవచ్చు
1981.wav,ఈ ఖాతాలు మీ చిన్న పిల్లలను మంచి ఆర్థిక భవిష్యత్తు కోసం సిద్ధం చేయడంలో సహాయపడతాయి
1982.wav,లెంట్ లో ఆదివారాలు ఎన్నడూ లేవు మరియు ఇప్పటికీ లెంట్ ఉపవాసంలో భాగం కావు
1983.wav,పొరుగు రాష్ట్రాల నుంచి తెచ్చామనే పేరుతో రాష్ట్రంలోనే కల్తీ మద్యాన్ని తయారుచేసి అమ్మితే ప్రజల ప్రాణాలకు ప్రమాదం తలెత్తవచ్చు
1984.wav,గతేడాది విడుదల ఈ చిత్రం బాక్సాఫీస్ వద్ద మంచి విజయాన్ని అందుకుంది
1985.wav,ఫెర్బ్ బోర్డు ప్యానెల్ యొక్క అలంకరణ అంతిమ ఉత్పత్తి యొక్క కావలసిన లక్షణాలపై ఆధారపడి ఉంటుంది
1986.wav,ఈ ప్రాజెక్టులను పూర్తి చేయడానికి అవసరం అయిన భూ సేకరణ ప్రక్రియ వేగవంతం చేయాలని చెప్పారు
1987.wav,అనంతరం ఈ పోటీలో గెలుపొందిన వారికి అసోసియేషన్ ప్రతినిధులు బహుమతులు అందజేశారు
1988.wav,వీటిని నేను బ్యాంకు లో వేసి రెట్టింపు లేదా పెంచాలి అనుకుంటున్నాను
1989.wav,చిన్న చిన్న ఇబ్బందులు కూడా వారికి కలగకుండా వారు క్షేమంగా గమ్య స్థానాలకు వెళ్లే ఏర్పాట్లు చేస్తున్నాం
1990.wav,పాత పేపర్లు సాధన చేస్తే వేటికి ఎక్కువ ప్రాధాన్యం ఉందో తెలుస్తుంది
1991.wav,వ్యవసాయాధికారులు విచారణ చేపట్టి నకిలీ విత్తనాల మూలంగానే పంట పండలేదని ధ్రువీకరించారు
1992.wav,తన ఫ్రెండ్ ఇంత మంచి సినిమా తీయడం తనకు చాలా గర్వంగా ఉందన్నారు
1993.wav,ఈ నియోజకవర్గంలో తాను చేసిన అభివ్రుద్ధికి కనీసం లక్ష ఓట్లతో విజయం ఖాయమని చంద్రశేఖర్ రావు బలంగా నమ్ముతున్నారు
1994.wav,రాజీనామా విషయాన్ని బుధవారం ఆయన తన ఫేస్బుక్ అకౌంట్ ద్వారా వెల్లడించారు
1995.wav,ఎన్నికల కమిషన్ ఆదేశాలతో తూర్పు గోదావరి జిల్లా యంత్రాంగం ఎన్నికల నిర్వహణకు కసరత్తులు పూర్తి చేస్తుంది
1996.wav,అతనికి ముందు పాత ఇంగ్లీష్ బుల్ డాగ్ కలిగి ఆ లోపాలను నివారించడానికి కోసం కానీ ముఖ్యమైనది
1997.wav,భవిష్యత్ అవసరాలను దృష్టిలో పెట్టుకుని ఎంపిక చేసిన జట్టులా కనిపిస్తుందని కామెంట్ చేశారు మాధవన్
1998.wav,ఇది నడిచి ఒక చిన్న నికాన్ డిజిటల్ కెమెరా తీసుకు ఒక గొప్ప మార్గం నిరూపిస్తుంది
1999.wav,కానీ విద్యాసంస్థలు ప్రారంభం కావడంతో వారంతా తిరిగి తమ విధులకు వెళ్లారు
