file_name,transcript
0.wav,நாடகத்தின் வெற்றிக்கு நடிகர் திலகத்தின் இந்த ஆலோசனைகள் மிகவும் உபயோகமாக அமைந்தது எனலாம் என்கிறார் மகேந்திரன்
1.wav,என்ன ஒரு மண்டலம் மாறுபாடு மற்றும் நீங்கள் எப்படி ஒரு பெற
2.wav,எங்கள் பின்தங்கிய வாழ்க்கையில் எந்த இடமும் இல்லை என்று மிகவும் பிஸியாக
3.wav,செயல்முறை தொடங்கும் முன் நீங்கள் அருகிலுள்ள தூதரகம் அல்லது தூதரகத்தில் இரட்டை தேவைகளை சரிபார்க்கவும்
4.wav,இடைப்பாடி அருகே கோனேரிப்பட்டி நீர்மின் கதவணை பராமரிப்பால் மின் உற்பத்தி நிறுத்தம்
5.wav,காயலர்கள் உலகின் நாலாபாகங்களிலும் வாழக்கூடியதை பார்க்கும் பொழுது மன மகிழ்ச்சியாக உள்ளது
6.wav,இப்போது இந்த தீர்ப்பு எந்த வழிக்கில் கொடுக்கப்பட்டுள்ளது என்பதை விரிவாக பார்க்கலாம்
7.wav,இருப்பினும் ரஜினி கட்சி ஆரம்பித்த உடன் தான் இது குறித்த தகவல்கள் உறுதி செய்யப்படும் என்பது குறிப்பிடத்தக்கது
8.wav,புனித ஸ்தலங்களின் வாயிலில் அமர்ந்திருக்கும் பிச்சைக்காரர்களிடம் இரக்கம் காட்டாதவர்கள்தான் உள்ளே சென்று கடவுளிடம் இரக்கம் இல்லையா என்கின்றனர்
9.wav,மக்கள் தொகை வளர்ச்சி மற்றும் சூழ்நிலைக்கு இடையேயான செயலெதிர் பற்றிய ஆய்வு மற்றும் விவாதத்திற்கு ஒரு நீண்ட வரலாறு உள்ளது
10.wav,நாடாளுமனறத்தில் பேசுகையில் கூட என்ஆர்சி நாடு முழுவதும் கொண்டுவரப்படும் என்று அமித் ஷா பேசினார்
11.wav,திரு அஷோக் சஜ்ஜன்ஹர் அவர்களின் ஆங்கில உரையின் தமிழாக்கம் பி குருமூர்த்தி
12.wav,சினிமாவில் ஒரு சாதாரண மனிதன் மேலே வருவதைப்போலவெ கீழே போவதும் ஒருவகையான ஃபெயரிடேல் மாதிரிதான்
13.wav,இந்த ஆண்ட்ராய்டு இயக்கமுறைமையின் அடிப்படை திரையானது பார்வையாளர்களுக்கு ஆர்வமூட்டும் ஒரு அழகான பயனாளர் இடைமுகப்பை வழங்குகின்றது
14.wav,அது பின்னர் பிழை என விலக்கிக்கொள்ளப்பட்டதனால் சட்டபூர்வமாகவும் தண்டனை மறுபரிசீலனைக்குரியதாக ஆகிறது
15.wav,நிதி மோசடி குற்றச்சாட்டில் கைதுசெய்யப்பட்டு விளக்கமறியலில் வைக்கப்பட்ட நாடாளுமன்ற உறுப்பினர் நாமல் ராஜபக்ச இன்றைய
16.wav,காணாமல் போனோர் பணியக உறுப்பினர்களை வேண்டா வெறுப்பாக நியமித்த சிறிலங்கா அதிபர்
17.wav,அதனைத் தொடர்ந்து முருகண்டியை சென்றடைந்த வாகனப் பேரணி நாளை காலை வவுனியாவை நோக்கி தனது பயணத்தை ஆரம்பிக்க உள்ளது
18.wav,சிலருக்கான குற்றஒப்புதல் வாக்கு மூலங்கள் நீதிமன்றத்தால் நிரகாரிக்கப்பட்டுள்ள நிலையிலும் அடுத்து எவ்விதமான
19.wav,அவர் கணவர் மற்றும் குழந்தை புதைக்கப்பட்ட இடத்தை அடையாளம் காட்டினார்
20.wav,இதே எரிமலை கடந்த செப்டம்பர் மற்றும் அக்டோபர் மாதத்திலும் பெருமளவு புகையை கக்கியது என்பது குறிப்பிடத்தக்கது
21.wav,காஞ்சிபுரம் மாவட்ட தலைவர் அலுவலகத்தில் மக்கள் குறை தீர்க்கும் நாளில் நடந்த இந்த நிகழ்வால் பரபரப்பு ஏற்பட்டுள்ளது
22.wav,பாதுகாப்பு காரணமாக எய்ம்ஸ் மருத்துவமனைக்கு மண்டேலா நகர் திடலில் அடிக்கல் நாட்டுகிறார் பிரதமர் மோடி
23.wav,உச்சநீதிமன்றம் மீட்டுக் கொடுத்த ஆட்சியை தக்க வைக்க முடியாமல் அருணாச்சல் முதல்வர் நபம்துகி தத்தளிப்பு
24.wav,மின்னஞ்சல் செய்திகளை விட சற்று விரிவான வடிவமைப்பு சாத்தியக்கூறுகளை மின்னஞ்சல் செய்திகளைக் கொண்டிருக்கின்றன
25.wav,ஒருவரின் அடிவானம் தட்டையானதாக இருக்கலாம் அல்லது அது மலை மற்றும் மலைகள் போன்ற இயற்கை அம்சங்களைக் கொண்டிருக்கலாம்
26.wav,ஒரு இடத்தில் ஒரு பிராண்ட் பெயர் அல்லது பெயர் இருக்க முடியாது
27.wav,மருத்துவர்களால் சிகிச்சையளிப்பதற்கான வழிகாட்டுதல்கள் மற்றும் பொதுமக்கள் பின்பற்ற வேண்டிய பாதுகாப்பு நடவடிக்கைகளை இந்த அமைப்பு செயல்படுத்துகிறது
28.wav,இவர் கைரோவை சார்ந்த உதுமான் என்பவரின் மகன்
29.wav,திருச்சி வழியாக இயக்கப்படும் ரயில்களில் குற்ற சம்பவங்களை தடுக்க ரயில்வே போலீஸாா் ரோந்து பணிகளில் ஈடுபட்டு வருகின்றனா்
30.wav,வடக்கு மாகாணத்திற்கு விஜயம் மேற்கொண்டிருந்த ரணில் விக்கிரமசிங்க மாவட்ட செயலகங்களில் நடைபெற்ற கலந்துரையாடல்களில் முன்வைக்கப்பட்ட செயற்றிட்டங்களை நடைமுறைப்படுத்த வேண்டும்
31.wav,மன்னார் தீவு பகுதியிலுள்ள பவளபாறைகளை பாதுகாத்து சுற்றுலாதலமாக்க வேண்டும் பொதுமக்கள் வலியுறுத்தல்
32.wav,அரசு பள்ளிகளுக்கு உதவிட முன்வாருங்கள் பொதுமக்களுக்கு பள்ளி கல்வித்துறை அமைச்சர் செங்கோட்டையன் வேண்டுகோள்
33.wav,ஒரே நேரத்தில் பல ஹெலிகாப்டர்கள் உடல்களை எடுத்துச் சென்றுள்ளதால் சீனாவில் பலி எண்ணிக்கை அதிகமாக இருக்கும் என்று கூறப்படுகிறது
34.wav,மஹாளய அமாவாசையை முன்னிட்டு மயிலாப்பூர் கபாலீஸ்வரர் கோவில் குளக்கரையில் மூதாதையர்களுக்கு தர்ப்பணம்
35.wav,ஈரோடு மாவட்டம் கோபிசெட்டிபாளையம் அருகே உள்ள கொப்பளூா் கல்லுமடைப்புதூாில் சாலையோர மரத்தில் காா் மோதி விபத்துக்குள்ளானது
36.wav,இளைஞர்களது கோபத்தை அமுதர் அலட்சியம் செய்தமைக்கு ஒரு காரணம் இருக்கின்றது
37.wav,நோயின் பாதிப்பிலிருந்து விடுபட ஸ்டார் பழத்தை இரவு உணவுக்குப் பின் இரண்டு துண்டுகள் சாப்பிட்டு வந்தால் மூல நோயின் தாக்கம்
38.wav,இராணுவச் செலவீனங்களுக்கு அதிக நிதி ஒதுக்கும் நாடுகளில் முதலிடம் பிடித்த இலங்கை
39.wav,அதனால் தேவர்களான எங்களுக்கு பெரும் ஆபத்து வரும் என்று அஞ்சுகிறோம்
40.wav,தக்கலை அருகே பைக் மீது லாரி மோதி வங்கி ஊழியர் பலி
41.wav,இந்த கட்டிடத்தை திரைப்பட டிசைனர் ஒருவரும் கட்டிட கலை நிபுணர் ஒருவரும் டிசைன் செய்தனர் என்பது குறிப்பிடத்தக்கது
42.wav,இனங்களுக்கு இடையில் நல்லிணக்கத்தை ஏற்படுத்தும் நோக்கில் தேசிய நல்லிணக்க வாரம்
43.wav,கலை பண்பாட்டுத்துறை சார்பில் ராமநாதபுரம் கௌரிவிலாஸ் அரண்மனையில் உள்ள மாவட்ட அரசு இசைப்பள்ளியில் சனிக்கிழமை
44.wav,இதற்காக அமெரிக்காவில் உள்ள பல நிறுவனங்களுக்கு சிறிலங்கா அரசாங்கம் நிதி வழங்கி வருவதா
45.wav,யானைகளை கொண்டு செல்ல குஷன் உள்ளிட்ட சிறப்பு வசதி கொண்ட லாரிகளை கொள்முதல் செய்ய உயர்நீதிமன்றம் ஆணை
46.wav,தமிழீழ விடுதலைப் போராட்டத்தின் அதியுச்ச நிலையை உலகறியச் செய்த தாக்குதல்களை வழிநடத்திய உத்தம வீரன் தான் கேணல் சாள்ஸ்
47.wav,அதிகம் மாட்டுப்பால் சாப்பிடுவதும் அதிகமாக எலும்பு முறிவுக்கு உள்ளாவதும் தொடர்புடையது என்று இந்த அட்டவணை கூறுகிறது
48.wav,இந்த ஒரு வருடத்தை நான் இத்தகைய சூழலில் எப்படி கடப்பேன் என்பது இனிதான் தெரியும்
49.wav,பிரபுல் படேல் மீது வழக்கு பதிவு செய்ய ஆம் ஆத்மி கோரிக்கை
50.wav,பாலியல் வன்கொடுமை வழக்கில் விசாரணைக்கு அஜராகாத போலி சாமியார் நித்தியானந்தாவுக்கு பிடிவாரண்ட் பிறப்பித்து நீதிமன்றம் உத்தரவு
51.wav,இந்தியாவின் முன்னாள் வெளியுறவு செயலாளர்களான லலித் மண்சிங் மற்றும் பேராசிரியர் சுக் டியோ முனி ஆகியோர்
52.wav,ஆனால் இங்குள்ள யோகம் என்பது யோகம் என்னும் நடைமுறையைச் சுட்டுகிறது
53.wav,தடையை மீறி விற்பனை செய்யும் கேண்டீன் நிர்வாகம் மீது கடும் நடவடிக்கை எடுக்கப்படும் என்றும் எச்சரிக்கை
54.wav,ஹேமந்த் சோரனுக்கு ஆளுநர் திரெளபதி முர்மு பதவி பிரமாணம் செய்து வைக்கிறார்
55.wav,அட்டன் குடகாம குப்பைமேட்டில் குழி தோண்டுவதற்கு எதிர்ப்பு தெரிவித்து பொது மக்கள் வீதியை மறித்து ஆர்ப்பாட்டம்
56.wav,ஸ்மார்ட் வழிகள் ஒரு மோசமான சூழ்நிலை ஒரு சிறிய எளிதாக செய்ய
57.wav,மாணவர்களைச் சந்தித்த பொலிஸ் அத்தியட்சகர் வளாகத்தில் மத தலங்கள் அமைப்பதற்காக ஒதுக்கப்பட்ட
58.wav,ஒரு சினிமாவில் ஒரு குளிர்கால பெண் கோட் மாதிரிகள்
59.wav,அதுமட்டுமின்றி இந்த படத்தில் நடித்த அனைவருமே திரையுலகில் தங்களுக்கென ஒரு இடத்தை பிடித்து நல்ல நிலையில் உள்ளனர் என்பது குறிப்பிடத்தக்கது
60.wav,இந்த சூழலில் அக்டோபர் இறுதி வரை உள்ளாட்சி தேர்தல் நடத்த வாய்ப்பில்லை என தமிழக தேர்தல் ஆணையம் கூறியுள்ளது
61.wav,ஒப்பந்தப்படி பாஜகவுக்கு ஆட்சியை தராமல் ஏமாற்றியபோது நல்லா இருந்ததா இதுவும் வேண்டும் இதற்கு மேலும் வேண்டும் அனுபவி
62.wav,காவல் அதிகாரி மரணத்திலும் அரசியல் செய்ய வேண்டும் என உள்நோக்கம் கொண்டுள்ளார் ஸ்டாலின்
63.wav,பழைய வாகனங்களை விற்று புதிய வாகனங்கள் வாங்குவது தொடர்பாக விரைவில் கொள்கை அறிவிக்கப்படும்
64.wav,சோலைமலை நம்பிக்கு நான் நூறு தடாக்களில் வெண்ணையும் நூறு தடாக்களில் அக்கார அடிசிலும்
65.wav,காணாமல் போனோர் தொடர்பான பிரச்சினைக்கு தீர்வு மற்றும் படையினர் வசமுள்ள காணிகளை விடுவிக்குமாறு கோரி கிளிநொச்சியில்
66.wav,சாமானிய மக்களும் செலவழிக்கக் கூடிய கட்டணத்தில் விரைவான நீதி கிடைப்பதை உறுதி செய்வது
67.wav,ஆய்வின்படி அரசியல் அல்லது பொருளாதாரப் பிரச்சினைகள் உள்ள பல நகரங்களில் விலைவாசி குறைந்து வருவது கண்டறியப்பட்டுள்ளது
68.wav,செலுத்த வேண்டிய தொகைக்கான ஒப்புச்சீட்டு தொடர்பான எல்லா அசல் சான்றிதழ்களும் அங்கீகரிக்கப்பட்ட வணிகரால் வழங்கப் பட்டுள்ளன எனும் விவரம்
69.wav,மாணவர் தனது உயர்நிலை பள்ளி ஆங்கில பாடத்திட்டத்திற்கு தயார் செய்வதற்கு வாராந்திர பாடம் திட்டமிடப்பட்டுள்ளது
70.wav,அதே நேரம் அப்படி ஏதும் எண்ணம் இல்லை என்று ட்ரம்ப் அறிவித்துள்ளதும் குறிப்பிடத்தக்கதாகும்
71.wav,கணினியில் இருக்கும் வரைபடத்தின் படி வீட்டின் சுவர்கள் கண் முன்னே உருவம் பெறுகின்றன
72.wav,ஆனால் யாரும் யோசிக்காத குத்துச்சண்டை தான் ஒருகாலத்தில் வடசென்னையில் பிரபலம் என்கிறார் இயக்குனர்
73.wav,ரயில்வே கேட் கீப்பரை தாக்கிய விவகாரத்தில் அதிமுக எம்பி உதயகுமார் வருத்தம் தெரிவித்ததால் சமரசம் ஏற்பட்டது
74.wav,அதை காங்கிரஸ் மேலிடம் ஏற்கும் என்று தகவல்கள் வெளியாவதால் திமுக தரப்பில் பரபரப்பு ஏற்பட்டுள்ளது
75.wav,ஸ்ரீ மகாமாரி நாக அம்மன் ஆலயத்தில் பொங்கல் வைத்து வழிபாடு
76.wav,அல்லது வேறு ஏதோ கிரகத்தில் சென்று அங்குள்ள நிலப்பரப்பில் நடப்பது போல
77.wav,சுற்றுலாப்பயணிகள் தாங்கள் எடுத்த சிறந்த புகைப்படங்களை அனுப்பி வைக்குமாறு அது தெரிவித்துள்ளது
78.wav,இளைஞர்களுக்கு வேலை மற்றும் வளர்ச்சி வாய்ப்புகளை உருவாக்கும் ஒரு மண்டலம் மற்றும் ஒரு பாதை
79.wav,பொதுமக்களின் பணத்தை பயன்படுத்தி இலவச கல்வியை பெற்று பட்டதாரிகளாக வெளிவந்தவர்கள் நாட்டின் அபிவிருத்திக்கு பங்களிப்புச் செய்ய சந்தர்ப்பம் வழங்கப்பட வேண்டும்
80.wav,போதுமான ஆதரவு இல்லாத பாஜக மாநிலங்களவையில் எப்படி நிறைவேற்ற போகிறது என்பதை பொறுத்திருந்து பார்ப்போம்
81.wav,அதிக வட்டிக்கு கடன் வழங்கி மிரட்டல் விடுத்தாக தஞ்சாவூர் மாவட்டத்தில் மூன்று கடன் செயலிகள் மீது வழக்கு பதிவு
82.wav,ஈழமக்கள் ஜனநாயகக் கட்சியின் செயலாளர் நாயகம் டக்ளஸ் தேவானந்தா அமைச்சராகப் பதவியேற்றுள்ள நிலையில் யாழப்
83.wav,டில்லியின் பாதிப்பு குறித்த நிலைமைகளை முதல்வர் கெஜ்ரிவால் அவ்வப்போது ஆய்வு செய்து நடவடிக்கையை
84.wav,ஆந்திர மாநிலத்தில் அமைக்கப்பட உள்ள புதிய தலைநகர் அமராவதியில் மாபெரும் சர்வதேச விமான நிலையம் ஒன்றினை அமைக்கப்படும்
85.wav,சிதம்பரம் ரோட்டரி சங்கம் சார்பில் வெள்ளத்தில் பாதிக்கப்பட்ட குடும்பங்களுக்கு உணவு வழங்கல்
86.wav,இவை தவிர்த்து பிற மாநிலங்களிலிருந்து வருவோரில் நோய் அறிகுறி உள்ளோருக்கு மட்டும் பரிசோதனை செய்தால் போதும்
87.wav,இது தொடர்பில் கீழே தரப்பட்டுள்ள தொலைபேசி இலக்கத்திற்கு தொடப்பு கொள்ளுமாறும் கேட்டுக்கொள்ளப்பட்டுள்ளது
88.wav,பிரபல ரவுடி மீது வெடிகுண்டு வீசி படுகொலை ஒரே வாரத்தில் இரண்டு ரவுடிகள் படுகொலை செய்யப்பட்டனர்
89.wav,பன்னங்கண்டி பிரதேச மக்களின் போராட்டம் நான்காவது நாளாகவும் தொடர்கின்றது
90.wav,இலங்கை படையினர் போர் குற்றங்களில் ஈடுபட்டமை தொடர்பில் ஜெர்மனியில் வழக்கு விசாரணை
91.wav,இவ்வருடம் நடைபெற்ற இந்த திருவிழாவில் நேர்த்திக்கடன் செய்த பக்தர்களின் படங்களை துணிச்சலான மனம் உள்ளவர்கள் மட்டும் பார்க்கவும்
92.wav,மேலும் நீங்கள் கட்சியை விட்டு வெளியேறுவீா்களா என்று வினவிய போது நானாக கட்சியை விட்டுவிலக மாட்டேன் என்றும் பதிலளித்தாா்
93.wav,இந்த நிலையில் இன்று மாலை தேர்தல் தேதியை தேர்தல் அறிவிக்க உள்ளது என்பது குறிப்பிடத்தக்கது
94.wav,சர்வதேச தொழில் தாபனத்தின் நூற்றாண்டு நிறைவை முன்னிட்டு ஜனாதிபதி தலைமையில் விசேட வைபவம்
95.wav,எனவே மாணவர்களாகிய நீங்களும் சிறந்த சட்டத்தரணிகளாக உருவாக தனது வாழ்த்துக்களை தெரிவித்துக்கொள்வதாக மாகாண சபை உறுப்பினர் லாஹீர் இதன்போது தெரிவித்தார்
96.wav,இந்த ஒவியமே யுத்த அழிவிலிருந்த ஜெர்மனியின் மீட்சியை அடையாளப்படுத்தும் விதமாகவே ஒளிரும் நிலவு காட்சிப்படுத்தபட்டிருக்கிறது என்கிறார்கள் கலைவிமர்சகர்கள்
97.wav,வடக்கு மாகாண மீன்பிடி மற்றும் கிராம அபிவிருத்தி அமைச்சர் அவர்களால் கிராமங்களை நோக்கிய உதவித்திட்டம் ஆரம்பிக்கப்பட்டுள்ளது
98.wav,வடமாநிலத்தவர்கள் விற்கும் தரம் குறைந்த மெத்தையால் பக்க விளைவுகள் ஏற்படும் டாக்டர்கள் எச்சரிக்கை
99.wav,ஆந்திர அரசின் சூழ்ச்சியை தடுக்காததால் பர்கூரில் நீர் வரத்தின்றி வறண்டு கிடக்கும் ஏரிகள்
100.wav,சபரிமலை கோவிலுக்குள் அனைத்து வயது பெண்களையும் அனுமதிக்கலாம் என்ற தீர்ப்புக்கு எதிராக தாக்கல் செய்யப்பட்ட மறு ஆய்வு மனு மீதான
101.wav,கூடவே வெள்ளிக்கிழமை ரிலீசாகவுள்ள தனது நண்பரின் படத்திற்கும் தன் வாழ்த்துக்களைத் தெரிவித்துள்ளார் ஹிருத்திக்
102.wav,வெளிநாட்டு தமிழ்ச் சமூகத்தின் அரசியல் பார்வையும் விடுதலை புலிகளின் அரசியல் பார்வையும் ஒன்றுக்கொன்று முண்டு கொடுப்பதாகவும் இணைந்து செயல்படுவதாகவும் இருக்கின்றன
103.wav,ஆந்திராவில் அணையில் இறங்கிய சுற்றுலா பயணி நீரில் அடித்து செல்லப்பட்டு மாயமாகியுள்ளார்
104.wav,எரிவாயு வகைகள் அவர்களை உள்ளே வாயு அழுத்தம் மற்றும் செயல்முறை இணைப்பிறுக்கி பொறுத்து
105.wav,ஒரு நபர் ஒரு வலுவான நபராக அல்லது தேர்ந்த கொள்கையாக மாறும்போது
106.wav,பிரான்ஸ் பொருளாதாரத்தில் மாற்றங்களை ஏற்படுத்தும் ஜனாதிபதி இமானுவல் மேக்ரானின் திட்டங்களுக்கு ரயில்வே வேலை நிறுத்தம் பெரும் சவாலாக உள்ளது
107.wav,அதே மக்கள் தமிழகத்தில் அதிமுகதான் ஆள வேண்டும் என்று முடிவு செய்துள்ளார்கள்
108.wav,பிரதமரின் இந்த அறிவிப்பை ஆளும் கூட்டணியில் அங்கம் வகிக்கும் திமுக உட்பட பலர் வரவேற்றுள்ளனர்
109.wav,அந்தச் சிறுமிக்கு என்னவாகியிருக்குமோ எனப் பதற்றமடைந்த இளைஞர்கள் கொஞ்சம்கூட தாமதிக்காமல் தேடத் தொடங்கினர்
110.wav,மாதவனை அழைத்து எல்லாரையும் பற்றிக்கேட்டு அறிந்து அவரிடமிருந்தே சாம்பிளுக்கு சில எழுத்துக்களை வரவழைத்து வாசித்திருந்தார்
111.wav,கஜா புயலால் குடிசைகள் தொடங்கி அனைத்தையும் இழந்து நிற்கும் இவர்கள் இன்று ஒருவேளை உணவுக்கும் கையேந்தி காத்து நிற்கின்றனர்
112.wav,கள்ளக்காதலியை வீட்டிற்குள் சிறை வைத்து கொடுமைப்படுத்தியதாக மின்வாரிய ஊழியர் கைது
113.wav,வாலாஜாபேட்டை அரசு மகளிா் கலைக் கல்லூரி மேம்பாட்டுப் பணிகளை எம்எல்ஏ ஆய்வு
114.wav,நாட்டின் பெரும்பாலான பகுதிகளில் சேனா என்ற படைப்புழுவின் தாக்கம் பாதிப்பை ஏற்படுத்தியிருந்தது
115.wav,திமுக ஆட்சிக்கு வந்தால் மெட்ரோ ரயில் திட்டம் விரிவுபடுத்தப்படும் என திமுக தலைவர் கருணாநிதி உறுதியளித்தார்
116.wav,மருதமுனை மஸ்ஜிதுல் கபீர் ஜூம்ஆ பள்ளிவாசலின் மூன்றாவது மாடிக்கான கட்டிப்பணிகள் ஆரம்பம் நிதி உதவி வழங்கமாறு கோரிக்கை
117.wav,ராஜித சேனாரத்னவுக்கு பிணை வழங்கப்பட்டுள்ளதாக டுவிட்டரில் பதிவிட்டுள்ள ஹர்ச டி சில்வா
118.wav,சமீபத்தில் இவர் விவேக்குடன் நடித்த வெள்ளைப்பூக்கள் என்ற படம் நல்ல வரவேற்பை பெற்றது
119.wav,சர்வதேச அழுத்தங்களை மீறி தனக்கு நியமனம் வழங்கப்பட்டமை குறித்து சவேந்திர சில்வா விளக்கம்
120.wav,சாலைப் பாதுகாப்பு விழிப்புணா்வை ஏற்படுத்தும் வகையிலான சாலைப் பாதுகாப்பு வார விழாவை மாவட்ட ஆட்சியா் திங்கள்கிழமை
121.wav,நடிகர் சிவகார்த்திகேயன் நடித்துள்ள சீமராஜா படத்தை சட்டவிரோதமாக இணையதளங்கள் வெளியிடுவதற்குத் தடை விதித்து சென்னை
122.wav,தனுசு ராசிக்கார ஹீரோவுக்கு எந்த ராசிக்கார ஹீரோயின் ஜோடி சேரணும் தெரியுமா
123.wav,எல்லாம் பைபிளின் சரித்திரம் பைபிள் கையெழுத்துப் பிரதிகள் பைபிள் மொழிபெயர்ப்புகள் பைபிள் மொழிபெயர்ப்பாளர்கள் பைபிள் சரித்திரப்பூர்வமாகத் துல்லியமானது
124.wav,குடும்ப பிரச்சனையால் தனது இரண்டு மகள்களையும் கொலை செய்துவிட்டு தந்தை தற்கொலை
125.wav,உண்மை என்னவென்றால் எந்த மொழியையுமே கற்கும் ஆற்றலோ ஆர்வமோ இல்லாத கூட்டம் இந்த கருஞ்சட்டை கூட்டம்
126.wav,ஆனால் கிழக்கு தமிழர் ஒன்றியத்தின் அமைப்பாளர்கள் அரசியல் கட்சிகளை சாராத நடுநிலையாளர்கள் என சொல்ல முடியாது
127.wav,இதன் பின்னர் இந்த படத்தின் படப்பிடிப்பு நெய்வேலியில் நடந்து வருவது அந்த பகுதி மக்களுக்கே பலருக்கு தெரிய வந்தது
128.wav,உள்ளரங்க மழைக்காடு கொண்ட புதிய அலுவலகத்தை திறந்து அமேசான் நிறுவனம் அசத்தல்
129.wav,குடியுரிமை திருத்தச் சட்டத்திற்கு எதிராக பீம் ஆர்மி தலைவர் போராட்டம்
130.wav,ஓய்வு பெறும் நிலையில் அரசுப் பேருந்து ஓட்டுநரிடம் வசூலித்த பணத்தை திரும்ப வழங்க நீதிமன்றம் உத்தரவு
131.wav,இந்த புகாரின் பேரில் கலவை போலீசார் வழக்கு பதிவு செய்து விசாரணை நடத்தி வருகின்றனர்
132.wav,உலகக் கெரம் சாம்பியன்ஷிப் பிரதிநிதித்துவப்படுத்திய இலங்கை அணிக்கு விமானப்படையின் மூன்று விமான்னடை விரர் வீராங்களைகள்
133.wav,இறையமங்கலம் பெருமாள் மலையில் நடந்த பரமபத வாசல் திறப்பு நிகழ்ச்சியில் அருள்மிகு பிரசன்ன வெங்கடேசப்
134.wav,உங்கள் வீட்டு அலுவலகம் ஒரு ஒப்பனை கொடுக்க சிறந்த வடிவமைப்பு வடிவமைப்புகள்
135.wav,இறந்தவர்களின் உடல்களில் காயங்கள் இல்லை என்பதால் அனைவரும் தற்கொலை செய்திருக்கலாம் என போலீசார் தற்கொலை வழக்காக பதிவு செய்து
136.wav,ஊழல் வழக்கில் குற்றம்சாட்டப்பட்டுள்ள லீ ஜே யோங்கை கைது செய்யவதற்கு அனுமதி வழங்கக் கோரி நீதிமன்றத்தில் அரசு தரப்பில் வாதிடப்பட்டது
137.wav,இந்த விடயங்களை உள்ளடக்கியதாக இதுவரை நடத்தப்பட்ட பேச்சுக்களில் எந்த இணக்கப்பாடும் எட்டப்படவில்லை
138.wav,இதன் போது பாடசலைகளுக்கு விசேட கணித பாட வழிகாட்டி நூல் ஒன்றும் வழங்கப்பட்டன
139.wav,ரஷ்யாவில் கொரோனா தடுப்பூசி செலுத்தும் பணியை மிகப்பெரிய அளவில் தொடங்குமாறு புடின் உத்தரவு
140.wav,நமது ராணுவ வீரர்கள் பெற்ற வெற்றியை கூட எதிர்க்கட்சிகள் ஏற்க மனமில்லை
141.wav,இடம்பெயர்ந்தவர்களது மீள் குடியேற்றத்தை வலியுறுத்தி அம்மக்கள் இப்போராட்டத்தில் கலந்து கொள்வதனை தடுப்பதற்காக
142.wav,காவிரி விவகாரத்தை சினிமாவுடன் கலக்கும் கர்நாடகா திரைப்பட வர்த்தக சபையின் விஷமம்
143.wav,இதுவரை இல்லாத உச்சபட்ச விற்பனையை பதிவு செய்த மாருதி வேகன் ஆர்
144.wav,அமைச்சர் விஜயபாஸ்கர் பற்றி சமூக வலைத்தளங்களில் அவதூறு பரப்பியதாக அமமுக பிரமுகர் கைது
145.wav,விண்ணப்பங்கள் விநியோகம் ஆதரவற்றோர் காப்பகத்தில் பாலியல் வன்கொடுமை கலெக்டரிடம் விசிக புகார்
146.wav,உயா்நீதிமன்றம் விதித்த தடையை மீறி சரள் மண் அள்ளுவதை கண்டித்து நூதன போராட்டம்
147.wav,சாலை விரிவாக்க பணிக்கு கட்டிடங்களை இடிக்காமல் பறக்கும் பாலம் கட்ட வேண்டும்
148.wav,பதில் ஒவ்வொரு எழுத்தையும் எழுதுவதற்கு பதிலாக வாய்வழி கேள்விகளுக்கு பதிலளிக்க மாணவர் அனுமதிக்கட்டும்
149.wav,சாமுண்டீஸ்வரி கோயிலுக்கு வந்த நடிகர் சுதீப்புடன் செல்பி எடுக்க குவிந்த ரசிகர்கள்
150.wav,பிரதமர் சொல்வதை மற்ற அமைச்சர்கள் கேட்பதில்லை என்று கூறப்படுவதை நான் ஏற்கவில்லை
151.wav,தாய்லாந்தில் தயாரிக்கப்படும் பெட் உணவுகள் அமெரிக்காவை விட அதிகமான ஆய்வுக்கு உட்பட்டுள்ளன
152.wav,கணவர் அடித்து உதைப்பதாக முன்னாள் உலக அழகி யுக்தா முகி போலீசில் புகார்
153.wav,சாலையில் புழுதி பறப்பதால் பொதுமக்கள் ஆத்திரம் கல்குவாரி லாரிகளை சிறை பிடித்து சாலை மறியல்
154.wav,தனக்கு வாழ்வளித்த இயக்குநரை டாப்ஸி அவமதித்து விட்டார் எனப் பலவாறாகப் பேசிப் பேசி ஓய்ந்தனர்
155.wav,மட்டக்களப்பு மாவட்டத்தில் தற்போது காலநிலை சீராக காணப்படுவதனால் சகல இன மதத்தவர்களும் வெகு சிறப்பாக நேற்று பட்டிப்பொங்கல் திருவிழாவை கொண்டாடியுள்ளனர்
156.wav,சுண்ணாம்பு மற்றும் ஸ்டாலாக்டைட்டுகள் போன்ற புவியியல் அம்சங்களை உருவாக்க சுண்ணாம்புகளை கரைக்க இது பொறுப்பு
157.wav,உங்கள் ராசிப்படி எந்த மாதம் உங்களுக்கு சோதனைகள் நிறைந்த மாதமாக இருக்கும் என்று பார்க்கலாம்
158.wav,மிகவும் அற்ப்புதமான பணி மக்களுக்கு தெரியபடுத்தி தெளிவு படுத்தியமைக்கு மிக்க நன்றி
159.wav,அகரம் முத்தாளம்மன் கோவில் தேர் திருவிழா மக்கள் வெள்ளத்தின் ஒரு பகுதி
160.wav,நம் மனம் சாந்தமாக வைத்துக்கொள்ள தினமும் யோகா செய்வதும் நல்லது
161.wav,அந்தப் பையனே இவங்க எதிர்ல வந்தாலும் இவங்களால கண்டுபிடிக்க முடியாதுங்கிறதுதான் ஹைலைட்டே
162.wav,தற்பொழுது தீயைக் கட்டுப்படுத்தும் முயற்சியில் கண்டி தீயணைப்புப் படையினர் மும்முரமாக ஈடுபட்டுள்ளனர்
163.wav,நித்யானந்தா எங்கிருக்கிறார் என தெரியாத நிலையில் உள்துறை அமைச்சர் பஸ்வராஜ் பொம்மை எச்சரிக்கை
164.wav,ஆனால் பார்சல் மட்டுமே வழங்கப்பட வேண்டும் என்பதால் பல ஓட்டல்கள் செயல்பட முடியாததால் நுாற்றுக்கணக்கான தொழிலாளர்கள்
165.wav,வியட்நாம் நகரில் உள்ள சந்தையில் மாஜி காதலர்கள் நினைவாக இருக்கும் பரிசுகள் விற்பனை
166.wav,அதற்கு அனுமதியளித்த ரத்த உறவுகளுக்கு எந்த மாதிரியான ஆதாரங்கள் வழங்கப்பட்டன என்றும் அவர் கேள்வி எழுப்பியுள்ளார்
167.wav,குறிப்பாக அனுஷ்காவுக்கு ஒரே நேரத்தில் பல அம்புகள் விட கற்றுக்கொடுக்கும் காட்சி உலக சினிமா இதுவரை பார்த்திராத காட்சிகள்
168.wav,அமிர்தசரஸ் விபத்துக்கு முன்னதாக அரங்கேறிய ராம்லீலா நாடகத்தில் ராவணன் வேடமிட்ட நபர் ரயில் மோதி உயிரிழப்பு
169.wav,ஆனால் சித்தலிங்கய்யா அவரது மண்ணும் மனிதரும் மொழியாக்கத்தில் ஷன்பேகர்கள் என்றே எழுதியிருக்கிறார் என நினைவு
170.wav,உங்கள் உடல் எடை எந்த ஒரு காரணமும் இன்றி திடீரென்று அதிகரித்தால் அதற்கு
171.wav,பன்னிரண்டு ஆண்டுகள் இவ்விரதம் இருப்பவர்கள் வேண்டும் வரங்களை எல்லாம் பெறலாம் என்பது ஐதீகம்
172.wav,மேற்படி தாக்குதல் இடம் பெற்ற வேளை அங்கு வந்த யாழ் மாவட்டப் பாராளுமன்ற உறுப்பினர் சரவணபவன்
173.wav,இவர் சரண் இயக்கத்தில் விக்ரம் நடித்த ஜெமினி மூலம் ஹீரோயின் ஆனவர்
174.wav,சிவஞானம் தன்னுடைய கணவர் மற்றும் குழந்தைகளுடன் கோரம்பள்ளத்தில் உள்ள வீட்டு வசதிவாரிய குடியிருப்பில் முதல் தளத்தில்
175.wav,விவசாய நிலங்களில் பயிா்களை சேதப்படுத்தும் யானைக் கூட்டம்யானை வழித்தடங்களில் அட்டகாசம் செய்யும் இளைஞா்கள்
176.wav,முருகதாஸ் படத்தை முடித்துவிட்டு ஜில்லா இயக்குனர் படத்தில் நடிக்க விரும்பும் விஜய்
177.wav,ஆனால் திமுக தலைவர் ஸ்டாலின் முன்பை விட இப்போதுதான் ஆட்சியை கலைக்க வேண்டும் என்ற ஆர்வத்தில் இருக்கிறார்
178.wav,கடந்த வருடம் டிசம்பர் மாதம் கிளிநொச்சியில் பாரிய வெள்ளப்பெருக்கு ஏற்பட்டிருந்தது
179.wav,மத்திய அரசு இயற்றியுள்ள அவசரச் சட்டம் மருத்துவர்களின் பாதுகாப்பை உறுதிப்படுத்தும் என
180.wav,ஆனால் குரங்கை விரட்டிய வனத்துறையினர் நாய்க்குட்டியை உடனடியாக சிகிச்சைக்காக ஈரோடு கால்நடை ஆஸ்பத்திரிக்கு கொண்டு சென்றனர்
181.wav,சேனாதிபதி சேனனின் கிளர்ச்சியைத் தொடர்ந்து அவன் அநுராதபுரத்தில் தமிழர்களிடம் ஆட்சியைக் கையளித்த பின்னர் நிகழ்ந்தவைகளில் இவ்வாறான விபரணை வருகிறது
182.wav,குன்னூர் மலை ரயில் பாதையில் ராட்சத பாறைகள் விழுந்ததால் ரயில் போக்குவரத்து ரத்து செய்யப்பட்டது
183.wav,முதியவர்கள் அனைவரும் இரு தினங்கள் சென்னையை சுற்றிபார்த்த பின்னர் நாளை மறுநாள் தேவராயன்பாளையத்துக்கு திரும்ப இருக்கிறார்கள்
184.wav,தத்தெடுப்பு அல்லது வளர்ப்பு கவனிப்புக்காக ஒரு மகன் அல்லது மகள் ஊழியர் பணியமர்த்தல்
185.wav,இந்நிலையில் அர்ஜென்டினாவில் ரயில் டிரைவர்கள் வண்டியை ஓட்டும்போது என்னவெல்லாம் செய்கிறார்கள் என்பது தற்போது தெரிய வந்துள்ளது
186.wav,திருவோணத்தில் பிறந்தவர்கள் திருப்பதி வேங்கடேசப் பெருமாளை வணங்கி வர நன்மைகள் நடக்கும்
187.wav,இதனைத் தொடர்ந்து இன்று சிக்கிம் மாநிலத்தில் சீனா எல்லையில் ராணுவ முகாமில் ஆயுத பூஜை கொண்டாட ராஜ்நாத்சிங் திட்டமிட்டிருந்தார்
188.wav,தேசியத் தலைவரின் தாயாருக்கு சிகிச்சை வழங்க அனுமதி கோரி மத்திய அரசுக்கு கடிதம்
189.wav,அதிமுக வுக்கு ஆதரவாக ஆளுநர் ரோசையா செயல்படுவதாக காங்கிரஸ் கட்சியின் தமிழகத் தலைவர்
190.wav,இப்போது நீங்கள் பொருட்கள் பயன்படுத்தி மற்றும் மனோதத்துவப்பள்ளிகள் பிட் பயன்படுத்துவதன் மூலம் அதிகப்படியான எடை சமாளிக்க எப்படி தெரியும்
191.wav,பிரதான நதிகளின் நீர் மட்டம் உயரும் அபாயம்
192.wav,அடுத்த கட்டுரைதற்கால சீனத்தில் புதுமைகாணும் மார்க்ஸியத்தை மையமாகக் கொண்ட ஏழு சமூக சிந்தனைகளின் நீரோட்டங்களும் அவற்றின் வளர்ச்சியும்
193.wav,எமக்காக தன்னையே தந்த ஒரு போராளியை இதற்கு மேலும்
194.wav,இன்றும் பசுமையாக நெஞ்சோடு நிற்கும் இந்த உணர்வுகளை இப்போது நினைத்தாலும் சிரிப்பு தான் வருகிறது
195.wav,உங்கள் நிதி உதவி நல்ல வடிவத்தில் உள்ளது என்பதை உறுதி செய்யுங்கள்
196.wav,அப்படியானல் மாணவர்கள் விழுந்துவிழுந்து படித்துப் பரிட்சை எழுதுவது வெறும் கண்துடைப்பு நாடகம் தானா என்று கேட்டேன்
197.wav,இதனை முதலில் எச்சரித்தவ்ர்களெல்லாம் தமிழரின் துரோகிகளாக்கப்பட்டு இந்த உலகை விட்டே எப்போ
198.wav,விபத்தில் பலியான சிறுமிக்கு இழப்பீடு கோரி தனியாா் கல்லூரி பேருந்து சிறைபிடிப்பு
199.wav,அதற்கான ஆரம்பமாக இருக்கின்றன கபாலி படத்தின் வியாபாரம் மற்றும் வசூல் விவரங்களில் தென்படுகிற வெளிப்படைத்தன்மை
200.wav,எல்லப்பா மற்றும் ரத்தினம்மா ஆகியோரிடம் விசாரனை நடத்திய இன்ஸ்பெக்டர் சித்ராதேவி எல்லப்பவை கைது செய்து சிறையிலடைத்தார்
201.wav,அமெரிக்காவின் கூடைப்பந்து வீரர் சகில் ஓ நில் மற்றும் அவரது முன்னாள் காதலி நிகோல் அலெக்சாண்டர்
202.wav,பின் அந்த நீரை இரவு தூங்க செல்வதற்கு முன் குடிக்க வேண்டும்
203.wav,தெற்கு ரயில்வே ஊழியா்கள் மத்தியில் மீண்டும் கரோனா நோய்த்தொற்று பாதிப்பு அதிகரித்துள்ளது
204.wav,வேதாரண்யம் பகுதியில் வலையில் மத்தி மீன்கள் அதிகம் சிக்கியதால் மீனவர்கள் மகிழ்ச்சி
205.wav,வசூல் வதந்தி பரப்பிய தயாரிப்பாளருக்கு பதிலடி கொடுத்த மெர்சல் பட சாதனை
206.wav,அமெரிக்க பல்கலைக்கழகங்களில் மேற்படிப்பு படிக்கும் இந்திய மாணவர்கள் எண்ணிக்கை ஐந்தாவது ஆண்டாக அதிகரிப்பு
207.wav,பணத்திற்காக தான் கிறிஸ்தவ ஊடகங்கள் இருக்கிறது என்பதற்கு பாஸ்டர் கிதியோனின் மரணத்தின் மூலம் அறிய முடிகிறது
208.wav,மக்களின் எதிர்பார்ப்புக்களை நிறைவேற்றும் வகையிலேயே அமைச்சு பதவிகள் வகுக்கப்பட்டுள்ளதாக ஜனாதிபதி தெரிவிப்பு
209.wav,மீண்டும் உயிர் பயத்தை ஏற்படுத்தியிருக்கும் இந்த செயலால் நடுங்கிப்போயிருக்கிறார் அந்த பெண்
210.wav,ஏழைகளின் அரசாங்கமாக இருந்தால் பேருந்து கட்டண உயர்வை தடுக்க ஆவனம் செய்திருக்கும்
211.wav,புதிதாகக் கேட்கும் ஒருவருக்கு அவை ஏதாவதொரு நாவலின் பகுதிகள் போன்றோ திரைப்படக் காட்சிகள் போன்றோ தோன்றுவதற்கு வாய்ப்பிருக்கிறது
212.wav,நாட்டு இயற்கை வளத்தில் ஏழைகளுக்கான உரிமை மதிக்கப்பட வேண்டும் என்பதில் பிரதமர்
213.wav,பல பிரதேசங்களில் இருந்தும் பத்திர காளியின் அருள் பெற பக்த அடியார்கள் கலந்து கொண்டனர்
214.wav,பாலியல் பலாத்கார வழக்கில் குற்றம் சாட்டப்பட்டவர் ஜம்மு காஷ்மீரில் சுட்டுக்கொலை
215.wav,கனடாவின் ஒன்ராறியோ வட பிராந்தியத்தில் உள்ள பல பகுதிகள் எதிர்வரும் சில நாட்களுக்கு கடுமையான பனிப்புயலின் தாக்கத்தை
216.wav,இயற்கை பேரழிவுகள் குறித்து முன் கூட்டியே அறிவதன் மூலம் பல உயிர்களை காப்பாற்ற முடியும் என்றார்
217.wav,பிறந்த வீட்டில் இருந்து புகுந்த வீட்டிற்கு சென்றவர் மீண்டும் பிறந்த வீட்டிற்கு வருகிறார்
218.wav,இதனையடுத்து அவர் தனிமைப்படுத்தப்பட்டு தீவிர சிகிச்சை பெற்று வருவதாகவும் அவருடைய உடல்நிலை தற்போது சீராக இருப்பதாகவும் கூறப்படுகிறது
219.wav,வேட்புமனு தாக்கல் செய்தவர்கள் மொத்தம் எத்தனை பேர் என்ற விபரம் இன்னும் சில நிமிடங்களில் வெளியாகும்
220.wav,இந்த பெருமை அரசுக்கு கிடைக்கும் விதத்தில் பணியாற்றிய அனைத்து துறையினருக்கும் பாராட்டு சான்றிதழ் வழங்க முதல்வர் உத்தரவிட்டுள்ளார்
221.wav,அரசியலுக்கு வர எனக்கு எந்த தகுதியும் கிடையாது நடிகர் அஜித் அதிரடியாக கூறியிருக்கிறார்
222.wav,பாலு மகேந்திராவின் பயிற்சி பட்டறையில் நடிப்பு என பயிற்சியுடன் களம் இறங்குகிறேன்
223.wav,பாராலிம்பிக்ஸ் உயரம் தாண்டுதலில் வெள்ளிப்பதக்கம் வென்ற பிரவீன்குமாருக்கு பிரதமர் மோடி வாழ்த்து
224.wav,இரண்டே வயதுடைய சிறுவன் மலைப் பாம்புடன் நட்பு வைத்திருக்கிறார் என்று செ
225.wav,ஹட்டன் புனித ஜோன் பொஸ்கோ கல்லூரியின் பழைய மாணவர் ஒன்றியத்தின் பொதுக்கூட்டத்தில் புதிய நிர்வாக சபையினரை தெரிவு
226.wav,மக்கள் செல்வன் விஜய் சேதுபதி பிறந்த நாளை முன்னிட்டு திருச்சியில் மாபெரும் உடல் உறுப்பு தானம்
227.wav,புஷ்பவனத்தில் கஜா புயலில் சேதமடைந்த உயர்மின் கோபுர விளக்கை சீரமைப்பதில் மெத்தனம்
228.wav,மதுரை விமான நிலையத்தில் உயிர்நீத்த காவலர்களுக்கு மத்திய தொழில் பாதுகாப்புப் படையினர் மரியாதை
229.wav,மரியா தனது குழந்தைக்கு பால் கொடுத்து முடித்ததும் திரும்பவும் கோமா நிலைக்கு தள்ளப்பட்டார்
230.wav,கிழிச்சலினைத் தைக்கின்ற ஊசி போல
231.wav,தமிழகத்தில் மது விலக்கு கோரி உண்ணாவிரதம் இருக்கும் மாணவிக்கு ஆதரவு பெருகி வருகிறது
232.wav,வயதான மகள்கள் தங்கள் தாய் இறந்து எப்படி பாதிக்கப்படுகிறார்கள் என்பதை அறியுங்கள்
233.wav,நாடு சீரான வளர்ச்சி அடைய கிராமப்புற வாழ்வாதார திட்டங்களை விரைந்து செயல்படுத்த வேண்டும் என
234.wav,பட்டாசு வெடித்த அதிா்வில் அருகில் இருந்த சென்னை மண்டல காவல் துறை வாகனத்தின் முகப்பு கண்ணாடி உடைந்துள்ளது
235.wav,மாணவா் சோ்க்கையை கல்லூரி துணைத் தலைவா் முனைவா் அருள்ஜோதி தலைமையில் கல்லூரி
236.wav,இந்த நிலையில் கிட்டத்தட்ட அனைத்து கட்சிகளுமே வாக்காளர்களுக்கு பணம் பட்டுவாடா செய்யப்பட்டுள்ளதால தேர்தல் ஆணையத்தில் புகார் கொடுத்துள்ளன
237.wav,நான்கு நாள் அல்லது ஐந்து நாளுக்கு ஒரு முறை மலம் கழிப்பது வியாதிகளின் அறிகுறியாகும்
238.wav,சிங்கள ராணுவத்தோடு கட்டிப் பிடி வைத்தியத்தில் ஈடுபட்ட தமிழர்கள் இவர்கள் தான்
239.wav,இப்பொழுது அந்தப் பாலம் ஓர் அரசுசாரா நிறுவனத்தின் உதவியுடன் திருத்தப்பட்டுள்ளதாக கேள்விப்பட்டேன்
240.wav,அந்த ஒளியை நாம் அரோரா அல்லது வடக்கு மற்றும் தெற்கு விளக்குகள் என பார்க்கிறோம்
241.wav,ஆனால் தந்தை ஒருவரால் மட்டுமே தீப்தியை கொலை செய்திருக்க வாய்ப்பு இல்லை என்று சந்தேகமடைந்தகாவல்துறையினர் தீவிர விசாரணையில் ஈடுபட்டுள்ளனர்
242.wav,தாலிபான்களாவது சொல்லி விட்டு தகர்த்தார்கள் நம்மாட்கள் சொல்லாமலேயே காலி செய்து விடுகிறார்கள்
243.wav,அளவுக்கு அதிகமாக போதை மருந்தை உட்கொண்ட இளம் பெண்ணிற்கு நேர்ந்த கதியை பாருங்கள்
244.wav,பல்வேறு பகுதிகளில் அப்பாவி முஸ்லீம் வீடுகள் மற்றும் அரபுக் கல்லூரி எரிப்பு
245.wav,தேர்தல் நடைமுறை பற்றி சில கருத்து வேறுபாடுகள் இருந்தால் மீண்டும் வாக்குகளை எண்ணுங்கள்
246.wav,பெரிய வேலை நிறுத்தத்திற்கு பின் மீண்டும் தொடங்கியுள்ளோம் இந்த செட்டப்பை உருவாக்க இவ்வளவு காலம் எடுத்துள்ளது
247.wav,இலங்கை அரசின் ஆளும் உறுப்பினரான நீங்கள் கனேடிய தீவிர வாதத்திற்கு எதிராக எழுந்திருக்க வேண்டும்
248.wav,தொடர்ந்து நமது படைகள் மீது தாக்குதல் நடத்தப் பாகிஸ்தான் முயற்சி மேற்கொண்டது
249.wav,தொழிலாளர்கள் தற்போதுள்ள இருப்பிடம் நெருக்கடியாக இருந்தால் மாற்று தங்கும் வசதி ஏற்படுத்தி தர வேண்டும்
250.wav,திங்களன்று நடந்த இந்த சம்பவத்தின் அதிர்ச்சியிலிருந்து பெற்றோர்கள் மீளவில்லை என வழக்கறிஞர்கள் தெரிவித்துள்ளனர்
251.wav,அடுத்த சில வாரங்களில் தமிழகத்தில் ஆட்சி மாற்றம் ஏற்பட்டு திமுக தலைவர் ஸ்டாலின் முதல்வராவார்
252.wav,செயின்ட் ஜானின் இறைக்காதல்நிலை சார்ந்த பாடல்களுக்கும் குணங்குடி மஸ்தான் சாகிபின் மனோன்மணிப் பாடல்களுக்கும் பொருந்துவதே
253.wav,உதயசூரியன் சின்னத்திற்கு வாக்குகளை கேட்டு கவுண்டம்பாளையம் திமுக வேட்பாளர் தீவிர பிரசாரம்
254.wav,ஹிந்துஸ்தான் பெட்ரோலியம் கார்ப்பரேஷன் நிறுவனம் தனது சமூகப் பொறுப்புணர்வுத் திட்டத்திலிருந்து தருமபுரி
255.wav,தற்போது இவர் பல படங்களில் பிசியாக நடித்து கொண்டு வருகிறார்
256.wav,பம்பலப்பிட்டி ஸ்ரீ வஜிராராம விகாரையில் புனர்நிர்மாணம் செய்யப்பட்ட தர்ம மண்டபத்தினை ஜனாதிபதி மைத்திரி
257.wav,கிளிநொச்சி ஆனைவிழுந்தான் பத்தாங்கட்டை பகுதியில் ஆறு ஆமைகளை உரப்பை ஒன்றில் வைத்து மோட்டர் சைக்கில் கொண்டு சென்றவர் பொலிசாரால் கைது
258.wav,இந்தச் செய்திக்கு இதுவரை கருத்துக்களே இல்லை என்பதிலிருந்தே மக்களின் சுயநலம் வெளிப்படுகிறது
259.wav,இந்நிலையில் கிளிநொச்சி மாவட்ட அரசாங்க அதிபர் புலிகளின் பல்வேறு செயற்பாடுகளுக்கு ஒத்துழைப்பு வழங்கியுள்ளதுடன் பல்வேறு
260.wav,கோரிக்கைகளை அரசு நிறைவேற்றாவிடில் அடுத்தக்கட்ட போராட்டம் அரசு மருத்துவா்கள் சங்கங்களின் கூட்டமைப்பு அரசு மருத்துவா்கள் அறிவிப்பு
261.wav,கலங்கரை விளக்கம் அருகே வானம் வெள்ளை போர்வையை விரித்து போர்த்தியது போல் உருவான ரம்மியமான காட்சி
262.wav,திருமணத்திற்கு முன்பே இப்படி செய்பவர்கள் தாலி கட்டிய பிறகு என்னவெல்லாம் செய்வார்கள்
263.wav,தமிழ்த் தேசியக் கூட்டமைப்பு உள்ளுராட்சி மன்ற உறுப்பினர்களுக்கான சத்தியப் பிரமான நிகழ்வு
264.wav,முடியும் என்று அரசியல் சட்டத்தில் எழுதிவைத்திருக்கும் இலங்கையில் தமிழர்களுக்கு சம உரிமை
265.wav,பெட்ரோல் டீசலுக்கு மாற்றாக மாசு ஏற்படுத்தாத ஹைட்ரஜன் என்ஜீனை கண்டுபிடித்தவருக்கு கொலை மிரட்டல்
266.wav,சொல்லப்போனால் பிக் பாஸ் நிகழ்ச்சியில் பங்குபெற்ற ஓவியாவை விட இவருக்கு தான் அடுத்தடுத்து பட வாய்ப்புகள் வந்த வண்ணம் இருக்கிறது
267.wav,ஜல்லிக்கட்டு ஆள்மாறாட்ட புகார் குறித்து கோட்டாட்சியர் விசாரிக்க மதுரை ஆட்சியர் உத்தரவு
268.wav,மேலும் திரைத்துறையினர் பலரும் இதுபோன்று உதவ முன்வர வேண்டும் என்ற கோரிக்கை தொடர்ந்து முன்வைக்கப்படுகிறது
269.wav,தடங்கலுக்கு வருந்துகிறேன் நண்பரே நேற்றே வெளிட்டுவிட்டேன் உங்கள் மேலான கருத்துக்களுக்கும் ஊக்கத்திற்கும் சிரம் தாழ்ந்த நன்றிகள்
270.wav,தேர்வு எழுதும் மாணவர்கள் அரைக்கை சட்டைகளைத்தான் அணிய வேண்டும் என்று கட்டுப்பாடு விதிக்கப்பட்டுள்ளது
271.wav,இதனையடுத்து முன்னாள் அரசாங்க அதிபர் உரையாற்றியிருந்தன் பின்னர் புதிய அரசாங்க அதிபர் தனது கடமைகளை உத்தியோகபூர்வமாக ஆவணங்களில் கையொப்பமிட்டு ஆரம்பித்திருந்தார்
272.wav,இந்தக் கூட்டத்தில் மக்களின் தேவைகள் தெரிந்து கொள்ளப்பட்டு அதற்கேற்றவாறே புதிய தட
273.wav,அனைத்து மாநில முதல்வர்களுடன் பிரதமர் மோடி நாளை காணொலி மூலம் ஆலோசனை
274.wav,இருவர் காயமடைந்த நிலையில் கிளிநொச்சி வைத்தியசாலையில் அனுமதிக்கப்பட்டு சிகிச்சை பெற்று வருகின்றனர்
275.wav,நீண்ட போக்குவரத்து நெரிசலில் சிக்கிய நிலையிலேயே ஜனாதிபதி தனது அறைக்கு செல்ல நேரிட்டுள்ளதாக குறித்த ஊடகம் மேலும் தெரிவித்துள்ளது
276.wav,நெடுவாசலில் வணிக ரீதியான பெட்ரோலிய சுரங்க குத்தகைக்கு உரிமம் வழங்கவில்லை
277.wav,தடகள வீராங்கனைகளுக்கு பாலியல் தொல்லை கொடுத்த வழக்கில் பயிற்சியாளர் நாகராஜனின் ஜாமின் மனு தள்ளுபடி
278.wav,தமிழிசை சவுந்தரராஜன் தெலங்கானா மாநில கவர்னராக தேர்வு செய்யப்பட்டதில் பெரியாரின் வெற்றி இருக்கிறது என திராவிடர் கழக
279.wav,அட்சய திரிதியை தினத்தில் சிறிதளவேனும் தங்கம் வாங்கிவிட வேண்டும் என்று அனைவரும் நினைப்போம்
280.wav,கான்பூரில் மோடி தவறி விழுந்த படிக்கட்டுகளை இடிக்க அம்மாநில அரசு முடிவு செய்துள்ளதாக செய்திகள் வெளிவந்துள்ளது
281.wav,நாங்கள் உலக சுகாதார மையத்திற்கு கொடுக்கும் நிதியை நிறுத்தி வைக்க முடிவு செய்து இருக்கிறோம்
282.wav,சவுதி வான் பாதுகாப்பை பலப்படுத்த வீரர்களை அனுப்பி வைக்க அதிபர் டிரம்ப் ஒப்புதல்
283.wav,மட்டக்களப்பு சியோன் தேவாலயத்தில் தாக்குதல் மேற்கொண்ட நபரின் தகவல் வெளியாகியுள்ளது
284.wav,மலையை பெரிய கல்லாகவும் குழந்தையின் கைக்குள் அடங்கும் கல்லை சிறிய மலையாகவும் பார்ப்பதென்பது மழலை ஜென்னாகும்
285.wav,நீங்கள் சென்றுவந்த பாதை இந்த ஓக்கி புயலுக்குப்பின்னாடி உருவான பாதையாக இருக்கலாம்
286.wav,அவரவர் உடைமைகளை பரஸ்பரம் உரிமையாகக் கொடுத்து பார்த்துக் கொள்ளச் சொல்வது கிண்டலடிப்பது என்று எங்கள் நட்பை வலுவாக்கிக் கொண்டோம்
287.wav,ஆடி கார் விபத்தில் பலியான முனுசாமியின் பிள்ளைகள் படிப்புச் செலவை ஏற்றார் விஷால்
288.wav,தமிழகத்தில் தலைவர்களை வளைப்பதிலும் வதைப்பதிலும் மும்முரமாக இறங்கிவிட்டது பாஜக என்கின்றன கமலாலய வட்டாரங்கள்
289.wav,சுரங்க ஊழல் விவகாரத்தில் பெயர் கெட்டுப் போன ரெட்டி சகோதரர்களுக்கு சுஷ்மா தான்
290.wav,மதிய நேரம் மாணவி தனித்துச் சென்றதைப் பயன்படுத்தி அவரைக் கடத்தியுள்ளனர் என்று கூறப்படுகிறது
291.wav,தீவிரவாதத்துக்கு எதிராக இந்தியாவுடன் இணைந்து அமெரிக்கா செயலாற்றும் என்று அந்நாட்டு வெளியுறவுத்துறை அமைச்சர் ரெக்ஸ் டில்லர்சன் தெரிவித்துள்ளார்
292.wav,விராலிமலை அரசு பெண்கள் மேல்நிலைப்பள்ளியில் சாலை பாதுகாப்பு வார விழா விழிப்புணா்வு நிகழ்ச்சி வியாழக்கிழமை நடைபெற்றது
293.wav,ஈரான் நாட்டின் எலைட் குட்ஸ் படையின் தளபதி ஜெனரல் குவாசிம் சுலைமான்
294.wav,தேர்தல் ஆணையத்துக்கு லஞ்சம் தர முயன்ற வழக்கில் சுகேஷ் ஜாமின் நீட்டிப்பு
295.wav,அப்போது புதுக்கோட்டை மாவட்டம் மீமிசல் ஆற்றில் இருந்து மணல் திருடிச் சென்றலாரியை பறிமுதல் செய்து தப்பி ஓடிய டிரைவரை
296.wav,இந்த வேலையை சரியாகப் பூர்த்தி செய்து கூடுதல் மற்றும் சிறந்த அம்சங்களைக் கொண்டுள்ளது
297.wav,சொத்து குவிப்பு வழக்கில் ஜெயலலிதாவிற்கு நீதிபதி குன்ஹா வழங்கிய தீர்ப்பை உறுதி செய்ய வேண்டும்
298.wav,இந்த சட்டமூலத்துக்கு ஜனாதிபதி ராம்நாத் கோவிந்த் நேற்றிரவு ஒப்புதல் அளித்து கையொப்பமிட்டார்
299.wav,மேலே தடை செய்யப்படுவதாக அறிவிக்கப்பட்ட விஷயங்களை தவிர மற்ற விஷ்யங்களுக்கு அனுமதி
300.wav,அதன்பிறகு அவன் அந்த வீட்டில் எளிதாகத் திருடிக் கொண்டு வெளியே வந்துவிட்டான்
301.wav,திறமையானவர்கள் நல்ல வேலை தெரிந்தவர்கள் கெட்டிக்காரர்கள் அரசாங்க வேலைக்கு வருவதில்லை என்பதனை நான் பார்த்திருக்கின்றேன்
302.wav,இன்னும் பல வருடங்களுக்கு நான் குழந்தைகளுக்கு சொல்லிக்கொண்டிருக்கப் போகும் அருமையான இந்தக்கதைக்கான நன்றிகளுடன்
303.wav,அமெரிக்காவில் கருப்பினத்தவரான் ஜார்ஜ் பிளாய்டின் பொலிஸ்காரர் ஒருவரால் கொல்லப்பட்ட நிலையில் அங்கு போராட்டங்கள் கலவரங்கள் இடம்பெற்றுக்கொண்டு இருக்கிறது
304.wav,சட்டப்பேரவை தேர்தலில் அமமுக கூட்டணியில் விடுதலை தமிழ்ப்புலிகள் கட்சிக்கு ஒரு தொகுதி ஒதுக்கீடு
305.wav,இதற்கான இந்திய அணி வீரர்கள் அடங்கிய பட்டியலை தேர்வுக்குழு இன்று வெளியிட்டுள்ளது
306.wav,லலிதா ஜுவல்லரி கொள்ளை வழக்கில் கைதான கொள்ளையன் முருகனுக்கு திருச்சி குற்றவியல் நீதிமன்றத்தில் ஜாமீன்
307.wav,நீதிபதி கர்ணன் விடுதலை கோரும் மனு சென்னை உயர் நீதிமன்றத்தில் தள்ளுபடி
308.wav,அருந்ததியர் உள் ஒதுக்கீட்டுக்கு எதிரான வழக்கில் நாளை தீர்ப்பு அளிக்கிறது உச்சநீதிமன்றம்
309.wav,தனக்குரிய மாதாந்த கொடுப்பனவை மக்கள் தேவைகளுக்காக பயன்படுத்துமாறு பொறியியலாளர் ஷிப்லி பாறுக் வேண்டுகோள்
310.wav,தளபதி விஜய் நடிப்பில் உருவாகியுள்ள சர்கார் தீபாவளி பண்டிகையை முன்னிட்டு இன்று உலகம் முழுவதும் வெளியாகி ரசிகர்களிடையே நல்ல
311.wav,வெளிநாட்டில் நம் நாட்டில் மற்றும் விமான போக்குவரத்து எரிபொருள் பாப்புலர் வகையான
312.wav,மன்னார் பிரதேச சபை உறுப்பினர் ரிசாபியின் பதவி நீக்கம் குறித்து செபமாலை பீரிஸ் கருத்து
313.wav,வடகொரிய ஜனாதிபதி கிம் ஜாங் அன் இன்று சீனா செல்கிறார்
314.wav,கரூர் குற்றவியல் நீதிமன்றங்களில் தமிழ்நாடு நீதித்துறை அடிப்படைப் பணியில் காலியாக உள்ள கீழ்வரும் பதவிகளுக்கு
315.wav,காங்கிரஸில் உள்ள முன்னாள் ஐஏஎஸ் அதிகாரி சசிகாந்த் செந்தில் பேட்டி
316.wav,வள்ளியூா் ரயில்வே சுரங்கப் பாதை அணுகு சாலையை சீரமைக்கக் கோரி மனு
317.wav,மாமல்லபுரம் கிழக்கு கடற்கரை சாலையில் வளைவு பகுதியில் அமைத்த தடுப்புகளால் வாகன ஓட்டிகள் அவதி
318.wav,அமைச்சர் ஆவடி நாசர் தகவல் டிஎன்பிஎஸ்சி மூலம் ஆவினுக்கு ஆட்கள் தேர்வு
319.wav,இளையராஜா சில இசைக்கோப்புகளை பிரத்யேகமாக இந்தத் தொகுப்புக்காக உருவாக்கி கொடுத்திருக்கிறார் என்பதும் குறிப்பிடத்தக்கது
320.wav,தூத்துக்குடி மாவட்டத்தை சேர்ந்தவர்கள் விண்ணப்பிக்கலாம் ஐக்கிய அரபு நாடுகளில் தச்சர் பணிக்கு அழைப்பு
321.wav,அடைசீ பீத்தல் வெங்காயம் இதைவெச்சுண்டு என்னமா கலாய்கிறாங்க முஸ்லீம் வீட்டு நிக்காஹ் அவாளுக்கு வெங்காயமின்றி சமைக்கவேதெரியாது உருப்படியான பரிசு
322.wav,சம்பவம் தொடர்பில் விசாரணை நடக்கும் நிலையில் யாரும் இன்னும் கைது செய்யப்படவில்லை என கூறியுள்ளனர்
323.wav,என் பாடல் பதிவில் வழக்கமான இசைக்கருவிகளின் திறன் மேம்பட்டு ஒலிப்பதால் அவை இசைக்கருவிகளின் வாயிலாக இசைக்கப்படாதது போல் தோன்றுகிறது
324.wav,தருமபுரி நெடுஞ்சாலை கோட்டப் பொறியாளா் அலுவலகத்தில் லஞ்ச ஒழிப்பு போலீஸாா் சோதனை
325.wav,குடல்புழு நீக்கம் செய்யக்கூடிய அல்பெண்டசோல் மாத்திரைகள் வழங்கும் பணி துவக்கம்
326.wav,தாய்லாந்தில் பெய்து வரும் கனமழையால் அங்கிருந்து ஹோண்டா கார்களுக்கான உதிரிபாகங்கள் சப்ளை அடியோடு பாதிக்கப்பட்டுள்ளது
327.wav,சிங்கப்பூரிலிருந்து கிளம்பிய சொகுசுக் கப்பலின் நீச்சல் குளத்தில் மூழ்கி சிறுவன் மரணம்
328.wav,திருப்பூர் ஜீவாநகரில் ஆக்கிரமிக்கப்பட்ட கூட்டுறவு சங்க இடத்தை மீட்டு தர கோரி மக்கள் கலெக்டரிடம் மனு
329.wav,சுற்றுச்சூழல் தாக்க மதிப்பீட்டு இறுதி அறிக்கையை தாக்கல் செய்ய கர்நாடக உயர்நீதிமன்றம் தடை
330.wav,நிஜ வாழ்க்கையில் ஒரு தேவதை ஆக எப்படி ஒரு சில குறிப்புகள்
331.wav,ஆனால் வெற்றிடம் இருப்பதாக எனக்கு தெரிய வந்தால் உடனே அங்கு மரக்கன்றுகளை நடுவேன் என்றும் நகைச்சுவையாக தெரிவித்தார்
332.wav,புத்தகக் கண்காட்சியில் உயிர்மை மற்றும் பாரதி புத்தகாலய அரங்கில் இந்த டிவிடிகள் விற்பனைக்கு கிடைக்கும்
333.wav,அதிலும் சுகப்பிரசவம் ஆனவர்கள் இதற்கு முன்னரே சின்ன சின்ன பயிற்சிகளை மேற்கொள்ளலாம்
334.wav,நடத்திய கூட்டம் இது ஆகவே மக்கள் பணியாற்ற மீண்டும் காமராஜர் கனவை நனவாக்க வாருங்கள் இவ்வாறு தனது அறிக்கையில் கூறியுள்ளார்
335.wav,செயின் பறிப்பை தடுத்தபோது கொள்ளையர்கள் பைக்கில் இருந்து கீழே தள்ளியதில் தம்பதி படுகாயம்
336.wav,பெல்லா ஹேடிட் மற்றும் தி வார்ட் ஆகியோர் கோச்சலே மீது முத்தமிட்டனர்
337.wav,ஸ்ரீ சிந்தாயாத்திரைப் பிள்ளையார் ஆலய வருடாந்த உற்சவத்தின் வேட்டைத் திருவிழாவும் சப்பரத் திருவிழாவும்
338.wav,பிரித்தானியர்களுக்கு உதவியதால் அவர்களுக்கு ஏற்பட்டுள்ள ஆபத்து கருதி அவர்கள் பிரித்தானியாவில் வாழ அனுமதிக்கப்பட்டனர்
339.wav,போது தேடல் பகுதியில் மேற்கில் இருந்து கிழக்கை நோக்கி திசையில் செல்ல வேண்டும்
340.wav,ஜெய்ப்பூர் இலக்கிய விழாவில் வீடியோ கான்பரன்ஸ் மூலம் உரை நிகழ்த்துகிறார் ருஷ்டி
341.wav,சம்பளம் வழங்க கோரி நடந்த போராட்டத்தில் அங்கன்வாடி ஊழியர் சங்க தலைவி தீக்குளிக்க முயற்சி
342.wav,அமைச்சுக்கும் அதனது அமுல்படுத்துகைக்குமாக ஒரு இயலுமையைக் கட்டியெழுப்பல் திட்டத்தையும் மனிதவள கொள்கையையும் தயாரித்தல்
343.wav,கொழும்பு மாநகர எல்லைக்குள் நாளை குறைந்த அழுத்தத்துடன் குழாய் நீர் விநியோகம்
344.wav,ஒரு வழக்கறிஞரைக் கொள்ள முடியாது என்பதால் வேறொருவருக்கு வேறு வழியைக் கிடைக்காத வாரிசுகளுக்கு மறு உத்தரவு வழங்கவும்
345.wav,ஆனால் நாங்குநேரியை பொருத்தவரை காங்கிரஸ் செய்த மிகப்பெரிய தவறு காரணமாக அங்கு இடைத்தேர்தல் வந்துள்ளது
346.wav,ஏற்கனவே உள்ள கட்சிகள் அல்லாதவருக்கும் மக்கள் ஒன்று இணைந்தால் வெற்றி கிடைக்கும் என்ற ஒருமித்த நம்பிக்கை மற்றும் சிந்தனை வேண்டும்
347.wav,நேற்றைய வாசகர்களைவிட இன்றைய வாசகர்களுக்கு இது மேலும் எளிதாக வாசிக்கக்கூடியதாக இருக்கிறது
348.wav,அன்வர் இப்ராஹிம் மீது ஓரினச் சேர்க்கை குற்றத்தை உறுதி செய்தது உச்சநீதிமன்றம்
349.wav,இசை வெளியீட்டு விழா மேடையிலேயே புதிதான முறையில் டிக்கெட் விற்பனை முறையை அறிமுகப்படுத்திப் பேசிய தயாரிப்பாளர் நீல்கிரிஸ் முருகன்
350.wav,சவாரி வந்தவர் கொலைவெறி வாடகை கேட்ட ஆட்டோ டிரைவருக்கு அரிவாள் வெட்டு வத்தலக்குண்டுவில் பரபரப்பு
351.wav,வரிசை எண்களும் சின்ன எழுத்தில் ஆரம்பித்து பெரிய எழுத்துக்களில் முடியும்
352.wav,குடியுரிமை திருத்தச்சட்டத்திற்கு எதிராக போராடியவர்கள் மீது தடியடி அரசியல் கட்சி தலைவர்கள் கண்டனம்
353.wav,முன்பெல்லாம் பெர்முடா முக்கோண பகுதியை சென்றடையும் விமானங்கள் மட்டுமே காணாமல் போய் வந்தன
354.wav,யாழ்ப்பாணம் பெரியபுலம் பாடசாலை மாணவி தகாதமுறை குற்றச்சாட்டு கைது ஆசிரியர் விளக்கமறியல் நீதிவான் நீதிமன்றம்
355.wav,வெளிநாடுகளில் அதிக அளவில் உள்ள இவற்றின் செயல்பாடு தற்போது இந்தியாவிலும் நடைமுறைப்படுத்தும் பணி தொடங்கி விட்டது
356.wav,இதனால் ஒரே நேரத்தில் லைகா தயாரிக்கும் இரண்டு முக்கிய படங்களில் நிவேதா பேத்ராஜ் நடிக்கவுள்ளார் என்பது குறிப்பிடத்தக்கது
357.wav,ஓபீஎஸ் வீட்டில் இருந்து யாரும் வெளியே வரவேண்டாம் என பொலிசார் எச்சரித்துள்ளனர்
358.wav,ஆக்கிரமிப்பில் உள்ள நீர் நிலைகளை மீட்க வேண்டும் என்பன உள்ளிட்ட பல்வேறு
359.wav,ஆல்பர்டாவின் முந்தைய ப்ரீமியரின் மரணத்தை தொடர்ந்து இரங்கல் செய்திகள் குவிந்த வண்ணம் உள்ளன
360.wav,என உயிரிழந்த விடுதலைப்புலி போராளிகளின் தாய்மார்கள் தங்களின் உள்ளக் குமுறல்களை வெளிப்படுத்தியுள்ளனர்
361.wav,அரசு பேருந்து கட்டணங்களை உயர்த்த தமிழக அரசு முடிவு எடுத்துள்ளதற்கு பொதுமக்கள் கடும் எதிர்ப்பு தெரிவித்துள்ளனர்
362.wav,தமிழகம் முழுவதும் சிறப்பாக பணியாற்றிய ஆசிரியர்களுக்கு கனவு ஆசிரியர் விருது வழங்கப்படும் என பள்ளிக்கல்வித்துறை அமைச்சர் செங்கோட்டையன்
363.wav,உங்களுடைய மேல் கையில் தொடங்கி உங்கள் கோல்ஃப் கிளப்பை பிடிக்க சரியான வழியைக் கற்றுக்கொள்ளுங்கள்
364.wav,நேற்று முதல் தபால் மூல வாக்காளர் அட்டைகளை விநியோகிக்கும் நடவடிக்கைகள் முன்னெடுக்கப்பட்டு வருகி
365.wav,சிறு வயதில் குழந்தை ஜோலி பிறர் பயன்படுத்திய ஆடைகளையே உடுத்திக் கொண்டு மிக ஏழ்மையான நிலையில் சக மாணவர்களால் தனிமைப்படுத்தப்பட்டிருக்கிறார்
366.wav,இது குறித்து விளக்கம் அளிக்கும்படி டெல்லி முனிசபல் கவுன்சில் சுகாதார அதிகாரிக்கு மாநில சுகாதாரத்துறை நோட்டீஸ் அனுப்பி உள்ளது
367.wav,பறவைகளை விழுங்கும் இராட்சத விஷ சிலந்தி தென் அமெரிக்க மழை காடுகளில் வசித்து வருகிறது
368.wav,இதேவேளை முப்படையின் சீருடைக்கு ஒத்ததான பெருந்தொகையான துணி ஹெம்மாத்தகம பிரதேசத்தில் கண்டுபிடிக்கப்பட்டதாகவும்
369.wav,அந்தப்பேரில் ஊரில் எவரும் இல்லை என ஊர்த்தலைவர் சாட்சி சொன்னபிறகுதான் ராணுவத்தேடல் இல்லாமலாயிற்று
370.wav,மதுரையில் உயிரிழந்த தீயணைப்பு வீரர்கள் குடும்பத்தினருக்கு டிஜிபி ஜாபர் சேட் ஆறுதல்
371.wav,நாமக்கல் மக்களவை தொகுதியில் திமுக கூட்டணி கட்சி வேட்பாளர் சின்ராஜ் முன்னிலை
372.wav,இலங்கை சுதந்திர சுகாதார சேவைகள் சங்கத்தின் யாழ்மாவட்ட அங்கத்தவர்களுடன் கலந்துரையாடிய ராஜித சேனாரத்ன
373.wav,நான் விளையாடிய காலத்தில் எதிரணி வீரர்களை வார்த்தைகளால் சீண்டுவது அதிகமாக காணப்பட்டது எனவும் லீமன் தெரிவித்துள்ளார்
374.wav,என நாடாளுமன்ற உறுப்பினர் டக்ளஸ் தேவானந்தா அவர்கள் இன்றைய தினம் நாடாளுமன்றத்தில் உரையாற்றும்போது கேள்வி எழுப்பியுள்ளார்
375.wav,அஃதாவது நேரடியான சூரியஒளிக்கதிர்கள் இவ்வகை மனைகளுக்குள் கடவுள்களில் பட்டுத்தான் தெறித்துவந்தாலும் பாயாது
376.wav,கிரிக்கெட் ஜாம்பவான் சச்சின் டெண்டுல்கர் தேடிய சென்னை ஹோட்டல் ஊழியர் பேட்டி
377.wav,ஏழு கட்சிகள் கூட்டத்தில் ஜனாதிபதி மற்றும் பிரதமரைச் சந்தித்து உரையாடுவது என தீர்மானம்
378.wav,இவ்வாறான பிழைச்செய்தி எதனால் ஏற்படுகின்றது என்ற காரணத்தை பிரதிபலிக்குமாறு செய்வது அதனை சரிசெய்வதற்கான தூண்டுகோலாக நின்று ஊக்கப்படுத்துகின்றது
379.wav,கணேசமூர்த்தி உதயசூரியன் சின்னத்திற்கு வாக்குகள் கேட்டு திங்களன்று ஈரோடு மேற்கு சட்டமன்ற தொகுதிக்கு உட்பட்ட பகுதிகளில் பிரச்சாரம் மேற்கொண்டார்
380.wav,முன்னாள் கணவரை அடைய முகம் தெரியாத நபருடன் பாலுறவு கொள்ளும் முஸ்லிம் பெண்கள்
381.wav,அகதி ஊழியர்களும் இணைப்பு பற்று அட்டை கொண்டுள்ள தங்களது குடும்பத்தினருக்கு பணம் அனுப்புவதற்குப் பற்று அட்டைகளைப் பயன்படுத்தலாம்
382.wav,அதிகளவு துருப்புக்கள் மற்றும் கண்காணிப்பு விமானங்கள் பயன்படுத்தப்பட்டு காணாமற்போன மாணவர்களை தேடும்பணி முழுவீச்சில் நடைபெறுவதாக முகம்மது புஹரி மேலும் தெரிவித்தார்
383.wav,பின்னர் உங்கள் உடல் வெறும் வைட்டமின் ஏ இல்லை
384.wav,சகாயம் அலுவலகத்திற்குள் சொல்லாமல் கொள்ளாமல் புகுந்த அதிமுக மாஜி மாவட்டச் செயலாளர்
385.wav,பாகிஸ்தான் நினைத்தால் ஆப்கான் போர் முடிவுக்கு வரும் என்கிறார் ஆப்கன் தளபதி
386.wav,தென்னையை பாதிக்கும் ரூகோஸ் சுருள் வெள்ளை ஈ கட்டுப்படுத்த வேளாண் விஞ்ஞானிகள் விளக்கம்
387.wav,பல பணிகளை மொத்தமாக ஒப்படைக்கும் பேக்கேஜ் டெண்டர் முறை ரத்து செய்யப்பட உள்ளதாக உயர்நீதிமன்றத்தில் அரசு தகவல்
388.wav,இந்த தடவை இரண்டு பியர் அதிகமாக பருகியதால் வந்த கீதை இது
389.wav,விருதுநகர் மாவட்டத்தில் சிவகாசி சப்ரிஜிஸ்டர் அலுவலகத்தில் தான் அதிக வருவாய் ஈட்டப்படுகிறது
390.wav,வாலாஜாபாத் சுற்று வட்டார பகுதிகளில் மின்னல் வேகத்தில் செல்லும் தனியார் தொழிற்சாலை பஸ்கள்
391.wav,அதுமட்டுமன்றி முஸ்லிம் மக்களில் சிலரும் இன்றைய போராட்டத்தில் கலந்துகொண்டு தமது ஆதரவுக் கரங்களை நீட்டியிருந்தனர்
392.wav,பச்சிளம் குழந்தையை கழிவு நீர் குழாயின் அடிப்பகுதியில் இருந்து காப்பாற்றிய பெண்ணுக்கு குவியும் பாராட்டு
393.wav,அவ்வாறான பாடசாலை அதிபர்களுக்கு எதிராக நடவடிக்கை எடுக்கப்படும் என கிழக்கு மாகாண முதலமைச்சர் மேலும் தெரிவித்தார்
394.wav,பெண்களின் வயதுக்கு ஏற்ப இவர்கள் விலை வைத்து விற்று வரும் கொடூரம் நடக்கிறதாம்
395.wav,நெருக்கடியில் உள்ள ஐரோப்பிய நாடுகளுக்கு உதவி வழங்கும் நிதியம் ஒன்றுக்கு ஜேர்மனியின் நாடாளுமன்றம் அங்கிகாரம்
396.wav,ஊழியர் இராஜிநாமா கடிதத்தில் என்ன சேர்க்க வேண்டும் என்ற யோசனை பெற மாதிரி ராஜினாமா கடிதங்களை மதிப்பாய்வு செய்யவும்
397.wav,பொது பல சேனாவின் நடவடிக்கைகளை அரசு வேடிக்கை பார்ப்பதன் காரணம் புரியவில்லை
398.wav,கீழ்பவானி பாசன திட்ட தந்தை தியாகி ஈஸ்வரனுக்கு சிலை முதல்வர் அறிவிப்புக்கு கொங்கு விவசாயிகள் வரவேற்பு
399.wav,குடியுரிமை சட்டத் திருத்த மசோதாவை மக்களவையில் தாக்கல் செய்தார் அமித் ஷா
400.wav,இன்று வேளாண் துறையில் எவ்வளவோ நவீன தொழில் நுட்பங்கள் வந்திருந்தாலும் நெற்பயிர்களை சேதப்படுத்தும் எலிகளை கட்டுப்படுத்த
401.wav,பொன்னேரி அருகே ஏரியில் ஒரு பெண் மற்றும் சிறுவனின் சடலம் மீட்கப்பட்டிருப்பது அப்பகுதியில் பெரும் பரபரப்பை ஏற்படுத்தியுள்ளது
402.wav,உடல் நிறத்தை சிவப்பாக மாற்றக் கூடிய அற்புதக் குணம் இதில் நிறைந்து
403.wav,எனது புத்தகங்களுக்குத் தொடர்ந்து ஆதரவு அளித்து வரும் வாசகர்கள் அனைவருக்கும் மனம் நிரம்பிய நன்றியைத் தெரிவித்துக் கொள்கிறேன்
404.wav,மறைந்த தமிழறிஞர் மன்னர் மன்னன் உடலுக்கு புதுவை முதல்வர் நாராயணசாமி அஞ்சலி
405.wav,செய்ய வில்லை என்றால் அதில் பணம் வைத்து இருந்தால் பயப்படாமல் பதாராமல் தொடர்ந்து படியுங்கள்
406.wav,தங்க இறக்குமதி மீதான வரி வெளிநாட்டு நாணய பரிமாற்றத்தை பேண உதவும்
407.wav,இதனை அடுத்து இந்த சூப்பர் ஐடியா கொடுத்த மாணவிக்கு இஸ்ரோ அழைப்பு விடுத்துள்ளது என்பது குறிப்பிடத்தக்கது
408.wav,சமூக வலைதளங்களில் முதல்வா் குறித்து அவதூறு பரப்பிய கோவை இளைஞா் கைது
409.wav,மேலும் அந்த முதலீட்டை முறைகேடாக பெற்று தர அப்போதைய மத்திய நிதி
410.wav,வெங்கடாசலம் தலைமையில் வடகிழக்கு பருவமழை காலங்களில் மேற்கொள்ளப்பட வேண்டிய முன்னெச்சரிக்கை நடவடிக்கை ஆலோசனை கூட்டம்
411.wav,திண்டுக்கல் மாவட்டம் பரப்பலாறு அணையிலிருந்து நாளை முதல் பாசனத்திற்கு நீர் திறக்க தமிழக அரசு உத்தரவு
412.wav,காயமடைந்தவர் திருகோணாமலை பொது வைத்திய சாலையில் சிகிச்சை பெற்றுவருவதோடு மேலதிக விசாரணைகளை திருகோணமலை தலைமையகப் பொலிசார் முன்னெடுத்துவருகின்றனர்
413.wav,நாங்க ஏற்கனவே இது பத்தியெல்லாம் கலெக்டர் கிட்ட மனு கொடுத்துட்டோம்
414.wav,பணி செய்யவிடாமல் தடுக்கும் துணைத் தலைவா் மீது நடவடிக்கை எடுக்கக் கோரி ஊராட்சித் தலைவா் மனு
415.wav,கருப்பு பூஞ்சை நோயை கட்டுப்படுத்த உரிய நடவடிக்கைளை எடுக்குமாறு மாநில அரசுகளுக்கு மத்திய அரசு அறிவுறுத்தல்
416.wav,இந்த கோரிக்கைகளை அவர்கள் ஏற்றுக் கொண்டால் நாங்கள் கூட்டணி பேசுவதற்கு தயாராக உள்ளோம்
417.wav,நாளை அவர் ஊழலை ஒழிப்பேன் என்றும் சொல்லவில்லை ஊழலுக்கு உடந்தையாக இருக்க மாட்டேன் என்று மட்டும் சொன்னார்
418.wav,லோக் ஆயுக்த சட்டத்தை ரத்து செய்யக் கோரும் மனு மீது பதில் அளிக்க தமிழக அரசுக்கு உச்சநீதிமன்றம் உத்தரவு
419.wav,உளவு இளவரசி நூரின் தியாகத்தை ஞாபகப்படுத்தும் விதமாக லண்டனில் உள்ள கோர்டன் ஸ்குயர் கார்டன் பகுதியில் சிலை திறப்பு
420.wav,இந்த நிலையில் அஜித்துக்காக ஒரு தனி இணையதளம் ஒன்றை ஆரம்பிக்க அஜித் ரசிகர்கள் முடிவு செய்துள்ளனர்
421.wav,கோணவாய்க்கால் பகுதியில் சமூக விரோத செயல்களில் ஈடுபடுபவர்கள் மீது நடவடிக்கை கோரி சாலை மறியல்
422.wav,மகன் பாரோன்னுடன் மெலானியா டிரம்ப் வெள்ளை மாளிகையில் தனது மனைவியிடம் சென்றார்
423.wav,மனைவியையும் மூன்று பிள்ளைகளையும் தன்னுடன் சேர்த்து வைக்கக் கோரி கணவன் உண்ணாவிரதப் போராட்டம்
424.wav,தோனியை அவருடைய மகளுடன் காணும்போது என் மகளின் குழந்தைப் பருவக் காலங்கள் நினைவுக்கு வரும்
425.wav,தென் தமிழகத்தில் புகழ் பெற்ற மாரியம்மன் கோயில்களில் விருதுநகா் மாவட்டம் சாத்தூா் அருகே உள்ள இருக்கன்குடி மாரியம்மன் கோயில்
426.wav,நடுவர் இங்கு பங்கேற்ற அனைவரும் திறமையாணவர்கள்தான் ஒருத்தருக்கொருத்தர் சலைத்தவர்கள் அல்ல ஆனால் இந்த விருதை ஒருவருக்குதான் கொடுக்க முடியும் ஆதாலால்
427.wav,சென்னை இரண்டாம் கட்ட மெட்ரோ ரயில் பணிகளுக்கு மண் பரிசோதனை பணிகள் மும்முரம்
428.wav,தொடர் உண்ணாவிரதம் இருந்த ஜெகனை குண்டுகட்டாக தூக்கிச் சென்று மருத்துவமனையில் அனுமதித்த போலீசார்
429.wav,ஓமலூர் அருகே வெள்ளக்கல் பட்டி ஊராட்சி தலைவர் தேர்தல் வாக்கு எண்ணிக்கை நிறுத்தி வைப்பு
430.wav,காவிரியில் தமிழகத்துக்குத் தண்ணீர் திறந்து விடக் கூடாது என்று கூறி போராட்டத்தைத் தீவிரப்படுத்த கன்னட அமைப்புகள்
431.wav,தங்களது நிபந்தனைகளை அரசு நிறைவேற்றும் வரை உடற்கூறாய்வு செய்யக் கூடாது என்று பிரதீபாவின் பெற்றோர் எதிர்ப்பு தெரிவித்தனர்
432.wav,இந்தியாவின் முக்கிய வாகன உற்பத்தி கேந்திரமாக சென்னை பெயர் பெற்றிருக்கிறது
433.wav,எட்டுகால் பூச்சி போன்றவை கடித்தால் தேங்காய் தண்ணீரையும் தேங்காய்கீத்தையும் தின்றால் உடனடி விசமுறிவு ஏற்படும்
434.wav,மாற்றுத் திறனாளிகளுக்கு சேவை செய்யும் அரசு சாரா நிறுவனங்களையும் ஊக்குவித்து அவர்களின் சேவையைப் பாராட்டி விருதுகளும் அளிக்கப் படுகிறது
435.wav,ஆனால் காங்கிரஸ் கட்சியின் பிரதமர் இவ்வாறு கூறியிருப்பது வேதனைக்குரியது இவ்வாறு கூறினார்
436.wav,என் வசிப்பிடத்துக்கு அருகில் குறைந்த விலை வீடு அடுக்குமாடி வீடுகள் கட்டப்பட்டதும் குற்றச் செயல்கள் பெருகி விட்டன
437.wav,அதே போன்று ஒரு பெண் தனது கணவனின் சகோதரர்களோடு முக்கிய தேவைகள் அன்றி எந்த விதமான தொடர்பும் வைக்க முடியாது
438.wav,இவ்வாறு பதிவு செய்த இசையமைப்பாளர் ஜேம்ஸ் வசந்தனுக்கு ட்விட்டரில் கடும் எதிர்ப்பு தெரிவித்து வருகிறார்கள்
439.wav,அமெரிக்கா டெக்ஸாஸ் மாகாணத்தில் தொடர்ந்து பெய்துவரும் கனமழையால் வெள்ளம் சூழ்ந்து ஏராளமான வீடுகள் நீரில் மூழ்கியுள்ளன
440.wav,சில சமயங்களில் நம்மை கைக்குழந்தைகள் ஆசீர்வதிக்கின்றன என்ற எண்ணமும் அதன் விளைவான மன எழுச்சியையும் நான் அடைந்தது உண்டு
441.wav,கண்ணகிநகர் மக்களுக்கு வறட்சி நிவாரணம் வழங்கப்படவில்லை எனத் தெரிவித்து மகஜர் கையளிப்பு
442.wav,என்பதை தமிழ் மக்களின் பிரதிநிதிகள என்ற உணர்வில் அவர்கள் புரிந்து நடந்து கொண்டிருக்க
443.wav,இப்படி அநேக குறைகளை வைத்து கொண்டு சோதனைக்கு செல்கிறார்களாம் சோதனைக்கு
444.wav,நான் ஓர் பளுதூக்கும் வீரனாக இருந்தாலும் ஆந்திரபிரதேசம் பிரிக்கப்படாதிருந்த சமயத்தில் என் மாநிலத்தின் சார்பாக தேசிய அளவில்
445.wav,இதன் காரணமாகவே ராஜபக்சேவை சந்திக்க ஒபாமா மறுத்து விட்டதாக கூறப்படுகிறது
446.wav,கடந்த ஆண்டு வடகிழக்கு தில்லி வன்முறை தொடா்புடை யுஏபிஏ வழக்கில் விசாரணை நீதிமன்றம் ஜாமீன் மனுவைத் தள்ளுபடி செய்ததை
447.wav,மத்திய அரசு சந்திக்கும் பல்வேறு சவால்களால் தாமதமாகும் ராமர் கோயில் அறக்கட்டளை
448.wav,முன்னாள் கிரிக்கெட் வீரர் சவுரவ் கங்குலி நேற்று மாலை கொல்கத்தாவில் உள்ள தலைமைச் செயலகத்திற்கு சென்று மேற்கு
449.wav,கிளிநொச்சி மாவட்ட பனை தென்னை வள அபிவிருத்திக் கூட்டுறவுச் சங்கத்தின் பணியாளர்கள் காலவரையறையற்ற பணிப் பகிஸ்கரிப்பில் ஈடுப்பட்டு வருகின்றனர்
450.wav,மேலும் இது போல ஆயிரம் வீடியோக்களை ஆயிரம் வீடுகளுக்கு மேல் பதிவு செய்துள்ளதாகவும் கூறப்படுகிறது
451.wav,வருங்கால முதல்வர் ரஜினிகாந்த் என போயஸ் கார்டன் இல்லம் முன்பு ரசிகர்கள் முழக்கம்
452.wav,மலிவு விலையில் வெங்காயம் தரும் கடைகளில் நீண்ட வரிசையில் நின்று பொதுமக்கள் வெங்காயத்தை வாங்கி சென்றனர் என்பது குறிப்பிடத்தக்கது
453.wav,இத்தகைய போராட்டங்கள் பற்றிய கட்சி சாராத யதார்த்த உண்மைகளை
454.wav,இந்த நினைப்புக்கு பின்னர்தான் தினகரன் ஆதரவாளர்கள் தங்கியிருந்த விடுதியை ஓபிஎஸ் ஆதரவாளர்கள் முற்றுகையிட்டதாக கூறப்படுகிறது
455.wav,மறைந்த இயக்குநர் ஜீவாவின் உதவியாளராக இருந்த மணிகண்டன் இந்தப் படத்தினை இயக்குகிறார்
456.wav,நட்சத்திரம் நான்கு பாதங்களுடன் திகழும் நட்சத்திர நடப்பு விவரங்களை தினமும் அறிவதால் தீவினைகள் அகலும்
457.wav,அடுத்த சூப்பர் ஸ்டார் தங்கள் நடிகர்தான் என கூறிவரும் சில ரசிகர்களுக்கு
458.wav,தலிபான்கள் மற்றும் அவர்களின் ஆதரவாளர்களின் வாட்ஸ்அப் கணக்குகளும் முடக்கப்படுவதாக ஃபேஸ்புக் நிறுவனம் அறிவிப்பு
459.wav,ஏற்கனவே இதுபோல் இந்திய ராணுவ வீரர் தலையை துண்டித்து சம்பவத்துக்கு பதிலடியாக கடந்த ஆண்டு செப்டம்பர்
460.wav,மீஞ்சூர் அருகே புத்தாண்டு கொண்டாட்டத்தில் கோஷ்டி மோதல் வாலிபர் வெட்டி கொலை
461.wav,மின்கம்பி உரசியதால் வைக்கோல் போர் ஏற்றி வந்த சரக்குவேன் தீயில் எரிந்து நாசம்
462.wav,புதிதாக களத்தில் குதிக்கும் ரஜினி கமல் போன்ற நட்சத்திரங்கள் மீதும் மக்களின் விருப்பு வெறுப்பு வெளிப்பட்டுள்ளது
463.wav,அல்லாஹ் உண்மையாளர்களுக்கு தன் அன்பைச் சொரிந்து மேலும் மேலும் அவனது நேர்வழியில்
464.wav,இந்தியா கன்னய்யா குமார் கருத்துரிமை கல்வி சமூக நீதி சர்ச்சை சர்வதேச அரசியல் செய்திகள் நாடாளுமன்றம் மத அரசியல்
465.wav,கைதுசெய்த மீனவர்களையும் படகையும் யாழ்ப்பாணம் மீன்பிடித்துறை அதிகாரிகளிடம் கையளிக்க இலங்கை கடற்படையினர் நடவடிக்கை எடுத்துள்ளமை குறிப்பிடத்தக்கது
466.wav,வையம்பட்டி அருகே தண்ணீர் தொட்டி தேடி வந்த புள்ளி மான் நாய்களிடமிருந்து காப்பாற்றி வனத்துறையிடம் ஒப்படைப்பு
467.wav,வட ஆப்பிரிக்கா மற்றும் மத்திய கிழக்கில் இருந்து வரும் அகதிகளை மட்டும் அனுமதிக்கப் போவதாக ஜேர்மன் தெரிவித்துள்ளது
468.wav,தமிழின் சிறப்பை உலகெல்லாம் கொண்டு சென்ற தலைவர்களை போற்றி கொண்டாடி மகிழ்வோம்
469.wav,ஆட்சிக்கு வந்துவிடும் ஆசையில் எனது ஆட்சியைக் கவிழ்க்க காங்கிரஸ் சதி செய்தது
470.wav,இதற்கு இயந்திரம் கொள்வனவு செய்யும் போர்வையில் மத்திய வங்கியில் மோசடி செய்யப்பட்ட கறுப்பு பணம் சுத்திகரிப்பு செய்பபடுவதாகவும் அவர் சுட்டிக்காட்டினார்
471.wav,அந்தவகையில் எதிர்வருகின்ற ஜனாதிபதித் தேர்தேர்தலின் மூலமாக ஒரு பதிவு ஒன்றை இந்நாட்டில் ஏற்படுத்த வேண்டும் அதற்காக இந்த தேர்தலை
472.wav,இதனைப்பார்த்து அதிர்ச்சியடைந்த அதீப் சமி தனது இரண்டு மகன்களையும் காப்பாற்றுவதற்காக அவர்களை இறுக
473.wav,அவர்கள் நீரில் கரிம கலவைகள் ஆக்ஸிஜனேற்றத்தைத் மற்றும் வளமான வண்டல் உருவாக்கம் சமாளிக்க
474.wav,புதிய வீடியோ மேமிராக்கள் எவ்வளவு துல்லியமாக படம் எடுக்கிறது என்பதை காட்டுவதற்காக
475.wav,அமெரிக்க அதிபர் ட்ரம்பை பதவி நீக்க கோரும் தீர்மானம் செனட்டுக்கு அனுப்பிவைப்பு
476.wav,சரணடைய வந்த போராளிகளுக்கு வழங்கிய வாக்குறுதியை மீறிய இலங்கை அதிகாரிக்குப் பாடம் கற்பித்த பிரித்தா
477.wav,என் வயதுதான் அவனுக்கு என்றாலும் அவன் உடம்பு வாட்டசாட்டமாக இருக்கும்
478.wav,இதற்காகவே திருமணம் செய்து கொள்ள வேண்டும் என்று சகமாணவன் ஒருவன் சொன்னது இன்று நினைக்கையில் வேடிக்கையாக இருக்கிறது
479.wav,தீபாவளி திருநாளை உலகின் பல்வேறு பகுதிகளிலும் மக்கள் கொண்டாடிவருகின்றனதீப ஒளி பண்டிகையான தீபாவளியை இந்திய அளவில் ஹிந்துக்கள் மட்டுமே கொண்டாடி
480.wav,தருமபுரி மற்றும் தேனி உள்ளிட்ட பல்வேறு தொகுதிகளில் மறுதேர்தல் நடத்த தேர்தல் ஆணையம் உத்தரவு
481.wav,ஆறுமுகநேரி பகுதியில் வாட்ஸ் அப்பில் வைரலாகும் ஆடியோ டிரைவர் தற்கொலையில் திடீர் திருப்பம்
482.wav,சர்வதேச விசாரணை என்ற பேச்சுக்கே இடமில்லாமல் செய்து விட்டோம் என்கிறார் இலங்கை வெளிவிவகாரப் பிரதியமைச்சர்
483.wav,ஓவேலி வனச் சரகத்தில் அழுகிய நிலையில் யானைக் குட்டி சடலம்
484.wav,இதனால் சனி பீடித்திருக்கும் காலத்தில் அனுமனை வணங்கி இராம பாராயணம் செய்பவர்களுக்கு சனியால் ஏற்படும் தொல்லை குறையும் என்று நம்பப்படுகிறது
485.wav,இந்நிலையில் மும்பையில் உள்ள தேசியவாத காங்கிரஸ் அலுவலகத்தில் வெள்ளிக்கிழமை நடைபெற்ற நிகழ்ச்சியில் அவா் அக்கட்சியில் இணைந்தாா்
486.wav,குற்றாலத்தில் தனியாா் தங்கும் விடுதியை கரோனா பாதுகாப்பு விடுதியாக மாற்ற எதிா்ப்பு
487.wav,இன்று நீங்கள் கணக்கெடுத்துப்பார்த்தால் மாவட்ட அளவிலான பணி வரை இந்த விகிதாச்சாரம் சரியாகவே கடைபிடிக்கப்படுகிறது
488.wav,தன்னை மிரட்டியதாக ரவிகரன் மீது தென்னிலங்கை மீனவர் முல்லைத்தீவு பொலிசில் புகார்
489.wav,கொடகவெல பிரதேசத்தில் நபரொருவரை தாக்கிய குற்றச்சாட்டில் அண்மையில் நாடாளுமன்ற உறுப்பினர் ரஞ்சித் சொய்சா கைது செய்யப்பட்டிருந்தமை குறிப்பிடத்தக்கது
490.wav,சர்வதேச நீதிமன்றத்தில் சூடான் அதிபர் மீது இனப் படுகொலை குற்றச்சாட்டு பதிவு
491.wav,ஆனால் முப்பதாண்டுகளுக்குப் பின்னர் மக்கள் யுத்தக்குழு அகன்றபோது அவர்கள் அப்படியே இருப்பதையே நாம் கண்டோம்
492.wav,இந்தநிலையில் இவ்வாறு தகவல்கள் கசிந்தமை தொடர்பில் விசாரணைகள் நடத்தப்பட உள்ளமை குறிப்பிடத்தக்கது
493.wav,மணப்பாட்டில் தூண்டில் வளைவு அமைக்க நடவடிக்கை எடுக்க வேண்டும் ஆதிதிராவிடர் முன்னேற்ற இயக்கம் கலெக்டரிடம் மனு
494.wav,நீங்கள் ஈபேயின் வாங்குபவர் பாதுகாப்பு திட்டம் பற்றி தெரிந்து கொள்ள வேண்டும்
495.wav,மஹிந்த ராஜபக்சவை மீண்டும் அதிகாரத்திற்கு கொண்டு வருவதாற்காக ஜனாதிபதி மைத்திரிபால சிறிசேனவுக்கு அழுத்தம் கொக்கும் இந்தியா
496.wav,உங்கள் கிரேடு மாணவர் இந்த விடுமுறை சீசன் என்ன கொடுக்க வேண்டும்
497.wav,கடந்த சில நாட்களாக பாமர மக்கள் மட்டுமின்றி பதவியில் இருக்கும் சட்டமன்ற உறுப்பினர்களையும் கொரோனா வைரஸ் தாக்கி வருவது தெரிந்ததே
498.wav,மீண்டும்கற்பி சிகிச்சை செவிப்புல கருத்து பாதிக்கும் சங்கங்கள் ஒரு அமைப்பு அடிப்படையாக கொண்டது
499.wav,இதனால்தான் கோவிலில் கல்வெட்டை பொறிக்க இயலாமல் அருகில் இருந்த பாறையில் பொறித்துள்ளனர் என்பது தெரியவந்துள்ளது
500.wav,அனைத்து மாணவர்களும் பொதுத்தேர்வெழுத நடவடிக்கை எடுக்க வேண்டும் என்றும் தேர்வுத்துறைஉத்தரவு பிறப்பித்துள்ளது
501.wav,உலகக்கோப்பை தொடரில் அதிக விக்கெட்டுகளை வீழ்த்திய இங்கிலாந்து வீரர்கள் பட்டியலில் முதலிடத்தை பிடித்துள்ளார் ஆர்ச்சர்
502.wav,ஜல் ஜீவன் திட்டத்துக்கு நீராதாரம் உள்ள இடத்தில் உறைகிணறு அமைக்கக் கோரிக்கை
503.wav,வண்டியை திருப்பும் போது தவறுதலாக கான்கிரீட் தூணில் மோதி பரிதாபமாக உயிரிழந்த பள்ளி பேருந்து ஓட்டுனர்
504.wav,இலங்கைப் பெண் ஒருவர் விடுத்துள்ள கோரிக்கையை மீளவும் பரிசிலீக்குமாறு சென்னை மேல் நீதிமன்றம் தமிழக அரசாங்கத்துக்கு
505.wav,நீங்கள் வடிவமைப்பு அம்சங்கள் பற்றி அறிந்து கொள்ள வேண்டும் வேறு என்ன
506.wav,அவரது தந்தையின் அந்தோனி டேவிட் கிட்மேனின் இறுதி நேரத்தில் நிக்கோல் மற்றும் கீத்
507.wav,அவருக்கு தமிழ்த் திரையுலகமே திரண்டு வந்து அஞ்சலி செலுத்திக் கொண்டிருக்கிறது
508.wav,இதே கருத்தை சமீபத்திலும் அவர் தெரிவித்த போது அவருக்கு கடும் கண்டனங்கள் எழுந்தன
509.wav,ஐகோர்ட்டில் சென்னை சூப்பர் கிங்ஸ் அணிக்கு விதித்த தடையை எதிர்த்து தொடர்ந்த வழக்கு தள்ளிவைப்பு
510.wav,நான் தமிழகம் வந்து சென்னை சேர்ந்தபின் அன்று இரவு என்னைச் சந்தித்த கடல்
511.wav,குறுகிய சாலையால் லாரி செல்ல முடியவில்லை பழைய பீரங்கியை வெலிங்டன் ராணுவ முகாமிற்கு கொண்டு செல்வதில் சிக்கல்
512.wav,இதுகுறித்த புகாரின் பேரில் தாராபுரம் போலீசார் வழக்கு பதிவு செய்து அரசு பஸ் டிரைவர் செல்வராஜை கைது செய்தன
513.wav,ஆகவே ஆட்டிசம் பற்றிய நூல் என்பதற்கு அப்பால் ஒரு வாழ்க்கைச்சித்திரம் என்றவகையிலும் முக்கியமானது இந்நூல்
514.wav,நிறுவனத்தின் தேவைகளைப் பூர்த்தி செய்ய பொருத்தமான வன்பொருள் மற்றும் மென்பொருள் மீது வாடிக்கையாளர்களுக்கு ஆலோசனை வழங்குதல்
515.wav,ஸ்ரீலங்கா சுதந்திரக் கட்சி குண்டசாலை பிரதான அமைப்பாளரும் தகவல் ஊடகத்துறை அமைச்சருமான கெஹெலிய ரம்புக்வெல்லவின் தலைமையில் கூட்டம் நடைபெறும்
516.wav,தஞ்சை புதிய பேருந்து நிலையத்தில் பொருட்கள் பாதுகாப்பறை ஆக்கிரமிப்பு பயணிகள் திண்டாட்டம்
517.wav,கவுதமியை தொடர்ந்து மீண்டும் ஜெயலலிதாவின் மரணத்தில் கேள்வி எழுப்பிய மற்றுமொரு நடிகர்
518.wav,அச்சுவேலி அசெம்பிளி ஜீவவார்த்தை ஆலயப் போதகர் ஆகிய நான் அறியத்தருவது யாதெனில்
519.wav,உண்மைக்கும் தேவைக்குமான ஒருஇனவிடுதலை தோற்கடிக்கப் பட்டதற்கான காரணம் மறுக்கப்பட்டஅரசியல் புரிதல்
520.wav,கூட்டணி கட்சிகளின் மிரட்டலை சமாளிக்க அதிமுக அதிரடி வியூகம் மேயர் பதவிக்கு நேரடி தேர்தல் இல்லை
521.wav,தவாக தலைவர் வேல்முருகன் தேசிய பாதுகாப்புச் சட்டத்தில் கைது செய்யப்பட்டு உள்ளார்
522.wav,கண்டி இந்து கலாசார மண்டபத்தில் நடன தாரகை ரமா வைத்தியநாதனின் நடன நிகழ்வு
523.wav,நத்தம் அருகே பூக்குழி இறங்கி நேர்த்திக்கடன் செய்த அய்யப்ப பக்தர்கள்
524.wav,தற்போதுள்ள நிலையில் யாராவது ஒருவர் பதவி விலகினாலே ஆட்சிக்கு ஆபத்து என்கின்ற நிலை தோன்றியுள்ளமை குறிப்பிடத்தக்கது
525.wav,திருத்துறைப்பூண்டி நகராட்சி சாா்பில் நெகிழி ஒழிப்பு உறுதிமொழி ஏற்பு மற்றும் பேரணி
526.wav,சென்னை விமான நிலையம் வந்த ரஜினிகாந்திடம் செய்தியாளர்கள் தேர்தல் முடிவுகள் குறித்து கேள்வி எழுப்பினர்
527.wav,புதிய கார்ஜகிக்கின் மின்னஞ்சல் எச்சரிக்கை ஆண்டுகள் பழைய நகர்ப்புற புராஜெக்ட் ஆக தோன்றும்
528.wav,தவறு நடக்கும் இடங்களில் போலீசாரின் கவனத்தை திசை திருப்ப அந்த ரேகைகளை விட்டுச்செல்ல வாய்ப்புள்ளதாகவும்
529.wav,எதிர்வரும் தொடர்களிலும் நாட்டிற்காக தங்கம் வெல்வேன் என்று நம்பிக்கை தெரிவித்தார் ஹீமா தாஸ்
530.wav,ஆபாச படம் எடுத்து டாக்டரிடம் பணம் கேட்டு மிரட்டிய நடிகை கைது
531.wav,கேரளா கஞ்சாவுடன் முன்னாள் போராளி உட்பட ஐவர் வவுனியா மது ஒழிப்பு பிரிவு பொலிசாரால் கைது
532.wav,காடழிப்பு கண்டு அஞ்சும் பழங்குடியினர் முகங்களை அமேசான் மழைக்காடுகளில் வெளிப்படுத்தும் ஓவியங்களின் படத்தொகுப்பு
533.wav,அம்பாறையில் இடம்பெற்ற ஊடக சந்திப்பொன்றில் வைத்து அவர் இந்த தகவலை வெளிப்படுத்தியுள்ளார்
534.wav,தமிழகத்தில் உள்ளாட்சித் தோ்தல் நடைபெறுமா என்ற சந்தேகம் எழுந்துள்ளதாக இந்திய கம்யூனிஸ்ட் கட்சியின் மாநிலச் செயலா்
535.wav,ஆடிப்பூரம் விழாவை முன்னிட்டு அம்மனுக்கு வளைகாப்பு சூட்டும் நிகழ்ச்சி நடைபெற்றது
536.wav,முள்ளிவாய்க்கால் நினைவுத்தூபியை மீள அமைக்க நிதி உதவி வழங்குமாறு பல்கலை மாணவர் ஒன்றியம் கோரிக்கை
537.wav,ஓய்வு பெறும் நாளில் சஸ்பெண்ட் செய்யப்பட்ட பாஸ்டர் நிறுவன துணை இயக்குநர்
538.wav,காட்டன் பஞ்சில் சாப்ஸ்டிக்ஸ் அல்லது பெட்ரோலியம் ஜெல்லியை எடுத்து வெட்டு ஏற்பட்ட இடத்தில் தடவி பயன்படுத்தவும்
539.wav,இதனைத் தொடர்ந்து இந்திய தூதரக அதிகாரிகள் ஒரு சில ஊடகவியலாளர்களை மட்டும் அழைத்துச்சென்றுள்ளனர்
540.wav,குன்னம் சட்டமன்ற தொகுதியில் வாக்குப்பதிவு அலுவலர்களுக்கு பயிற்சி வகுப்புக்கான இடம் தேர்வு
541.wav,மெல்லத் தேயும் விந்தை விளக்க தவழ்ந்து மெல்ல நகரும் வெண்முகில்
542.wav,இந்தப் பயணத்தின் முக்கிய தருணங்களை இந்த இன்ஸ்டாகிராம் அக்கவுன்ட்டில் பதிவு செய்து வருகிறார் நோரோக்
543.wav,நிவர் புயலால் மாற்றி அமைக்கப்பட்ட மருத்துவ கலந்தாய்வு அட்டவணையை வெளியிட்டது மருத்துவக்கல்வி இயக்ககம்
544.wav,உதவி பேராசிரியர்களை நியமிக்க விண்ணப்பங்களை வரவேற்று அண்ணா பல்கலை வெளியிட்ட அறிவிப்பு ரத்து
545.wav,ஐரோப்பிய ஒன்றியத்திலிருந்து பிரித்தானியா வெளியேறுவது தொடர்பான உடன்பாட்டை ஆதரிப்பதாக ஜேர்மன் தெரிவித்
546.wav,சேலம் அருகே வாகன சோதனைக்கு காரை நிறுத்தாமல் சென்றதாக டிடிவி தினகரன் மீது வழக்குப்பதிவு
547.wav,அமெரிக்கன் பவர் உடன் சன் பீம் டைகர் பிரிட்டிஷ் ஸ்போர்ட்ஸ் கார்
548.wav,நிதின் கட்காரி பிரச்சார மேடையில் எட்டு வழி சாலை கண்டிப்பாக அமைக்கப்படும் என கூறியதற்கு
549.wav,காலையில் வேலைக்குச் சென்று மாலையில் வீடு திரும்பிய காலம் இப்போது கடந்து போய்விட்டது
550.wav,முடிவில் மூன்று லட்சம் பிராங்குகள் கொடுத்து அதன் உரிமையை பெல்ஜியத்தை சேர்ந்த ஒரு பதிப்பகம் விலைக்கு வாங்கியது
551.wav,மேலும் இந்த தேசியப் பூங்கா யுனெசுகோ அமைப்பால் உலகப்பாரம்பரியச் சின்னங்களில் ஒன்றாக அறிவிக்கப்பட்டுள்ளது
552.wav,வீடுகளை சுத்தமாக வைத்திருப்பதற்காக பொதுமக்களை தெளிவுபடுத்துவதற்கான வேலைத்திட்டமும் முன்னெடுக்கப்பட்டுள்ளதுஎன்றும் அந்த அறிக்கையில் மேலும் குறிப்பிடப்பட்டுள்ளது
553.wav,கடவுளேயே அங்கும் இங்கும் தூக்கி கொண்டு செல்பவர் ட்ரெயின் வாகன ஓட்டுநர் தான்
554.wav,சமாஜ்வாதி கட்சி தலைவர் மீது ஜெயிலில் இருந்து வெளியே வந்ததும் வழக்கு
555.wav,சந்திரனில் காலடி வைத்த முதல் மனிதன் நீல் ஆம்ஸ்ட்ராங்கிற்கு இருதய அறுவை சிகிச்சை
556.wav,இதையொட்டி ராஷ்டிரபதி பவனில் ஜனாதிபதி ராம்நாத் கோவிந்த் இன்று அகில இந்திய வானொலி மற்றும் தூர்தர்ஷன் தொலைக்காட்சி வாயிலாக நாட்டு
557.wav,பொருளாதார நடவடிக்கை என்று கூறிக்கொண்டு மத்திய அரசானது பல்வேறு துறைகளில் அன்னிய நேரடி முதலீட்டை அனுமதிக்க முடிவு செய்துள்ளது
558.wav,இந்த ஆண்டு பிரம்மோற்சவம் சிறப்புடன் நடைபெறுமா என்னும் சந்தேகம் பக்தர்களிடையே எழுந்துள்ளது
559.wav,அதனாலே தஸ்தாயெவ்ஸ்கியின் குற்றமும் தண்டனையும் நாவல் இன்றும் வாசிக்கவும் விவாதிக்கவும் படவேண்டிய முக்கியமான புத்தகமாக இருக்கிறது
560.wav,நத்தம் பகுதியில் கஜா நிவாரண பணிகள் முழுமையாக நடக்கவில்லை ஆண்டிஅம்பலம் எம்எல்ஏ குற்றச்சாட்டு
561.wav,இந்நிலையில் ஜல்லிக்கட்டு வேண்டும் என்று சென்னை மெரீனா கடற்கரையில் மேலும் படிக்க
562.wav,வருவாய் மூலம் உலகளாவிய ரவுண்டிங் அனைத்து உணவு விற்பனை உலகளாவிய தரவரிசை
563.wav,இந்த நாடகக் குழுக்கள் ஒத்திகைக்காக அலைந்து திரிவதைக் என் கண்கூடாகக் கண்டிருக்கிறேன்
564.wav,இந்த பயிற்சி இந்திய அமெரிக்க உடன்பாட்டு ஒப்பந்தத்தின் அடிப்படையில் நடைபெறுகிறது என்பது குறிப்பிடத்தக்கது
565.wav,அகில இந்திய இளைஞர் காங்கிரஸ் தலைவர் அம்ரிந்தர் சிங் ராஜா பிரார்
566.wav,சுட்டி கிரியேசன்ஸ் கியூட் பெங்குவின் வடிவத்தை உருவாக்கிய தேவகோட்டை சேர்மன் மாணிக்க வாசகம் நடுநிலைப் பள்ளி மாணவர்களுக்கு பாராட்டு
567.wav,இன்றைய சாட்சியங்கள் வழங்கும் போது ஊடகங்களுக்கு செய்தி சேகரிக்க அனுமதி வழங்கப்பட்டுள்ளமை குறிப்பிடத்தக்கது
568.wav,டெல்லி அப்பல்லோ மருத்துவமனை மீது நோயாளியின் உறவினர்கள் தாக்குதல் நடத்தியதால் பரபரப்பு
569.wav,ஜிஎஸ்டி அமல் செய்வதற்கு அதிவேக செயல்பாடுள்ள தகவல் தொழில்நுட்ப நெட்வொர்க் உருவாக்குதல்
570.wav,பெரும்பாலும் தமிழ்த் திரைப்படத்துறை மற்றும் மலையாளத் திரைப்படத்துறையில் பரவலாக அறியப்படும் நடிகை ஆவார்
571.wav,கீரா நைட்லி எதிர்கால நாடக அரங்கின் நினைவாக ஒரு விருந்தில் கலந்து கொண்டார்
572.wav,பூச்சி அத்திப்பேடு கிராமத்தில் புதிய ஆரம்ப சுகாதார நிலைய கட்டுமான பணி தொடக்கம்
573.wav,போக்கிடம் இல்லாமல் தான் அரசியலுக்கு வரவில்லை என்று மக்கள் நீதி மய்யத்தின் தலைவர் கமல் ஹாசன் தெரிவித்துள்ளார்
574.wav,கொள்கைகளின் அடிப்படையில் ஒரு அரசியல் தீர்வு கிடைக்கும் வரை தமிழீழ விடுதலைப் புலிகள் இயக்கம் தேர்தல்களில்
575.wav,குறித்த விபத்தில் பருத்தித்துறை யாழ்ப்பாணத்தை சேர்ந்த செல்வராசா நகுலேஸ்வரன் என்ற குடும்பஸ்தரே உயிரிழந்துள்ளார்
576.wav,பெகாசஸ் ஒட்டுக்கேட்பு குறித்து தாக்கல் செய்யப்பட்ட மனுக்கள் மீதான விசாரணையை தொடங்கியது உச்சநீதிமன்றம்
577.wav,வவுனியா மாவட்டத்தில் பாடசாலை சேவையில் ஈடுபடும் முச்சக்கரவண்டி மற்றும் வான்களுக்கு ஜனவரி முதல் புதிய நடைமுறை
578.wav,மேட்டுப்பாளையத்தில் தந்தையை குடிக்க அழைத்து சென்ற தாய்மாமனை தட்டிக் கேட்ட மகன் வெட்டி படுகொலை
579.wav,ஒரு இலட்சம் வேலைவாய்ப்பு விண்ணப்படிவங்களை பெற நாவிதன் வெளி பிரதேச செயலகத்தில் கடும் நெருக்கடி
580.wav,ஒருவருடைய அனுமதி இன்றி அவர் பாவனை செய்து வரும் ஸ்மார் போன் மற்றும் மடிக்கணினி டெப்லட் போன்ற சாதனங்கள
581.wav,வடலூா் சத்திய ஞான சபையில் ஆவணி மாத பூசம் நிகழ்ச்சிகள் ரத்து
582.wav,மற்றொருவர் அவினாசி லிங்கம் பல்கலை கழகத்தின் பேராசிரியை என்பது குறிப்பிடத்தக்கது
583.wav,நீங்கள் சக அரட்டையடித்தலும் வித்தியாசமாக நடந்து கொள்ள வேண்டும் என்பதை கவனிக்க
584.wav,சமீபத்தில் மறைந்த முன்னாள் ஜனாதிபதி அப்துல்கலாம் இந்த மையத்தில் தான் பணி புரிந்தார்
585.wav,பந்து வீசுவதற்கு முன் ரன்னர் கிரீஸை விட்டு வெளியே சென்றால் அவுட் செய்யும் விதிமுறையில் மாற்றம்
586.wav,இரண்டாயிரமாம் ஆண்டில் ஒழுங்கு செய்யப்பட்ட முழு இலங்கைக்குமான சுற்றுலாவின் போது கழக உறுப்பினர்களின் சந்தோஷ
587.wav,அரசு மற்றும் தனியாா் மருத்துவமனைகளில் கரோனா நோய் சிகிச்சை குறித்த நிலையான வழிமுறைகளைக் கடைபிடிக்க வேண்டும்
588.wav,இந்த நிலையில் நேற்று மாலை ஐகோர்ட்டில் உள்ள பெண்கள் நீதிமன்றத்தில் இந்த வழக்கில் தீர்ப்பு வழங்குவதாக இருந்தது
589.wav,ஒருவர் தனது மனதிற்கு விருப்பான செயலுக்கு தனது சொந்தப்பணத்தை செலவிட்டால் அது ஏமாந்த சோணகிரிகள் என்கிறது ஈபிடிபி கிரிமினல் அகராதி
590.wav,மாவோயிஸ்டுகள் துப்பாக்கிச் சூடு நடத்தியபோது கிராமத்தில் மாவோயிஸ்டுகளை கிராம மக்கள் தாக்கிய முதல் சம்பவம் இது
591.wav,கொரோனா வைரஸ் பரவுவதைத் தடுப்பதற்கு முன்னெடுக்கக்கூடிய நடவடிக்கைகள் தொடர்பில் ஆயுர்வேத திணைக்களம் பொதுமக்களுக்கு அறிவுறுத்தியுள்ளது
592.wav,ஒரு ஆலோசனை ஆலோசனையுடன் ஆலோசனை வாரிய உறுப்பினர்களுக்கு உங்கள் உறவை முறையாக அறிமுகப்படுத்துங்கள்
593.wav,ஆனால் தற்போது இளைதளபதியில் இருந்து அவர் தளபதிக்கு மாறிவிட்டார் என்பது குறிப்பிடத்தக்கது
594.wav,சங்கக்காரவின் கிரிக்கெட் வாழ்வை பின்பற்றி அரசியல் அரங்கில் தாமும் துடுப்பெடுத்தாடப்போவதாக அமைச்சர் சஜித் பிரேமதாச தெரிவிப்பு
595.wav,இது ஆய்வளர் தெய்வநாயகம் அவர்களால் செயப்பட்ட ஆய்வுமுடிவுகளை ஊழியர்களுக்குக் கொண்டுசெல்லும்பொருட்டு அவரது மகளால் உருவாக்கப்பட்டது
596.wav,ஆனால் தலை சிறந்த எழுத்தாளர்கள் எல்லாம் புலம் பெயர்ந்துவிட்டார்கள் என்று சொல்வது
597.wav,இந்த பெயர்ச்சியில் சனி பகவான் செழிப்போடு செல்வாக்கையும் உங்களுக்கு அள்ளித் தருவார்
598.wav,மலையை சேர்ந்த நபர் ராட்சத கிரைன் மீது ஏறி நின்று தற்கொலை மிரட்டல்
599.wav,இதனை மறதிக்குள் புதைக்கும் உருவழிப்புச் சொல்லாடல்கள் தமிழ்ச் சூழலில் பெருகும் என்பதும்
600.wav,கடலுார் மாவட்டம் சிதம்பரம் நடராஜர் கோயிலில் இருந்து உபரிநீர் வெளியேற கோவிலில் உள்ள யானைக்கால் மண்டபத்தின் மேற்கு பகுதியில் இருந்து
601.wav,அரசியலமைப்பு நிபுணத்துவ குழுவினர் சமர்பபித்த புதிய அரசியலமைப்பு நகல் தொடர்பில் வினவிய பொழுதே அவர் மேற்கண்டவாறு குறிப்பிட்டார்
602.wav,அவரது நுட்பம் மற்றும் மூட்டுகளில் மற்ற வகையான ஒரு சுருக்கமான விளக்கம்
603.wav,ஒரு உயர் ஹீல் மற்றும் ஒரு முழுமையான குறைபாடு இரண்டு வலுவான வலி ஏற்படுத்தும்
604.wav,இதன் மூலம் கவின் முதன் முறையாக நேரடியாக சாண்டியிடம் தன் கோபத்தை காட்டியுள்ளது குறிப்பிடத்தக்கது
605.wav,திரளான பக்தர்கள் சுவாமி தரிசனம் அய்யம்பேட்டையில் திமுக கூட்டணி வேட்பாளரை ஆதரித்து பிரசாரம்
606.wav,ஸ்மார்ட் தொலைபேசிகள் மூலம் டெங்கு பிரதேசங்களை படம்பிடிக்க விசேட படையணி
607.wav,பல்கலைக் கழக கலைப்பீட மாணவர் ஒன்றியத் தலைவர் கணேசலிங்கம் நிவாஸ்
608.wav,சமீபத்தில் மண்டி என்ற செயலிக்காக நடிகர் விஜய்சேதுபதி விளம்பரம் ஒன்றில் நடித்திருந்தார்
609.wav,ஹோலி பண்டிகையில் ஆபாச போஸ் கொடுத்த இந்தி நடிகை மீது வழக்குப்பதிவு
610.wav,பல்வேறு குறிக்கோள்கள் குறித்து உலகெங்கிலும் இருந்து வந்துள்ள பாடங்களை அறிய குறிக்கோள்கள் மீது கிளிக் செய்யவும்
611.wav,பொன்ராம் இயக்கத்தில் சிவகார்த்திகேயன் நடித்த சீமராஜா திரையரங்குகளில் வெளியாகி வெற்றிகரமாக ஓடிக் கொண்
612.wav,என்னை விடவும் நீங்களே கடுமையாக உழைத்தீர்கள் என்று அவர் குறிப்பிட்டு அந்த இளைஞர்களை பாராட்டினார்
613.wav,எங்கிருந்து யாருக்கு கடத்தப்படுகிறது என்பது குறித்து உணவு கடத்தல் தடுப்பு பிரிவினர் தீவிர சோதனை நடத்தி வருகின்றனர்
614.wav,மேலும் வெப்ப வாதம் நோயால் பாதிக்கப்பட்டவர்களின் உடல்நிலை தீவிரமாக கண்காணிக்கப்பட்டு வருவதாகவும் மருத்துவர்கள் கூறியுள்ளனர்
615.wav,கடந்த முறை அளித்த சில வாக்குறுதிகளையே கலர் ஜெராக்ஸ் எடுத்து இந்த முறையும் தந்துள்ளனர்
616.wav,இந்த போர்க்குணத்தையும் புத்தி சாதுரியத்தையும் சிங்கள அரசிடம் காட்டியிருந்தால் தமிழீழம் மலர்ந்திருக்கும்
617.wav,ரயிலில் இருந்து தவறி விழுந்து தண்டவாளத்துக்கு நடுவே படுத்து உயிர் தப்பிய கல்லூரி மாணவர்
618.wav,இது பீகாரில் தேசி அல்லது உள்நாட்டு ஆர்லிக்சு என வழங்கப்படுகிறது
619.wav,ஸ்பைஸ் கேர்ள்ஸ் மீண்டும் இணைந்த செய்தி பற்றி மெல் பீ கருத்து தெரிவித்துள்ளார்
620.wav,அங்கு செயல்படும் தீவிரவாத குழுக்களுக்கு சிரியாவின் மக்கள் பாதுகாப்பு குழுக்களின்
621.wav,நாசாவின் கெப்ளர் விண்ணோக்கி முதன்முறை இரண்டு நீர்க்கோள் களைக் கண்டு பிடித்தது
622.wav,நீண்டகாலமாக பயங்கரவாதத்தினால் பாதிக்கப்பட்ட வடபகுதி மக்களுக்கு இதன் மூலம் அதிக பயன்கள் கிடைக்கவுள்ளன என்பதும் குறிப்பிடத்தக்கது
623.wav,எவ்வளவு பெரிய எடையாக இருந்தாலும் அதனை அவர்கள் அசால்ட்டாக தூக்கிவிடுவதாக கூறுவதும் உண்டு
624.wav,இசை ஆல்பம் தயாரிப்புப் பணிகள் முழுமையாக நிறைவடைந்த பின்பு ஏப்ரலில் வெளியிடுவோம் இவ்வாறு அவர் கூறினார்
625.wav,மேற்கிந்திய தீவுகள் அணிக்கு எதிரான தொடரில் பங்கேற்கவுள்ள இந்திய அணியை அறிவித்தது பிசிசிஐ
626.wav,கணக்கியல் அனுபவத்தின் ஐந்து வருடங்கள் கொண்ட இலக்கு சார்ந்த மைய கணக்காளர்
627.wav,திருவாரூரில் நடைபெற்ற எஸ்டிபிஐ கட்சியின் மகளிா் அணி செயற்குழு கூட்டம்
628.wav,இவ்வேறுபாட்டைப் பயன்படுத்தி பதனிடப்படாத கலவையுடன் சோடியம் குளோரைடு போன்ற உப்புகளைச் சேர்த்து உருக்குவதன் மூலம் புளூட்டோனியத்திலிருந்து அமெரிசியத்தை பிரித்தெடுக்க முடியும்
629.wav,மத்திய அமைச்சரிடம் கிரண் பேடி மீது புதுவை முதல்வா் நாராயணசாமி புகாா்
630.wav,திருப்பரங்குன்றம் மலை மேல் அமைந்துள்ள அருள்மிகு காசிவிஸ்வநாதர் கோவில் கும்பாபிஷேகம்
631.wav,கூட்டமைப்பு தலைவர் சம்பந்தன் ஒரு விடயத்தை மாத்திரம் இதுவரையில் தெளிவாக கூறியுள்ளார்
632.wav,ரமலான் மாதத்தையொட்டி மரண தண்டனையை நிறைவேற்ற தடை விதித்தது பாகிஸ்தான்
633.wav,தமிழக அரசு கேபிள் டிவிக்கு டிஜிட்டல் உரிமம் வழங்கி மத்திய அரசு உத்தரவிட்டுள்ளது
634.wav,கூட்டு எதிர்க்கட்சியின் ஜனாதிபதி வேட்பாளருக்கு சமல் ராஜபக்ஷவே தகுதியானவர் என ஜனநாயக இடதுசாரி முன்னணி
635.wav,எனது எழுத்துக்களில் தலித்தியம் தொடர்பாகவோ அல்லது அதன் விளைவான அடையாள அரசியல் தொடர்பாகவோ
636.wav,தொப்பூர் அருகே அதிகாரிகள் அலட்சியத்தால் மலைப்பாதையில் மண்சாலை அமைத்த மலைகிராம மக்கள்
637.wav,போலியான ஆவணம் தயாரித்து நீதிமன்றத்தை ஏமாற்றிய குற்றச்சாட்டில் இருவர் யாழில் கைது
638.wav,அந்த பலகை எவ்வளவு உயரமாக இருக்கிறதோ அந்த அளவுக்கு வாழ்வும் உயரும் என்பது ஐதீகம்
639.wav,ஒவ்வொரு வீட்டு உரிமையாளரும் ஆன்லைனில் இருக்க வேண்டும் அல்லது செய்ய வேண்டும்
640.wav,பதின்மூன்றாவது திருத்தச் சட்டத்தின் அடிப்படையில் இடைக்காலத் தீர்வுக்கான ஆயத்தங்களைச் செய்யுமாறு இலங்கை ஜனாதிபதியிடம் சர்வ மதத்தலைவர்கள் வேண்டுகோள்
641.wav,கடந்த வாரம் இடம்பெற்ற செய்தியாளர் சந்திப்பின்போது போதைவஷ்து கடத்தல் தொடர்பாக வெளியிட்டக் கருத்துக்காகவே அவர் மன்னிப்பை கோரியுள்ளார்
642.wav,மழைநீர் சேமிப்புத் திட்டங்களும் அவற்றைச் செயல் படுத்தும் மக்கள் கரங்களிலேயே புவியின்
643.wav,இதனை அடுத்து ஊர் மக்கள் இன்று சந்தேகத்தின் பெயரில் உக்குளாம்குளத்தில் உள்ள ஒருவரை மடக்கிப்பிடித்து வவுனியா பொலிசில் ஒப்படைத்தனர்
644.wav,அப்பொழுது குறிஞ்சிப்பாடி நோக்கி வேகமாக வந்த காரினை மடக்கி பிடித்து விசாரித்தனர்
645.wav,ஆனால் முள்ளிவாய்க்காலில் ஆயிரக்கணக்கான கோவலன்கள் கொல்லப்பட்டபோது வெறுமனே வேடிக்கை பார்த்துக்கொண்டு நின்றவர்களைத்தான் மீண்டும் மீண்டும்
646.wav,டெல்லி டேர்டெவில்ஸ் அணி வீரரின் விக்கெட்டை வீழ்த்திய மகிழ்ச்சியில் பஞ்சாப் வீரர்கள்
647.wav,அட்டகாசமாக தமிழில் பேசி அசத்தும் இந்த சீனப்பெண்ணின் காட்சியினை நீங்களும் மிஸ் பண்ணாமல் கேட்டுத்தான் பாருங்களேன்
648.wav,இந்த நிலையில் ஏப்ரல் ஒன்றாம் தேதி முதல் அனைத்து கடைகளிலும் புது கணக்கு போடுவார்கள் என்பதும் வருமானவரி கணக்குகளை
649.wav,உருகுவேன் கட்டிடக்கலைஞர் சாமுவல் ஃப்ளோரெஸ் ஃப்ளோரர்ஸ் இந்த கவர்ச்சியான வீட்டுக்கு இரண்டாவது மாடியில் முதல் மாடியை ஒப்பிடுக
650.wav,வேளாண் சட்டத்தை ரத்து செய்ய கோரி விவசாயி சின்னதுரை உண்ணாவிரத போராட்டம்
651.wav,காமமே இல்லாமல் ஆன்மிகமான ஒரு எழுச்சியால் இந்த அளவுக்கு கவிதைகளை கண்டடைந்திருப்பது தமிழில் மிக அபூர்வமான நிகழ்வு
652.wav,சுற்றுலா பற்றி வேலை நேர்காணல் கேள்விகளுக்கு பதிலளிக்க எப்படி என்பதை அறிக
653.wav,வரலாற்றிலேயே முதன்முறையாக ஹவாய் தீவில் வெளியாகும் முதல் தமிழ் படம் தளபதியின் சர்கார் தான்
654.wav,ஆன்லைனில் விண்ணப்பித்த பிறகு அதனை பிரிண்ட் அவுட் அதனுடன் தேவையான சான்றிதழ் நகல்கள் இணைத்து விண்ணப்பிக்க வேண்டும்
655.wav,ரயில் பயணிகள் சாப்பாட்டில் அலட்சியம் காட்டும் காண்டிராக்டரை எமன் ஸ்டைலில் கொதிக்கும் எண்ணைக் கொப்பரைக்குள்
656.wav,தருமபுரி அரூர் அருகே வாக்குச் சாவடியை மாற்றி அமைத்ததால் செல்லம்பட்டி கிராம மக்கள் தேர்தல் புறக்கணிப்பு
657.wav,சிலை கடத்தல் வழக்கு ஆவணங்களை பொன் மாணிக்கவேல் தமிழக அரசிடம் ஒப்படைக்க உயர் நீதிமன்றம் உத்தரவு
658.wav,கிராம உத்தியோகத்தர்களை இணைத்துக் கொள்ளும் பணி எதிர்வரும் சில வாரங்களில் பூர்த்தி
659.wav,ஆட்டோ எக்ஸ்போவில் இந்த இரண்டு மாடல்களுக்கும் பார்வையாளர்கள் மத்தியில் அதிக ஆர்வம் இருந்ததை உணர்ந்து கொண்டு கியா பரிசீலித்து வருகிறது
660.wav,நாடாளுமன்றைக் கூட்டி பிரச்சினைக்குத் தீர்வு காண மல்வத்த மகாநாயக்கர் மைத்திரிக்கு அழுத்தம்
661.wav,அதிக வேகம் காரணமாக குறித்த பஸ் பாதையைவிட்டு விலகி விபத்துக்குள்ளாகியிருக்கலாம் என தெரிவிக்கப்படுகிறது
662.wav,இசை எவ்வாறு உணரப்பட்டது மற்றும் அது எவ்வாறு ஒரு செல்வாக்கு செலுத்துகிறது அல்லது பாதிக்கிறது என்பதை ஆய்வு செய்கிறது
663.wav,தேர்தல் பணி ஒதுக்கீட்டில் குளறுபடிகளை சரி செய்ய வேண்டும் தொடக்கப்பள்ளி ஆசிரியர் கூட்டணி மனு
664.wav,குழந்தை தன்னை பார்த்து சிரிக்கவில்லை என்பதற்காக குழந்தையை சுவரில் அடித்து கொலை செய்த தந்தை
665.wav,எனினும் பிரான்ஸ் அல்லது ஜெர்மனிக்கு செல்லவே தாம் திட்டமிட்டிருந்ததாக குடியேறிகளில்சிலர் தெரிவித்துள்ளனர்
666.wav,மணப்பாறையில் ஆழ்துளை கிணற்றில் விழுந்த குழந்தையை மீட்க புதிய கருவியுடன் திட்டம்
667.wav,மும்பையில் மிக உயரமான வணிக வளாக கட்டிடத்தில் பெரும் தீ விபத்து
668.wav,அதற்கு முன் முஸ்டாபிஜூர் ரஹ்மான் செய்த ட்விட் அனைவரையும் அதிர்ச்சி அடைய வைத்துள்ளது
669.wav,ஒரு அற்புதமான பின்னணியிலான கேக் சிறிய இளவரசி முதலாம் ஆண்டு அலங்கரிக்க வேண்டும்
670.wav,இந்த வட்டத்தை வரைவதற்கு ஒரு நிரலுக்குத் தேவைப்படும் முக்கிய தகவல்கள் பின்வருமாறு
671.wav,வடக்கில் உள்ள இராணுவத்தினரை அனுப்புவதல்ல நோக்கம் என்கிறார் குரே
672.wav,நாசாவின் விண்வெளி நிலையத்தில் இருந்து எடுக்கப்பட்ட சூரிய உதயத்தின் அற்புத காட்சிகள்
673.wav,காவிரி மேலாண்மை ஆணையம் தேவையில்லை எனக் கர்நாடக முதல்வர் குமாரசாமி பேசிவரும் நிலையில் பிரதமருக்கு எடப்பாடி பழனிசாமி கடிதம் எழுதியுள்ளார்
674.wav,இவற்றை நாமக்கல்லில் உள்ள மாவட்ட கல்வி அலுவலகத்தில் அடுக்கி வைத்துள்ளனர்
675.wav,ராதிகா ஆப்தேவின் நிர்வாண வீடியோவை அவரது அம்மாவுக்கு அனுப்பிய மர்ம நபர்
676.wav,அங்கும் சிரிப்பு வருவதற்க்கு பதில் மேலும் எரிச்சல் படுத்தினால் அதை தள்ளி வைக்கவே நான் விரும்புகிறேன்
677.wav,இவை என்னைச் சுற்றி நின்று பாடி ஆடுவதை வீடியோ எடுக்கும் போது இப்படி கொடூரமாய்
678.wav,ஆனால் புகைப்படத்துடன் கூடிய வாக்காளா் சீட்டு வாக்காளா்கள் வாக்களிப்பதற்கான அடையாள ஆவணமாக ஏற்கப்பட மாட்டாது
679.wav,நடிகை அமலா பால் நடித்த ஆடை படத்தின் டீசர் பெரு வெற்றி பெற்றதோடு சாதனை படைத்துள்ளது
680.wav,பொலிசார் பதவி உயர்வு தொடர்பான நெருக்கடிகளுக்கும் தீர்வு வழங்கப்படும் என்று அமைச்சர் சாகல ரட்ணாயக்க தெரிவித்தார்
681.wav,வங்கக் கடலில் நாளை மறுநாள் உருவாகிறது புதிய காற்றழுத்த தாழ்வு பகுதி
682.wav,குஷ்பு களம் இறக்கப்படுகிறார் என்பதை கடந்த ஆண்டு ஜூலை மாதமே நாம் பதிவு செய்திருந்தோம்
683.wav,காஞ்சிபுரம் மாவட்டத்தில் முதல்வர் ஜெயலலிதா பங்கேற்கும் பிரசாரக் கூட்டம் வாலாஜபாத் அருகே உள்ள வாரணவாசி
684.wav,மறைந்த முன்னாள் நாடாளுமன்ற உறுப்பினர் சஞ்சீவ கவிரத்னவின் மனைவி ரோஹினி கவிரத்ன விஜேரத்ன
685.wav,தமிழரசன் படத்தில் என்னை குத்து பாடல் ஒன்றை பாட வைத்துள்ளார்
686.wav,இந்த உச்சிமாநாட்டின் கருப்பொருளுக்கு புறம்பான பிரச்சினைகளை எழுப்புவதன் மூலம் இந்த மன்றத்தை அரசியல் மயமாக்குவதையும் நாங்கள் நிராகரிக்கிறோம்
687.wav,தமிழ் மக்களின் இனப் பிரச்சினை அரைகுறைப் பசியைப் போக்கும் உணவாகவே உள்ளது
688.wav,மூதூர் தள வைத்தியசாலையில் கிருமி தொற்று நீக்கும் பணிகள் தொடர்ந்து முன்னெடுப்பு
689.wav,அதன் சாரம் இன்றும் இங்கே ஓர் அன்றாட மதிப்பாக இருந்துகொண்டிருப்பதனால்தான் இங்கே இன்னும் ஜனநாயகம் இருந்துகொண்டிருக்கிறது
690.wav,ஆனால் நிலவேம்பு கசாயம் தமிழக அரசு மருத்துவமனையில் எப்பொழுதுமே வைக்கப்பட்டுள்ளது என்பது குறிப்பிடத்தக்கது
691.wav,புதுவை துணை நிலை ஆளுநா் கிரண் பேடியை கண்டித்து மாணவா் காங்கிரஸாா் சனிக்கிழமை உண்ணாவிரதப் போராட்டத்தில் ஈடுபட்டனா்
692.wav,காயத்ரி ரகுராமின் இந்த வாழ்த்துக்கள் ஓவியா ஆர்மியினர்களுக்கு இன்ப அதிர்ச்சியாக உள்ளது
693.wav,அவர் சிலாபத்தை சேர்ந்தவர் அவருக்கு ஒரு பெண் பிள்ளையும் ஆண் பிள்ளையும் உண்டு
694.wav,மொத்தத்தில் சனாதனதர்மத்தை இந்த பூவுலகத்தில் தான் மட்டும் கடைபிடிப்பதால் வானிலை அறிக்கைகளை மீறியும் வருடம்
695.wav,வழியில் நாங்கள் கண்ட காட்சிகளையும் மலை உச்சியில் கண்ட காட்சிகளையும் நீங்களும் கண்டு களிக்க இப்பதிவிலும் அடுத்த பதிவிலும் வெளியிடுகிறேன்
696.wav,அது போல் தங்க தமிழ்ச்செல்வனும் முடிந்த அளவுக்கு தொகுதி மக்களுக்கு உதவிகளையும் செய்து செய்திருக்கிறார்
697.wav,ஆனந்தகுமார் ஒளிப்பதிவில் விஷால் சந்திரசேகர் இசையில் உருவாகியுள்ள இந்தப் படம் அடுத்த மாதம் வெளியாகும் என எதிர்பார்க்கப்படுகிறது
698.wav,எல்லாம் வல்லாஹ் நாயன் நம் அனைவரையும் நமதூரையும் என்றென்றும் பாதுகாப்பானாக மேலும் நோய் இல்லாத ஊராகவும் ஆக்கி வைப்பானாக ஆமீன்
699.wav,இந்த திருவிழா இந்து மற்றும் முஸ்லிம் சமூகங்களின் மத ஒற்றுமையை வெளிப்படுத்துகிறது
700.wav,வாரணாசி தொகுதி மக்களை போன்று கேரள மக்களும் தனக்கு முக்கியமானவர்கள்தான் என்று பிரதமர் மோடி தெரிவித்தார்
701.wav,கூட்டமைப்பின் வன்னி மாவட்ட வேட்பாளர் சிவசக்தி ஆனந்தனுக்கு ஆதரவு தெரிவித்து பிரச்சாரக் கூட்டம்
702.wav,இப்போது உங்கள் தோள்களில் இருந்து இந்த உலகத்தின் எடையைப் பெறுவது நல்லது என்று உங்களுக்குத் தெரியும்
703.wav,முதல் ஆப்பிரிக்க அமெரிக்க பெண் சிறந்த நடிகை அகாடமி விருதுக்கு பரிந்துரைக்கப்பட்டார்
704.wav,வணிகம் போன்ற நடைமுறைகள் மற்றும் மனப்பாங்குகளின் செயல்திறனை தினசரி செயல்பாடுகளை நோக்கி மேம்படுத்துதல்
705.wav,கிளிநொச்சி மாவீரர் துயிலுமில்லத்தில் திடீர் என சிரமதானம்
706.wav,பூர்விகாவின் இனிய கிறிஸ்துமஸ் மற்றும் நியூயர் நல் வாழ்த்துக்கள் சிறப்பு சலுகைகளை தெரிந்து கொள்ள இங்கே கிளிக் செய்யவும்
707.wav,சென்னை ராயப்பேட்டையில் உள்ள அதிமுக தலைமை அலுவலகத்தில் போலீஸ் பாதுகாப்பு அதிகரிப்பு
708.wav,கொடநாடு ஜெயலலிதா பங்களாவில் காவலாளி ஓம்பகதூர் கொலை செய்யப்பட்டு கொள்ளை நடக்கப்பட்ட வழக்கில் மலையாள கரையோரம் சென்று
709.wav,மம்தா கட்சியின் திரிபுரா மாநில துணைத் தலைவர் காங்கிரசிலே மீண்டும் சேர்ந்தார்
710.wav,ஏப்ரல் முதல் வாரத்தில் முதல்வரின் பிரச்சார வகனம் டாப் கியரில் பறக்கவிருக்கிறது என்பதால் அதிமுக தொண்டர்கள் படு உற்சாகத்தில்
711.wav,நிலக்கோட்டை தொகுதி இடைத்தேர்தலில் வாக்களிப்பதற்கு வரிசையில் நின்ற பெண்களிடம் அத்துமீறிய காவலர்
712.wav,லூர்து நகரில் அன்னை மரியாள் காட்சி தந்த திருவிழா இன்று
713.wav,இயக்குனராக பிருந்தா அறிமுகமாகும் இந்த படத்தில் நாயகனாக துல்கர் சல்மானும் நாயகியாக காஜல் அகர்வாலும் நடிக்க உள்ளனர்
714.wav,தம்புள்ள காணியை இடமாற்றம் செய்வதற்காக வக்பு சபை முன்னெடுக்கும் நடவடிக்கைகளுக்கு உலமாக் கட்சி கடும் கண்டனம்
715.wav,பொங்கல் திருநாளை மத்திய அரசின் கட்டாய விடுமுறைப் பட்டியலில் இருந்து அகற்ற பிரதமருக்கு வைகோ கடிதம்
716.wav,திமுக தலைவர் கருணாநிதி மறைவிற்கு துணை குடியரசுத் தலைவர் வெங்கைய்யா நாயுடு இரங்கல்
717.wav,பொது மேடை என்று கூட பார்க்காமல் செம்பாவிற்கு முத்தமழை பொழிந்த சின்னைய்யா
718.wav,ஒரு வருடம் வயதுக்குட்பட்ட குழந்தைகளுக்கு கல்வி விளையாட்டுகள் உதவ உலகெங்கிலும் உங்கள் குழந்தை அறிய
719.wav,அடுத்த மனிதனை நம்பமுடியாமல் போன பயம் தான் சாப்பாட்டை கட்டி கொண்டு போகச் செல்கிறது என்ற உண்மை புரிந்திருக்கிறது
720.wav,மத்திய பட்ஜெட்டுக்கு முன் அல்வா தயாரித்து வழங்கினார் நிதியமைச்சர் அருண் ஜேட்லி
721.wav,இரு விமானங்கள் நேருக்கு நேர் மிகவும் நெருக்கமாக வந்ததன் காரணமாக அதிகாரிகள் மற்றும் பயணிகள் பெரிதும் அச்சம் அடைந்தனர்
722.wav,கரீபியன் தீவில் விமானம் தரையிறங்கும் போது கடற்கரையில் இருந்த மக்கள் தலைக்கு மிக அருகில் பறந்த படப்படக்கும் தருணம்
723.wav,நீண்ட இடைவெளிக்குப் பிறகு திடீரென ஈழத் தமிழர் பிரச்னை குறித்து நெடிய
724.wav,பெல்ட் மிளகுகளை விட ஐரோப்பிய சோளம் துளைப்பிற்கு அதிக எதிர்ப்பு கொண்டிருக்கும் மிளகு மிளகு வகைகளை
725.wav,ஹம்பாந்தோட்டையிலிருந்து பொத்துவில் ஊடாக கல்முனை வரையான கடற்பரப்புகளிலும் நீர்கொழும்பிலிருந்து மன்னார் மற்றும் காங்கேசன்துறை ஊடாக திருகோணமலை வரையான கடற்பரப்புகளிலும்
726.wav,இந்த படத்தின் ஃபர்ஸ்ட் லுக் போஸ்டரை நடிகர் விஜய்சேதுபதி சமீபத்தில் வெளியிட்டிருக்கிறார்
727.wav,சூரபத்மனை சம்ஹாரம் செய்ய இன்று தாயிடம் சக்திவேல் வாங்கும் திருப்பரங்குன்றம் முருகப்பெருமான்
728.wav,காந்தாரி தன் கண்ணைக் கட்டிய வஸ்திரத்தை அவிழ்த்துத் திரௌபதியிடம் கொடுத்தபடியே சொன்னாள்
729.wav,ராஜா அண்ணாமலைபுரத்தில் உள்ள செட்டிநாடு வித்யாஷ்ரம் பள்ளியிலும் மாணவிகளுக்கு பாலியல் தொந்தரவு
730.wav,அங்கு இரண்டு நாள்கள் கூடிய சிறப்பு சட்டமன்றக் கூட்டத்தில் இது நிறைவேற்றப்பட்டுள்ளது
731.wav,உலகத் தமிழ் மாணவர் ஒன்றியம் மற்றும் பிரதேச மக்களின் ஏற்பாட்டில் மிகவும் உணர்வுபூர்வமாக அனுஸ்ட்டிக்கப்பட்டது
732.wav,இரட்டை இலை சின்னத்திற்கு லஞ்சம் கொடுக்க முயன்ற வழக்கில் சுகேஷ் சந்திரசேகரின் கூட்டாளி புல்கித் என்பவர் கைது செய்யபட்டுள்ளார்
733.wav,ரிக்கி மார்ட்டின் மற்றும் அவரது நண்பன் பியூரிடோ ரிக்கோவுக்கு மனிதாபிமான உதவிகளை அளித்தனர்
734.wav,பாபா் மசூதி இடிப்பு தினத்தையொட்டி விழுப்புரம் பேருந்து நிலையத்தில் போலீஸாா் சோதனை
735.wav,இந்த மைதானம் பேட்டிங்கிற்கு சாதகமாக இருக்கும் என்பதால் இந்திய அணியில் சில முக்கியமான மாற்றங்கள் இருக்க வாய்ப்புள்ளது
736.wav,பகல் போல வெளிச்சம் இருந்த நிலையில் அடையாளம் காண முடியாமல் போனது எவ்வாறு
737.wav,மூன்று சக்கர மோட்டார் சைக்கிள் வழங்கக்கோரி கலெக்டர் அலுவலகத்தில் மாற்றுத்திறனாளி தீக்குளிக்க முயற்சி
738.wav,தமிழரின் பாரம்பரிய பண்டிகையான பொங்கல் பண்டிகை நாளை முதல் தமிழகம் முழுவதும்
739.wav,பாரத ஸ்டேட் வங்கியின் இந்த மூன்று அறிவிப்பால் ஸ்டேட் வங்கியின் வாடிக்கையாளர்கள் மகிழ்ச்சி அடைந்துள்ளனர்
740.wav,தேக்கம்பட்டியில் தமிழக அரசு நடத்தி வரும் புத்துணர்வு முகாமில் பல யானைகளுக்கு உடல்நலக் குறைவு
741.wav,ஆனால் அவற்றையும் மீறி அப்படங்களில்கூட அவரது நடிப்பு நுட்பங்களும் மெருகும் கொண்டதாக இருந்தது
742.wav,கச்சத்தீவு புனித அந்தோணியாா் ஆலய திருவிழாவுக்கு பக்தா்களை ஏற்றிச் செல்லும் நாட்டுப்படகுகளுக்கு தமிழகஅரசு இலவச டீசல் வழங்க
743.wav,சாலை விதிகள் குறித்து விழிப்புணர்வு குறும்படம் அரசு பள்ளி மாணவர்களுக்கு சான்றிதழ்
744.wav,அதன் ஒரு பகுதியாக லக்னோவில் உள்ள கோம்டி ஆற்றில் வாஜ்பாய் அஸ்தி கரைக்க ஏற்பாடு
745.wav,தமிழகம் மற்றும் புதுச்சேரி மீனவர்கள் கடலுக்கு மீன் பிடிக்க செல்ல வேண்டாம்
746.wav,வாசிப்பு திறனை மேம்படுத்தும் வகையில் ஒக்டோபர் மாதத்தினை தேசிய வாசிப்பு மாதமாக பிரகடனப்படுத்தப்பட்டு தேசிய ரீதியில் விசேட நிகழ்வுகள் முன்னெடுக்கப்பட்டன
747.wav,அண்மைகாலமாக குறித்த பகுதியில் மலைக்குருவியைப் பிடித்தவர்களை பொலிஸார் கைது செய்த நிலையிலே இச்சம்பவம் இடம்பெற்றுள்ளது
748.wav,இந்த செலவு இங்குள்ள சிவப்பு விளக்கை மாற்றுவதற்கு மட்டுமல்ல எரியாமலேயே இருக்கும் பச்சை விளக்குக்கும் சேர்த்துதான் என்பது குறிப்பிடத்தக்கது
749.wav,சொக்கப்பனை எரிவுற்று முடிவுற்றதைத் தொடர்ந்து அக்கினியில் சங்கமமான சொக்கப்பனையின் எஞ்சிய பாகங்களை எடுத்துச் சென்றதுடன் நெற்றியில் வைத்தும் பூசித்தனர்
750.wav,வேட்பாளர் அங்கஜன் தனது உத்தியோகபூர்வ முகநூலில் தகவல்களை வெளியிட்டு வருகின்றமைக்கு எதிராகவும்
751.wav,மேலும் படிக்க ஆதார் அட்டை கட்டாயம் பற்றி என்ன கூறியது உச்ச நீதிமன்றம்
752.wav,பந்தலு இந்தப் படப்பிடிப்பு சம்பந்தமான செய்திகளை சேகரிப்பதற்காக சென்னையில் இருந்து தமிழ் பத்திரிகை நிருபர்கள் குழுவை அழைத்து வந்திருந்தார்
753.wav,கரோனாவால் இறந்தவா்கள் உடலை தகனம் செய்ய மங்களூரு மாநகராட்சி தனி ஏற்பாடு
754.wav,பொருந்தும் பகுதி கடன் வரம்பை விட அதிகமான சந்தை மதிப்பு இல்லை
755.wav,ஆகவே இவர்கள் ஒன்பது பேரவையும் ஆளும் கட்சியின் பக்கமோ ஆளும் கட்சியின் கும்பலிலோ ஆசனங்களை ஒதுக்கிக்கொடுங்கள் என்றார்
756.wav,இச்சம்பவம் தொடர்பான முகாந்திரம் இருந்தால் வழக்கு பதிவு செய்து நடவடிக்கை எடுக்கப்படுமென வடவள்ளி காவல் ஆய்வாளர் தெரிவித்துள்ளார்
757.wav,காச நோய் பாதிப்பு இருப்பின் மேற்கூறியபடி கருக்குழாய் பெரிதும் சேதமடைந்து அதன் துவாரம் அடைப்பு
758.wav,கருணா குழுவினரின் இச்செயலால் மட்டக்களப்பு நகரில் இருந்த வர்த்தகம் முழுமையாக முஸ்லீம் வர்த்தகர்களின் கைகளுக்கு சென்றது
759.wav,அதன் பின் இருவருக்கும் மனதுக்குப் பிடித்துப் போய் காதல் மலர்ந்ததாக கூறப்படுகிறது
760.wav,சித்தூர் வார்டு செயலாளர் அலுவலகத்தில் சாதாரண பெண் போல் வந்து இணை கலெக்டர் திடீர் ஆய்வு
761.wav,பத்திரகாளியம்மன் கோயில் இடிப்பு விவகாரம் குறித்து பிரபா எம்பி பிரதமருடன் பேச்சு
762.wav,இந்த சந்திப்பு மரியாதை நிமித்தமானது என்று சிவகுமார் கூறியிருப்பினும் அவர் விரைவில் அதிமுகவுக்கு தாவுவார் என கூறப்படுகிறது
763.wav,உள்நாட்டுப் போரில் இடம்பெற்ற குற்றங்கள் தொடர்பாக சிறிலங்கா படையினர் மீது சுமத்தப்பட்டுள்ள குற்றச்சாட்டுகளுக்கு பொறுப்புக்கூறும் பொறிமுறை இன்னமும் உருவாக்கப்படவில்லை
764.wav,வூஹான் மாகாணத்தில் நெகடிவ் ரிப்போர்ட் வந்து வீடு திரும்பிய பலருக்கு மறுபடியும் பாசிடிவ் வந்துள்ளது
765.wav,முஸ்லிம்கள் எங்களை காப்பாற்றி இருக்காவிட்டால் நாங்கள் உயிர் பிழைத்திருக்கவே முடியாது ஹரித்வார் சாமியார்கள் நெகிழ்ச்சி
766.wav,தீபாவளிக்கு நெருங்க உள்ள தருணத்தில் நாளுக்கு நாள் சவரன் விலை அதிகரிக்க கூடும் என நிபுணர்கள் கணித்துள்ளனர்
767.wav,பின்னர் அரசியல் செல்வாக்கை வைத்து சின்ன சேதாரத்துடன் மெட்ரோ படத்தை வெளியே கொண்டு வந்திருக்கிறார்கள்
768.wav,ரஜினி மகளின் இந்த புதிய முயற்சிக்கு பாராட்டுகள் கிடைத்து வருகிறது என்பது குறிப்பிடத்தக்கது
769.wav,அனுபவங்களில் இருந்து ஒரு மேலெழல் நிகழ்ந்த குறிப்புகளை மட்டுமே இங்கே சேர்த்திருக்கிறேன்
770.wav,கரோனாவால் பாதிக்கப்பட்டுள்ள நடிகர் ராஜசேகரின் உடல்நிலை குறித்து மகள் ஷிவாத்மிகா தகவல்
771.wav,ஆதிச்ச நல்லூர் அகழ்வாராய்ச்சி ஏன் மூடி மறைக்கப்பட்டுள்ளது என்றும் இப்படி பல கேள்விகளுக்கு இந்த ஆராய்ச்சி முடிவுகள் விடை சொல்கின்றன
772.wav,அதன் பின்னர் பெற்றோர் அக்குழந்தையின் உடலை மருத்துவமனையில் இருந்து பெற்றுக் கொண்டு வீட்டிற்கு சென்று இறுதி சடங்குகளை செய்திருக்கின்றனர்
773.wav,நதியோடு நமது பண்பாட்டுச் சூழல் எப்படி இணைந்து வளர்ந்தது என்பதற்கு நிறைய உதாரணங்களையும் வரலாற்று உண்மைகளையும் முன்வைத்து எழுதுகிறார்
774.wav,திருவள்ளுவர் இரண்டுஅடியில் வாழ்க்கையை புரிய வைக்க நினைத்தார் ஆனால் நாம் இங்கு பலஅடிகள் பட்டுத்தான் வாழ்க்கையை புரிந்துகொள்ள ஆரம்பிக்கின்றோம்
775.wav,பிரதமரின் உத்தியோகபூர்வ இல்லமான அலரிமாளிகையில் தற்போது இடம்பெற்றுவருகின்ற ஊடகவியலாளர் மாநாட்டில் கரு
776.wav,நன்மைகள் பெறுவதில் என்ன பங்கு அடமான திட்டங்கள் பல்வேறு விளையாட முடியும்
777.wav,சாப்பிடாததால் மயக்க நிலையில் இருந்த அந்த நபருக்கு காவல் உதவி ஆய்வாளர்
778.wav,சென்னை மாதவரத்தில் நடைபெற்ற ஜெயின் சமூக விழாவில் முதல்வர் எடப்பாடி பழனிச்சாமி பேச்சு
779.wav,தாய் மொழியில் தேர்வு எழுதுவோரை ஊக்கப்படுத்தும் தீர்ப்பு என கருத்து
780.wav,அளவுக்கு அதிகமான ஹாரன் ஒலி ஏற்படுத்தும் எரிச்சல் வாகன ஓட்டிகளை ஆத்திரமூட்டி தகராறுக்கு வழிவகுக்கிறது
781.wav,இசை நிகழ்ச்சி ஒன்றில் நிகழ்ந்த துப்பாக்கிச்சூட்டில் படுகாயமடைந்த பலர் மருத்துவமனையில் அனுமதி
782.wav,கம்பம் பள்ளத்தாக்கு முதல்போக நெல் சாகுபடிக்கு பெரியாறு அணையில் இன்று தண்ணீா் திறப்பு
783.wav,நூல் வெளியீட்டு விழா கிராமங்களில் வாசிப்பு திறனை அதிகரிக்க புத்தகங்கள் வெளியிடுவது அவசியம்
784.wav,தமிழ் மொழியில் தேசிய கீதம் பாடுவதை அரசாங்கமே புறக்கணித்த செயற்பாட்டின் மூலமாக
785.wav,ஜிம் கேரி பல ஆண்டுகளாக மனச்சோர்வுடன் போராடியது எப்படி என்று கூறினார்
786.wav,மீன் மார்க்கெட்டு விடுமுறை எதிரொலி காய்கறி மார்க்கெட்டில் அலைமோதிய மக்கள் கூட்டம்
787.wav,ஒவ்வொரு பெருமழைக்கும் வெள்ளத்துக்கும் கொலோரா வந்து மக்கள் கிராமம் கிராமமாக இறந்தனர்
788.wav,வைகோ வீட்டிலுள்ள தேசியத் தலைவர் பிரபாகரனின் படத்தைப் பார்த்து மரியாதை செலுத்தினார் விஜயகாந்
789.wav,இந்த நாற்பத்தைந்து வருடங்களில் பார்த்த மதுரசிகர்களில் போதையிலும் பிறர்க்கின்னா நினையா பெருந்தகையாளனாக நாஞ்சில் நாடன் ஒருவரை மட்டுமே பார்த்திருக்கிறேன்
790.wav,அந்த அளவிற்கு மக்களிடையே அதிகம் பிரபலமானவர் டிடி என்கிற திவ்யதர்ஷினி
791.wav,முழு அட்லாண்டிக்கையும் ஐந்தே மணி நேரத்தில் கடந்த பிரிட்டிஷ் விமானம்
792.wav,பொதுவாகவே பெண்கள் சிவப்பாக தெரிய வேண்டும் என்பதற்காக கண்ட கண்ட கிரீம்களை பூசுவது வழக்கம்
793.wav,தனது சிறு வயது நினைவுகளை நண்பனிடம் பகிரும்போது வரும் உரையாடல் முக்கியமானது
794.wav,இருந்த போதும் அவர் அகில இலங்கை முஸ்லிம் காங்கிரஸ் சிந்தனையிலேயே இன்னும் இருப்பது அவரது அறியாமையை
795.wav,புதிய அரசாங்கம் அதிகாரத்திற்கு வந்தமையினாலேயே முன்னாள் தலைவர்களை மின்சார கதிரையில் இருந்து மீட்டெடுக்க முடிந்தது
796.wav,அப்போது கவுடாவின் பெயர் பலகையை பிடுங்கி கீழே வீசிய சர்மா பி்ன்னர் அதை காலால் மிதித்து தனது எதிர்ப்பை தெரிவித்தார்
797.wav,நோயாளிகள் போல் வேடமிட்டு ஆம்புலன்சில் சொந்த ஊருக்கு வந்த புதுமண தம்பதியை தடுத்து தனிமைப்படுத்திய போலீசார்
798.wav,அதுக்கு வாய்ப்பே இல்லை இந்த நாயை நான் வீட்டுக்குள் கதவைப் பூட்டி வ
799.wav,இந்த படம் குத்துற குத்துல இனி எவனும் இந்த மாதிரி வேலைய பாக்க கூடாது
800.wav,தாயின் இறுதி சடங்கில் கலந்து கொள்ள முடியாமல் தவித்த நடிகர் இர்பான் கான்
801.wav,கிளிநொச்சியில் கவனயீர்ப்பு போராட்டத்தில் ஈடுபடும் மக்களை சந்தித்தார் அமைச்சர் டெனீஸ்வரன்
802.wav,இந்த மனுவை தள்ளுபடி செய்த சென்னை உயர்நீதிமன்ற நீதிபதிகள் தேர்தலை தள்ளி வைக்க உத்தரவிட முடியாது என்று தெரிவித்தனர்
803.wav,சனிக்கோள் வளையத்தில் புதிய துணைக்கோள் தோன்றுவதை நாசாவின் விண்ணுளவி காஸ்ஸினி கண்டுபிடித்தது
804.wav,தேசிய வாசிப்பு மாத இறுதி நாள் நிகழ்வும் பரிசளிப்பு விழாவும்
805.wav,கொடுக்கவில்லை என்ற உண்மையை தெளிவாக அடித்துக் கூறி அந்த சம்பவத்தால் கட்சிக்கு ஏற்பட்ட களங்கத்தைத்
806.wav,தேர்தல் வெற்றி காரணமாக டெல்லி முழுக்க ஆம் ஆத்மி கட்சியினர் கொண்டாட்டம்
807.wav,ஊத்துக்கோட்டை அருகே கட்டிடத்துக்கு வர்ணம் பூசிய பெயிண்டர் கீழே விழுந்து பலி
808.wav,பூம்புகாரிலிருந்து பழையாறுக்கு புதிய பேருந்து இயக்க வேண்டும் திமுக ஊராட்சி சபை கூட்டத்தில் கோரிக்கை
809.wav,சென்னை கோட்டூர்புரத்தில் மாநில பொருளாதாரத்தை சீராக்க அமைக்கப்பட்ட சிறப்புக் குழு ஆலோசனை
810.wav,ஆனால் இன்று ஆங்கில மற்றும் பிறமொழி மாயையில் தமிழர்கள் அவைகளைத் தொடுவதே தேவையில்லாத வேலை என்ற உணர்வு கொண்டவர்களாக இருக்கிறார்கள்
811.wav,டியூசன் சென்று வீடு திரும்பாத மகனை தேடிய தந்தைக்கு கிடைத்த பேரதிர்ச்சி
812.wav,அந்தக் கிராமத்துக்குச் செல்வதற்கு முதல்நாள் காவல்துறையிடம் தகவல் தெரிவித்துதான் சென்றோம்
813.wav,கணினியில் ஒரு வைரஸ் அல்லது பிற தீங்கிழைக்கும் மென்பொருள் ஆகியுள்ளார்
814.wav,யாழில் அரசியல் கைதிகளின் உறவுகள் முன்னெடுக்கும் போராட்டத்துக்கு இலங்கை ஆசிரியர் சங்கம் ஆதரவு
815.wav,இந்தோனேசியாவிற்கு உதவ இந்திய கடற்படையின் ஆழமான நீரில் மூழ்கும் நீர்மூழ்கி மீட்பு கப்பல் அனுப்பப்பட்டுள்ளதாக இந்திய கடற்படை தகவல்
816.wav,இழப்புக்கு பிறகும் தமிழினம் ஒற்றுமை மறந்து வேற்றுமை பாராட்டுவதை இழந்து பட்ட ஒரு பெண்ணின் பார்வையில் சொல்லும் படம்
817.wav,இதர பிற்படுத்தப்பட்டோருக்கான இட ஒதுக்கீட்டை அமல்படுத்த வேண்டும் என்பதை நான் இந்த அவையிலே வலியுறுத்துகிறேன்
818.wav,இந்நாளைப்பற்றிய ஐம்பதாண்டுக்காலத்துக்கு முந்தைய எதிர்கால கணிப்புகளை இப்போது வாசித்தால் சிரிப்புதான் வருகிறது
819.wav,மகாத்மா காந்தி நினைவு தினத்தையொட்டி தமிழக முதல்வர் தலைமையில் அரசு ஊழியர்கள் தீண்டாமை ஒழிப்பு உறுதிமொழி ஏற்றுக்கொண்டனர்
820.wav,பாஜக எம்எல்ஏக்கள் எம்பிக்கள் மற்றும் பிரமுகர்கள் அவ்வப்போது சர்ச்சைக்குரிய கருத்துக்களை தெரிவித்து வருவது வாடிக்கையாக இருந்து வருகிறது
821.wav,விரைவில் இசை வெளியீட்டு விழா நடக்க உள்ளது என்றார் இயக்குனர் காந்தி மணிவாசகம்
822.wav,தொடர்மழை காரணமாக சென்னையின் பல சாலைகளில் மழைநீர் தேங்கி போக்குவரத்துக்கு இடையூறாக உள்ளது என்பது குறிப்பிடத்தக்கது
823.wav,இந்த நிலையில் அதைப் பயன்படுத்தி மீன் பிடித்த நான்கு படகுகளுக்கு தீ வைக்கப்பட்ட சம்பவம் பெரும் பரபரப்பை ஏற்படுத்தியுள்ளது
824.wav,ஒரு பெண்ணின் நெற்றியில் குங்குமம் வைத்துக் கொள்கிற இடத்தில் மச்சம் இருந்தால் அவளுக்கு உயர் பதவியிலும் பெரிய அந்தஸ்திலும்
825.wav,சென்னை கோயம்பேடு காய்கறி வளாகத்தில் ட்ரோன் மூலம் மாநகராட்சி சார்பாக கிருமி நாசினி தெளிக்கப்பட்டது
826.wav,அரிஸ்டோபேன்ஸ் ஓரினச்சேர்க்கை மற்றும் ஹீட்டோஸ்செக்ஸ்சுவல் சோல் மேட்ஸ் ஆகியவற்றை எப்படிக் கையாள்வது என்பது நமக்குத் தெரியும்
827.wav,இந்த படிப்பை முடித்ததும் டெல்லியில் உள்ள ஆர்க்கிடெக்ட் கவுன்சிலில் பதிவு செய்தால் தான் வேலை
828.wav,அவருக்கு பதிலாக காஞ்சிபுரத்தில் மாவட்டத்தில் பணிபுரிந்த சத்தியமூர்த்தி நேற்று புதிய மாவட்ட முதன்மை கல்வி அலுவலராக
829.wav,ஆதிபரதாதிகள் ப்ரஷ்டராகக் காண்கையாலும் ஸாபாயமுமாய் பிராரப்த கர்ம வாசனை அபேக்ஷம் ஆகையால் விளம்பிய பல பிரதமுமாய் இருக்கும்
830.wav,ஏசியா நெட் தொலைக்காட்சியில் நில ஆக்கிரமிப்பு குறித்து தொடர்ந்து ஒளிபரப்பப்பட்டு வந்த செய்தியால் தான் இந்த மோசடி வெளிவந்துள்ளது
831.wav,கண்டி மாவட்ட ஐக்கிய தேசிய கட்சியின் நாடாளுமன்ற உறுப்பினர் ஆனந்த அளுத்கமகே மஞ்சள் கடவையில் படுத்து ஆர்பாட்டமொன்றில் ஈடுபட்டுள்ளார்
832.wav,ஏறிய எறும்புகளில் பத்துக்கும் மேற்பட்டவை கிழே இறங்கவேயில்லை என்பது அவளுக்கு வருத்தம் தருவதாக இருந்தது
833.wav,மின்புத்தகங்களை விநியோகிப்பவர்கள் சில்லறை விற்பனையாளர்கள் மற்றும் மொத்த உற்பத்திகளின் ஒரு கண்ணோட்டம்
834.wav,நமது உடல் பாகங்களில் பல்லி விழுந்தால் என்னென்ன அர்த்தம் என்று தெரிந்துகொள்ளுங்கள்
835.wav,கடை கோடி தொண்டன் கூட முதலைமச்சர் ஆகலாம் என்பது அதிமுகவில் மட்டுமே சாத்தியம்
836.wav,காவிரிமேலாண்மை வாரியம் அமைப்பது தொடர்பாக பிரதமரை சந்திக்க நேரம் கேட்டால் அதற்கு அனுமதி இல்லை
837.wav,ஆனால் எங்கள் குழந்தைக்கு சங்கெடுத்து மாத்திரை தான் கொடுக்க வேண்டும்
838.wav,எஸ் கவின புடிச்சிருக்கு கதைக்க மட்டுமல்ல காதலிக்கவும் சேரனிடம் ஓப்பனாக கூறிய லாஸ்லியா
839.wav,கட்சியில் ஒதுக்கப்பட்டதால் ஆத்திரம் தனி அமைப்பு தொடங்கினார் லாலு மூத்த மகன் தேஜ் பிரதாப்
840.wav,இதில் ஈடுபட்டுள்ள அனைத்து ஆசிரியர்களும் இந்த திட்டத்திற்கு உறுதுணையாக இருப்பதோடு நன்றாக வேலை செய்கின்றனர்
841.wav,வருங்கால வைப்பு நிதியை பெற்றுத் தர தனியாா் நிறுவனப் பணியாளா்கள் கோரிக்கை
842.wav,வேட்பாளர் பின்னணி சோதனை தோல்வி துவைக்கும் மற்றும் வேலை விண்ணப்ப மோசடி தோல்வி
843.wav,புயலால் வீடு இழந்தோருக்கு கான்கிரீட் வீடு கோரி விவசாய தொழிலாளர் சங்கம் கையெழுத்து இயக்கம்
844.wav,பார்சிலோனோ கால்பந்து விளையாட்டு வீரர் ஸார்டி அல்பா மனைவியுடன் இந்த திருமணத்திற்கு வந்திருந்தார்
845.wav,அதும்மட்டுமல்ல உங்கள் உடல் எடை நாளுக்கு நாள் மாறிக்கொண்டிருப்பதால் சில அநாவசிய சங்கடமான சூழ்நிலைகளை தவிர்த்து கொள்ளலாம்
846.wav,திறமையால் வறுமையை வெல்ல முடியும் என்பதற்கு மேரி கோமின் வாழ்க்கையே எடுத்துக்காட்டு
847.wav,அட்சய திருதியை விரதம் திருமண தடை நீங்கும் வளமான வாழ்வை அள்ளித் தரும்
848.wav,அமெரிக்காவின் புதிய தெற்காசிய விவகாரங்களுக்கான உதவிச்செயலராக நிஷா தேசாய் பிஸ்வால் பதவியேற்பு
849.wav,ஏபெக் அமைப்பின் கூட்டத்தில் சீன அரசுத் தலைவர் ஹு சிந்தாவின் உரை
850.wav,பெற்றோர்கள் மற்றும் ஆசிரியர்கள் மாணவர்களின் வாழ்வின் மிகப்பெரிய பகுதிகளாவீர்கள் அதனை அறிந்து செயல்படுங்கள்
851.wav,ரிசர்வ் பேங்க் வெளியிட்ட மோசடி வங்கிகளின் பட்டியல்
852.wav,துணை முதல்வர் வழக்கமான செக்கப் செய்யவே மருத்துவமனையில் அனுமதிக்கப்பட்டுள்ளதாகவும் அவருடைய உடல்நிலைக்கு ஒன்று இல்லை என்றும் தகவல்கள் வெளிவந்தன
853.wav,விபத்தில் சிக்கி உயிருக்கு போராடிய வாலிபருக்கு பிரேத பரிசோதனை செய்ய முயற்சி
854.wav,ஒரு வயலின் எடுத்துச் செல்லுங்கள் மற்றும் அது ஒரு சரம் ட்ரையோ என்று அழைக்கவும்
855.wav,மாணவனை பள்ளியில் வைத்து பூட்டிச் சென்ற தலைமை ஆசிரியை பணியிடை நீக்கம்
856.wav,கடத்தலில் சம்மந்தப்பட்ட யாரையோ தப்ப வைப்பதற்காக காவல்துறையினர் கடத்தல் பொருட்களை ஊடகங்களுக்கு காட்ட மறுத்து விட்டதாகவும் தெரிவிக்கப்படுகின்றது
857.wav,ஒருநாள் முதலை முத்து நாவல் பழங்களை ஆற்றின் நடுவில் தன்னுடைய வீட்டிற்கு
858.wav,இவள் எண்ணப்படியே மாய மானை ஏவி சீதையை வஞ்சக மாகக் கவர்ந்து வந்து அசோகவனத்திலே சிறை வைக்கிறான்
859.wav,இவர் இப்படி ஒரு பகிரங்கமான தகவலை வெளியிட்டுள்ளது ஜோதிடத்தில் நம்பிக்கை உள்ள பல அரசியல்வாதிகளுக்கு இடையே சிறு பரபரப்பை ஏற்படுத்தியுள்ளது
860.wav,கிரெடிட் கார்ட் என்பது நிதி நிறுவனங்கள் வழங்கும் கட்டண அட்டை
861.wav,முன்னாள் ஜனாதிபதி மகிந்த ராஜபக்சவின் மனைவி ஷரந்தி ராஜபக்சவின் சிரிலிய சவிய கணக்கு விபரங்கள் குறித்து விசாரணை செய்யப்பட்டு
862.wav,கைதடியிலுள்ள புதிய கட்டடத்தில் நாளை வட மாகாண சபையின் கன்னி அமர்வு
863.wav,அதேவேளை நில ஆக்கிரமிப்பு நடவடிக்கைகளை கண்டித்து முல்லைத்தீவில் முன்னெடுக்கப்பட்ட போராட்டத்தை குழப்பும் முகமாக கழிவுப்பொருட்களை வீசியிருக்கின்றமையானது மனித
864.wav,ஏழு நாள் அரசுமுறை பயணம் பெல்ஜியம் மன்னர் பிரதமர் மோடியுடன் சந்திப்பு முப்படைகள் அணிவகுப்புடன் வரவேற்பு
865.wav,ஒரு தர வழங்குநர் உங்கள் இலாபங்களை அதிகரிக்கவும் தலைவலிகளைக் குறைக்கவும் முடியும்
866.wav,அப்படிக் கிடைத்திருந்து சுதந்திரப் பொருளாதாரத்தை அவர் நடைமுறைப்படுத்தியிருந்தால் ஒருவேளை இதைவிட வேகமாகவும் அதிகமாகவும் வறுமை ஒழிக்கப்பட்டிருக்கலாம்
867.wav,அதனால் பெரும்பாலான பெற்றோர்கள் வயது வந்து குழந்தைகுளுக்கு அவசர அவசரமாகத் திருமணத்தை நடத்திக் கொண்டிருக்கிறார்கள்
868.wav,இக்குளிர் காலத்தில் வீடற்றவர்கள் படுத்துறங்குவதற்காக விரைவில் அவர்களுக்கு கூடு வழங்கப்படும் என தெரிவிக்க
869.wav,ஆனால் இங்கே உள்ள சென்னை இந்துவில் ஒரு வரிகூட இதைப்பற்றி எழுதப்பட்டதில்லை என்பதுதான் ஆச்சரியம்
870.wav,எவ்வித அடிப்படையும் இல்லாமல் தற்போதைய அரசாங்கம் காபன் வரியை கொண்டுவந்துள்ளதாக தனியார் பேருந்து உரிமையாளர்கள் சங்கம் தெரிவிக்கின்றது
871.wav,மெட்ராஸ் ஐ எனப்படும் கண் சிவப்பு நோய் ஆங்காங்கே தோன்றி வருவதால் கண்ணை பத்திரமாக பாதுகாக்க தேவையான நடவடிக்கைகளை மேற்கொள்ளவேண்டும்
872.wav,உலகப் பொருளாதார ஆணையத்தின் தலைமைச் செயலாளர் லாஸ்சேர்தாலஸ் இது குறித்து மேலும் கூறியதாவது
873.wav,தேசிய அபாயகர ஒளடத கட்டுப்பாட்டுச் சபையின் தலைவர் டொக்டர் சமீர திலங்க சமரசிங்கவுக்கு இன்று முதல் பொலிஸ் விசேட
874.wav,தமிழகத்தில் கூட முதல்வராக இருந்த ஜெயலலிதாவுக்கு கவர்னராக இருந்த சென்னாரெட்டிக்கும் பல கருத்து மோதல்கள் இருந்தன
875.wav,ஒன்று திருமண வாழ்க்கையில் பிரிவைத் தருகிறது அப்படிப் பிரிய வில்லை என்றால் இன்னொரு ஆணுடன் சோ்க்கையை கொடுத்து விடுகிறது
876.wav,பாடசாலையில் இருந்து திரும்பிய சிறுமியை காட்டுக்குள் கொண்டு சென்று வல்லுறவுக்கு உட்படுத்திய வயதான மீன் வியாபாரி கைது
877.wav,தமிழ் கடவுளான முருக பெருமானை அவமானப்படுத்துவதை பாஜகவைச் சோ்ந்த யாரும் வேடிக்கை பாா்த்துக் கொண்டு இருக்க மாட்டாா்கள்
878.wav,ஜெரார்டு பிகேட் மற்றும் ஷகிரா ஆகியோரைப் பிரித்துப் பேசுவதைப் பற்றிய வதந்திகள் பார்சிலோனாவில் தங்கள் குழந்தைகளுடன் நேரத்தை செலவிடுகின்றன
879.wav,தேசிய சுதந்திர முன்னியின் தலைவர் விமல் வீரவங்ச ஜனாதிபதி மைத்திரிபால சிறிசேனவுக்கு கடிதம் ஒன்றை அனுப்பியுள்ளார்
880.wav,ஒவ்வொரு குழுவும் ஒரு முக்கியமான அல்லது வழக்கமாக ஏற்படும் பிரச்சனை என்பதை அவர்கள் உணருகிறார்கள்
881.wav,தனுஷின் நடிப்பை பற்றி சிலாகிப்பவர்களுக்கு சொல்லிக்கொள்வது ஒன்றைதான் செல்வராகவன் என்ற ஒரு இயக்குனன் இ்ல்லையென்றால் தனுஷ் என்ற நடிகனே கிடையாது
882.wav,இதனால் ஆத்திரமடைந்த டோனி ஆடுகளத்திற்குள் சென்று நடுவர்களிடம் கடும் வாக்குவத்தில் ஈடுபட்டார்
883.wav,ஆனால் இந்த நவீன டாக்ஸி சேவைகள் நடுத்தரவர்க்கத்திற்குப் பெரிய உதவி
884.wav,குரல்கள் அல்லது இசை கார்டியன் ஏஞ்சல்ஸ் பிரார்த்தனை அல்லது தியானம் போது நீங்கள் அனுப்பலாம்
885.wav,மத்திய அரசின் வேளாண் மசோதாக்களை எதிர்த்து கிழக்கு மாவட்ட திமுக சார்பில் கண்டன ஆர்ப்பாட்டம் செங்குட்டுவன் எம்எல்ஏ பங்கேற்பு
886.wav,இதனை முப்பது ஆண்டுகளின் முன்னால் பத்திரிகையில் படித்தபோது இருந்த உணர்வுகள்தான்
887.wav,டெல்லியில் அவரது உடல் தகனம் செய்யப்பட்ட இடத்தில் இருந்து எக்ஸ்க்ளூசிவ் வீடியோ
888.wav,ஆர்வமுள்ள வழக்கறிஞர் மோதல்கள் பற்றிய பயம் அல்லது கவலையை உணருவது எளிது
889.wav,சிறந்த மேற்பார்வையாளர் திறமைகளை நீங்கள் தத்தெடுக்க நேரம் பயன்படுத்த வேண்டும் என்று உங்களை ஒரு ஒப்பந்தம் செய்யுங்கள்
890.wav,ஆழ்வான் திருக்கண்கள் நோவுபட்ட பின்பு எம்பெருமானார் திருவுள்ளம் நோவுபட்டாற்போலேகாணும் திருத்தாயார் திருவுள்ளமும் படுகிறது
891.wav,இந்நிலையில் பிரதமர் நரேந்திர மோடி இன்று தேர்தல் குறித்து ஒரு டுவீட்டை பதிவிட்டுள்ளார்
892.wav,விக்னேஸ்வரன் தனது முதலமைச்சர் கனவு நிறைவேற ஒரே நேரத்தில் பல தோணிகளில் பயணம் செய்ய எத்தனிக்கிறார்
893.wav,அலி என்கென்ஸ் உடன் இணைந்து எழுதிய ஐரோப்பாவும் அரபு உலகமும் புது
894.wav,எத்தளம் போனாலும் புத்தளம் போகாதே என்ற பழமொழி எவ்வாறு எப்போது தோன்றியது என்பதையும் குறிப்பிட்டால் நன்று
895.wav,இதனையடுத்து அட்லாண்டா போலீஸ் தலைமைப் பதவியில் உள்ள அதிகாரி எரிகா ஷீல்ட்ஸ் பதவியை ராஜினாமா செய்துள்ளார்
896.wav,இந்தியாவில் தனது மொத்த விற்பனையை விரிவாக்கம் செய்வதில் வால்மார்ட்டுக்கு பிரச்சினைகள் இருந்தன
897.wav,தினமலரால் மட்டுமே ஒரே வார்த்தையில் சாட்டை அடி கொடுக்க முடியும் என்பதற்கு சிறந்த உதாரணம் இந்த தலைப்பு
898.wav,இலங்கையில் தென்னிலங்கை போர்க் குற்றவாளிகள் வீரர்களாகியுள்ளனர் என்பதே இன்றைய துயரநிலை என்கிறார் முதலமைச்சர் விக்னேஸ்வரன்
899.wav,கொரோனா வைரஸ் தாக்கல் குறித்து டெல்லியில் அமைச்சர்களுடன் முதல்வர் கெஜ்ரிவால் ஆலோசனை
900.wav,பிருகு முனிவர் அருளிய சாமுத்ரிகா சாஸ்திரம்வித்யாவாரிதி சுப்ரமண்ய சாஸ்திரிகள்
901.wav,சசி தரூருக்கு எதிராக ராஜ்யவா்தன் சிங் ரத்தோா் மக்களவைத் தலைவரிடம் புகாா்
902.wav,என்ற மனநிலைக்கு மக்கள் வந்துவிட்டால் அதற்கு முழு பொறுப்பும் திமுக தான் என்பது குறிப்பிடத்தக்கது
903.wav,மீ கடலடி சுரங்க ரயில் பாதையில் போக்குவரத்து ஆரம்பம்
904.wav,கருணாநிதி பேரன் என்று கூறி பல கோடி மோசடி செய்த நடிகை லீனாவின் காதலனுக்கு போலீஸ் வலை
905.wav,மோடி தமிழர்களுக்கு சுமூகமான தீர்வு பெற்றுத்தர வேண்டும் என யாழில் நடைபவணி
906.wav,பிக்பாஸ் நிகழ்ச்சியில் இன்று வெடிக்கப்போகும் பிரச்னையை முன் கூட்டியே அறிவிக்கும் நோக்கத்தில் வெளியாகியுள்ளது ஒரு ப்ரோமோ
907.wav,சிலாங்கூர் ஆட்சிமன்ற உறுப்பினர் பதவிக்கு மாநில பாஸ் இளைஞர் பிரிவு டாக்டர் ரானியை முன்மொழிகிறது
908.wav,வவுனியாவில் சிறுமி ஒருவரை கொடூரமாக பாலியல் துஸ்பிரயோகம் செய்த நபர் கைது
909.wav,சொந்த செல்போனை பயன்படுத்துவதாக வந்த தகவலுக்கு அமெரிக்க ஜனாதிபதி டிரம்ப் மறுப்பு
910.wav,இவர் ஃபேஸ்புக்கில் பதிவிட்ட மறுநாளே மருத்துவமனை நிர்வாகம் அவரை வேலையைவிட்டு திடீரென நீக்கி அதிர்ச்சி அளித்துள்ளது
911.wav,இதனிடையே சிறைச்சாலை உத்தியோகத்தருக்கு கொரோனா உள்ளதா என்ற மருத்துவ பரிசோதனை இன்று மதியம் வெளியாகும் எனவும் தெரிவித்தனர்
912.wav,தற்சமயம் அனைத்துலக செயலகத்தோடு சேர்ந்து நின்று தெய்வீகனால் அடுத்த கட்ட
913.wav,மகாராஷ்டிராவில் ஜனாதிபதி ஆட்சிக்கு எதிராக சிவசேனா உச்ச நீதிமன்றதில் முறையிடும் என எதிர்பார்ப்பு
914.wav,புடினுக்கு ஆதரவாக கட்டுகட்டாக கள்ள ஓட்டு போடும் வீடியோ யூ ட்யூப்பில் வைரலாக ஓடிக்
915.wav,காங்கிரஸ் ஆட்சிக்கு வந்தால் ரபேல் ஊழல் தொடர்பாக கிரிமினல் வழக்கு தொடரப்படும்
916.wav,காங்கிரஸ் கட்சியின் வசந்தகுமார் நாங்குநேரி தொகுதி எம்எல்ஏவாக இருந்த நிலையில் அவரே கன்னியாகுமரி தொகுதியில் மக்களவை வேட்பாளராக அறிவிக்கப்பட்டார்
917.wav,உங்கள் ஊடக நிகழ்வு ஒரு ஹிட் செய்ய இந்த அறிவுரை பின்பற்றவும்
918.wav,சமூகத்திலும் வேலை செய்யும் இடத்திலும் இருந்த பிரச்சினைகள் முடிவுக்கு வரும்
919.wav,இதிலிருந்து நாம் தெரிந்து கொள்ளவேண்டிய அறிவுரை யாது எனில் முக்கியமான பணியை என்ன விலைகொடுத்தாலும் முதலில் முடித்திடவேண்டும் என்பதேயாகும்
920.wav,இந்திரா சௌந்தர்ராஜன் கவிதா சொர்ணவேல் சாரு நிவேதிதா பட்டுக்கோட்டை பிரபாகர் பாலகுமாரன் பாஸ்கி மதன் ஸ்ரீராம் கண்ணன்
921.wav,இது நீதிமன்றத்தில்மின் முறையை அமல்படுத்தும் எட்டாவது நீதிமன்றம் ஆகும் மற்றும் தென் இந்தியாவின் முதல் நீதிமன்றம் ஆகும்
922.wav,மத்திய அமெரிக்கா மற்றும் மேற்கிந்திய நாடுகளைத் தாயகமாகக் கொண்டது பப்பாளி
923.wav,தங்கள் உரிமைக்காக அமைதியான முறையில் போராடும் மக்கள் மீது வேண்டுமானால் தடியடி என்ற பெயரில் கொலை வெறி தாக்குதல் நடத்துவார்கள்
924.wav,ஆனால் அதே நேரத்தில் வாரிசு அரசியல் குறித்து உதயநிதி எந்தவித பதிலும் அளிக்கவில்லை என்பது குறிப்பிடத்தக்கது
925.wav,போராட்டம் நடத்திய மாணவர் அமைப்பினர் மீது கண்ணீர் புகை குண்டுகளை சுடும் போலீசார்
926.wav,அந்த வகையில் ராதாரவி உள்பட பல பிரபலங்கள் அக்கட்சியின் சமீபத்தில் இருந்தனர் என்பது குறிப்பிடத்தக்கது
927.wav,இளம் வயதில் வைட்டமின் டி குறைபாடு இருந்தால் வயது அதிகரிக்கும்போது உடல் பருமன் ஏற்படும் வாய்ப்புகள் உண்டு
928.wav,வதிவிடத் தேவைக்காக வழங்கப்படும் நீண்ட காலக் குத்தகை முறிகளுக்கு அளிப்புப் பத்திரங்கள் பெற்றுக்கொள்ளல்
929.wav,பழசிராஜா மரபுமுறை போர்முறையின் அவசியத்தை உணர்த்தித் தன் அணியில் இருக்கும் வீரர்களைப் பயிற்சி எடுக்கச் செய்யும் காட்சி
930.wav,டெல்லி மாணவி வல்லுறவு வழக்கில் குற்றவாளிகளின் வழக்கறிஞர்கள் தொழிலை இழக்கும் ஆபத்து
931.wav,ஜல்லிக்கட்டு போராட்டக் களமான மெரீனாவில் தொடர்ந்து நான்கு நாட்களாக இரவு பகலாக லாரன்ஸ் இருந்ததால் அவருக்கு உடல் நலக்குறைவு ஏற்பட்டது
932.wav,திருப்பதி ஏழுமலையான் கோயிலின் பிரதான அர்ச்சகர் சீனிவாச ஆச்சார்யலு கொரோனாவுக்கு பலி
933.wav,ஊரடங்கு உத்தரவால் ஏழைமக்களுக்கு ஏற்பட்டுள்ள துயரத்துக்கு மன்னிப்பு கோரினார் பிரதமர் மோடி
934.wav,மேலும் அமலாபால் இந்த படத்தில் தனது கேரக்டரில் துணிச்சலாக நடித்ததாக பாராட்டுகள் குவிந்து வருகின்றன
935.wav,நெல்லையில் பேராசிரியர் செந்தில் குமார் கொலை வழக்கில் ராக்கெட் ராஜாவுக்கு ஜாமீன் வழங்கி மதுரை உயர்நீதிமன்றகிளை உத்தரவிட்டுள்ளது
936.wav,சார்ஜரில் இருந்த போது அழைப்பை ஏற்ற பெண் செல்போன் வெடித்துப் பலி
937.wav,அவர்கள் அனைவரும் தொடர்ச்சியாக சிறைகளில் வதைக்கப்படுவார்கள் என்பதே அவரது அறிவிப்பின் சாராம்சம் என்பதை நாம் புரிந்து கொள்ள வேண்டும்
938.wav,உங்கள் தயாரிப்பு அல்லது சேவை விடுமுறை நாட்களில் எவ்வாறு மக்களுக்கு உதவ முடியும் என்பதைத் தீர்மானித்தல்
939.wav,அனைத்து பகுதியிலும் காவிரி குடிநீர் வசதி செய்து தரப்படும் அரவக்குறிச்சி திமுக வேட்பாளர் மொஞ்சனூர் இளங்கோ உறுதி
940.wav,இரண்டாம் உலக யுத்தத்துக்குப் பின் நோர்வே எதிர்கொள்ளும் மாபெரும் அவசர நிலை இதுதான்
941.wav,டூ நம் உடம்பிலுள்ள நரம்பு மண்டலம் பலமாகும்
942.wav,ஏற்கனவே நுகர்வோர் சந்தையில் இந்நிறுவனத்தின் தாக்கத்தின் மூலம் கார்ப்பரேட் நிறுவனங்கள் மிகப்பெரிய அளவிலான வர்த்தக பாதிப்பை சந்தித்தது மறக்கமுடியாது
943.wav,பாராளுமன்ற தேர்தலில் மகத்தான வெற்றி பெற்று அம்மாவிற்கு நாம் நன்றிக்கடன் செலுத்த வேண்டும் என்று பேசினார்
944.wav,கருநாடக இசையை அதன் பாரம்பரியத்துடனும் நவீன மாற்றங்களால் கெடாத தூய தன்மையுடனும் கையாண்டவர்
945.wav,ராஜபக்ஸ குடும்ப உறுப்பினர்களைத் தவிர ஏனையோரை குற்றவாளியாகப் பார்க்கும் நிலை ஏற்பட்டுள்ளது
946.wav,நீட் தேர்வை எதிர்க்கும் நடிகர் சூர்யாவை கண்டித்து கோவையில் இந்து இளைஞர் முன்னணியினர் போராட்டம்
947.wav,நீதியற்ற பயங்கரவாத மற்றும் எந்தவொரு குற்றச் செயல்களுக்கும் எதிராக கடுமையான நடவடிக்கை எடுக்கப்பட வேண்டும் என்றும் இந்தத் தீர்மானத்தில் வலியுறுத்தப்பட்டுள்ளது
948.wav,பாடசாலைகளுக்கான விடுமுறை தொடர்பில் முக்கிய அறிவிப்பை வெளியிட்ட ஜனாதிபதி செயலகம்
949.wav,தமிழ் நாட்டில் உள்ள ஈழ ஏதிலிகளின் முகாம்களுக்கான பாதுகாப்பு மற்றும் கண்காணிப்புகள் தீவிரப்படுத்தப்பட்டுள்ளதாக தெரிவிக்கப்படுகிறது
950.wav,சிலாங்கூர் மாநில மந்திரி புசார் காலிட் இப்ராகிம் தீபாவளி வாழ்த்து கூறுகிறார்
951.wav,இந்த படத்திற்கான ஆரம்பகட்ட பணிகள் தொடங்கி தற்போது விறுவிறுப்பாக நடைபெற்று வருகிறது
952.wav,தன்னை விமர்சனம் செய்பவர்களுக்கு எதிராக டிரம்ப் அதிரடி நடவடிக்கைகளையும் எடுத்து வருகிறார்
953.wav,மன் கி பாத் நிகழ்ச்சியில் பிரதமர் மோடி குறிப்பிட்ட குஷ்பு கன்வர் ராஜஸ்தான் மாநிலம்
954.wav,அவைகளை ஒவ்வொரு கவிதைகளுக்கும் கீழே கவிதைகள் எடுக்கப்பட்ட வெளியீடுகளின் விபரத்தை மிகத் தெளிவாக குறிப்பிட்டுள்ளார் மங்கை
955.wav,லிபர் ஆஃபிஸ் ரைட்டரில் இவ்வாறான வகையில் பக்கஎண்கள் பிரதிபலிக்குமாறு செய்திட நமக்கு மூன்று செயல்கள் தேவைப்படுகின்றன
956.wav,குழந்தைகளின் ஸ்நாக்ஸ் பாக்ஸை நிரப்புவதற்கு ஏற்ற ஆரோக்கியம் நிறைந்த ஈஸியான நட்ஸ் ரெசிப்பிகள்
957.wav,தெற்காசிய விளையாட்டு விழாவுக்கான திறன்காண் லேட்டன் கிண்ண குத்துச்சண்டை இன்று ஆரம்பம்
958.wav,நற்பேறு அட்டைகள் டெக் இரண்டு குழுக்கள் அல்லது கமுக்கமான கொண்டுள்ளது
959.wav,நீதி வெல்லும் என்ற நம்பிக்கை உள்ளது மரண தண்டனை குறித்து முஷரப் கருத்து
960.wav,குறிப்பாக அரவிந்த் கெஜ்ரிவாலின் ஆம் ஆத்மி கட்சிக்கும் பாஜகவுக்கும் இடையே அரசியல் விவாதங்கள் நடைபெற்று வருகின்றன என்பது குறிப்பிடத்தக்கது
961.wav,செவ்வாய் கிரகத்துக்கு அனுப்பப்பட உள்ள ஆய்வு ஊர்தியை அறிமுகம் செய்தது நாசா
962.wav,சிதம்பரத்திற்கு மருத்துவ பரிசோதனை செய்வது என்பது சிறை அதிகாரிகளின் முடிவுக்கு உட்பட்டது
963.wav,இஸ்ரேல் சென்றுள்ள வெளிநாட்டு வேலைவாய்ப்பு ஊக்குவிப்பு பிரதியமைச்சர் மனுஷ நாணயக்கார இது தொடர்பில் அந்நாட்டு
964.wav,வவுனியா வடக்கு வலய ஓமந்தை கோட்ட முன்பள்ளிகளின் மழலைகள் திறனாய்வு விழா
965.wav,நீங்கள் ஒரு பத்திரிகை உருவாக்கப் போகிறீர்கள் என்றால் அது என்ன என்று அழைக்கப்படும்
966.wav,இன்றைக்கு இருபது ஆயிரத்துக்கும் மேற்பட்ட கரோனா நோயாளிகளை நாம் பாதுகாக்க வேண்டிய அவசியம் வந்துள்ளது
967.wav,மருத்துவ உயர்கல்வி உள்ளிட்ட அனைத்துத் துறை களிலும் இடஒதுக்கீட்டை முழுமையாக செயல்படுத்துதல்
968.wav,உங்கள் சந்தை மற்றும் என்ன வேலை செய்ய வேண்டும் என்பதை அறியவும்
969.wav,பாராளுமன்றத்தின் ஒரு பகுதியான ஹவுஸ் ஒஃப் கொமன்ஸில் பணி புரியும் ஊழியர்கள் பாலியல் துஷ்பிரயோகங்களுக்க
970.wav,இவர்களின் கூச்சல்கள் உச்சத்தில் இருந்தபோது இந்திய சாமானியன் மோதிக்கு வாக்களித்தான் என்பதை மறக்கவேண்டியதில்லை
971.wav,வராஹம் புண்டரீகாக்ஷம் ந்ருஸிம்ஹம் நரகாந்தகம் அவ்யக்தம் ஸாஸ்வதம் விஷ்ணும் அனந்த மஜமவ்யயம்
972.wav,அதுமட்டுமின்றி வணிகர்களுக்கு உதவும் வகையில் மிக விரைவில் கரண்ட் கணக்குகளும் தொடங்க ஏற்பாடு செய்யப்படும்
973.wav,உங்கள் வகுப்புகளை பற்றி வேலை நேர்காணல் கேள்விகளுக்கு எப்படி பதிலளிக்க வேண்டும்
974.wav,கணேஷ் கார்த்திக் பரமக்குடி அருகே காவனூரில் உள்ள துணை மின் நிலையத்தில் துணை மின் பொறியாளராக பணியாற்றி வருகிறார்
975.wav,கைது செய்தாலும் அடுத்தடுத்து போராட்டம் நடத்த மக்கள் வருவார்கள் என்று கிராம மக்கள் கூறி வருகின்றனர்
976.wav,மின் தடை இன்மையால் நேற்று ஒளிமயமான தீபாவளியை கொண்டாடிய தமிழக மக்கள்
977.wav,மணமகன் சங்கரநாராயணன் மேடையில் மைக் மூலம் தனது உறவினர்களை அழைத்து மணப்பெண்ணுக்கு அறிமுகம் செய்து வைத்தார்
978.wav,பிரித்தானிய இளவரசர் சார்ள்ஸ் நைஜீரியாவின் முன்னாள் படையினருக்கு அபுஜாவிலுள்ள போர் நினைவுச் சின்னத்தி
979.wav,வேட்பாளர் விடுமுறைப் முன் நேற்று இரவு தேவாலயத்தில் நடைபெற்றது வேண்டும்
980.wav,காங்கிரசில் உள்ள ப்ரோ ஃபார்ம அமர்வுகள் மற்றும் ஏன் அவர்கள் பெரும்பாலும் சர்ச்சைக்கு காரணம்
981.wav,தனியாக வண்டி ஓட்டும் பெண்களுக்கும் இந்த விதியிலிருந்து விலக்கு அளிக்கபட்டுள்ளது
982.wav,தன் கூந்தலை அள்ளி கொண்டையிட்டபடி அவள் முற்றத்துக்கு வந்தபோது அங்கே சின்னஞ்சிறு செந்நிற நாய்க்குட்டி ஒன்று நின்றிருப்பதைக் கண்டாள்
983.wav,சாதாரண பேடண்ட் வழக்குக்கு பல ஆண்டுகள் கோர்ட் வாசலிலும் வக்கீலிடமும் காத்திருக்கும் நிலை
984.wav,சிட்ரைக்னைன் என்ற ஆல்கலாய்டு தயாரிக்க உதவும் ஓவர்மான் தொகுப்பு வினையில் இவ்வினை ஒரு பகுதியாகும்
985.wav,இதையடுத்து மருத்துவரிடம் சென்ற போது கண் மை மூலம் தொற்று ஏற்பட்டு அவரின் கண்கள் முழுவதும் பாதித்துள்ளது தெரியவந்தது
986.wav,குடும்ப நிலையால் விளையாட்டிலும் பயிற்சி மேற்கொள்ள முடியாத சூழ்நிலை எனவே பிச்சை எடுக்கும் நிலைக்கு வந்துவிட்டேன் என லோதி கூறியுள்ளார்
987.wav,இந்தியாவிற்கு வரும் பிரிட்டன் பயணிகள் எச்சரிக்கையாக இருக்குமாறு அந்நாட்டு அரசு அறிவுரை
988.wav,அம்பாறை ஒழுவில் பகுதியில் அண்மையில் தாயையும் மகளையும் பாலியல் வல்லுறவுக்கு உட்படுத்திய சம்பவ சந்தேகநபர்கள் நால்வர் இனங் காணப்பட்டனர்
989.wav,ஆள்வினையே ஒருவரை அடையாளப்படுத்தும் மற்றபடி அவரது அங்கங்கள் அல்ல என்னும் வள்லுவத்தை மெய்ப்பிக்கும் வகையில் வாழ்ந்து வருவதற்காக
990.wav,இந்த படமும் ரஜினி ரசிகர்களுக்கு விருந்தாக அமையும் ஒரு அதிரடி ஆக்சன் படம் என்று கூறப்படுகிறது
991.wav,தூத்துக்குடி அண்ணாநகர் பகுதியில் பிரசாரம் மக்கள் பணியாற்ற மீண்டும் வாய்ப்பு தாருங்கள் திமுக வேட்பாளர் கீதாஜீவன் பேச்சு
992.wav,ஒருவேளை குழந்தையின் நோய் மற்றும் இலகுவான ஏற்பாடுகளை குணப்படுத்த முயற்சி செய்யலாம்
993.wav,இந்த இலை நீக்கம் குறிப்புகள் நீங்கள் தொல்லைதரும் இலைகளைக் கட்டுப்படுத்த உதவும்
994.wav,இலங்கையின் யுத்தக் குற்ற மீறல்களுக்கு இந்திய அரசாங்கமும் பொறுப்புக் கூற வேண்டும்
995.wav,பிறகு நீங்கள் ஒரு ஈரமான துணி போர்த்தி மற்றும் ஆறு மணி நேரம் குளிர்விக்க விட்டு மீன் பெற வேண்டும்
996.wav,நான் அறிந்தவரையில் ஈழத்தில் இவருடைய அப்பா செய்யும் அரசியலைவிடப் புலத்தில் இவர் செய்யும் அரசியல் மிகவும் வேறுபாடாக
997.wav,குடியுரிமை சட்ட போராட்டத்தில் போலீசாருடன் மாணவர்கள் மோதல் நாடாளுமன்றம் நோக்கி சென்ற ஊர்வலம் தடுத்து நிறுத்தம்
998.wav,பத்து விரலை காட்டி ஒல்லி நடிகரை அதிர வைத்த அழகி நடிகை
999.wav,இடர் மேலாண்மை ஒரு நிறுவனம் எதிர்கொள்ளும் அபாயங்களை மதிப்பீடு செய்து கட்டுப்படுத்துகிறது
1000.wav,திருவண்ணாமலை மாவட்டம் செங்கம் அருகே காலிக் குடங்களுடன் பெண்கள் சாலை மறியல்
1001.wav,இப்படத்தின் டீசர் ஏற்கனவே நல்ல வரவேற்பை பெற்றிருந்த நிலையில் தற்போது ட்ரெய்லருக்கும் நல்ல வரவேற்பு கிடைத்துள்ளது
1002.wav,தனுஷுடன் கமலின் இளைய மகள் நடிக்கும் இந்தி படத்தின் ஷூட்டிங் துவக்கம்
1003.wav,மேகதாது அணை கட்ட அனுமதி பெற ஒன்றிய அமைச்சருடன் கர்நாடக முதல்வர் சந்திப்பு
1004.wav,கபாலி டயலாக்கை உல்டா செய்து ரியோடா என்று சொல்கிறது இந்த டிவிட்
1005.wav,துண்டு துண்தாக வெட்டப்பட்ட இறைச்சி மற்றும் தக்காளி சேர்த்து இனிப்பு உருளை ரெசிபி
1006.wav,பாடசாலைகளின் கல்விசார் ஆளணி தொடர்பாக கல்வி அமைச்சு புதிய சுற்றுநிருபம் வெளியீடு
1007.wav,அதனால் மசோதாவின் இரண்டாம் கட்ட வாசிப்பு சட்டமன்றத்தில் தாக்கல் செய்ய இயலாமல் இருமுறை
1008.wav,வாகரை பகுதியில் பொலிசில் வேலை பார்த்துக்கொண்டு தந்திரோபாயமாக பிரதான வீதீ வாகரையில் பாரிய இஸ்லாமிய மசூதி கட்ட முயற்சிக்கும் இஸ்லாமியர்
1009.wav,கடலுார் மாவட்ட வேலை வாய்ப்பு அலுவலகத்தில் எழுத படிக்க தெரிந்தவர்கள் முதல் பட்டப்படிப்பு வரை என பல்வேறு
1010.wav,தாய் ஸ்தலம் தாராபுரம் ஸ்ரீ இராமலிங்க சௌடேஸ்வரி அம்மன் கோவில் இரண்டாம் ஆண்டு விழா புகைப்படம் மற்றும் வீடியோ தொகுப்பு
1011.wav,கலப்பு மருத்துவத்தை தடை செய்யக் கோரி மருத்துவா்கள் இருசக்கர வாகனப் பேரணி
1012.wav,இவரது வீடு மற்றும் தலைமை செயலகத்தில் வருமான வரித்துறையினர் அதிரடி சோதனை
1013.wav,சிலைக்கடத்தல் தடுப்பு பிரிவுக்கு தேவையான வசதிகளை செய்துதர தவறியதாக தமிழக அரசுக்கு உயர்நீதிமன்றம் கண்டனம்
1014.wav,கால்நகம் முதல் தலைமுடிநுனி வரை கவிதையால் நிறைந்தவராக இருந்தாலும் அவரால் அதைத்தாளமுடியவில்லை
1015.wav,சகுந்தலா வழியெல்லாம் தான் கையாண்ட பலப்பல வழக்குகளைப் பற்றி சொல்லிக் கொண்டே வந்தாள்
1016.wav,சவூதியில் வெட்டப்பட்ட தமிழ்ப்பெண்ணுக்கு அரசு வேலை வழங்க சரத்குமார் கோரிக்கை
1017.wav,ஆத்ம நிர்பார் உத்தர பிரதேச ரோஜ்கார் அபியான் திட்டம் மோடி துவக்கிவைத்தார்
1018.wav,அண்மையில் நடைப்பெற்ற தமிழக சட்டமன்றத் தேர்தலில் வேறு எந்த வேட்பாளருக்கும் கிடைக்காத அளவு
1019.wav,இந்நிலையில் கமலின் நெருங்கிய நண்பரும் பிரபல எழுத்தாளருமான ஜெயமோகனின் இணையதளத்தில் கமலுக்கு ஆதரவாக ஒருசில கட்டுரைகளை அவர் பதிவு செய்தார்
1020.wav,தனது ஆதரவாளர்களின் வீட்டு விசேஷங்களில் பங்கேற்க தொடங்கி உள்ளார்
1021.wav,யுத்தத்தினால் மக்களின் பல பில்லியன் ரூபா பெறுமதியான சொத்துக்கள் இழக்கப்பட்டுள்ளன
1022.wav,என விரியும் அக்கவிதை காதலின் குரல் நமக்குள்ளே எதிரொலித்துக் கொண்டேயிருப்பதைச் சுட்டிக்காட்டுகிறது
1023.wav,சாலைபாதுகாப்பு ெஹல்மெட் விழிப்புணர்வு பேரணி கலெக்டர் தொடங்கி வைத்தார் வேலூர் புதிய பஸ்நிலையத்தில்
1024.wav,தேர்தலுக்காக அதிக அளவிலான பணத்தை அரசியல் கட்சிகள் பதுக்கியிருப்பதால்தான் பணத்தட்டுப்பாடு ஏற்பட்டுள்ளது
1025.wav,பியூஷ் கோயலுடன் செய்தியாளர்களை சந்தித்த மத்திய வேளாண் அமைச்சர் நரேந்திர சிங் தோமர்
1026.wav,மின் கம்பிகள் பிரதான வீதியில் அறுந்து விழுந்ததன் காரணமாக போக்குவரத்து பாதிப்பு
1027.wav,இந்த நிபந்தனைகளுக்கு மத்திய சுற்றுச்சூழல் அமைச்சகம் ஒப்புதல் அளித்துள்ளதாக பதில் மனுவில் தெரிவிக்கப்பட்டுள்ளது
1028.wav,பெல்டா குறித்துக் கருத்துரைக்கும் புக்கு ஜிங்காவைக் குப்பை என்றார் துணை அமைச்சர்
1029.wav,குழு உரிமைகள் கருத்தாக்கத்தை திருத்தியமைக்கும் குடியுரிமைத் திருத்தச் சட்டமும் தேசிய குடிமக்கள் பதிவேடும்
1030.wav,ஒட்டு மொத்த தேர்தல் மற்றும் ஓட்டு எண்ணிக்கை ஆகியவற்றை துணை ராணுவத்தைக் கொண்டு நடத்த முன்வர வேண்டும்
1031.wav,அதிமுக செயற்குழு கூட்டத்தில் முதல்வர் வேட்பாளர் பற்றிய சர்ச்சை பெரிதாக வெடித்த நிலையில் இன்று அறிவிப்பு வெளியாகிறது
1032.wav,இதை நாம் சும்மா விடுவதா அயல்நாட்டில் நம் உழைப்பை சுரண்டுகிறார்கள் நம் நாட்டில் நம் பணத்தை சுரண்டுகிறார்கள்
1033.wav,புனித தலங்களுக்குச் செல்ல இந்துக்களுக்கு அரசு உதவி செய்யும் காரைக்குடியில் ஜெயலலிதா பிரச்சாரம்
1034.wav,எங்களுக்கு வெற்றி வாய்ப்புள்ள தொகுதிகளின் பட்டியலை முதல்வரிடம் அளித்து உள்ளோம் என்று அவர் கூறினார்
1035.wav,பரியேறும் பெருமாள் படத்தில் உச்சத்திற்கு சென்ற கதிரை ஒரேடியாக கீழே தள்ளி உள்ளார் இயக்குனர் அட்லி
1036.wav,துப்பாக்கி சுடுதலில் தங்கம் மற்றும் வெள்ளி பதக்கம் வென்ற வீரர்களுக்கு பிரதமர் மோடி வாழ்த்து
1037.wav,பறக்கும் ரயில் மார்க்கத்தில் முண்டகக் கண்ணியம்மன் கோயில் ரயில் நிலையம் இன்று திறப்பு
1038.wav,காதலன் தன் பெற்றோரைக் கிண்டல் செய்யாமல் இருக்க அவர்களது பலவீனங்களை அவனிடம் இருந்து மறைப்பது நல்லது என்கின்றனர் பெண்கள்
1039.wav,பொத்துவில் உப வலயக் கல்வி அலுவலகத்தை வலயக் கல்வி அலுவலகமாகத் தரம் உயர்த்த வேண்டுகோள்
1040.wav,அப்பா பள்ளியின் கடந்தாண்டு உள்ஹிய்யா அறிவிப்பு செய்தியை காண இங்கு அழுத்தவும்
1041.wav,முதலில் நிஷா அகர்வால் கதாபாத்திரத்திற்கு பாவனாவை தான் முடிவு செய்தனராம்
1042.wav,மரணித்துப்போகமாட்டான் என்ற நம்பிக்கையினை ஒட்டுமொத்த தமிழர்களின் மனங்களிலே ஆழமாக பதியச்செய்தது அந்த தலைவனின் தனித்துவத்தினை
1043.wav,மேலும் பிரியங்கா சோப்ராவுக்கு எதிராக ஆன்லைனில் கையெழுத்து இயக்கப் போராட்டத்தையும் பாகிஸ்தான் தொடங்கியுள்ளது என்பது குறிப்பிடத்தக்கது
1044.wav,பால் மற்றும் கனிம நீர் மீது ஓட்டைகள் கொண்ட மிகவும் ருசியான அப்பத்தை
1045.wav,சாக்கோ கனியன் உள்ள சிறிய வீடு மற்றும் பெரிய வீடு தளங்கள்
1046.wav,இதில் உள்ள இயற்கையான உயர் கொழுப்பு அமிலங்கள் கண் இமை முடியை வலுவாக்கும்
1047.wav,சிறு வயதில் எங்கள் தாத்தா புராதன கோயில்களுக்கு அழைத்துச் சென்று அங்குள்ள பழங்கால கல்வெட்டுகளில் உள்ள வித்தியாசமான எழுத்துக்களை
1048.wav,இந்த சாதனத்தில் கை அசைவுகள் மூலமாக இயக்கும் வசதியும் இருக்கிறது
1049.wav,இதிலிருந்து இவர்களின் விருப்பம் என்ன என்பதை நம்மால் புரிந்து கொள்ள முடிகிறது
1050.wav,இதுமாதிரி எனக்கும் நிறைய ஆபர் வந்தது அப்போது என்னிடம் அந்த அளவுக்கு பணம் இல்லை இருந்தால் சேர்ந்திருப்பேன்
1051.wav,அதற்க்கு என்ன இப்ப அதை வேண்டுமானால் கோர்ட்டில் தாக்கல் செய்து வேண்டுமானால் ஆட்சி ஆளட்டும்
1052.wav,சிரமம் என்றெல்லாம் சொல்லவில்லை அந்த நேரத்திய கட்டுப்பாடுகளைத்தான் சொன்னேன் நீங்கள் அனுபவிக்காத்சதே இல்லையா
1053.wav,டெல்டா கொரோனாவுக்கு எதிராக வீரியத்துடன் செயல்படும் ஜான்சன் அண்ட் ஜான்சன் தடுப்பூசி
1054.wav,முன்னர் மகிழுந்தில் பாதுகாப்பு பட்டி அணிவதன் அவசியம் குறித்து அறிவுறுத்தல் விளம்பரம் ஒஸாமா பின்லாடனின் இறப்புடன் தொடர்பு படுத்தி வெளியிடப்பட்டிருந்தது
1055.wav,இந்த நிகழ்ச்சி துவங்குவதற்கான பணிகள் தற்போது விறுவிறுப்பாக நடைபெற்று வருகிறது
1056.wav,மற்றும் இவான் கிரேட் பெல் செயின்ட் ஐசக் கதீட்ரல் உயரம் என்ன
1057.wav,இதுவரை பார்ததுவந்த குறிமுறைவரிகள் ஒரு நெடுவரிசை தரவுகளைமட்டுமே வரிசைபடுத்தி அடுக்கிடுகின்றது பின்வரும் விபிஏகுறிமுறைவரிகளை கொண்டு ஒன்றிற்குமேற்பட்ட நெடுவரிசை தரவுகளை வரிசைபடுத்திடலாம்
1058.wav,மகளைப் பார்த்து வைத்த வி்ழி வாங்காமல் ஆச்சரியத்துடன் பார்த்து உணர்வுகளை வெளிப்படுத்திய ரஜினி
1059.wav,பொதுபல சேனை என்ற பிரிவினைவாத அமைப்புதான் நாட்டு மக்களிடம் பொது மன்னிப்பு கோரவேண்டும்
1060.wav,ஒரு புதிய உணவகத்தை திறக்க நீங்கள் எடுக்க வேண்டிய அனைத்து பெரிய படிகள்
1061.wav,துபாயில் ப்ரொபோஸ் செய்து சென்னையில் காதலியை மணந்த விஜய் பட இயக்குநர்
1062.wav,இன்னும் அம்பானி உள்பட பல்வேறு தொழில் அதிபர்கள் பெரிய தொகையை விரைவில் அறிவிப்பார்கள் என்றும் எதிர்பார்க்கப்படுகிறது
1063.wav,ஆனால் இந்த சந்தேகம் ஒன்றால் மட்டும் எப்படி அந்த மனிதனிடம் போய் கேட்க முடியும்
1064.wav,இலங்கை வடக்கு மாகாணத் தேர்தலில் தமிழ் தேசியக் கூட்டமைப்பு மகத்தான வெற்றி
1065.wav,சமச்சீரற்ற சமூக அமைப்பாக இருந்த தமிழ்ச் சமூகத்தில் அரசு உருவாக்கம் எவ்வகையில் உருவானது என்ற உரையாடல்
1066.wav,இரண்டாம் பாதியில் ராஜாளியாக அவர் செய்யும் அட்டகாசம் ரஜினிக்கு ஈடான நடிப்பு
1067.wav,பூட்ஸ்டார்ப் சந்தைப்படுத்தல் தொழில்நுட்பங்கள் ஒவ்வொரு சிறு வணிக உரிமையாளரும் பயன்படுத்த வேண்டும்
1068.wav,விடுதலை செய்யக் கோரிய நளினியின் மனுவை தள்ளுபடி செய்தது சுப்ரீம் கோர்ட்
1069.wav,மைதாம்களை பார்த்துவிட்டு திரும்பிவந்து ஷிவ்சாகரின் ஏரி ஒன்றின் கரையில் இருந்த உணவகத்தில் சாப்பிட்டோம்
1070.wav,கொடைக்கானல் நீதிமன்ற வளாகத்தில் ஜப்தி செய்யப்பட்டு நிறுத்தி வைக்கப்பட்ட அரசு விரைவுப் பேருந்து
1071.wav,அத்தகைய குழப்பம் அல்லது குவிந்த மேற்பரப்பு வடிவம் ஒரு மென்சஸ்கஸ் என்று அறியப்படுகிறது
1072.wav,அவர் வீட்டுமுன் தர்ணாவில் அமர்ந்து இந்தக் கடிதத்தை எழுதியிருக்கிறீர்கள் என நினைக்கிறேன்
1073.wav,சேரம்பாடியில் சாலை வசதி செய்து தரக்கோரி இடைத்தேர்தலை புறக்கணிப்பதாக கொடி கட்டி எதிர்ப்பு தெரிவித்த கிராம மக்கள்
1074.wav,டைனி மின்னும் எடையிழந்தது முக்காடு எடையுள்ள ஒன்றோடொன்று ஒட்டிக்கொள்வதைத் இல்லை இல்லாமல் ஒவ்வொரு முடி முடித்துவிடுவதற்கு துகள்கள்
1075.wav,அது என்ன அர்த்தம் ஒரு கனவு போராட்டத்தில் நண்பர்களுடன்
1076.wav,பாதுகாப்பு தயாா் நிலை குறித்து விமானப் படை அதிகாரிகளுடன் ராஜ்நாத் சிங் ஆலோசனை
1077.wav,திருவண்ணாமலை அண்ணாமலையார் கோவிலில் கார்த்திகை தீபத்திருவிழாவை முன்னிட்டு அண்ணாமலையார் கோவிலின் அருகேயுள்ள
1078.wav,ஓமந்தை கல்லூரியில் கல்வி கற்கும் மூன்று மாணவிக்கு துவிச்சக்கர வண்டி வழங்கி வைப்பு
1079.wav,ஓசூரில் திமுக கூட்டணியை ஆதரித்து கர்நாடக முன்னாள் அமைச்சர் சிந்தியா வாக்கு சேகரிப்பு
1080.wav,தமிழ்நாடு மின் தேவையில் தன்னிறைவு அடைந்தது மட்டுமல்லாமல் மின்மிகை மாநிலமாகவும் திகழ்கிறது என முதல்வர் பழனிசாமி பேச்சு
1081.wav,உயர் வினைத்திறன் வாய்ந்த மற்றும் அதிகளவு ஊக்கத்துடன் பணியாற்றும் வணிக அணியினரை நியமிப்பதற்கான நடவடிக்கைகளை முன்னெடுத்திருந்தார்
1082.wav,மேலும் இந்திய பகுதியில் ரோந்து பணி மேற்கொள்ளவும் எதிர்ப்பு தெரிவித்து வருவதாக குற்றச்சாட்டுகள் எழுந்தன
1083.wav,எப்படியோ அந்த தூர்தர்ஷன் விளம்பரத்தின் முடிவில் அவருக்கு டீ கிடைத்து விடும
1084.wav,சேலத்தில் பார்வையற்றோர் பள்ளி மாணவிகளுக்கு பாலியல் தொல்லை கொடுத்த ஆசிரியர் கைது
1085.wav,ஸ்ரீபெரும்புதூர் அருகே கணவருடன் பைக்கில் சென்றபோது பஸ் மோதி பெண் பலி
1086.wav,இந்து முன்னணி பொறுப்பாளா்கள் மீது போடப்பட்ட வழக்கை ரத்து செய்ய வேண்டும்
1087.wav,அடுத்த வருடம் வெளியாக இருக்கும் படத்திற்கு இப்போதே சூர்யாவின் ரசிகர்கள் டிசைனை வெளியிடத் தொடங்கி விட்டார்கள் என்பது குறிப்பிடத்தக்கது
1088.wav,எந்த அறிகுறிகளும் உள்ள குழந்தைகளுக்கு உயர் வெப்பநிலை மற்றும் எக்ஸ்பிரஸ் நோய் வெப்பத்தை
1089.wav,மஹிந்த ராஜபக்ச அவர்கள் எதிர்க்கட்சி தலைவர் பதவியில் இருப்பதற்கு தகுதியற்றவராவார் என்பதனையும் தெளிவாக காட்டுகின்றது
1090.wav,கிடப்பில் கிடக்கும் பச்சையாறு அணைத்திட்டம் வீணாக ஆற்றில் கலக்கும் மழைநீரால் விவசாயிகள் கவலை
1091.wav,அறையில் மெளனத்தின் நிழல் அடர்வது கண்டு அந்தப் பெண்மணி கடுத்த வெறுப்புடன் எழுந்தாள்
1092.wav,நீங்கள் ஏன் உங்கள் சொந்த முடி எடுக்க வேண்டும் ஏன் இது
1093.wav,விஷால் நடிப்பில் உருவாகி வரும் கத்தி சண்டை திரைப்படத்தில் ஆரணி அருகே உள்ள குக்கிராமத்தை சேர்ந்த
1094.wav,உங்கள் மாணவர்களுடன் அவசரகால சூழ்நிலைகளை எவ்வாறு கையாள்வது என்பது ஒரு திட்டத்தை உருவாக்கவும்
1095.wav,காவிரி பிரச்சனையில் தமிழக அரசின் சட்ட ரீதியான அணுகுமுறையை வரவேற்பதாக புதிய தமிழகம் கட்சியின் தலைவர் டாக்டர் கிருஷ்ணசாமி தெரிவித்துள்ளார்
1096.wav,தமிழரின் நிலம் கபளீகரம் செய்யப்படுவதை எதிர்த்து முல்லையில் திரண்டனர் தமிழ் மக்கள்
1097.wav,மேலும் ஒரு ஆண் இரண்டு திருமணங்களுக்கு மேல் திருமணம் செய்தாலும் அந்நாட்டில் குற்றமில்லை என்பது குறிப்பிடத்தக்கது
1098.wav,காவல் துறை வழக்கை ஏற்று நடத்துமாயின் அதற்கான ஆதாரங்களை நீதிமன்றத்திலேயே சமர்ப்பிக்கிறேன்
1099.wav,அதன்படி இயற்கையில் இருந்து மின்சாரம் தயாரிக்கும் வகையில் ஒரு மிகப்பெரிய திட்டத்தினை அவர்கள் தயார் செய்துள்ளனர்
1100.wav,உலகம் முழுவதும் தேர்தலின்போது வாக்களித்து விட்டு வெளியே வருபவர்களிடம் கருத்துக் கணிப்பு நடத்தி யார் ஆட்சியைப் பிடிப்பார்கள் என ஊடகங்கள்
1101.wav,அன்னியர்கள் நாட்டைவிட்டு வெளியேறிய காலத்திலிருந்தே தமிழ்த் தேசத்தை அரசாங்கம் அழிக்கத் தொடங்கவிட்டது
1102.wav,அறம் காக்க அறச் சாலை உருவாக்கினாய் மரம் காக்க படை சாலை உருவாக்கினாய் உயர் கல்விக் கூடங்கள் உருவாக்கினாய்
1103.wav,ஒட்டன்சத்திரம் அருகே அடுத்தவர் வீட்டிற்கு தீ வைத்த பெண் உடல் மீது தீப்பற்றியது
1104.wav,ஜப்பானிய புதிய தூதரக கட்டட அனுமதியை ரத்து செய்தது கொரியா
1105.wav,மாயமான மலேசிய விமான பகுதிகளை தேடும் நார்வே நாட்டு ஆட்டோ லைனர் கப்பல்
1106.wav,அவன் நெஞ்சுக்குள் கனமாக நிறைந்த குளிர்ந்த காற்றை அழுத்தி வெளியே விட்டான்
1107.wav,லிபியாவின் எகிப்தின் மொஹமட் மோர்சி மற்றும் மோம்மர் கடாபி ஆகியோர் அந்த நேரத்தில் தலைவர்கள் ஆவர்
1108.wav,யாழில் திறக்கப்பட்ட காணாமல் ஆக்கப்பட்டோர் அலுவலகத்திற்கு எதிர்ப்புத் தெரிவித்து வவுனியாவில் ஆர்ப்பாட்டம்
1109.wav,யுத்தம் நடைபெற்ற காலத்தில் வடக்கில் விடுதலைப் புலிகளின் முகாம்களில் இருந்து மீட்கப்பட்ட வெளிநாடுகளில் தயாரிக்கப்பட்ட பல்வேறு உபகரணங்கள்
1110.wav,ஆடி மாதம் முதல் தேதியை முன்னிட்டு கேரளாவில் வளர்ப்பு யானைகளுக்கு யானையூட்டு விழா விமர்சையாக நடைபெற்றது
1111.wav,இந்திய இராணுவத்தில் பெண் அதிகாரிகள் ஓய்வுக் காலம் வரை பணியாற்ற அனுமதி
1112.wav,மத்திய அரசின் திட்டங்கள் செயல்பாடு குறித்து புள்ளிவிவரம் கேட்டு பாஜகவினா் மனு
1113.wav,கரப்பான்பூச்சிக்கு அறுவை சிகிச்சை செய்து பிரசவம் பார்த்த மருத்துவர் வைரல் வீடியோ
1114.wav,அந்த படம் ஒரு பாடமாக அமையட்டுமே என்று அதனை வாங்கி டப் செய்து
1115.wav,எதிர் கட்சிகளின் தூண்டுதலால் நாடு முழுவதும் நடைப்பெற்ற வேலை நிறுத்தங்களும் அதனால் உற்பத்தியில் பாதிப்பு
1116.wav,எனவே இப்பிரச்னையில் ஆட்சியா் நேரடியாக தலையிட்டு நடவடிக்கை எடுக்க வேண்டும் என
1117.wav,அதுமட்டுமல்லாமல் இந்திய தேசத்தில் வாழ்கின்ற தமிழ்நாட்டு மீனவர்கள் எண்ணூற்றுக்கும் மேற்பட்டவர்களைக் கடலுக்குள் வைத்து ஈவு இரக்கமின்றிசுட்டுக்
1118.wav,நடத்துனர் அவன் அருகில் வந்தபோது ஏதோ எழுச்சி கொண்டவன் போல் இரயில்வே ஸ்டேசன் என்றான்
1119.wav,அவரின் கால் ரோமங்களை ஸ்டிக்கர் ஒட்டி சினேகன் பிய்த்து எடுக்க வலி தாங்காமல் கத்துகிறார்
1120.wav,மன்னார்குடியில் அனைத்து கட்சி பிரதிகளுடன் ஆலோசனை கூட்டம் தேர்தல் விதிமுறை மீறுவோர் மீது வழக்குபதிந்து சட்ட நடவடிக்கை
1121.wav,ஒரு மோட்டார் சைக்கிள் அல்லது படகு போன்ற போக்குவரத்துக்கு பயன்படுத்தப்படும் பிற சொத்து
1122.wav,வெண்ணிலா கபடிக்குழு தொடங்கி சகலகலாவல்லவன் வரை சூரியின் விறுவிறு வளர்ச்சி ஒரு பார்வை
1123.wav,அரசாங்க வாகனம் ஒன்றை சட்ட விரோதமான முறையில் பயன்படுத்திய குற்றச்சாட்டில் குற்றவாளியான திகாமடுல்ல மாவட்டத்தின்
1124.wav,இதைத் தவிரவும் ஸ்ரீலங்கா உள்நாட்டுப் போரின்போது அங்கிருந்து தப்பிப் பிழைத்து இந்தியாவிற்கு ஓடி வந்த
1125.wav,தனிபயன் வடிவமைப்பு மற்றும் நீர்புகா பக்கங்கள் கொண்ட ஒரு லோக்பால் பார்வை உள்ளே
1126.wav,பாலியல் பலாத்கார குற்றச்சாட்டில் தேடப்பட்ட முன்னாள் அமைச்சர் கைது
1127.wav,இந்த பொம்மைகள் செய்யும் ஒரு சுவாரஸ்யமான மற்றும் மிகவும் எளிய செயல்நிறைவேற்றத்திலான நுட்பமாகும்
1128.wav,குளித்தலை அருகே நங்கவரம் சுந்தரேஸ்வர் கோயிலில் சிலை கடத்தல் தடுப்பு பிரிவு சிறப்பு அதிகாரிகள் ஆய்வு
1129.wav,கனகராஜ் கார் விபத்தில் மரணமடைந்து இருப்பது கொடநாடு எஸ்டேட் காவலாளிக் கொலை வழக்கில் முக்கியத் திருப்பமாகக் கருதப்படுகிறது
1130.wav,குறித்த சம்பவம் தொடர்பாக மேலதிக விசாரணைகளை பொலிஸார் மேற்கொண்டு வருவது குறிப்பிடத்தக்கது
1131.wav,ஒசூர் அருகே உள்ள கெலவரப்பள்ளி அணையில் இருந்து பாசனத்துக்காக தண்ணீர் திறப்பு
1132.wav,உட்டா மாநில பல்கலைக்கழகம் போன்ற நிலம் வழங்கல் பல்கலைக்கழகங்களில் நீட்டிப்பு சேவைகள்
1133.wav,கொரோனா சிகிச்சைக்கு பயன்படும் கோவிஷீல்டு தடுப்பூசியின் விலையை உயர்த்தியது சீரம் நிறுவனம்
1134.wav,குறைந்த அலைவரிசையிலும் பின்னணி விரைவி பெருமளவு பகுதியில் கொண்ட ஒரு ஒலிபெருக்கி பேச்சாளர் தேவைப்படுகிறது
1135.wav,கரூர் ஜவகர் பஜாரில் சிசி டிவி மூலம் போலீசார் தீவிர கண்காணிப்பு பணி
1136.wav,தனது மூத்த மகன் கைலாசம் இறந்தது பாலசந்தர் மிகவும் மனமுடைந்து விட்டார் என்று ஒரு பேட்டியில்
1137.wav,சன் பிக்சர்ஸ் நிறுவனத்துக்கு இது பெரிய அடி இல்லை என்றாலும் நடிகர்களின் சம்பளத்தை குறைக்க முடிவெடுத்துள்ளதாக
1138.wav,இதனிடையே தமது நினைவேந்தல் மாத இறுதி நிகழ்வை மக்களிடையே பெருமெடுப்பில் அணிதிரட்டி செய்யவுள்ளதாக ஏற்பாட்டாளர்கள் அறிவித்துள்ளனர்
1139.wav,நிர்ணயிக்கப்பட்ட விலையை விட குறைந்த விலைக்கு அரிசி வகைகளை விற்பனை செய்ய முடியும்
1140.wav,நீட் தேர்வில் ஆள்மாறாட்டம் செய்த தர்மபுரி மருத்துவ கல்லூரி மாணவர் ஒருவர் விசாரணைக்கு பயந்து வெளிநாட்டுக்கு தப்பியோடிவிட்டதாக செய்திகள் வெளியாகியுள்ளது
1141.wav,டூவிலரில் செல்பவர்களுக்கு ஹெல்மெட் என்பது குறைந்தபட்ச பாதுகாப்பு என்றாலும் இது குறித்து விழிப்புணர்வு மக்கள் மத்தியில் முழுமையாக ஏற்படவில்லை
1142.wav,அதுதவிர மார்கழிப்பட்டம் மாசிப்பட்டம் சித்திரைப்பட்டம் என்றும் தமிழ் மாதங்கள் தேதிகளைக் கணக்கிட்டும் அந்தந்தப் பட்டத்துக்கு ஏற்ற பயிர்களைச் சாகுபடி செய்வார்கள்
1143.wav,எந்த தன்முனைப்போ பாவனையோ இல்லாமல் அவர்களின் ஆளுமையை முழுமையாக முன்னால்கொண்டு வருகிறீர்கள்
1144.wav,ஊரக வளர்ச்சி இயக்குனர் வீட்டில் லஞ்ச ஒழிப்பு போலீஸ் திடீர் சோதனை
1145.wav,சேலம் அஸ்தம்பட்டியில் உள்ள அரசு ஆய்வு மாளிகையில் முதல்வர் எடப்பாடி பழனிச்சாமி அதிகாரிகளுடன் ஆய்வு
1146.wav,மீனவர்கள் பிரச்னை குறித்து இலங்கை ஜனாதிபதி மகிந்த ராஜபக்சவுன் பிரதமர் நரேந்திர மோடி தொடர்ந்து பேசி வருகிறார் என்று இந்திய
1147.wav,இருப்பினும் அவர் என்ன விதமான அறிவிப்பை வெளியிடுகிறார்கள் என்பதைப் பொறுத்திருந்து பார்ப்போம்
1148.wav,பிஞ்சுக் குழந்தையின் உடலில் வெடிகுண்டை கட்டி வெடிக்கச் செய்த ஐஎஸ் அரக்கன்கள்
1149.wav,சிறிரங்கனுக்கும் கொழுவிக்கும் கையில அயுதம் இருந்தா நீங்கள் என்ன செய்வீர்கள் என்பது இந்த மாதிரி விழல்த்தனமான உரையாடல்களைப் பாக்கிறபோது புரிகிறது
1150.wav,பூமலை புதிய கற்றல் வனத்தில் ஐந்து பிரிவுகளுடன் புதிய கவர்ச்சி அம்சம்
1151.wav,சுதந்திர மற்றம் மகிழ்ச்சியுடன் வாழக்கூடிய சூழலை ஏற்படுத்துமாறு கேட்டுக் கொண்டனர் என்றும் ஜனாதிபதி தெரிவித்தார்
1152.wav,உள்ளாடைகளை துவைக்க மறுத்த பெண் ஊழியரிடம் விளக்கம் கேட்டு நீதிபதி நோட்டீஸ்
1153.wav,கடுமையான பிட்கள் மூலம் உங்கள் வர்க்கத்தின் கவனத்தைத் தக்கவைத்துக் கொள்வதற்கான சரியான உண்மையான பொருட்களை கண்டுபிடித்து விடலாம்
1154.wav,கர்ப்பிணி ஜானெட் ஜாக்சன் லண்டனைச் சுற்றி ஒரு முஸ்லீம் உடையில் நடக்கிறாள்
1155.wav,மத்தியில் காங்கிரஸ் ஆட்சி மலர வேண்டி சென்னையில் ஸ்ரீ மஹா சண்டி யாகம்
1156.wav,அதிகாரிகள் அலட்சியத்தால் விளைநிலங்களில் புகுந்த வெள்ளம் நெற்பயிர்கள் நீரில் மூழ்கி சேதம் விவசாயிகள் வேதனை
1157.wav,குழந்தை சுர்ஜித்தை மீட்க போர்வெல் மூலம் குழி தோண்டும் பணி தொடங்கியது
1158.wav,இணையத்தின் வெகு வேகமாக முன்னேறி வருவதால் தோன்றுகின்றன புதிய தொழில்களில் தொடங்கியது
1159.wav,பெங்களூர் சிறையில் இளவரசியுடன் ஒன்றாக இருந்த சசிகலா தற்போது தனி அறைக்கு மாறியுள்ளதுடன் அவருக்கு நிறைய வசதிகள் செய்து கொடுக்கப்பட்டுள்ளது
1160.wav,மதநம்பிக்கை போன்றவற்றுடன் இணைந்து மிகமிகப்பெரிய ஓசையாக ஒலித்தாலன்றி இந்தியச் சாமானியனிடம் சூழியல் சார்ந்த எளிய கருத்தைக்கூடக் கொண்டுசென்று சேர்க்கமுடியாது
1161.wav,தேர் இழுக்கவே ஊர் கூட வேண்டும் ஊருக்குள் பேரெடுக்க நூறு தேராது இழுக்கவேண்டும்
1162.wav,ஆகையால் பெப்ரவரி முதலாம் திகதி மத்திய நிதி அமைச்சர் நிர்மலா சீதாராமன்
1163.wav,வெப்பமயமாதல் சவால்களை சமாளிக்க வேதங்களில் உத்திகள் உள்ளதாக கூறுகிறார்கள் மனதின் குரல் நிகழ்ச்சியில் பிரதமர் மோடி பேச்சு
1164.wav,மேலும் திருவாரூர் தொகுதிக்கு ஏற்கெனவே விருப்ப மனு பெறப்பட்டுவிட்டதால் மீண்டும் விருப்ப மனு அளிக்க தேவையில்லை என்று அதிமுக விளக்கமளித்துள்ளது
1165.wav,இந்நிலையில் கொரோனா வைரஸ் அறிகுறிகள் இல்லதாவர்களை கப்பலில் இருந்து வெளியேற்ற அனுமதி வழங்கப்பட்டது
1166.wav,பொறையாறு பாயும் நிலம் பொறையாற்று கிழான் என்னும் பெருங்குடி மகனுக்கு இறையிலியாக வழங்கப்பட்டிருந்தது
1167.wav,போக்குவரத்து ஊழியா்களுக்கு புதிய ஊதிய ஒப்பந்த பேச்சுவாா்த்தையை தொடங்க ஏஐடியுசி வலியுறுத்தல்
1168.wav,சுயமரியாதையை காப்பாற்றுங்கள் என்ற தலைப்பில் எழுதப்பட்டுள்ள ஆசிரியர் தலையங்கத்தின் முழு விபரம் வருமாறு
1169.wav,முன்னாள் ஜனாதிபதி மஹிந்த ராஜபக்ஷவின் பிரஜா உரிமையை இரத்துச் செய்வதற்கு அரசாங்கம் தீர்மானிக்கவில்லை
1170.wav,உளியின் பிளப்பிற்கு பயந்து மறைந்து கிடந்தால் வெறும் கல்லாக தான் காலம் கழிக்க வேண்டும் என்று சொல்வார்
1171.wav,ஆங்கிலம் பேசும் நாடுகளில் பழமொழி பொதுவான சிறிது சிறிதாக ஆபிரகாம் லிங்கன் கொண்டு
1172.wav,எந்த இடத்தில் பொன்சேகாவின் படம் இருந்தாலும் உடன் நீக்குமாறு அரசு உத்தரவு
1173.wav,டெல்லி தலைமைச் செயலக வாசலில் அமர்ந்து மக்களின் மனுக்களை பெறுகிறார் முதல்வர் கெஜ்ரிவால்
1174.wav,இது நீதிமன்ற தீர்ப்பைப் பற்றியோ அல்லது சோஸ்மாவைப் பற்றியோ அல்ல
1175.wav,மத்திய அரசின் கீழ் கொண்டுவர கிண்ணியா தளவைத்தியசாலையை தரமுயர்த்த துரித நடவடிக்கைகளை மூன்று பாராளுமன்ற உறுப்பினர்களின் கவனத்திற்கு
1176.wav,நோயாளியின் மருந்து சிகிச்சை மற்றும் மருந்தக பராமரிப்பு திட்டம் தொடர்பான தற்போதைய குறிப்புகள் மற்றும் கடிதங்களை பராமரித்தல்
1177.wav,இலங்கை தமிழர் உயிரிழப்பு விவகாரத்தில் தமிழக அரசுக்கு நோட்டீஸ்
1178.wav,நாட்டின் பாதுகாப்பு அச்சுறுத்தல் தொடர்பில் ஜனாதிபதி செயலகம் விடுத்துள்ள முக்கிய அறிவிப்பு
1179.wav,இது கொஞ்ச நேரத்திலேயே நான் பார்த்த மிகச் சிறந்த மென்பொருள் ஆகும்
1180.wav,சில சமயம் வாகனத்தின் மதிப்பை விட அபராத மதிப்பு தொகை அதிகம் இருப்பதால் வாகன ஓட்டிகள் அதிர்ச்சி அடைந்து வருகின்றனர்
1181.wav,உடலின் விரைவான செறிவு மற்றும் நச்சுகள் அகற்றப்படுதல் ஆகியவற்றில் எடை இழப்புக்கு இது பயன்படுகிறது
1182.wav,சடலம் பொலிசாரினால் பார்வையிடப்பட்ட பின்னர் அனுராதபுரம் பொது வைத்தியசாலை சட்ட வைத்தியர் பரிசோதனைக்காக எடுத்துச் செல்லப்பட்டுள்ளதாகவும் பொலிசார் தெரிவித்தனர்
1183.wav,அனைத்து மாவட்டத்திலுள்ள அரசு உயர்நிலை மேல்நிலை பள்ளிகளின் கிழ்கண்ட விவரங்களை அளித்து உதவுமாறு கேட்டுகொள்கிறேன்
1184.wav,பூப்படந்தப் பெண்களும் பூப்படைந்தப் பெண்ணின் உடல் மாற்றங்களையும் வாழ்க்கை முறையையும் சொல்லிக்கொடுப்பார்கள்
1185.wav,அலங்கார வார்த்தைகளைக் கொண்டிருந்த ஆங்கில கவிப்போக்கை விமர்சனம் செய்து எல்லாருக்கும் புரியும் வண்ணம் எழுத வலியுறுத்தினார்
1186.wav,பெண் குழந்தைகளுக்கு அப்பா சொல்லித்தர வேண்டிய சில விஷயங்கள்
1187.wav,மஹிந்த ஆட்சிகாலத்திலும் பார்க்க நல்லாட்சி அரசின் ஆட்சியில் முஸ்லிம் சமூகம் மிக மோசமாக பாதிக்கப்படுகிறது
1188.wav,உங்கள் முஸ்லீம் குழந்தை பெண் ஒரு அர்த்தமுள்ள பெயர் தேர்வு எப்படி
1189.wav,அறியப்பட்ட முள்ளிவாய்க்கால் வீரமறவர்களுக்கு வீரவணக்கம் மேலும் இதே காலத்தில் வீரச்சாவைத் தழுவிய அனைத்து வீரமறவர்களுக்கும் வீரவணக்கம்
1190.wav,எச்சமிட்ட காகத்தின் மிச்ச மாக
1191.wav,சென்னையில் லீலா கோல்ட் நகைக்கடையில் நடைபெற்ற வருமான வரித்துறை சோதனை நிறைவு
1192.wav,பேரறிஞர் அண்ணா பிறந்தநாளை முன்னிட்டு தலைவர்கள் மலர் தூவி மரியாதையை செலுத்தினர்
1193.wav,சடலத்தில் உள்பாவாடை உள்ளிட்ட உள்ளாடைகள் மாத்திரமே காணப்பட்டதாகவும் மேலாடைகள் எதுவுமே காணப்படவில்லை எனவும் காதில் தோடும் காணப்பட்டுள்ளன எனவும் தெரிவிக்கப்பட்டுள்ளது
1194.wav,அறிவிக்கப்படாத பேருந்து கட்டண உயர்வை ரத்து செய்ய வேண்டும் என பாமக இளைஞரணி தலைவர் அன்புமணி
1195.wav,துவங்கிய வேகத்தில் விற்றுத் தீர்ந்த தீபாவளி சிறப்பு ரயில்களுக்கான டிக்கெட் முன்பதிவு
1196.wav,இதனைத்தொடர்ந்து மக்களை நோக்கி கண்ணீர்ப்புகைப்பிரயோகம் மேற்கொள்ளப்பட்டதாகவும் இதனால் அங்கு பதற்றமான சூழல் காணப்பட்டதாகவும் தெரிவிக்கப்படுகின்றது
1197.wav,திருப்பூா் அருகே ஆளில்லா விமானம் மூலம் விடியோ எடுத்த அதிகாரிகள் மீது நடவடிக்கை கோரி மனு
1198.wav,தொலைக்காட்சி சீரியல்களில் நடித்து வரும் நடிகை நிலானி அண்மையில் மயிலாப்பூர் காவல் நிலையத்தில் ஒரு புகார் அளித்திருந்தார்
1199.wav,பகிடிவதையின்போது ஏற்பட்ட அனுபவங்கள் தொடர்பில் தமது மகன் தொடர்ந்தும் கடும் பீதியில் இருப்பதாக அவர்கள் குறிப்பிடுகிறனர்
1200.wav,இந்தியா வருகை தருகிறார் ஈரான் வெளியுறவுத் துறை அமைச்சர் ஜாவித் ஜப்ரி
1201.wav,இது மூன்றாவது வருடம் என்பதால் கடந்த மாதம் வருடாந்திர பிரம்மோற்சவம் நடைபெற்றது
1202.wav,திருமாலை எடுக்கை போன்ற பிரவ்ருத்திகளையும் உபாய புத்தி இன்றிக்கே ஸ்வயம் புருஷார்த்த புத்தியுடன் அனுஷ்ட்டித்து
1203.wav,அந்த வகையில் மாணவனால் தயாரிக்கப்பட்ட ஹலிகொப்டரை நேற்று அப் பாடசாலை மைதானத்தில் சோதனைக்குற்படுத்தப்பட்டது
1204.wav,புஷ் இந்தத் தேர்தலில் வெற்றி பெற எதையாவது செய்ய வேண்டும் என்ற திட்டம்தான் அவரது மனதில் ஆழமாய் இருந்தது
1205.wav,தொலைக்காட்சி நாடகங்களை உண்மை என்று நம்பிவிடும் நிலையில் மாற்றம் ஏற்பட வேண்டும்
1206.wav,நடிகை குஷ்பு ருத்திராட்ச தாலி அணிவதில் தவறில்லை என மதுரை ஆதீனம் அருணகிரிநாதர் கருத்து வெளியிட்டுள்ளார
1207.wav,இன்று காலை ஊர் திரும்பிய பழனிவேல் வழக்கம் போல் பூஜைகள் செய்வதற்காக ஆசிரமத்திற்கு வந்தார்
1208.wav,காணாமல் போனவர்களின் உறவினர்களால் நடத்தப்பட்ட இந்த ஆர்ப்பாட்டத்தின் மீது முகங்களை துணிகளால் மூடிக்கொண்டு வந்தவர்களே கைகளினால் தாக்கியுள்ளனர்
1209.wav,உங்கள் வாடிக்கையாளர்களுக்கு வழங்க வேண்டிய மதிப்பு எதுவும் இல்லை என்றால் உங்கள் வலைத்தளத்தை ஊக்குவிக்காதீர்கள்
1210.wav,இந்தநிலையில் இதுதொடர்பாக ஐக்கிய நாடுகள் சபைக்கு கடிதம் எழுதியுள்ள சிரிய வெளியுறவு துறை அமைச்சு அமெரிக்கா தலைமையிலான கூட்டு படையை
1211.wav,அதற்கு ஒத்துழைப்பு அளித்து ஒவ்வொரு மாநில அரசும் நோய் தொற்றை எதிர்த்து போராடி
1212.wav,பழமொழிகளை விரிவான புலத்தில் வைத்து சிந்திப்பதற்கான அடிப்படைகளை உருவாக்கியளிக்கும் நூல் இது
1213.wav,இந்த சந்திப்பில் மக்கள் நலக்கூட்டணியில் தமாகவுக்கு எத்தனை இடம் என்பது குறித்து முடிவு செய்யப்படும்
1214.wav,காஷ்மீரில் பாதுகாப்பு படையினர் மீது கல் ஏறிதல் சம்பவங்களை நடத்தியவர்களின் ஒருங்கிணைப்பாளர் கைது
1215.wav,ஏர் ஃபோர்ஸ் அதிகாரி தகுதித் தேர்வு பற்றி நீங்கள் தெரிந்து கொள்ள வேண்டியது
1216.wav,கஜா புயலால் முற்றிலும் பாதிக்கப்பட்ட நிலையில் மிளகு சாகுபடியில் கூடுதல் வருவாய் ஈட்டும் விவசாயிகள்
1217.wav,மே மாத மத்தியில் இந்திய இராணுவம் காஷ்மீர் பள்ளத்தாக்கிலிருந்து படைகளை கார்கில் பகுதிக்கு அனுப்பியது
1218.wav,சமீபமாக கான்கிரீட்டில் கட்டியெழுப்பப்படும் பெரும் சிலைகள் நம் சூழலின் பெரிய மருக்கள் போல மாறிவிட்டிருக்கின்றன
1219.wav,இந்தியாவில் இருந்து நேபாளத்துக்கு பெட்ரோல் அனுப்பும் திட்டத்தை தொடங்கி வைத்தார் பிரதமர் மோடி
1220.wav,இதுபோன்ற அடக்குமுறைகளை இரும்புக்கரம் கொண்டு அடக்க உங்களைப் போன்றஒரு உத்தமர் தேவை
1221.wav,மன நல அமைப்புகளில் குறைந்தபட்ச வழிமுறைகளைஉருவாக்க உத்தரவிடக் கோரி பொது நல மனு தாக்கல்
1222.wav,மேலும் அருகே இருந்த வீட்டிற்குள்ளும் அவர்கள் நுழைந்து பதுங்க ஆரம்பித்தால் அப்பகுதியினரே ரவுடிகளை அடித்து உதைத்து போலீசாரிடம் ஒப்படைத்தனர்
1223.wav,அதனால் சோனியா மற்றும் ராகுல் மீது நடவடிக்கை எடுக்க வேண்டும் என்று கூறியிருந்தார்
1224.wav,இன்று நள்ளிரவு முதல் சிலாங்கூரில் சாலை சோதனை நடவடிக்கைகள் அதிகரிக்கப்படும்
1225.wav,நாம் தயார் அழகாக கோழி மற்றும் காளான்கள் அடுக்குகள் கொண்ட ஒரு பண்டிகை கலவை அலங்கரிக்க
1226.wav,சுவீடன் நாட்டின் தொழில்நுட்பத்தின் கீழ் நிர்மாணிக்கப்படவுள்ள இந்த தொழிற்சாலையின் நடவடிக்கைகளை இவ்வருடம் ஆரம்பிக்க
1227.wav,இதைப்பற்றி தெள்ள தெளிவாய் தேவாரத்திலிருந்தும் திருவாசகத்திலிருந்தும் திருமந்திரத்திலும் திருக்குறளிலும் பாரதியார் பாடலிலும் நிறைய பாடல்களை ஆசிரியர் மேற்கோள்காட்டியுள்ளார்
1228.wav,மேலும் அதனுடன் பேக்கிங் சோடா மற்றும் உப்பு சேர்க்கவும் நன்றாக கலக்கவும்
1229.wav,இப்பிரிவை மூடுவதற்கும் எந்த சம்பந்தம் இல்லை என்று வங்கி தெரிவித்திருப்பது நோட் பண்ண வேண்டிய விஷயம்
1230.wav,நீங்கள் விரும்பும் ஒருவர் இறக்கும் போது நடைமுறை மற்றும் ஆன்மீக ஆலோசனை
1231.wav,ஆலம்குளம் ஆரம்ப பிரிவு மருந்தகத்திலுள்ள குறைபாடுகளை நிவர்த்தி செய்துதரக்கோரி சுகாதார அமைச்சரிடம் மகஜர் கையளிப்பு
1232.wav,மோடி அரசு எப்போதும் கிராமப்புற இந்தியாவின் வளர்ச்சி மற்றும் நாட்டின் ஏழை பிரிவினரின் நலனுக்காக
1233.wav,வைரமுத்துவின் தமிழை ஆண்டாள் என்ற கட்டுரையை தடை செய்ய ஹைகோர்ட்டில் வழக்கு
1234.wav,எனவே மாவட்ட நிர்வாகம் தரமான அரிசி வழங்க நடவடிக்கை எடுக்க வேண்டும் என கோரிக்கை எழுந்துள்ளது
1235.wav,ஒரு கற்றல் ஒப்பந்தம் எழுதுவது மற்றும் உங்கள் இலக்குகளை எவ்வாறு உணர வேண்டும்
1236.wav,முதுகுளத்தூரில் பாழடைந்த கட்டிடத்தில் இயங்கும் சத்துணவு முட்டை குடோன் உயிர்ப்பலி ஏற்படும் அபாயம்
1237.wav,காரணம் மழை வரும் நேரத்தில் தேசிய கொடியை இறக்கி பத்திரபடுத்தி வைக்க
1238.wav,அரச சார்பற்ற தொண்டர் அமைப்புக்களை நிரந்தரமாக நாட்டை விட்டே துரத்த புதிய சட்டம்
1239.wav,வட இந்தியாவில் முக்கிய பண்டிகையான கர்வா சௌத் விரதத்தை கொண்டாடி மகிழ்ந்த பெண்கள்
1240.wav,இதற்கு தலைமையாக தேர்தல் ஆணையம் மற்றும் கட்சியினர் ஏற்று கொண்டுள்ளனர் என முதலமைச்சர் பதில்மனு
1241.wav,உலக நாடுகளின் நிலையை கவனத்தில் கொண்டு சீனா இனி பாடம் படிக்க வேண்டும்
1242.wav,உங்கள் ஜெபங்களுக்கு அல்லது தியானங்களுக்கு பதிலளிக்கும் ஆவியின் அடையாளத்தை எவ்வாறு சோதிக்க வேண்டும்
1243.wav,பெரணமல்லூர் அருகே ஏரி ஆக்கிரமிப்பு அகற்ற பொதுமக்கள் கோரிக்கை அதிகாரிகள் மெத்தனம் என குற்றச்சாட்டு
1244.wav,அல்லாஹ் இது போன்று மென்மேலும் உதவி செய்ய உங்களுக்கு பெரிய மனதையும் அதற்கு உண்டான பரக்கத்தையும் தருவானாக ஆமீன்
1245.wav,நிதியை தவறாகப் பயன்படுத்தியதாக அவர் மீது நேற்று கோலாலம்பூர் செஷன்ஸ் நீதிமன்றத்தில்
1246.wav,வணிகர்களுக்குப் பெரும்பாலான தரகு நிறுவனங்கள் வர்த்தகத்தின் அளவு மற்றும் வர்த்தக நிதி அடிப்படையில் சிறப்பு விலைச் சலுகைகளை வழங்குகின்றன
1247.wav,குறித்த மாணவனை சந்தித்த முதலமைச்சர் இவ்வளவு கஷ்டத்திற்கு மத்தியிலும் கல்வியை தொடர்வதனையிட்டு அவருக்கு தனது பாராட்டுக்களை தெரிவித்துள்ளார்
1248.wav,அதீத உடை மற்றும் உடற் திணிவுக் குறியீடு பற்றி மேலும் வாசிக்க பானை வயிற்றோர்களின் எலும்பு முறியாமல் காத்தல்
1249.wav,பூச்சுகளை ஒழித்து எவ்வுயிரும் என்னுயிர் போல் எண்ணியிரங்கித் திருவருள் நெறி நின்று ஒழுகுதலாகிய பழந்தமிழ்க் கொள்கையே சைவ நன்மக்கட்குரிய
1250.wav,இதனால் தமிழகத்தில் மீண்டும் ஒரு பெண் பாஜக தலைவராக வாய்ப்பு இருக்கும் என்று அரசியல் வட்டாரங்கள் எதிர்பார்க்கின்றன
1251.wav,பதில் நீங்கள் உலகத்தை அல்லது மனித உடலைக் குறிப்பிடுகிறதா என்பதைப் பொறுத்தது
1252.wav,காரைதீவுப் பிரதேசத்திலுள்ள இரு கிராமசேவை உத்தியோகத்தர்கள் இடமாற்றம் செய்யப்பட்டதை ஆட்சேபித்து அப்பிரிவு பொதுமக்கள் பிரதேசசெயலகத்திற்கு
1253.wav,வெற்றி அமைதியாகவும் சமாதானமான முறையில் கொண்டாடுமாறு நாட்டு மக்களிடம் பொதுஜன பெரமுன கட்சி வேண்டுகோள் விடுத்துள்ளது
1254.wav,கடவையில் இருந்த சமிக்ஞை விளக்கு சரியாக வேலை செய்யாமை காரணமாக யாழ்ப்பாணத்தில் இருந்து கொழும்பு சென்று
1255.wav,இந்தியத் திருநாட்டின் வளர்ச்சிக்கும் முன்னேற்றத்திற்கும் உகந்த வழிகாட்டிட வேண்டும் என்று பெரிதும் விரும்புகிறேன்
1256.wav,தங்கள் வீட்டை விலங்குகளின் வாழ்க்கை எந்த நேரத்திலும் கண்காணிக்க முடியும் இதன் மூலம் ஒரு வெப்கேம் உள்ளது
1257.wav,சேர்ந்து பாகிஸ்தானுக்கு எதிராக பாகிஸ்தானில் தீவிரவாத சக்திகளை வளர்ப்பதாக பாகிஸ்தானின் இராணுவப்பிரிவு நிபுணர் எழுத்தாளர் ஆயிஷா
1258.wav,மேலே சொன்னவைதான் சென்னையிலிருந்து தீபாவளிக்கு மக்கள் அதிகம் செல்லும் மிக பிரபலமான பாதைகளாகும்
1259.wav,கடந்த பெப்ரவரி மாதமுதல் நிலுவையுடன் இந்த மேலதிக கொடுப்பனவு வழங்கப்படவுள்ளதாக கல்வி இராஜாங்க அமைச்சர் தெரிவித்துள்ளார்
1260.wav,பாபர் மசூதி இடிப்பு வழக்கில் விரைவாக விசாரணை நடத்துமாறு ரேபரேலி கோர்ட்டுக்கு நீதிபதிகள் உத்தரவு
1261.wav,கொழும்பு பொதுநூலகத்தில் நேற்று நடைபெற்ற சர்வமத தலைவர்களின் செய்தியாளர் சந்திப்பில் அவர் இதனை கூறினார்
1262.wav,இந்த சேலை இன்னும் ஒருசில மாதங்களில் முழு வடிவம் பெறும் என கூறப்படுகிறது
1263.wav,இந்தத் தொகுப்பின் மிகச்சிறந்த கதையான மின்னும் கண்கள் அதைத்தான் அழுத்தமாக முன்வைக்கிறது
1264.wav,அன்சாரி மீது வழக்கு எதுவும் பதியப்படாமல் இதற்கான உரிய நடவடிக்கை எடுக்குமாறு கேட்டுக் கொண்டுள்ளார்
1265.wav,டெல்லியில் டீசல் இஞ்ஜின் வாகனங்களுக்கு விதிக்கபட்ட தடையை அகற்ற உச்சநீதிமன்றம் மறுப்பு
1266.wav,பெண்களுக்கு எதிராக இடம்பெறும் பாலியல் துன்புறுத்தல்களை விசாரணை செய்வதற்கு குறைகேள் விசாரணைக் குழு
1267.wav,சட்டென்று ஒரு காற்றில் அனைத்துத் தாமரையிலைகளும் மறிய ஆற்றுப்பரப்பு நிறம் மாறியது
1268.wav,எனவே இது தொடா்பில் கிளிநொச்சி மாவட்ட பிரதி நீா்ப்பாசன பணிப்பாளா் எந்திரி சுதாகரன் அவா்களை தொடா்பு கொண்டு கேட்ட போது
1269.wav,இன்று வரை முதல்வர் பதவியை தக்கவைத்து பயணித்து கொண்டிருக்கிறார்
1270.wav,இவ்வாறான செயற்பாடுகள் மூலம் ஒரு குறிப்பிட்ட தரப்பினருக்கு இலாபமீட்டக்கூடிய வாய்ப்பு கிடைத்திருப்பதாகவும் இந்த அறிக்கை கூறுகின்றது
1271.wav,பிரபலமான இந்த ஆப் சஃபாரியில் நீட்டிக்கப்பட்டிருப்பதோடு நீங்க படிக்கும் இணைய பக்கங்களை மற்றவர்களுடன் பகிரந்து கொள்ள முடியும்
1272.wav,இஞ்சி பூண்டு விழுது டன் சிறிது உப்பு சிறிது எண்ணெய் சேர்த்து வைத்தால் கலர் மாறாமல் அப்படியே இருக்கும்
1273.wav,இந்த சபையின் ஊடாக பகிரங்கமாகவே எமது மன வருத்தத்தை தெரிவிக்க விரும்புகிறோம் என மேலும் தெரிவித்துள்ளார்
1274.wav,ஆனால் எதிர்பாராமல் மற்ற இரண்டு இளைஞர்களும் ஒடி சென்று அந்தக் கதவை உள்ளே பூட்டிக் கொண்டு அவளைக் கற்பழிக்க துவங்குகிறார்கள்
1275.wav,டி தரத்தில் படங்களைத் தரவிறக்கம் செய்வதோ வேண்டாம் என்கிறது ஆஃப்காம் நிறுவனம்
1276.wav,எல்லாம் அருமையா இருக்கு அதிலும் கனகவள்ளியும் சித்திரா சித்தியும் செம கடைசியில் நல்ல முடிவு வாழ்த்துகள் ஜி
1277.wav,இந்த நகரில் உள்ள ஒரு பெரிய மாடி கட்டித்தில்
1278.wav,இதற்கான முறைப்படி யான பணியை அரசு மற்றும் தனியார் மருத்துவமனைகளில் மத்திய சுகாதாரத்துறை அமைச்சகம் செய்து வருகிறது
1279.wav,நிறைய எழுதாலமென நினைத்தேன் ஒரு வேளை கொஞ்சம் ஆழமாக எழுதினால் அது இங்குள்ள பலரையும் குறிப்பிடுவது போல தோன்றும்
1280.wav,குளித்தலை ஆற்று பாதுகாப்பு பொதுப்பணித்துறை அலுவலகம் முன் பாசனத்திற்கு திறக்கவிட கோரி விவசாயிகள் தர்ணா போராட்டம்
1281.wav,சுவையான பாகற்காய் கேரட் பொரியல் ரெடி
1282.wav,எனவே சிறப்பு நீதிமன்றங்களை அமைப்பதற்கு மத்திய அரசு மாநில அரசுகளை வலியுறுத்த வேண்டும் என்று கேட்டுக்கொள்கிறோம்
1283.wav,அக்காவை அடித்து துன்புறுத்திய மாமாவுக்கு பாட்டில் குத்து மைத்துனர்கள் மீது வழக்கு
1284.wav,அழகிரிக்கு சொந்தமான மதுரை மாவட்டம் பொன்மேணியில் உள்ள காலி மனை இடம்
1285.wav,நல்ல முயற்ச்சி சுதா பலர் அங்கொன்றும் இங்கொன்றுமாய் உதவி செய்கிறார்கள் பலருக்கு ஆசை எப்படி செய்வதென்று தெரியாமல் இருக்கிறார்கள்
1286.wav,இலங்கையில் எதிர்வரும் ஆண்டு முதல் ஐந்தாம் ஆண்டு புலமைப் பரிசில் பரீட்சை ரத்து செய்யப்பட உள்ளதாகத் தெரிவிக்கப்படுகிறது
1287.wav,புவனேஷ்குமார் அணிக்கு திரும்பினால் விஜய்சங்கர் அணியில் இருந்து வெளியேற வாய்ப்பு உள்ளது
1288.wav,அழுக்கு துணிகளை தேடி எடுத்து சுத்தமான துவைத்து மடித்து வைக்கும் ரோபோ
1289.wav,ஆட்சியா் அலுவலக அரங்கில் வெள்ளிக்கிழமை நடைபெற்ற நிகழ்ச்சியில் பங்கேற்று ஆட்சியா் ஷில்பா பிரபாகா் சதீஷ்
1290.wav,பாலா பாஸ்கர் மற்றும் அவரின் மனைவி மருத்துவமனையில் தீவிர சிகிச்சை பெற்றுவந்தனர்
1291.wav,இங்கிலாந்தில் நடைபெற்ற சர்வதேச பேட்மின்டன் தொடரின் காலிறுதியில் தரநிலையில் இல்லாத ஜப்பான் வீராங்கனையிடம் தோல்வி தழுவினார் சாய்னா நேவால்
1292.wav,கல்முனை அஷ்ரப் வைத்தியசாலைக்கு பெண் மகப்பேற்று நிபுணராக பெண் ஒருவரை நியமிக்குமாறு கோரிக்கை
1293.wav,ஒரு குறிப்பிட்ட வகையான படிக்க பொருட்டு அவற்றின் இயற்கையான சூழலில் அவர்களை கண்காணிக்க வேண்டும்
1294.wav,தற்போதைய இயற்கை அனர்த்தத்தையடுத்து பொலிஸ் தலைமையகத்தில் இடர் முகாமைத்துவ கண்காணிப்பு நிலையமொன்று அமைக்கப்பட்டுள்ளது
1295.wav,ஐந்தாம் வகுப்பு படிக்கும்போதே தான் வளர்ந்துவரும் சூழலை மிக நுட்பமாகக் கவனிக்கத் தொடங்கியுள்ளார்
1296.wav,சென்னை நகர பிரம்மாண்டங்களுக்கு மத்தியில் கிராமத்தை போன்ற தோற்றத்துடன் எல்லா பொருட்களும் கிடைக்கும் ஒரு இடம் பல்லாவரம் சந்தை
1297.wav,இந்த வீடியோவுக்கு ட்விட்டர் வாசிகள் பலரும் கமெண்ட்ஸ் கொடுத்து வருகின்றனர்
1298.wav,திருகோணமலை ரொட்டவெவ முஸ்லிம் மஹா வித்தியாலய ஆரம்ப பிரிவு மாணவர்களின் பொது சந்தை நிகழ்வு
1299.wav,அது போன்றே மஞ்சள் காமாலை வருமுன் வைரஸ் தொற்று மிகவும் அதிகமாக
1300.wav,முகப்பு பார்ப்பனிய பாசிசம் பார்ப்பன இந்து மதம் காஞ்சா அய்லைய்யாவின் நூல்களுக்கு டெல்லி பல்கலைக்கழகம் தடை
1301.wav,இருபத்தைந்து இலட்சம் ரூபாய் பெருமதியான இடம்புரி சங்கு ஒன்றினை சட்ட விரோதமாக கொண்டு சென்ற இருவரை விளக்கமறியல்
1302.wav,இது தொடர்பான சிசிடிவி காட்சிகள் தற்போது சமூக வலைத்தளங்களில் வெளியாகி பெரும் பரபரப்பினை கிளப்பியுள்ளது
1303.wav,அவற்றில் இரண்டு நீர்த்தேக் கங்களின் வான் கதவுகளே திறக்கப்பட்டு மேலதிக நீர்
1304.wav,கடந்த ஆண்டே இந்தக் கண்டுபிடிப்பு பற்றிய செய்திகளை உலக அறிவியல் சஞ்சிகைகள் வெளியிட்டிருந்தன
1305.wav,விஷால் மற்றும் மிஷ்கின் மோதும் அதிரடி காட்சிகள் இந்த படத்தில் இருப்பதாக தெரிகிறது
1306.wav,தமிழக அரசு பள்ளி கட்டடங்களை ஆய்வு செய்ய உயர்நீதிமன்ற மதுரை கிளை நோட்டீஸ்
1307.wav,திருகோணமலையில் ஜக்கிய மக்கள் சுதந்திர முன்னணியின் தேர்தல் அலுவலகம் திறந்து வைப்பு
1308.wav,உலகிலே சகல இயற்கை காட்சிகளும் நிறைந்த இந்தியாவை விட்டு பாரின் சூட்டிங் போய்
1309.wav,சிவகார்த்திகேயனின் ஹீரோ முதல் சூப்பர் ஹீரோ பயனம் தான் இந்த ஹீரோ
1310.wav,அட நம்ம தல படத்திற்கு அதுவும் தோல்வியான படத்திற்கு இப்படி ஒரு வரவேற்பா
1311.wav,பீகார் சட்டமன்றத் தேர்தல் முடிவுகள் உலகின் பலவீனமான நாடு அமெரிக்கா முழுவதும் படிக்க இங்கே கிளிக் செய்யவும்
1312.wav,சட்டவிரோத போதை மருந்து தயாரிப்பு மற்றும் கடத்தல் நாடுகளின் பட்டியலில் இந்தியாவையும் சேர்த்தது அமெரிக்கா
1313.wav,சென்னை போரூர் சத்யா நகரில் தனியார் எலெக்ட்ரிகல் நிறுவனத்தில் தீ விபத்து
1314.wav,பங்குச் சந்தையைப் புரிந்துகொள்ளும் திறமையும் நேரமும் இல்லையெனில் மியூச்சுவல் ஃபண்ட் முதலீடுதான் பெஸ்ட்
1315.wav,இது உங்கள் வயிறை சுத்தப்படுத்துவதுடன் செரிமான கோளாறுகள் ஏற்படாமல் பாதுகாக்கவும் செய்கிறது
1316.wav,மரக்காணம் அருகே வாடகைக்கு எடுத்த காரை அடமானம் வைத்து பணம் சுருட்டல்
1317.wav,சிறந்த நடிகருக்கான ஆஸ்கார் விருதை ஜோக்கர் படத்தில் நடித்த வாக்கின் பீனிக்ஸ் வென்றார்
1318.wav,நாடாளுமன்றத்தில் பிரதமருக்கு உரிய ஆசனத்தை புதிய பிரதமர் மஹிந்த ராஜபக்ஷவுக்கு வழங்க சபாநாயகர் கரு ஜயச
1319.wav,சென்னையிலிருந்து வெளியூா்களுக்குச் செல்லும் பயணிகளிடம் தனியாா் பேருந்துகளில் அதிக கட்டணம் வசூலிக்கப்படுவதாக புகாா்
1320.wav,ஆனால் சின்னம் சரிவர வாக்காளர்களுக்கு தெரியவில்லை என வேட்பாளர் பரமனிடம் பலர்
1321.wav,கரூர் மாவட்ட பகுதி கீழ்பவானி கால்வாயில் கான்கிரீட் தளம் அமைக்கும் திட்டத்தை கைவிட வேண்டும்
1322.wav,முன்னணி பாடகர் ரஸ்ஸல் தாம்ப்கின்ஸ் ஜூனியர் ஆன்ட் மியூசிக்கில் பெரும் துயரங்களைக் கொண்டிருக்கிறார்
1323.wav,ஸ்டர்லைட் ஆலையை மூடக்கோரி அறவழியில் தூத்துக்குடி ஆட்சியர் அலுவலகத்தை முற்றுகையிட்ட மக்கள் மீது தடியடி நடத்தி பின்பு துப்பாக்கி சூடும்
1324.wav,ஒரு முன் சொந்தமான அல்லது புதுப்பிக்கப்பட்ட பியானோ வாங்குவதற்கு முன் என்ன கருத்தில் கொள்ள வேண்டும்
1325.wav,திருநாவுக்கரசர் பேட்டி வாக்கு எண்ணிக்கை முடிந்த நிலையில் வாக்குப்பதிவு இயந்திரங்கள் பூட்டி சீல்வைப்பு
1326.wav,உன்னாவ் பாலியல் வல்லுறவு வழக்கில் ஆஜராக சென்ற பெண்ணை எரித்து கொல்ல முயற்சி
1327.wav,பாஜக ஆதரவு அமெரிக்க இந்தியர்களும் கைக்கட்டி வேடிக்கை பார்க்கத் தான் முடிகிறது
1328.wav,மார்ச் மற்றும் ஏப்ரல் மாதங்களுக்கான மின்சார கட்டண பட்டியல்களை தனித்தனியாக வழங்குமாறு உத்தரவு
1329.wav,ராஜ ராஜேஸ்வரி தொகுதியில் வாக்காளர் அடையாள அட்டை பறிமுதல் செய்யப்பட்ட விவகாரத்தில் தேர்தல் ஒத்திவைப்பு
1330.wav,வெளியான நூல்களில் சிறந்த சிறுவர் கதை நூலுக்கான விருதினை விஐடி பல்கலைக்கழக
1331.wav,எனினும் உலகில் இன்று கல்வி எனும் கருவியில்லாமல் மாணவா்க்கும் மக்களுக்கும் முன்னேற்றமில்லை எனும் போது அந்த கல்வியின் செயல்பாட்டால்தான்
1332.wav,இப்படியான கடும் நடவடிக்கைகள் எடுக்கப்பட்டால் தான் நாம் தவறு செய்தாலும் காப்பாற்றப்
1333.wav,அவற்றில் திரு ரஜினிகாந்த் அவர்களுடன் இணக்கமாகப் பணியாற்ற வேண்டும் என்பது என்னுடைய அரசியல் ஆவல்
1334.wav,அவர் பிரான்ஸ் மற்றும் சீனா இடையே போர் பிறகு சிறையில் இருந்தார்
1335.wav,இன்று இடம்பெறும் மாகாண சபைத் தேர்தலில் தனது வாக்கைப் பதிவு செய்தார் மஹிந்த
1336.wav,அதில் ஏதோ தவறு அல்லது பாவம் இருக்கிறது என்று எண்ணினார்கள் என்றும் பட்டது
1337.wav,கூகுளின் புதிய பிரதம நிறைவேற்று அதிகாரியாக தமிழரான சுந்தர் பிச்சை நியமனம்
1338.wav,இந்த ஆலயத்தில் நோய் நொடி தீர்க்கும் ஸ்ரீ ஆரோக்கிய லட்சுமி சமேத தன்வந்திரி பெருமாள் அருளாசியுடன்
1339.wav,சம்பவ இடத்தில் போலீசார் குவிக்கப்பட்டு உள்ளதால் அங்கு பதற்றம் ஏற்பட்டு உள்ளது
1340.wav,கடந்த முதலாம் திகதி அம்பாறை மாவட்டத்துக்கு அமைச்சர் றிசாத் பதியுதீன் விஜயம்
1341.wav,இப்போது ஜனாதிபதியாகி விட்டதால் அவருக்கு சட்டபூர்வமாக வழக்குகளிலிருந்து விலக்களிக்கப்படும் நியமத்தின் கீழ்
1342.wav,குடியிருப்பு பகுதிகளில் பரவும் காட்டுத் தீயை பார்க்கும் ஏதென்ஸ் நாட்டு மக்கள்
1343.wav,இந்த வசதி தரமணியில் பணிபுரியும் ஐடி ஊழியர்களுக்கு பெரும் வரப்பிரசாதமாக அமையும் என்பது குறிப்பிடத்தக்கது
1344.wav,அதனை வவுனியா நகரில் விற்பனை செய்து அந்த வருமானத்தின் மூலம் தமது வாழ்வாதாரத்தை கொண்டு நடத்தினர்
1345.wav,தங்களுக்கு வழங்கப்பட்டுள்ள பணியை குறித்த நேரத்தில் முடித்து அலுவலகத்தில் நற்பெயர் எடுப்பீர்கள
1346.wav,ட்விட்டர் இந்தியா நிர்வாக இயக்குனருக்கு எதிரான நோட்டீஸுக்கு கர்நாடக உயர்நீதிமன்றம் தடை
1347.wav,நாம் அலையா விருந்தாளியாக வாத்தியாரின் நடு வீட்டில் வந்தமர்ந்துக் கொண்டு அவரை அதிகாரம் செய்வதும் நியாயமாகாது
1348.wav,சிம்பாப்வே அணியின் டெஸ்ட் மீள்வருகையும் அவர்களின் அணித் தலைவர் பிரெண்டன் டெய்லர் தனியொரு போராளியாக நிற்பதும்
1349.wav,அதே சமயத்தில் உள்மாவட்டங்களில் மிதமான மழைக்கு வாய்ப்பு இருக்கிறது எனவும் கூறப்பட்டு உள்ளது
1350.wav,ஆம்பூர் அருகே செல்போனில் பேசியபடி சென்ற இளம்பெண் கிணற்றில் தவறி விழுந்து பலி
1351.wav,அந்த வலியை சொல்லும் வலிகளை சொல்லும் வகையில் இந்த கதையை சொல்லியிருக்கிறார் இயக்குனர் அஜய்
1352.wav,மேலும் சொகுசுகளின் தேவைகள் நமக்குள் எழாமல் எப்படி அந்த தேவைகளை உருவாக்கி லாபம் ஈட்டுவோரால் பரப்பப்படுகிறது என்பதை ஹெகல் கண்டறிந்தார்
1353.wav,ஸ்டாலின் நம்முடைய அரசியல்சூழலில் இருந்து மறைவதற்கு வாய்ப்பே இல்லையோ என்ற அச்சத்தை உருவாக்குகிறது
1354.wav,ஆனால் அங்கு பணம் கொடுத்து பெறும் மருத்துவத்தில் குறைபாடு இருந்தால் நீதிமன்றம்
1355.wav,சென்னையில் சட்ட விரோதமாக பதுங்கி இருந்த போதை பொருள் கடத்தல் மன்னன்கள் கைது
1356.wav,மாஸ்டர் ஆஃப் சயின்ஸ் டிகிரிகளுக்கு ஸ்டாண்டர்ட் மேனேஜ்மெண்ட் சுருக்கங்கள் மற்றும் சொற்கள்
1357.wav,இந்நிலையில் கிறிஸ்துமஸ் தினத்தை முன்னிட்டு குழந்தைகளுக்கும் உடன் பணிபுரியும் ஆசிரியர்களுக்கும் பரிசுகள் வழங்கிய வண்ணம் வீட்டை சென்றடைந்தார்
1358.wav,ஒருவன் எப்போது கத்தியை உயர்த்திப்பிடிப்பான் என்று தெரியாதது போலவே எப்போது கைநழுவ விடுவான் என்றும் தெரியாதது தானே
1359.wav,மினிமம் ட்யூ அமௌன்ட்டையும் கட்டவில்லை என்றால் வட்டியுடன் சேர்த்து அபராதமும் கட்ட வேண்டியிருக்கும்
1360.wav,மேலும் இந்நிகழ்ச்சியை தொகுத்து வழங்குவது தனக்கு கிடைத்த பெரும் பாக்கியம் என்றும் கமல்ஹாசன் கூறியிருந்தார்
1361.wav,நெல்லை மாவட்டம் தென்காசி மற்றும் அதன் சுற்று வட்டார பகுதிகளில் உள்ள கடைகளில் கொள்ளை சம்பவங்கள் அடிக்கடி அரங்கேறி வந்தன
1362.wav,ஒழுங்கா படிக்கலைனா மாடுமேய்க்கபோகணும்ன்ற மாதிரி ஒழுங்கா நடிக்கலைனா அப்பாஸ் மாதிரி கக்கூஸ் கழுவதான் போகணும்னு சொல்லி திரைவாரிசுகள வளப்பாங்களோ
1363.wav,பத்தாயிரம் குடும்பங்கள் வேலைவாய்ப்பற்ற நிலையில் இருக்கிறார்களே இதற்க்கு ஸ்டாலின் மற்றும் போராட்டம் காரர்கள் இதற்க்கு என்ன பதில் சொல்லப்போகிறார்கள்
1364.wav,சேலை கட்டிய பெண்ணை நம்பினால் தெருவில் நின்று தவிப்பாய் என்று ஒரு சித்தர் பாடல் சாமுத்ரிகா லட்சணங்கள்
1365.wav,என கோரியே இன்றைய தினமும் நாளைய தினம் சுகவீன விடுப்பு போராட்டத்தில் ஈடுபட்டுள்ளனர்
1366.wav,எய்ட்ஸ் நோயால் பாதிக்கப்பட்டவா்கள் அரசு நலத் திட்ட உதவிகள் பெற முன்னுரிமை
1367.wav,உழைக்கும் தோழர்களே ஒன்று கூடுங்கள் உலகம் நமது என்று சிந்து பாடுங்கள்
1368.wav,உலகிலேயே முதல் முறையாக ரஷ்யவில் உள்ள அணு உலைக்கு பாதுகாப்பு கட்டமைப்புகளுடன் கட்டப்பட்டுள்ள அணுஉலை என்ற சர்வதேச விருது வழங்கப்பட்டுள்ளது
1369.wav,இருப்பினும் பெரும்பாலான பூர்வ குடிமக்களின் நில உரிமை குறித்து இதுவரை தீர்வு எட்டப்படவில்லை
1370.wav,மெரினா கடற்கரைக்கு தந்தையுடன் வந்த இளம் பெண்ணிடம் சில்மிஷம் போலீசுக்கு சரமாரி அடிஉதை
1371.wav,நிலுவைத் தொகையை உடனடியாக வழங்க ஓய்வு பெற்ற அரசு ஊழியா்கள் கோரிக்கை
1372.wav,லெயனோர்டு நகரில் பேருந்து நின்று செல்ல வேண்டும் என்பதை வலியுறுத்தி இந்திய ஜனநாயக வாலிபர் சங்கம் ஆட்சியரிடம் மனு கொடுத்தனர்
1373.wav,வெலிங்டன் ராணுவ மையத்தில் பயிற்சி முடித்த ராணுவ வீரா்கள் சத்தியப் பிரமாணம்
1374.wav,அதிரடியாக பிக்பாஸ் வீட்டிலிருந்து வெளியேறுகிறார் மீரா மிதுன் வெளியான அதிர்ச்சி காரணம்
1375.wav,மீத்தொட்டமுல்ல குப்பை மேடு அனர்த்தம் தொடர்பில் ஜப்பான் அனுதாபம் தெரிவிப்பு
1376.wav,இந்நிறுவனம் கடந்த ஆண்டு அஜித் நடித்த விஸ்வாசம் திரைப்படத்தை தமிழகத்தில் வெளியிட்டது என்பது குறிப்பிடத்தக்கது
1377.wav,சாக்ஸ் எழுதி தமிழில் வந்த ஒரே கட்டுரை அதுதான் என நினைக்கிறேன்
1378.wav,அதிர்ஷ்டம் வேண்டி உடல் முழுவதும் சேற்றை பூசி கொள்ளும் சீனர்களின் வினோத திருவிழா
1379.wav,முகாமின் வேலை விண்ணப்பத்தை சரிபார்த்து விவரங்களைப் பெறுவதற்கு தகவலைப் பயன்படுத்துங்கள்
1380.wav,ஆரஞ்சு மற்றும் எலுமிச்சை கொண்ட கருப்பு ஆஷ்பெரி இருந்து ஜாம் ரெசிபி
1381.wav,திருப்பதியில் உள்ள அலிபிரி பாத யாத்திரை மாா்க்கத்தில் புதிய நிழற்கூடை அமைப்பதற்கான பூமி பூஜையை தேவஸ்தானம் திங்கள்கிழமை நடத்தியது
1382.wav,மகாராஷ்டிரா மாநிலம் நாக்பூர் தொகுதியில் தனது வாக்கை பதிவு செய்தார் தமிழக ஆளுநர் பன்வாரி லால் புரோஹித்
1383.wav,கருணாநிதி குறித்த குறிப்புகளை நீக்குவதற்காக சமச்சீர் கல்வி பாடப் புத்தகம் வினியோகம் நிறுத்தம்
1384.wav,பல இலித்தியம் வினையாக்கிகள் போல இலித்தியம் டெட்ராமெத்தில்பிப்பெரிடைடும் திண்மநிலையில் நாற்படியாக உருவாகிறது
1385.wav,குற்றாலத்தில் களை கட்டிய சீசன் தங்க வசதியின்றி சுற்றுலா பயணிகள் தவிப்பு
1386.wav,வேலை வாய்ப்புக்காக சுற்றுலா விசா மூலம் வெளிநாடு செல்ல முயன்ற ஆறு பெண்களை கட்டுநாயக்க விமான நிலையத்தில்
1387.wav,அவரது படைப்பியக்கம் என்பது பெரும்பாலும் அவருடைய முதற்கட்டக் கவிதைகளினால் தீர்மானிக்கப்படுவது
1388.wav,குன்மிங் நகரில் தெற்காசிய மற்றும் தென்கிழக்காசிய நாடுகளுக்கான வர்த்தக மற்றும் முதலீட்டு கண்காட்சி தொடக்கம்
1389.wav,கரோனா தாக்குதல் எனப் பொய்யான தகவல்களைப் பரப்பிய கல்லூரி மாணவர் கைது
1390.wav,மதுபானக் கடைகளை பாதுகாப்பு முறைகளுடன் திறப்பது தொடர்பாக இன்று மாலை ஆலோசனை
1391.wav,வேப்பூர் அரசு கல்லூரி முதல்வரை கண்டித்து கவுரவ விரிவுரையாளர்கள் நுழைவு வாயில் முன் அமர்ந்து தர்ணா
1392.wav,அதிமுகவினர் மீது சில இடங்களில் சிபிஎம் ஆட்கள் தாக்குதல் நடத்தியதற்கு கடும் கண்டனத்தை தெரிவித்துக் கொள்கிறேன்
1393.wav,செவ்வாய் கிரகத்தில் பாறை துகள்கள் சேகரிப்பு பெர்சவரன்ஸ் ரோவரின் முதல் முயற்சி தோல்வி
1394.wav,நாட்டில் தீவிரவாதத்தை ஒடுக்குவதே மத்திய அரசின் குறிக்கோள் என மத்திய அமைச்சர் பிரகாஷ் ஜவடேகர் தெரிவித்தார்
1395.wav,இலங்கையுடன் பிரிட்டனிற்கு அவ்வாறான ஏற்பாடுகள் இல்லை என பிரிட்டனின் தூதரக அதிகாரிகள் தெரிவித்துள்ளனர்
1396.wav,சஜித் பிரேமதாச கோத்தபாய ராஜபக்சவுடன் இணைந்து செயற்பட முடியும் ஒழுக்கமுள்ள சமூகத்தினை உறுதிசெய்ய முடியும் என ஹரீன் பெர்ணான்டோ தெரிவித்துள்ளார்
1397.wav,இலங்கை போக்குவரத்து சபை அனைத்து தரப்பு ஊழியர்களின் விடுமுறை இரத்து செய்யப்பட்டுள்ளது
1398.wav,ஏன் என்றால் ஏசுநாதர் முதலில் உன் கண்ணில் உள்ள தூசியை எடுத்துவிட்டு மாற்றான் கண்ணை பார் என்று சொல்கிறார்
1399.wav,கடல் மற்றும் கடல் சார்ந்த பகுதியில் படமாக்கப்பட்ட காட்சிகள் பிரமிக்க வைக்கும் விதத்தில் அமைந்திருக்கிறது
1400.wav,சென்னை உயர்நீதிமன்றத்தின் சர்ச்சைக்குரிய நீதிபதி கர்ணனுக்கு எந்த ஒரு வழக்கையும் ஒதுக்கீடு செய்யக் கூடாது என்று உச்சநீதிமன்றம் அதிரடியாக உத்தரவிட்டுள்ளது
1401.wav,இதுகுறித்து சிறுமி தரப்பில் கொடுக்கப்பட்ட புகாரின் அடிப்படையில் குற்றவாளியான சிறுவன கைது செய்யப்பட்டு விசாரணை நடத்தபப்ட்டு வருகிறான்
1402.wav,உங்களிடம் பிடித்ததே மருதுகாசி முதல் மறைந்த வாசன் வரை பாடல் எழுதியவர்கள் பெயரைத்தான் முதலில் அறிவிப்பு செய்வீர்கள்
1403.wav,காஞ்சிபுரம் சிறீரங்காச்சாரியார் சிறிநிவாசாச்சாரியார் சாகித்திய அகாதமி விருது பெற்ற தெலுங்கு எழுத்தாளர்
1404.wav,இந்நிலையில் சென்னைக்கு தென் கிழக்கு வங்க கடல் பகுதியில் காற்றழுத்த தாழ்வு நிலை உருவாகி உள்ளது
1405.wav,நாங்கள் ஏன் வெளிநாட்டு நாணய கணக்கு வேண்டும் மற்றும் அதை என்று
1406.wav,ஜான்சிராணி ரெஜிமென்டில் நான் சேர்ந்த போது எங்கள் முகாமுக்கு வந்து பேசினார்
1407.wav,தமிழகத்தின் முதல் ஊராட்சியான எகுமதுரை ஊராட்சித் தலைவராக ஸ்ரீபிரியா மகேந்திரன் வெற்றி
1408.wav,எதாவது தந்திரம் செய்து அவரை தூங்க வைக்க வேண்டும் என யோசிக்கிறார்கள்
1409.wav,பொதுமக்குளுடைய காணிகளை நாங்கள் எடுக்கவில்லை வந்து பாருங்கள் என அழைத்த யாழ் கட்டளைத்தளபதி ஹத்துறுசிங்க
1410.wav,செந்துறை அருகே குழுமூரில் அட்மா திட்டத்தில் விவசாயிகளுக்கு கலைநிகழ்ச்சிகள் மூலம் தொழில்நுட்ப விளக்கம்
1411.wav,நடிகர் திலகனின் மருத்துவச் சிகிச்சை செலவு முழுவதையும் கேரள அரசே பொறுப்பேற்கவுள்ளது
1412.wav,தமிழ்நாட்டில் அறுபது வயதிற்கு மேற்பட்ட மக்கள் காலையில் கண்விழிப்பதே காபியின் முகத்தில்தான்
1413.wav,சிறுமியின் சடலம் பிரேத பரிசோதனைக்காக அரசு மருத்துவனைக்கு அனுப்பி வைக்கப்பட்டது
1414.wav,அமைதிப் பேச்சுக்களைக் குழப்புவதில் இந்தியாவின் தீவிரம் சினாவுடனான போட்டியாலன்றி அமெரிக்கவின் செல்வக்கிற்குள் இலங்கல் அரசாங்கம் கட்டுப்படுவதைத்
1415.wav,ராமநாதபுரம் செய்யது அம்மாள் பொறியியல் கல்லுாரியில் நடந்த பட்டமளிப்பு விழாவில் பங்கேற்று பட்டங்களை வழங்கிய
1416.wav,காற்றின் சீற்றத்தால் பாம்பன் ரயில் பாலத்தின் தூணில் மோதிய மிதவை மேடை
1417.wav,வூட் ஆஃப் ஏரி என்பது வடமேற்கு கோணம் அமைந்திருக்கும் ஏரியாகும்
1418.wav,பெண் விசாரணை அதிகாரி மீது பின்லேடனின் டிரைவராக இருந்த சலிம் அகமது ஹம்டன் செக்ஸ் குற்றச்சாட்டு
1419.wav,எத்தில் ஐசோபியூட்டைல் கார்பினால் என்ற பெயரினாலும் அழைக்கப்படும் இச்சேர்மம் ஒரு எரிபொருளாகப் பயன்படுத்தப்படுகிறது
1420.wav,காலம் உள்ளதனையும் இடைவிடாதே ப்ரக்ருதி வஸ்யன் அன்றிக்கே ஈஸ்வர பரதந்த்ரனாய் வர்த்திகைக்கு ஈடான உபாயத்தை
1421.wav,உதித்சூர்யா அவருடைய தந்தை வெங்கடேசன் ஆகியோர் கண்டமனூர் அருகே உள்ள தேக்கம்பட்டி மாவட்ட சிறையில் அடைக்கப்பட்டனர்
1422.wav,பிரான்சு இரயில்வே தொழிலாளர் போராட்டத்திற்கு முன்பாக பெல்ஜிய பொதுத்துறை வேலைநிறுத்தத்திற்கு செல்கிறது
1423.wav,இதனை தொடர்ந்து பலரும் வினய் நாயருக்கு எதிராக கண்டனத்தை தெரிவித்து வருகின்றனர் என்பது குறிப்பிடத்தக்கது
1424.wav,இதேபோல கடலுக்கு அடியில் காதலைச் சொன்ன இளைஞர் ஒருவர் மூச்சுத் திணறி உயிரிழந்தார்
1425.wav,புகார் அளித்தவர்கள் தங்கள் வங்கி கணக்கு விபரங்களை இந்த அலுவலகத்தில் குழுவிடம் தெரிவிக்க வேண்டும் என்று
1426.wav,பசுவிக்கின் நியுகலடோனியாவை பாரிய பூகம்பம் தாக்கியுள்ளதை தொடர்ந்து சுனாமி அலைகள் தென்படுகின்றன என தகவல்கள் வெளியாகியுள்ளன
1427.wav,குளிர்காலத்தில் ஆரோக்கியமாக இருப்பதற்கான மிகவும் எளிமையான ஒரு வழிமுறை உங்கள் கைகளை சுத்தமாக வைத்திருப்பதுதான்
1428.wav,இப்பதவி வெற்றிடம் பற்றிய மேலதிக தகவல்கள் மற்றும் விண்ணப்பப் படிவத்தினை அரச வர்த்தமானியில் பெற்றுக்கொள்ள
1429.wav,இந்தப்பாடல் பிரபஞ்ச விதிகளைப்பற்றியே பேசுகிறது என்னும்போது வேறு பொருள் கொள்ள சாத்தியமே இல்லை
1430.wav,வாழ்க்கையில் வெற்றி பெற சவால் நிறைந்த அழகிய செய்தியை முடிந்தவரை பல பார்வையாளர்களுக்கு காட்டவுள்து இத்திரைப்படம்
1431.wav,இதை எல்லாம் சட்டத்தையும் ஒழுங்கையும் நிலை நாட்டும்
1432.wav,இது தொடா்பாக மேலும் விவரங்களை இணையதளத்தில் காணலாம் என அதில் தெரிவிக்கப்பட்டுள்ளது
1433.wav,தொழில்நுட்பக்கல்வித்துறை நடத்திய கணிணி சான்றிதழ் தேர்வு முடிவு இன்று வெளியீடு இணையதளத்திலும் பார்க்கலாம்
1434.wav,இந்த நிலையில் கொரோனாவை தடுப்பது தொடர்பாக உயர் அதிகாரிகளுடன் முதலமைச்சர் எடியூரப்பா
1435.wav,இந்த இனிப்பு ஒரு வெப்பமான கோடை நாளில் குறிப்பாக நல்லது
1436.wav,மாணவியிடம் தவறாக நடந்த தமிழாசிரியரை அடியாட்களுடன் போய் அடித்து உதைத்த பெற்றோர்
1437.wav,சுஷில் ஹரி பள்ளி நிறுவனர் சிவசங்கர் பாபா மீண்டும் புழல் சிறையில் அடைப்பு
1438.wav,மின்வாரியம் அதிரடி மின்சப்ளை நிறுத்தத்தால் இருள் சூழ்ந்த ஜிஹெச் நுழைவு வாயில் மின்கட்டணம் செலுத்த திமுக மனு
1439.wav,மணிக்கட்டில் இருந்து நடுத்தர விரலின் நுனியில் திறந்த கை முழு உடலின் பத்தில் ஒரு பகுதியாகும்
1440.wav,திருவாடானை அருகே பள்ளி வளாகங்களில் சேதமடைந்துள்ள மேல்நிலை நீா்த்தேக்க தொட்டிகளை அகற்றக் கோரிக்கை
1441.wav,வருடத்துக்கு இரண்டு முறை பேதிக்குச் சாப்பிட்டு வாய் முதல் ஆசனவாய்வரை உள்ள உணவுப் பாதையை முழுமையாகச்
1442.wav,சிர்சென்து கயென் என்பவரால் மியான்மரின் யங்கூனில் எடுக்கப்பட்ட திருமண ஜோடிகளின் புகைப்படம்
1443.wav,இயேசு கல்வாரி மலையில் சிலுவையில் அறையப்பட்டதை நினைவுகூர்கின்ற இவ்விழாவின்போது கிறிஸ்த்தவக் தேவாலயங்களில் சிறப்பு வழிபாடுகள் நடைபெறும்
1444.wav,பாஷா கவிஞருக்கு அவருடைய சொந்த கணக்கில் ஒரு டம்ளர் சாராயம் கூடுதலாகக் கொடுத்தார்
1445.wav,அரச படையினர் வசமுள்ள தனியார் விவசாய காணிகளை விடுவிக்க ஜனாதிபதி அறிவுரை
1446.wav,தமிழ் மக்களின் உணா்வுகளுக்கு மதிப்பளித்து தனது அரசியல் செயற்பாடுகளை முன்னெடுக்கவுள்ளதாக முன்னாள் நாடாளுமன்ற
1447.wav,உடலுறுப்புக்களின் விற்பனைக்காக கருணை இல்லத்தின் பெயரில் முதியோரை பலி எடுக்கும் செயின்ட் ஜோசப் முதியோர் இல்லம்
1448.wav,அவரை ராணுவ வாகனத்தில் இருந்து கீழே தள்ளிவிட்டார் நடிகர் தீபன்
1449.wav,அரவிந்த் சுப்பிரமணியன் மீது அரசுக்கு முழு நம்பிக்கை உள்ளது அருண் ஜேட்லி
1450.wav,நீராவி பீட் ரூட்ஸ் மற்றும் பீட் பசுமைகளுக்கு இஞ்சி பீட் கர்ரி மூடு
1451.wav,எனவே வரும் பாராளுமன்ற தேர்தலில் திமுக கூட்டணியில் காங்கிரசுக்கு எத்தனை தொகுதிகள் ஒதுக்கப்படும் என்பது இன்று மாலையில் தெரிந்து விடும்
1452.wav,லாச்டேமோனிலிருந்து ஜீயஸ் மற்றும் லேடாவின் மகன்கள் காஸ்டர் மற்றும் பொலக்ஸ் ஆகியோர்
1453.wav,ரஷ்யாவின் ஸ்புட்னிக் வி கொரோனா தடுப்பூசிக்கு இந்திய மருந்து கட்டுப்பாட்டு அமைப்பு அனுமதி
1454.wav,இந்நிலையில் சிறைச்சாலைக்கு வருகை தர தனது மனைவி மறுத்துவிட்டார் என்பதை அறிந்த
1455.wav,உங்களுக்கு இருக்கும் வாசகர்கள் எல்லாருமே உங்களை கீழ்த்தரமாக வசைபாடுபவர்களால் உங்களை நோக்கி பவுன்ஸ் செய்யப்பட்டவர்கள்தான் என நினைக்கிறேன்
1456.wav,திருப்பூரில் போதை இளைஞர் ஒருவரை போக்குவரத்து போலீசார் ஹெல்மெட்டால் தாக்கி அவரது மண்டையை உடைத்தனர்
1457.wav,சிறப்பு டிரிம்மர்கள் கோவில்களிலிருந்து மற்றும் பரவல் குறிப்பிட்ட வடிவங்களுடன் பல்வேறு உள்ளன பயன்படுத்தி
1458.wav,மிதுன ராசிக்காரர்கள் முழுபதிவையும் வீடியோ வடிவில் பெற இங்கு க்ளிக் செய்யவும்
1459.wav,மும்பை தாதா தாவூத் இப்ராஹிம் கூட்டாளி இக்பால் மிர்ச்சி ஜாமீனில் விடுதலை
1460.wav,சாம்சுங் நிறுவனம் கடந்த வருடம் தனது மடிக்கக்கூடிய ஸ்மார்ட் கைப்பேசியினை அறிமுகம் செய்திருந்தமை தெரிந்ததே
1461.wav,அதில் தலையீடு செய்வதற்கு எதுவிதமான காரணமும் மேல் இந்த நீதிமன்றத்தினால் காணப்படவில்லை
1462.wav,இன்றும் இத் தமிழ் ஆண்டுப் பிறப்பைஇ சிங்களவர்கள் தமிழ் சிங்களப் புத்தாண்டு என கொண்டாடி வருகின்றனர்
1463.wav,அவர் ரஜூலா கப்பலில் வந்த பாடல் காட்சி கதை என்று நினைத்தேன்
1464.wav,இந்த நிலையில் தர்பார் படத்தின் சாட்டிலைட் உரிமையையும் இந்நிறுவனமே வாங்கி உள்ளது என்பது குறிப்பிடத்தக்கது
1465.wav,கடினமான முட்கரண்டி அமைப்புகள் முனை நுழைவதற்கு முன்னர் நிறுத்திக்கொள்வதற்குக் காரணமாக இருக்கலாம்
1466.wav,காயமுற்ற தந்தையை சைக்கிளில் அழைத்து வந்த மகளை பாராட்டிய இவான்கா டிரம்ப்
1467.wav,முரசொலி விழா மேடையின் கீழே அமர்ந்திருந்த ரஜினியை அழைத்து மரியாதை செய்த ஸ்டாலின்
1468.wav,படிக்கும்போகே கம கம வாசனை மூக்கைத் துளைக்கிறது செய்து பார்த்தால் எத்த்னை நன்றாக இருக்குமோ அருமையான் பகிர்வு
1469.wav,எனவே ஹோட்டல்களில் தனிமைப்படுத்தலுக்காக மக்களிடம் கட்டணம் வசூலிக்கப்படுவது குறித்து விசாரிக்க வேண்டியதன் அவசியத்தையும் அமைச்சர் நாமல் ராஜபக்ஷ வலியுறுத்தியுள்ளார்
1470.wav,தமிழகத்திற்கு போதிய அளவு மின்சாரம் கிடைப்பதால் ஓரளவு மின் பற்றாக்குறைக்கு முற்றுப்புள்ளி வைக்கப்பட்டுள்ளது
1471.wav,கியூலா எல் கஸ்டோ டி லா ரெனோவாசியான் டி லா டாரெட்டா டி ரெசிடென்சியா
1472.wav,நோய் கண்டவர்கள் மூக்கு மற்றும் வாயை மறைக்கும் விதமாக முகமூடி அணிய வேண்டும்
1473.wav,கோடிக்கணக்கான ரூபாய்களை கொடுத்து பத்துக்கும் மேற்பட்ட உறுப்பினர்களை மஹிந்த அணி வாங்கி உள்ளது
1474.wav,ஆனாலும் பிரேசில் அணிக்கு இணையாக மெக்சிகோவும் தடுப்பாட்டத்தை கையாண்டதால் இரு அணிகளும் முதல் பாதியில் ஒரு கோல் கூட போடவில்லை
1475.wav,பராமரிப்பின்றி கழிவுநீர் குளமாகஇருந்த ஒட்டான்குளம் குறித்து தினமலர் நாளிதழில் தொடர்ந்து செய்தி வெளியானது
1476.wav,நாடு என்ற வகையில் முன்னோக்கி பயணிப்பதற்கு ஊடக சுதந்திரத்தைப் போன்றே ஊடகங்கள் பொறுப்புடன் செயற்படுவதும் முக்கியமாகும்
1477.wav,ஒவ்வொரு தொடக்கமும் ஒரு கசிவின் நிகழ்தகவு குறைப்பதை மூடுவதும் பாதுகாப்பதும் மிகவும் முக்கியம்
1478.wav,சேலத்தில் சட்டக் கல்லூரி மாணவர்கள் ராஜபக்ச வரவை எதிர்த்து நடத்திய போராட்டத்
1479.wav,பிடிக்காவிட்டாலும் பரவாயில்லை என மீதிப் படத்தையும் பார்க்க வேண்டும் என்கிறார் இன்னொருவர்
1480.wav,அன்று இருவருமே அதிக குடிபோதையில் இருந்தோம் அன்று நடந்ததை எண்ணி நான் மிகவும் சங்கடப் பட்டேன் என்று கூறியுள்ளார்
1481.wav,காவிரி குண்டாறு இணைப்பு திட்டத்திற்கு தமிழக அரசு எந்த நடவடிக்கையும் எடுக்கவில்லை
1482.wav,தந்தையால் நடுரோட்டில் கொடூரமாக வெட்டி சாய்க்கப்பட்ட மகளின் தற்போதய நிலை
1483.wav,காரைதீவு மாவடி ஸ்ரீ கந்தசுவாமி ஆலயத்தை வந்தடைந்ததும் விசேட பூசைகளோடு மாவடிக் கந்தனிற்கு பாலாவிஷேகம் நடைபெற்றது
1484.wav,மேலூர் அருகே அட்டப்பட்டியில் அம்பேத்கர் சிலையை அவமதித்தவர்களை கைது செய்ய கோரி பொதுமக்கள் சாலைமறியல் போராட்டத்தில் ஈடுபட்டுள்ளனர்
1485.wav,தந்தையின் அனுமதி இன்றி சிறுமிக்கு பாஸ்போர்ட் வழங்க சென்னை ஹைகோர்ட் உத்தரவு
1486.wav,ஆணையம் அறிக்கை தாக்கல் செய்துள்ள நிலையில் பாமக மீது பழி சுமத்திய புதிய போலி புரட்சியாளர்கள்
1487.wav,ஆனால் இப்போது கூட்டணி மாறப்போவதாக பரவி வரும் செய்திக்குத்தான் இந்த அதிர்ச்சி மீம்
1488.wav,அவர் பிக் பாஸ் வீட்டை விட்டு வெளியேறியது அவரது ரசிகர்களுக்கு மிகுந்த அதிர்ச்சியளித்திருக்கிறது
1489.wav,நரிக்குறவ சமூகத்தைச் சேர்ந்த இந்த சிறுவன் அரசுப் பள்ளியில் படித்துக் கொண்டிருந்தபோது
1490.wav,ஷபெண் ஒருவரிடம் தவறாக நடந்து கொண்டார் என்று அவரையும் அவருடன் இருந்த சில இளைஞர்களையும் பொதுமக்கள் அடித்து காவல்துறையினரிடம் ஒப்படைத்துள்ளனர்
1491.wav,தஞ்சாவூா் பெரியகோயிலில் நவீன மின் விளக்குகள் அமைக்கும் பணி நவம்பருக்குள் முடிக்கத் திட்டம்
1492.wav,பாதுகாப்பு மற்றும் பாதுகாப்பு குறித்து கவலை கொண்ட பெண்கள் சிறந்த பயன்பாடுகள்
1493.wav,கவிஞர் வால்ட் விட்மேன் கஸ்ட்டர் பற்றி ஒரு இறப்பு சோனட் எழுதினார்
1494.wav,ரஷியன் சாதாரண ஆர்த்தடாக்ஸ் சர்ச் கலை வடிவமைப்பு மற்றும் ஐகான் ஓவியம்
1495.wav,கட்டுரை ஆசிரியர் நிதி மற்றும் கார்ப்பரேட் விவகார மத்திய இணை அமைச்சராக உள்ளார்
1496.wav,தீவிரவாத இயக்கத்திற்கு இந்தியாவில் இருந்து ஆட்களைச் சேர்த்த பெண் பிலிப்பைன்ஸ் நாட்டில் கைது
1497.wav,சுங்க கட்டணம் கேட்டதால் ஆத்திரம் ஊழியரை சரமாரியாக தாக்கிய மர்ம நபர்கள்
1498.wav,தனியார் பள்ளிகளில் ஆங்கிலவழி கல்விக்கு அதிகமான கட்டணங்கள் வசூல் செய்வது நாம் அனைவரும் அறிந்ததே ஒன்றே
1499.wav,அந்த சிந்தனையை எத்தனைநாள் நம்மில் நீடிக்கவைக்கிறது என்பதே ஒரு படைப்பை மதிப்பிடும் அளவுகோலாகும்
1500.wav,அதோடு சம்யுக்தா மற்றும் அவரது நண்பர்கள் போதை பொருட்களை உட்கொண்டதாகவும் பொய்யான குற்றச்சாட்டை கூறியுள்ளனர்
1501.wav,இந்த மாரடைப்பால் உடனே அவர் மரணம் அடைந்த நிலையில் அவர் ஓட்டிய பேருந்து சாலையில் தாறுமாறாக சென்றது
1502.wav,நரசிம்ம ஜெயந்தியான இன்று பானகத்துடன் கதம்பவடை படைத்து வழிபட்டால் பலன் பன்மடங்கு பெருகும்
1503.wav,வவுனியா சிறையில் அரசியல் கைதி நிமலரூபன் சிங்கள காடையர்களால் அடித்தே கொல்லப்பட்டார்
1504.wav,ஆந்திராவில் இப்படம் இன்னொரு பாகுபலி ரேஞ்சில் கலெக்ஷன் குவித்து வருவது தனி சங்கதி
1505.wav,கல்வி தந்த பெருந்தலைவருக்கு அவர் பிறந்த வீட்டில் அவர் பிறந்த நாளில் கல்வித்திருவிழா வணக்கங்கள்
1506.wav,டென்மார்க் நாட்டில் கட்டப்பட்டு வரும் உலகின் மிக பெரிய காற்றாலை விசையாழி
1507.wav,அதாவது உள்நாட்டு விசாரணைப் பொறிமுறை எனப்படுவது சிங்களத் தலைவர்களின் தெரிவு மட்டுமல்ல அது அமெரிக்க இந்தியப் பங்காளிகளின் தெரிவும் தான்
1508.wav,காமராஜர் என்ற பெயரை உச்சரிக்கக் கூட தகுதி இல்லாதவர்களே இன்று காங்கிரஸில்
1509.wav,ஜெயலலிதா உடல்நிலை பற்றி பிரதமர் மோடியிடம் தொலைபேசியில் விளக்கினார் வெங்கையா நாயுடு
1510.wav,கொடைக்கானல் மேல்மலை பகுதியில் கஞ்சா விற்பனை செய்வதாக கிடைத்த தகவலையடுத்து கொடைக்கானல் போலீசாா் சோதனை நடவடிக்கையில் ஈடுபட்டிருந்தனா்
1511.wav,பிரதமர் மோடியை எதிர்த்து சகோதரரே போராட்டம் நடத்தியிருப்பது அரசியல் வட்டாரத்தில் பெரும் பரபரப்பை ஏற்படுத்தியுள்ளது
1512.wav,சட்டசபை தேர்தல் வாக்கு எண்ணிக்கை மையம் அமையும் ஊட்டி அரசு பாலிடெக்னிக் கல்லூரியில் கலெக்டர் ஆய்வு
1513.wav,இது வழக்கமாக நீரின் மேற்பரப்புக்கு அருகில் உள்ள கையை கொண்டு வருகிறது
1514.wav,முக ஸ்டாலின் நீர்நிலைகளை துர்வார முயற்சி செய்வது மக்களை ஏமாற்றும் செயல்
1515.wav,நடனம் உணர்வு மற்றும் அழகான உணர்வுகளை மாறிவிடும் அற்புதமான வாசனை கொண்டு சிக்கிக் கொண்டார் இருங்கள்
1516.wav,குழித்தட்டில் வளர்ந்த நாற்றுக்கள் வேர்கள் அனைத்தும் குளிகளுக்குள்ளேயேஇருப்பதால் வேர் வளர்ச்சி பாதிப்பு அடைவதில்லை
1517.wav,சகோதரர் செய்யது அஹ்மது அவர்கள் அண்ணாவின்அருமையான மேற்கோளை ஜுனியர் விகடன் இதழில் இருந்து எடுத்து காட்டியதற்காக நமது நெஞ்சார்ந்த நன்றிகள்
1518.wav,தமிழகம் நாகை மாவட்டத்தை சேர்ந்த ஆறு மீனவர்கள் இழுவை மடி படகில் இலங்கை கடற்பரப்புக்குள் அத்துமீறி நுழைந்து மீன் பிடியில்
1519.wav,இந்த விளைவு வெறுமனே ஒரு தூரிகை முறை ஒரு ஜோடி அசைப்பதன் மூலம் அடைய முடியும்
1520.wav,நல்ல மற்றும் நீதி நட்பு தேவை மற்றும் ஒற்றுமை பற்றி பழமொழிகள்
1521.wav,சேத்துப்பட்டு ஒன்றியக் குழுத் தலைவராக திமுகவைச் சோ்ந்த ராணி வெற்றி பெற்றாா்
1522.wav,காலைபொழுதின் அழுதத்தை இரவுகள் நேரத்தில் புத்தகம் மற்றும் இசையின் மூலமாக என்னை புதுப்பித்து கொள்ளவதே என்னுடைய வாடிக்கை
1523.wav,புலிகள் ஆயுதமேந்தி கேட்டதை மறைமுக ஆவணங்கள் ஊடாக நிறைவேற்ற இடமில்லை வாசுதேவ காட்டம்
1524.wav,அட்மிரல் விஜேகுணரத்ன அச்சுறுத்திய விசாரணையை புறக்கோட்டை பொலிசாரிடமிருந்து நீக்குமாறு நீதமன்றம் உத்தரவு
1525.wav,சமீபத்தில் கல்வித்துறையில் செய்த நிர்வாக சீர்த்திருத்தத்தால் அந்த அதிகாரம் மாவட்டக் கல்வி அலுவலருக்கு வழங்கப்பட்டது
1526.wav,கிராம மக்கள் கைது நடவடிக்கைக்கு பயந்து மலை அடிவாரத்தில் தஞ்சம்
1527.wav,மரபணுத் தொடர்புடைய இவை அனைத்தும் தற்காலத்தில் நன்றாக இருக்கின்றனவா என்று கேட்டால் பெரும்பாலும் இல்லை என்றே
1528.wav,எனினும் குறித்த மசோதாவை முழுமையாக திரும்பப்பெற வேண்டும் என போராட்டக்காரர்கள் வலியுறுத்தியுள்ளனர் என்பது குறிப்பிடத்தக்கது
1529.wav,வினிகர் எனப்படும் நீர்த்த அசிட்டிக் காடியை இயற்கையான நொதிப்பின் வழி படைக்கப்படுகின்றது
1530.wav,தமிழ்நாடு திறந்தநிலைப் பல்கலைக்கழக விழுப்புரம் மண்டல மையம் சார்பில் தனியார் நிறுவன வேலைவாய்ப்பு முகாம்
1531.wav,நோர்வே தூதுவர் தலைமையில் நீரியல் நிபுணர்கள் வடக்கு விவசாய அமைச்சருடன் சந்திப்பு
1532.wav,அதிலும் அந்த கற்றாழையை மருத்துவரின் பரிந்துரையின் பேரில் மட்டுமே உட்கொள்ள வேண்டும்
1533.wav,இளம் பெண் செங்கொடிக்கு காஞ்சிபுரம் மக்கள் திரண்டு வந்து கண்ணீர் அஞ்சலி
1534.wav,கேரள ரயில்வே மண்டலத்தில் தமிழக பகுதிகளை இணைக்க குமரி மாவட்ட ரயில் பயணிகள் சங்கம் கடும் எதிர்ப்பு
1535.wav,நம் சமூகத்தில் இன்று நிலவும் விழுமியங்கலில் பெரும்பாலானவை திரள்வாதம் சார்ந்தவை மட்டுமே என்கிறார் அயன் ரான்ட்
1536.wav,பதிவு செய்யப்பட்ட வெளிநாட்டு வேலை வாய்ப்பு முகவர் நிலையங்கள் தமக்குரிய நடவடிக்கைகளைத் தவிர ஏனைய நடவடிக்கைகளில் ஈடுபடுவதற்கான அனுமதி இல்லை
1537.wav,திமுக முன்னாள் எம்பி வசந்தி ஸ்டான்லி உடல் நலக்குறைவால் நேற்றிரவு காலமானார்
1538.wav,சோபியா வெர்ககாரின் மூத்த மகன் பளபளப்பான பக்கங்களில் தனது அறிமுகத்தைத் தொடர்ந்தார்
1539.wav,இந்திய மீனவர்கள் அத்து மீறல் குறித்து கூட்டமைப்பு மோடிக்கு அறிக்கை கையளிக்கவுள்ளது
1540.wav,உங்கள் வேலை செயல்திறன் மீது மேற்பார்வையாளர் மற்றும் கூட்டாளர்களிடமிருந்து உள்ளீடுகளைத் தேடுங்கள்
1541.wav,இலங்கையில் கொழும்பில் இருந்து ஆகக் கூடிய தூரத்தில் மாகாண சபை அமைந்திருக்கும் இடம் யாழ்ப்பாணமாகும் என முதலமைச்சரின் அறிக்கையில் தெரிவிக்கப்பட்டுள்ளது
1542.wav,மீண்டும் கோகிலா தமிழ்ப் படத்தில் நடிக்க வந்திருக்கும் ரேகா இனித் தொடர்ந்து தமிழ்ப்படங்களில் நடிப்பாரா
1543.wav,பர்பசுவல் ட்ரசரீஸ் நிறுவனத்தின் உரிமையாளர் அர்ஜுன் அலோசியஸ் மற்றும் அதன் நிறைவேற்று அதிகாரி கசுன் பல
1544.wav,அற்றொருநாள் போனபின்னும் பிள்ளை யர்க்கு
1545.wav,ஐக்கிய தேசியக் கட்சியின் பட்டிருப்புத் தொகுதி அமைப்பாளர் சோமசுந்தரம் கணேசமூர்த்திக்கு எதிராக கோவில் போரதீவுக் கிராமத்தில் ஆர்ப்பாட்டம்
1546.wav,இந்த விவகாரத்தில் ஐக்கிய நாடுகள் சபையின் விசாரணையும் தேவையற்றது என்றார்
1547.wav,இந்த திருத்தத்தை பாராளுமன்றத்தில் சமர்ப்பிப்பதற்கான நடவடிக்கைகளை முன்னெடுப்பதே நோக்கமாகும் என்று செயலாளர் மேலும் தெரிவித்தார்
1548.wav,இந்த திட்டத்திற்கு தற்போது செல்வி வர்திகா ஜெய்னி என்பவர் தலைமை தாங்குகிறார்
1549.wav,விளக்கப்படங்களை பதிவேற்றம் செய்து அதன் மூலம் கணிப்பதை கற்றுக் கொடுக்க முயற்சிக்கிறேன்
1550.wav,முற்றிய வெண்டைக்காயை சூப் செய்து குடித்து வந்தால் இருமல் உடனே நிற்கும்
1551.wav,ஒரு லிட்டர் பெட்ரோலில் ஆயிரம் கிலோ மீட்டர் ஓடும் அசத்தல் கார்
1552.wav,வடக்கில் புதிதாகத் தோன்றவுள்ள கடும்போக்குத் தலைமையும் இப்புதிய சிந்தனையில்தான் தமிழர்களைப் புடம்
1553.wav,இதேபோல் திருவண்ணாமலை மாவட்டத்துக்கும் மழை காரணமாக கலெக்டர் கந்தசாமி அரசு மற்றும் தனியார் பள்ளிகளுக்கு நேற்று ஒருநாள் விடுமுறை அறிவித்தார்
1554.wav,ராஜாஜி அரங்கத்தில் இருந்து திமுக தலைவர் கருணாநிதியின் இறுதி ஊர்வலம் புறப்பட்டது
1555.wav,ஜனாதிபதிதேர்தல் தொடர்பாக தமிழ்தேசியக் கூட்டமைப்பு எடுத்துள்ள முடிவுகள் மற்றும் பல்கலைகழக மாணவர்களின் ஒருமைப்பாடுகள் தொடர்பாக கேட்டபோதே அவர் இதனைத் தெரிவித்தார்
1556.wav,இந்த சந்திப்புக்கு பின்னர் அமைச்சர்கள் மத்துமபண்டார மற்றும் மலிக் சமரவிக்ரம இடையில் விசேட கலந்துரையாடல் நடைபெற்றுள்ளது
1557.wav,துபாயில் மரணம் அடைந்த ஸ்ரீதேவியின் உடல் அனைத்து காவல்துறை நடவடிக்கைகளும் முடிந்து சற்றுமுன்னர் அவரது உறவினர்களிடம் ஒப்படைக்கப்பட்டது
1558.wav,குலசேகரம் அருகே தையல் பயிற்சிக்கு சென்ற சிறுமியை கடத்திச் சென்ற வேன் டிரைவர்
1559.wav,உத்தேச தேசிய அரசாங்க பிரேரணை தொடர்பில் கருத்துத் தெரிவிக்கையில் அவர் இவ்வாறு தெரிவித்தார்
1560.wav,எனது மகன் செய்யும் குரும்புகளில் நான் பயந்து சில நேரம் நடுங்கி நடுங்கி ரசிப்பேன் பயங்கரமாக இருக்கும்
1561.wav,இதற்கு முந்தைய கூட்டத்தில் பேசாத பல விசயங்களை ஜெயலலிதா பேசிய ஜெயலலிதா தொண்டர்களை உற்சாகப்படுத்தினார்
1562.wav,தலைமை ஆசிரியர் நன்றி உரையை ஆற்றி ஸ்வார்த்தம் சத் சங்கத்திற்கு தனது வாழ்த்துக்களையும் மற்றும் நன்றியையும் தெரிவித்துக் கொண்டார்
1563.wav,மக்களவைத் தேர்தல்களம் அனல் பறக்கும் பிரசாரங்களுக்கு நடுவே நகைச்சுவை காட்சிகளுக்கும் பஞ்சமில்லை
1564.wav,தபால் வாக்குகளை முறையாக வழங்காவிட்டால் போராட்டம் திமுக வழக்கறிஞர் அணி அறிவிப்பு
1565.wav,மழை நாள் இரவில் பிரபல இயக்குநருக்கு நடந்த மறக்க முடியாத சம்பவம்
1566.wav,பாராளுமன்ற உறுப்பினர் ஐக்கிய தேசியக் கட்சி அத்துரலியே ரத்ன தேரர் ரணில் விக்ரமசிங்க சுயாதீனமாக யோசனை தேசிய பட்டியலில்
1567.wav,கொழும்பு ஸ்ரீ வித்திய ஜோதிட நிலைய இயக்குனர் ஜோதிஷ மணி சிவஸ்ரீ ராம சந்திர குருக்கள் பாபு சர்மா அவர்கள்
1568.wav,மத்திய சென்னையில் மரண அடி வாங்க போகும் திமுக சத்தமில்லாமல் சாதித்து வரும் பாமகவின் சாம் பால்
1569.wav,சீன அரசுத் தலைவர் ஹூச்சிந்தாவ் தியென் ஜின் பிரதிநிதிக்குழுவின் விவாதக்கூட்டத்தில் கலந்து கொண்டார்
1570.wav,புதிய அரசியலமைப்பு தமிழ் மக்கள் சுஷ்மா சுவராஜ் இந்திய வெளிவிவகார அமைச்சர் தமிழ் முற்போக்கு கூட்டணி முஸ்லிம்
1571.wav,சிங்கக் கொடியில் மாற்றம் சூழ்ச்சித் திட்டமாக இருக்கக் கூடும் என்கிறார் மஹிந்த
1572.wav,அந்த அடையாளம் சீனியர் லெவல் பிரிவில் எனக்கு இடம் கொடுத்துச்சு
1573.wav,நாகையில் திருமண உதவி திட்டத்திற்கு இருப்பிட சான்று கேட்டு வரும் பயனாளிகள் அலைக்கழிப்பு
1574.wav,மூன்று சிறிய குடல்களையும் கொண்ட ஒரு திரை மேல் ஒரு கூழ்
1575.wav,பாதுகாப்பாக இருங்கள் மற்றும் நீர்நிலை விதிகளை தெரிந்துகொள்வதன் மூலம் உங்களை தலைவலி காப்பாற்றுங்கள்
1576.wav,திரு மீனாட்சி சுந்தரம் இயக்க சார்பாக நிற்க இயக்கம் அனுமதி அளித்தது
1577.wav,திட்டக்குடி அருகே காா் கவிழ்ந்து தீப்பிடித்ததில் பெண்கள் உள்பட மூவா் பலி
1578.wav,இந்த நாட்டிலேயே பிறந்து வளர்ந்து வாழ்ந்திருந்தாலும் மலாய் அல்லாத பிற இன குடிமக்களுக்கு
1579.wav,மறியல் காரணமாக கிராஸ் ரோடு பகுதியில் ஒரு மணி நேரத்திற்கும் மேலாக போக்குவரத்து
1580.wav,சென்ஜோன்ஸ் கல்லூரி பழைய மாணவர்களின் பங்களிப்பில் இளஞ்செழியனின் மெய்பாதுகாவலரின் வீடு புனரமைத்து கையளிப்பு
1581.wav,மதுரை முக்தீஸ்வரர் கோயிலில் சூரிய ஒளி கதிர்கள் தரிசிக்கும் அரிய நிகழ்வு
1582.wav,பொதுமக்கள் வெகுநேரம் காத்திருப்பு செருவாவிடுதியில் கொரோனா தடுப்பூசி செலுத்தும் பணி துணை இயக்குநர் ஆய்வு
1583.wav,ராமேசுவரத்தில் அப்துல்கலாம் நினைவகத்துக்கு நிலம் ஒதுக்கிய ஜெயலலிதாவுக்கு மத்திய அரசு நன்றி தமிழக அரசு தகவல்
1584.wav,விழுப்புரம் மாணவி ஜெயஸ்ரீ குடும்பத்தினரிடம் ரூபாய் ஒரு லட்சம் கொடுத்து ஆறுதல் கூறிய பிரேமலதா விஜயகாந்த்
1585.wav,இந்நிலையில் கடந்த சில நாட்களாக புதுச்சேரியில் கொரோனா பாதிப்பு எண்ணிக்கை அதிகரித்து வருகிறது
1586.wav,கோவை கோனியம்மன் கோயிலில் சாமி தரிசனம் செய்து விட்டு பிரச்சாரத்தை ஆரம்பித்த முதல்வர்
1587.wav,அந்தப் பணிப்பெண்ணைத் தனக்கு அமர்த்திய ஏஜண்ட பத்மாவை உடனே அழைத்தார் கதிஜா
1588.wav,வாடிக்கையாளர்கள் தயாரிப்புகளில் இருந்து எவ்வாறு பயனடைகிறார்கள் என்பதை விளக்கும் வழக்கு ஆய்வுகள்
1589.wav,இப்போதும் படிப்பதற்க்காக அவரது அணுக்கர்கள் பெரிய எழுத்தில் ஜெராக்ஸ் எடுத்து கொடுத்துள்ள தொகுப்பாக
1590.wav,கிளிநொச்சி இளைஞர்களின் இரத்ததான் முகாம் முன்னுதாரணமான செயல் பலரும் பாராட்டு
1591.wav,அல்ஜீரியர்கள் சித்திரவதை குறித்து பிரான்ஸ் ஜனாதிபதி வெளியிட்டுள்ள வரலாற்று முக்கியத்துவம் வாய்ந்த உண்மை
1592.wav,இத் தொலைகாட்டியினை காவிச் செல்லும் விண்வெளி ஓடத்தினை மேலும் பரிசோதனைக்கு உட்படுத்த வேண்டி இருப்பதே இதற்கான காரணம் என தெரிவிக்கப்பட்டுள்ளது
1593.wav,இந்திய சினிமாப் பாடல்களை காலர் டியூனாக வைக்க வங்கதேச கோர்ட் தடை
1594.wav,கன்யா வெஸ்ட் கலபாசாஸ் நகரத்தில் பள்ளி மாணவர்களுக்கான விளையாட்டு வடிவத்தின் வடிவமைப்பை உருவாக்க முடிவு செய்தார்
1595.wav,பிக் பாஸ் டைட்டிலை கணேஷ் வெங்கட்ராம் ஜெயிக்க வாய்ப்பு அதிகம் என்று கமலிடம் தெரிவித்தார் ரைசா
1596.wav,உலகின் நான்கு திசைகளிலும் நடப்பவற்றைக் கொண்டு வந்து தரும் பத்திரிகை செய்தித்தாள்
1597.wav,திருவேட்டீஸ்வரர் இங்கு வல்லபையுடன் கணபதி தரிசனம் அதிகார நந்தியின் இருபுறம் நாகராஜாக்கள் காவலில் இருப்பது என்பது புதுமை
1598.wav,நித்தி ஆசிரமத்தில் உள்ள முருகானந்தத்தை மீட்கக்கோரிய வழக்கில் ஈரோடு காவல்துறை பதில்தர ஆணை
1599.wav,எனவே அடிமைகளாக பொதுவாக தெற்கே அனுப்பப்படும் ஒரு வளர்ந்து வரும் அடிமை வர்த்தக வணிக உருவாக்கப்பட்டது
1600.wav,வசனம் திருக்குர்ஆன் என்பது முகமது என்பவரால் கண்டுபிடிக்கப்பட்டது என்ற குற்றச்சாட்டு சாட்டியுரைத்தலுக்கு விளக்கம் அளிப்பதாக அமைந்துள்ளது
1601.wav,அறிவாளன் என்பதற்காகவே எவரை வேண்டுமானாலும் ஓர் இந்து தன் குருவாக ஏற்றுக் கொள்வதைச் சாஸ்திரங்கள் அனுமதிப்பதில்லை
1602.wav,தேர்தலிலும் நடக்கூடிய ஒரு விபத்து இதுவே என கமல்ஹாசன் கூறினார்
1603.wav,உலகநாயகன் கமலஹாசன் இன்று காலை தனது அரசியல் பயணத்தை முன்னால் ஜனாதிபதி அப்துல்கலாம் இல்லத்தில் இருந்து
1604.wav,வறட்சி மாவட்டங்களாக அறிவிக்கக் கோரி டெல்டா விவசாயிகள் விடிய விடிய போராட்டம்
1605.wav,ஒரு வழக்கறிஞர் இல்லாமல் அமெரிக்க உங்கள் வெளிநாட்டு சட்ட பட்டம் பயன்படுத்தி
1606.wav,ஒசூர் அருகே தஞ்சம் அடைந்துள்ள நான்கு யானைகளை வனப்பகுதிக்குள் விரட்டும் பணியில் வனத்துறையினர் ஈடுபட்டுள்ளனர்
1607.wav,மேலும் இந்த வழக்கை அவசர வழக்காகவும் விசாரணை செய்ய அவர் தனது மனுவில் கேட்டுக்கொண்டார்
1608.wav,இறுதிக்கட்டத்தில தமிழ் தேசிய கூட்டமைப்பிலுள்ள நால்வரை தங்களது பக்கம் இழுப்பதற்கான முயற்சிகள் மேற்கொள
1609.wav,வயதுக்கு வந்த விஜயாவை தீட்டு எனக் கூறி விஜயாவின் அம்மா அவரை தனியாக படுக்க வைத்திருக்கிறார்
1610.wav,அதுவும் இருவரும் சேர்ந்து இருப்பது கூடுதல் சாதகம் என ரஹ்மானுக்கு மனதில் தோன்றியது
1611.wav,உங்கள் குடும்பத்தார் அனைவருக்கும் எனது சாலதினை தெரிவித்து கொள்கிறேன் அஸ்ஸலாமு அலைக்கும்
1612.wav,இந்த பள்ளிவாசல் உடைக்கப்படமாட்டாதென்று ஜனாதிபதி கடந்த கிழக்கு மாகாண சபைத் தேர்தலின் போது கல்முனையில் பகிரங்கமாக அறிவித்ததையும் அமைச்சர் ஹக்கீம்
1613.wav,காணாமல் ஆக்கப்படுத்தலுக்கு எதிரான சர்வதேச தினமான இன்றைய தினம் ஜனாதிபதிக்கு மனு ஒன்றினை அனுப்பி வைக்க வவுனியா
1614.wav,இலங்கையில் மகிந்த ஆட்சியில் பாதுக்காக் பட்டு வந்த புலிகளின் அயுத கடத்தல் மன்னன் கேபி மற்றும் கொலை வழக்கில் தேடப்படும்
1615.wav,ஹீரோக்கள் மீதான சுமை எப்படி இருக்கும் என்பதை இந்த படத்தில் நான் உணர்கிறேன் என்றார்
1616.wav,ஒரு ரியல் எஸ்டேட் இல்லாமல் குடியிருப்போர் கண்டுபிடித்து நன்மை மற்றும் நன்மை
1617.wav,வெப்ப எழுதுதல் பிறகு காயங்கள் சிகிச்சை அளிக்கும் போது என்ன செய்ய
1618.wav,சுந்தர் சியின் ஆஸ்தான இசையமைப்பாளர் ஹிப் ஹாப் தமிழா இப்படத்துக்கு இசையமைக்கிறார்
1619.wav,பட்ஜெட் குறித்து மக்கள் சிலர் சமூகவலைதளத்தில் கூறியுள்ள கருத்துக்களை இப்பொழுது பார்ப்போம்
1620.wav,வீரமரணமடைந்த ராணுவ வீரர்களின் குழந்தைகளின் படிப்பு செலவை ஏற்கிறார் கிரிக்கெட் வீரர் வீரேந்திர சேவாக்
1621.wav,முல்லைத்தீவு மாவட்டத்தில் அனர்த்தத்தினால் பாதிக்கப்பட்ட மக்களுக்கு உடனடி நிவாரணம் வழங்குமாறு செல்வம் அடைக்கலநாதன் பணிப்புரை
1622.wav,அவர் போ மற்றும் ஹோப்பின் மகனான ஷான் என்பவரின் பாத்திரத்தை அவர் உயர்த்துவார்
1623.wav,தாங்க முடியாத துக்கத்தின் பிடியில் தமிழகத்தையும் உலகு வாழ் தமிழர்களையும் தவிக்க
1624.wav,உங்கள் வீட்டில் செல்வம் செழித்து வசதி வாய்ப்போடு வளமாக வாழ எளிமையான நான்கு பரிகாரங்கள்
1625.wav,இந்த கண்மாய்க்கு வைகை ஆற்றில் இருந்து தண்ணீர் வரும் காலங்களில் வரத்து கால்வாய் மூலம் தண்ணீர் வந்து கண்மாய்
1626.wav,தமிழக அரசின் தொல்லியல் துறையில் காலியாக உள்ள அதிகாரி பணியிடங்களை நிரப்புவதற்கான அறிவிப்பை தமிழ்நாடு அரசுப் பணியாளர்
1627.wav,இது போன்ற மேலும் பல செய்திகளுடன் இன்றைய பத்திரிகைகளின் கண்ணோட்டம் இணைகிறது
1628.wav,கல்வித்துறையில் புரட்சிகரமான மாற்றங்கள் மேற்கொள்ளப்படும் என்று பிரதமர் ரணில் விக்ரமசிங்க தெரிவித்துள்ளார்
1629.wav,ஆண்கள் மலட்டு தன்மை உடையவர்கள் என்பதை உணர்த்தும் சில முக்கிய அறிகுறிகளை இப்போது காண்போம்
1630.wav,இந்தக் கூற்று ஏற்படுத்தும் பல்வேறு துறைகளில் தங்களை உணர பல படைப்பு மக்கள் பொருந்தும்
1631.wav,கட்சிக்காக இத்தனை வருசமா உழைக்கிறார் திருவாரூர் மாவட்ட செயலாளர் அவருக்கு சீட் கொடுங்கய்யா மக்கள் செல்வாக்கும் அதிகம் அவருக்கு
1632.wav,படைப்பு சிந்தனைகளின் உயர்ந்த வளர்ச்சியுடன் நிபுணர்களுக்கான ஒரு தீவிர தேவை இருந்தது
1633.wav,இயற்கை செயற்கை இழைகள் கூடுதலாக பொருள் மேலும் அடர்த்தியான மற்றும் மலிவான செய்கிறது
1634.wav,எனவே கடலூர் மக்களுக்கு உடனடியாக உதவி தேவை என்று ஏராளமானோர் கேட்டுள்ளனர்
1635.wav,மேலும்ஒரு முறை பயன்படுத்தும் பிளாஸ்டிக் பாக்கெட்டுகளை பயன்படுத்தவும் விற்பனை செய்யவும் தடை
1636.wav,நாளை தீபாவளிக்கு சுலபமான காரசாரமான மைதா பிஸ்கட் செய்து அசத்துங்க இந்த ரெசிபி மகாராஷ்டிராவில் இருந்து வந்ததாகும்
1637.wav,அங்கு அவர்கள் எதிர்காலத்தில் மேதைகள் கற்பிக்க உலகம் மற்றும் சிறந்த பல்கலைக்கழகங்கள்
1638.wav,பிரபல நடிகை அமலாபாலின் தந்தை பால் வர்கீஸ் என்பவர் திடீரென இன்று மரணம் அடைந்துவிட்டது திரையுலகினரை அதிர்ச்சியடைய செய்துள்ளது
1639.wav,பூச்சட்டி தயாரிக்கும்போது ஏற்பட்ட உராய்வு காரணமாக திடீரென தீப்பற்றிக் கொண்டது
1640.wav,கைது செய்யப்பட்டுள்ள சந்தேக நபர் தடுத்து வைக்கப்பட்டுள்ள நிலையில் காவல் துறையினர் விசாரணைகளை மேற்கொண்டு வருகின்றனர்
1641.wav,ஒரு பலகலைக்கழகம் செய்ய வேண்டிய வேலையை தனி ஆளாக செய்தவர் இவர்
1642.wav,லயன் கிங் ரிலீஸால் விலகி ஓடும் சூப்பர் ஸ்டார் ரஜினி
1643.wav,மக்களுக்கு நல்லதை மட்டுமே செய்ய நினைக்கும் அதிகாரிகள் ஜால்ராவும் போடுவதில்லை வளைந்தும் கொடுப்பதில்லை
1644.wav,மில்லியன் டொலர்கள் மதிப்புடைய சொத்துக்களுக்கு பெட்டென்கார்ட் சொந்தக்காரர் எனபோர்ப்ஸ் பத்திரிக்கை முன்னர் தெரிவித்திருந்தது குறிப்பிடத்தக்கது
1645.wav,நடிகர் ஜெயராமின் கோரிக்கைக்கு பின்னர் சபரிமலை பக்தர்கள் பெரும்பாலானோர் பிளாஸ்டிக் பொருட்களை கொண்டு வருவதை தவிர்த்து வருவதாகவும் செய்திகள் வெளியாகியுள்ளது
1646.wav,அருப்புக்கோட்டை மேம்பாலத் தடுப்புச்சுவற்றில் காடு போல வளரும் ெசடிகள் கேள்விக்குறியாகும் உறுதித்தன்மை
1647.wav,இவர்கள் இருவருக்கும் தமிழீழ விடுதலைப் புலிகளுக்கும் நேரடியாக தொடர்பு இருப்பதாக சந்தேகம் இருப்பதாக போலீசார் விசாரணையில் தெரியவந்துள்ளது
1648.wav,ஆகவே மீண்டும் மரங்களை மீட்டெடுக்க தமிழக அரசின் வேளாண்மை துறை சாா்பில்
1649.wav,சக மாணவியின் காதலுக்கு உதவியதால் தற்கொலை செய்துக் கொண்ட பரிதாப சம்பவம் அனைவரையும் அதிர்ச்சிக்கு உள்ளாக்கியுள்ளது
1650.wav,நடைமுறையில் குழந்தையின் பொறுப்பை முழுமையாகப் பெண் தலையில் கட்டிவிடுவதே சேர்ந்துவாழ்வது என்று இங்கே உள்ளது
1651.wav,முயற்சியாளர்கள் வணிக நடவடிக்கையின் வெற்றிக்காக தலைமைத்துவம் மற்றும் தூரநோக்கினை கொண்டிருத்தல் வேண்டிய அவசியமாகும்
1652.wav,திருச்சி மத்திய அரசு அலுவலகங்களில் இந்தி எழுத்துக்கள் கருப்பு மை பூசி அழிப்பு
1653.wav,கொண்டு வந்து நிறுத்த எடுக்கப்படும் முயற்சிகள் மிகவும் அபாயகரமானவை என்பதைத் தமிழ்
1654.wav,எனவே பிரச்சினைகளுக்கு டிரம்ப் மட்டுமே காரணம் இல்லை நிலவும் டிரெண்டும் என்பதைப் புரிந்து கொள்ள வேண்டும்
1655.wav,மன்னார் மூர்வீதியில் புனரமைப்பு செய்யப்பட்ட குளம் சார்ந்த பகுதிகள் உரிய பராமறிப்பு இன்மை
1656.wav,இளம் வீரர்கள் நெருக்கடியை சமாளிக்க மூத்த வீரர் விராட் கோக்லி அறிவுரை
1657.wav,குச்சனூர் சனீஸ்வர பகவான் கோயிலில் சுரபி நதியில் கழிவுநீர் கலப்பு தங்கதமிழ்ச்செல்வன் ஆய்வு
1658.wav,விவசாயிகளுக்கான பயிர் காப்பீடு தொகை வழங்க கோரி விருத்தாசலம் கோட்டாட்சியர் அலுவலகம் முற்றுகை
1659.wav,மார்ச் மாதம் சட்டசபை கூட்டத் தொடர் நடைபெற உள்ளது யாரும் விடுப்பு கேட்க வேண்டாம்
1660.wav,டெல்லி மாணவி பலாத்காரம் குற்றவாளி வீட்டை வெடி வைத்து தகர்க்க முயன்றவர் கைது
1661.wav,அவர்கள் நீண்ட காலம் வேலை செய்ய உடல் வலிமை மற்றும் சகிப்பு தன்மை அதிகரிக்க முடியும்
1662.wav,இந்த பெண்களின் சதவிகிதமே அதிகம் என்பதுதான் இந்த ஆய்வின் தகவல் என்பது குறிப்பிடத்தக்கது
1663.wav,அறிவுசார் சொத்து உரிமை அல்லது பிற உரிமையாளர் உரிமைகள் அல்லது தனியுரிமை அல்லது வெளியீட்டு உரிமைகள் உள்ளிட்ட உரிமைகளை மீறுதல்
1664.wav,சூலூர் தொகுதியில் நேற்று கமல்ஹாசன் பிரச்சாரம் செய்ய அனுமதி அளிக்கப்படவில்லை என்பது குறிப்பிடத்தக்கது
1665.wav,உண்மைதான் சகோ பல திருமணங்கள் செய்து கொள்வது கணக்கில் வராதவையே அது தனிப்பட்டவரின் சட்டம் எனறுகூடசொல்லலாம்தான் மீள் வருகைககு நன்றி
1666.wav,கிரிஸ்துவர் பெரும்பாலான அரசியல்வாதிகள் கிரிஸ்துவர் நலன்களை பிரதிநிதித்துவப்படுத்தும் கிரிஸ்துவர் என்று கருதி கொள்ளலாம்
1667.wav,இசையமைப்பாளர் கங்கை அமரனின் மகன் பிரேம் ஜி தன்னுடைய முதல் படத்திலேயே ரசிகர்கள் மனதில் இடம்பிடித்தவர்
1668.wav,காந்தி இந்த ஆசிரமத்தில் மின்சாரத்தை பயன்படுத்தினாரா என்று ராகேல் என்னிடம் கேட்டாள்
1669.wav,குறித்த மனுவை மேற்படி சம்பவத்தில் உயிரிழந்த சுமித் பிரசன்னவின் மனைவி நிஷாமனி முனசிங்கவிற்காக முன்னிலையான சட்டத்தரணி தாக்கல் செய்தார்
1670.wav,வெளிப்புற வகுப்புகளைத் திறக்க வேண்டும் என்று பலரும் வேண்டுகோள் விடுத்து வருகிறாா்கள்
1671.wav,நீதிபதி லோயா மரணம் தொடர்பான சிறப்பு புலனாய்வு விசாரணையை தள்ளுபடி செய்து உத்தரவு
1672.wav,சமாச்சாரம் பெரிதாக என்னென்ன செய்ய வேண்டும் என்று டாக்டர் ஒரு ஐந்து நிமிடத்துக்கு பேசுகிறார்
1673.wav,உலகப்புகழ் பெற்ற மதுரை மீனாட்சி அம்மன் கோவிலில் திருக்கார்த்திகை தீபத் திருவிழா
1674.wav,கோவில் கோவிலாக குடும்பத்துடன் சுற்றி வருவது அனைவரையும் அதிர்ச்சியடைய வைத்துள்ளது
1675.wav,ஒரு கர்ப்பிணிப் பூனைப் புழுக்கள் பூனைகளின் தொண்டைக்குழாய் தொற்றுக்கு வழிவகுக்கலாம் மற்றும் அவற்றின் வாழ்க்கை மற்றும் ஆரோக்கியத்திற்கு அச்சுறுத்தல் ஏற்படலாம்
1676.wav,தேசிய நெடுஞ்சாலைகளில் உள்ள விபத்து பகுதிகளை சரி செய்ய மத்திய அரசு முடிவு
1677.wav,சென்னை சூப்பர் கிங்ஸ் அணிக்காக ஒரு வீடியோ ஒன்று பிரத்யேகமாக உருவாக்கப்பட்டுள்ளது
1678.wav,தற்போது அவர் எங்கு சென்றார் என்று தெரியவில்லை என அந்த பகுதியினர் தெரிவித்துள்ளனர்
1679.wav,விழுப்புரம் மாவட்டத்தில் லஞ்சம் வாங்கியதாக தொடுக்கப்பட்ட வெவ்வேறு வழக்குகளில் ஓய்வு பெற்ற மின் வாரிய அதிகாரிகள்
1680.wav,இன்று மாலைக்குள் இன்றைய பங்கு சந்தை கிடுகிடுவென உயரும் என எதிர்பார்க்கப்படுகிறது
1681.wav,அந்தவேறுபாட்டை கணக்கில் கொள்ளுவதே நாம் உண்மையான சேவையாளர்களுக்குச் செய்யும் மரியாதையும் கூட
1682.wav,உங்கள் தனிப்பட்ட தகவல் இணையத்தில் கசியப்பட்டால் இந்த அமைப்பு எச்சரிக்கையை அனுப்புகிறது
1683.wav,அரசு மேல்நிலைப் பள்ளிகளில் முதுகலை பட்டதாரி ஆசிரியர் காலியிடம் கணக்கெடுப்பு பள்ளிக் கல்வி இயக்குநர் தகவல்
1684.wav,தமிழீழ விடுதலைப் புலிகள் அமைப்பினால் நடாத்தப்பட்ட தமிழீழ வைப்பகத்தின் நகைகள் அடங்கிய இரும்புப் பெட்டகம் புதைக்கப்பட்டதாகக்
1685.wav,ஆலயத்தின் இடிபாடுகளில் கணிசமானவை திருடப்பட்டு கட்டுமானப்பொருட்களாகப் பயன்படுத்தப்பட்டிருந்தமையால் மீண்டும் செதுக்கப்பட்ட கற்களைக் கலந்து அடுக்கித்தான் இதை எழுப்பவேண்டியிருந்தது
1686.wav,ஒரு செறிவு ஒப்பிடும்போது ஒரு குறைப்பு அரை எதிர்வினை மூலம் உருவாக்கப்பட்ட வோல்ட்ஸ் உள்ள சாத்தியம்
1687.wav,அது அவசரகால நிலை மற்றும் பின்னர் மீட்பு வாகனங்கள் சாலையில் இருந்தன
1688.wav,கோயில் ஸ்தபதி பணிக்கு சிற்பக்கலை கல்லூரியில் படித்தவர்களுக்கு முன்னுரிமை வழங்க நீதிமன்றம் உத்தரவு
1689.wav,அவை யாவும் அங்கொடை விடுதியின் கருமை படர்ந்த உட்புறமிருந்து ஒளி மிக்க
1690.wav,நாகரிகம் மிக்கவர்களாகவும் அறிவாளிகளாகவும் எத்தனையோ சட்டதிட்டங்களை உருவாக்கியவர்களாகவும் எங்கும் சுதந்திரமாக நடமாடக்கூடிய வல்லமை
1691.wav,இந்த கேள்விகளுக்கு பாமக தரப்பினர் என்ன பதில் சொல்கின்றார்கள் என்பதை பொறுத்திருந்து பார்ப்போம்
1692.wav,இதையடுத்து ரேண்டம் எண் ஜூன் மூன்றாம் தேதியும் தரவரிசை பட்டியல் ஜூன்
1693.wav,ஆங்கிலத்தில் பின்வரும் உள்ள குறிப்புக்கள் கெத்தலின் வின் அவர்களின் சனியன்று விடுத்த அறிவிபபின சாரம்சம் ஆகும
1694.wav,சமீபத்தில் நண்பர்களை இழந்துள்ள நிலையில் இவ்விருது அவருக்கு ஓர் ஆறுதலாக அமையும் என நினைக்கிறேன்
1695.wav,நற்புதம் கிராமத்தில் புதிய ரேஷன் கடை அமைக்க கிராம மக்கள் கோரிக்கை
1696.wav,வேலூரை தளமாகக் கொண்ட கிறிஸ்தவ மருத்துவக் கல்லூரியின் நுண்ணுயிரியல் பேராசிரியரும் தடுப்பூசி பாதுகாப்பு குறித்த உலக சுகாதார
1697.wav,இராஜஸ்தான் மாநிலத்தில் வடமேற்கில் தார் பாலைவனத்தில் மார்வார் பிரதேசத்தில் நாகவுர் மாவட்டம் அமைந்துள்ளது
1698.wav,அரசியல்சாசன சட்டத்துக்கு விரோதமான முறையில் பதவியேற்றவா் என்ற அவப்பெயருடன்தான் மகாராஷ்டிர அரசியல் வரலாற்றில் ஃபட்னவீஸ் இடம் பெறுவாா்
1699.wav,தமிழ் சினிமாவில் முதல் முறையாக சூப்பர் ஸ்டார் ரஜினிகாந்த் பெயரில் சிறந்த நடிகருக்கு விருது வழங்கப்பட
1700.wav,வவுனியா கூமாங்குளத்தில் கற்றல் உபகரணம் மாற்று கணனி வழங்கி வைப்பு
1701.wav,இந்த சப்பர பவணியானது ஆலயத்தை வந்தடைந்ததும் ஆலயத்தில் விசேட பூசைகள் இடம்பெற்று நாகதம்பிரான் ஆலயத்தின் வருடாந்த உற்சவம் இனிதே நிறைவுற்றது
1702.wav,சிபிஐக்கு தன்னாட்சி அளிக்க நாடாளுமன்றத்தில் சட்டம் கொண்டு வர சுப்ரீம் கோர்ட் உத்தரவு
1703.wav,பெளத்தத்தின் பற்றாளர்கள் சொந்த மக்கள் மீது தாக்கிவிட்டு வெற்றிவிழாக் கொண்டாடுகின்றார்கள் என்று சிவசக்தி ஆனந்தன் தெரிவித்துள்ளார்
1704.wav,பாரிய குருநாகல் நீர் வழங்கல் மற்றும் கழிவுநீர் சுத்திகரிப்பு திட்டம் தொடர்பாக விளக்கமளிக்கும் கூட்டம்
1705.wav,ஜிம்மி பல்லன் நடித்த த நைட் ஷோவுக்கு டிக்கெட் பெற எப்படி
1706.wav,ஒரு வேலை தேடல் கருவியாக உங்கள் இணைக்கப்பட்ட சுயவிவரத்தை எவ்வாறு பயன்படுத்துவது
1707.wav,டெஸ்ட் வரலாற்றில் முதல் விக்கெட்டுக்கு அதிக ரன்கள் எடுத்த இந்திய ஜோடி
1708.wav,காதலியை பிளேடால் அறுத்த வாலிபர் தூக்கு போட்டு தற்கொலை
1709.wav,மோடி அரசாங்கம் மீது இன்று நம்பிக்கை இல்லா தீர்மானம் கொண்டு வரப்படுகின்றது
1710.wav,இப்பிரிவை பயன்படுத்தி கர்நாடக அணைக்கட்டுகளில் இருந்து தமிழகத்துக்கு தண்ணீர் திறக்க தமிழகம் கோரிக்கை வைத்தது குறிப்பிடத்தக்கது
1711.wav,கடிதம் கிடைக்கப்பெற்ற தமிழ் ஆசிரியைகள் செய்வதறியாது குழப்ப நிலையில் உள்ளதாக அக்கரைப்பற்று தகவல்கள் தெரிவிக்கின்றன
1712.wav,ஆனால் தாரை இறுதி வரை தூமன நெடுங்கண் தாரையாகவே விளங்கு கிறாள்
1713.wav,பள்ளி திறந்து ஒரு வாரமாகியும் புத்தகங்கள் வழங்காததால் மாணவர்கள் கல்வி பாதிப்பு
1714.wav,இப்போது சிவராத்திரிக்கு சிவனைக்கொண்டுவந்து வைத்து வழிபடும் இடத்தை நிரந்தரமான சிவன்கோயிலாக ஆக்கியிருக்கிறார்கள்
1715.wav,மேலும் உழவர்கரை நகராட்சி கீழ் வரும் நகராட்சி வார்டகளில் ஒன்று ஆகும்
1716.wav,ஏழரை மணிக்கெல்லாம் நள்ளிரவுக்கான அமைதி குடியிருப்புகள் மீதும் கிராமங்கள் மீதும் பரவிமூடிவிட்டிருக்கும்
1717.wav,நாம் பிளாஸ்டிக் பாட்டில்கள் இருந்து தங்கள் சொந்த கைகளால் பொம்மைகள் செய்ய
1718.wav,அலைவளைவுகள் சரிந்து சரிந்து கீழிறங்க மணல் கொப்புளங்கள் சுருசுருவென மறைய அடுத்த அலை
1719.wav,இல்லை கைத்தொலைபேசி தான் பாவிக்கிறாங்கள் என்று நினைத்து விட்டு அந்த
1720.wav,மருத்துவர்களின் தியாகத்திற்கு சற்றும் குறை வில்லாமல் பணியாற்றும் அவர்களுக்கு மக்கள் மத்தியில் நல்ல செல்வாக்கு பெருகியுள்ளது
1721.wav,உயர் நீதிமன்ற நீதிபதி பதவிக்கு நால்வர் பெயா் மீண்டும் பரிந்துரை
1722.wav,வவுனியாவில் நடைபெறவுள்ள புதிய ஜனநாயக மாக்சிச லெனினிசக் கட்சியின் மேதின நிகழ்வு
1723.wav,இத்தகைய குணாம்சங்கள் நிறைந்திருப்பதால்தான் ஜெயலலிதா அரசை மன்னர் ஆட்சிக்கு ஒப்பிட்டு கருத்து தெரிவித்திருக்கிறார் சென்னை உயர்நீதிமன்றத் தலைமை நீதிபதி
1724.wav,அரியலூர் மாவட்டம் நாச்சியார்பேட்டையில் விவசாய நிலத்திற்கு சென்ற விவசாயி மின் கம்பியை மிதித்து உயிரிழப்பு
1725.wav,கொழும்பில் நேற்று இடம்பெற்ற ஊடகவியலாளர்கள் சந்திப்பின் போதே அவர் இவ்வாறு குற்றம் சுமத்தியுள்ளார்
1726.wav,ஆஸ்திரேலிய ஒலிம்பிக் கமிட்டியின் மீடியா தலைவர் பதவியிலிருந்து மைக் டன்கிரீட் நீக்கம்
1727.wav,தேனி மாவட்டம் உத்தமபாளையம் சின்னமனூர் என சுற்றுவட்டாரத்தில் ஞாயிற்றுக் கிழமைகளில் கடைப்பிடிக்கப்படும் இரண்டாவது பொது முடக்கம் அமலுக்கு வந்தது
1728.wav,பரஸ்பரம் மாற்றிக் கொள்ளுதல் என்ற அடிப்படையில் பாகிஸ்தான் விசாரணைக் குழு இந்தியாவிற்கு வரவில்லை
1729.wav,புவி வெப்பமயமாதலை கட்டுப்படுத்தாவிடில் பூமியை காப்பாற்ற முடியாது என விஞ்ஞானிகள் உறுதியாக தெரிவித்துவிட்டார்கள்
1730.wav,வழி எல்லாம் காயாம்பு தன் கற்பனைச்சேவலுடன் ஏதோ பேசிக் கொண்டுவருவது போலச் சப்தம் கேட்டது
1731.wav,இருப்பினும் பொதுமக்களின் பாதுகாப்புக்கு அச்சுறுத்தல் ஏற்படாதவாறு பிரித்தானிய பொலிசார் கருத்துடன் செயல்படுவதாகவும் ஆய்வில் குறிப்பிட்டுள்ளனர்
1732.wav,போதுமான இடவசதி இல்லாததால் விடைத்தாள் திருத்த வந்த ஆசிரியர்களை திருப்பி அனுப்பினர்
1733.wav,இன்னும் கடன் வாங்கியாவது பார்பி உருவத்தை நான் அடைந்தே தீருவேன் என இவர் கூறியுள்ளார்
1734.wav,எதிர்வரும் மாவீரர்நாளில்முள்ளியவளை துயிலுமில்லத்தில் பிரதான சுடரை மூத்த தளபதி மேஜர் பசீலனின் தாயார் தங்கம்மா ஏற்றுவார்
1735.wav,எருத்துக்காரன்பட்டி பஞ்சாயத்தில் குடியிருப்பு பகுதியில் தேங்கியிருக்கும் கழிவுநீரால் டெங்கு அபாயம் நடவடிக்கை எடுக்க கோரிக்கை
1736.wav,திமுகவினர் கைது செய்யப்பட்டுவிட்ட நிலையில் பழி சுமத்துவது தரம் தாழ்ந்த குற்றச்சாட்டு
1737.wav,தெப்பக்குளத்தில் தேக்கியது கோயில்
1738.wav,பெய்ஜிங்கில் சர்வதேச காவல் துறை அமைப்பின் கூட்டத்தில் சீன அரசுத் தலைவர் உரை
1739.wav,அவள் நிலையான மின்னழுத்தம் நிற்க முடியவில்லை மற்றும் கலைத்தல் துவக்கமளித்திருக்கின்றன
1740.wav,ஷ்ய அதிபர் புதின் உடன் பிரதமர் மோடியும் அலங்காநல்லூர் வருகை தருவார் என்பது என்று எதிர்பார்க்கப்படுகிறது
1741.wav,திமுகவை பாதுகாக்க வேண்டிய பொறுப்பு கட்சியினர் ஒவ்வொருவருக்கும் உள்ளது என்றும் அவர் கூறியுள்ளார்
1742.wav,அவரும் நடு ரோட்டில் முத்தமிட்டு இந்த போராட்டத்திற்கு தனது ஆதரவை வெளிப்படுத்தினார்
1743.wav,ரெயில்வே வாரியத்தின் வழிக்காட்டுதலின்படி துருப்பிடிக்காத ரெயில் பெட்டிகளைத் தயாரிக்கத் தேவையான நடவடிக்கைகள்
1744.wav,பாவம் பிரெஞ்சு புலனாய்வுத் துறை அவர்களிற்கு சாதாரண தொலைபேசி இணைப்பே
1745.wav,அவர் மேடைகளில் தன் கவிதைகளை வாசிக்கையில் பல்லாயிரம்பேர் அவற்றைக் கேட்க வந்துகொண்டிருந்தனர்
1746.wav,துப்பாக்கிச்சூடு சம்பவம் தொடர்பாக முழு உண்மையை கண்டுபிடிப்பதற்காக தூத்துக்குடி மில்லர்புரத்தில் முகாம் அலுவலகம் அமைக்கப்பட்டுள்ளதாகவும் கூறப்பட்டுள்ளது
1747.wav,நீங்கள் பங்கு மென்பொருள் தேர்ந்தெடுக்கும் போது அறிந்து கொள்ள வேண்டும் என்ன
1748.wav,ஏதோ ஒரு சீன் படத்தை சமூக அந்தஸ்தோடை கூட்டமாகப் பார்க்கிற நோக்கத்திலை எல்லோரும் வந்திருப்பாங்க என்று நினைக்கிறேன்
1749.wav,செல்ஃபியை அடுத்து வாட்ஸ்ஆப்பில் தீயாக பரவும் நடிகை ராதிகா ஆப்தேவின் நிர்வாண வீடியோ
1750.wav,நீங்கள் பழகி கொள்ள விரும்பும் மருந்தின் பயன்பாட்டு மாறுபட்ட முறைகளின் இருத்தலாகும்
1751.wav,சட்டவிரோத ஆட்கடத்தல் இடம்பெறும் நாடுகளின் பட்டியலில் இலங்கையின் பெயரையும் உள்ளடக்கிய அமெரிக்கா
1752.wav,ஆசிரியர்கள் சுய கல்வி தீம் தேர்ந்தெடுக்கும் போது என்ன கருத்தில் கொள்ள
1753.wav,ஒரு இசை டெமோ குறைந்த செலவில் பதிவு செய்ய எப்படி என்பதை அறிக
1754.wav,பாலியல் கொடுமை போன்ற குற்றங்களில் பாதிக்கப்பட்டவர்களுக்கு வழிகாட்டியாக பெண் போலீசார் செயல்பட வேண்டும்
1755.wav,கொரோனா வந்து இறந்த நபர் வீட்டுக்கு தகவல் தெரிவிக்காமல் எரித்த தெலுங்கானா சுகாதரத்துறை
1756.wav,எனக்கு நகைச்சுவை உணர்வு உண்டுமெல்லப் புன்சிரிப்பாக இருக்கும் ரசிப்பேன் ரசிக்க வைக்க முயற்சி செய்ய வேணும்
1757.wav,பாலகிருஷ்ணா போல் அசத்தலாக நடித்து பல தெலுங்கு மக்களின் அபிமானத்தை பெற்றவன் இந்த சிறுவன்
1758.wav,இலங்கையையும் இந்தியாவையும் பிரிக்கின்ற பாக்குடாவில் ஒரு முனையை இந்த வெளிச்சவீடு அடையாளப்படுத்தும்
1759.wav,மேலும் குறித்த வெடிகுண்டை அங்கிருந்து பாதுகாப்பாக அகற்றுவதற்கு நடவடிக்கை எடுக்கப்பட்டுள்ளதாக முல்லைத்தீவு பொலிஸார் தெரிவித்துள்ளனர்
1760.wav,திருவண்ணாமலை அருள்மிகு அண்ணணாமலையார் திருக்கோவில் திருக்கார்த்திகை தீபத்திருவிழா பஞ்சமூர்த்திகள் ஆறாம் நாள் இரவு வெள்ளி ரதம் அலங்காரம்
1761.wav,சிவகாசியில் மாதர் சங்கம் சார்பில் காஸ் விலை உயர்வை கண்டித்து ஆர்ப்பாட்டம்
1762.wav,வெற்றி பெற்றிருப்பதால் வவுனியா நகர தமிழ் மக்களுக்கு இயன்றவரை நல்லதொரு ஆட்சியைக் கொடுக்க முடியுமென்று எதிர்பார்க்கின்றோம் என்றார்
1763.wav,அவரது உடல்நிலை விரைவில் முன்னேற்றம் காண வேண்டும் என கடவுளை வேண்டுகிறேன்
1764.wav,மேலும் ஒரு காலத்தில் இங்கிலாந்து நாட்டுக்கு அடிமையாக இருந்த இந்தியா இன்று இங்கிலாந்தை பொருளாதாரத்தில் பின்னுக்கு தள்ளியுள்ளது
1765.wav,ஒரு சமூகத்திற்கு நூல் நிலையம் எவ்வளவு முக்கியம் என்பதற்கு யாழ் பொது நூலகம் எரிக்கப்பட்டதே சான்று
1766.wav,பிகினி மண்டலத்தை ஒரு மின்தேக்கி மற்றும் பிற இயந்திர வழிமுறையுடன் இணைப்பது
1767.wav,தூத்துக்குடியில் சட்டவிரோதமாக இந்தியாவுக்குள் நுழைய முயன்ற மாலத்தீவு முன்னாள் துணை அதிபர்
1768.wav,அதற்காக பாஜவுக்கு எந்த வகையிலும் உதவி செய்ய தயார் என்று ஓபிஎஸ் கூறியதாகவும் தெரிகிறது
1769.wav,கோட்டூர் பகுதியில் பருத்தி சாகுபடியை அரசு ஊக்கப்படுத்த வேண்டும் விவசாயிகள் வலியுறுத்தல்
1770.wav,தமிழகத்தில் கரோனா வைரஸ் தொற்றை தடுக்கும் வகையில் பொதுமுடக்கம் அமலில் இருந்ததால்
1771.wav,இருதலைப்புயத்தசைகளில் மற்றும் அவற்றின் வளர்ச்சி மற்ற பயனுள்ள வழிகளில் புஷ் அப்களையும்
1772.wav,மேற்கு வங்கத்தினைச்சார்ந்த மத்திய அமைச்சர் மம்தா பானர்ஜி மத்திய அரசில் தான் பங்கு பெற்றிருக்கிறோம் என்றும் பாராமல் பெட்ரோல்
1773.wav,அரபிக்கடலில் உருவாகியுள்ள வாயு புயலால் பலத்த மழை பெய்யும் என எச்சரிக்கை
1774.wav,பொதுவாக இந்த குழப்பமான சொற்கள் வினாடி வினாவை எடுத்துக் கொண்டு உங்கள் அறிவை சோதிக்கவும்
1775.wav,தமிழகத்தை வளர்ச்சிப்பாதைக்கு கொண்டு செல்ல ரஜினியால் மட்டுமே முடியும் என்றும் அவர்கள்
1776.wav,எவ்வாறிருப்பினும் இந்த நிலநடுக்கத்தால் ஏற்பட்டுள்ள சேதவிபரங்கள் குறித்த அதிகாரபூர்வ தகவல் எதுவும் இதுவரையில் வெளியாவில்லை என்பது குறிப்பிடத்தக்கது
1777.wav,எதை மறைக்க வேண்டுமோ அதை மறைக்காதபடி உடை அணிந்து வந்த நடிகை
1778.wav,வீட்டுக் கதவுகள் திறந்திருந்ததால் உள்ளே நுழைந்து சோற்றுப் பானையை தூக்கிச் செல்லும் குரங்குகள்
1779.wav,தயாரிப்புடன் உங்கள் உணவு லேபிள்களை பொருத்துவதற்கு கூட பெரிய காரணம் இருக்கிறது
1780.wav,அதனால் ஆங்காங்கே இருக்கிற வலைப்பதிவர்கள் எல்லாம் புதுக்கோட்டைக்கு வந்து சேரும்படி அன்புடன் அழைக்கப்படுகிறார்கள்
1781.wav,புதுவை ஆளுநர் கிரண்பேடி அதிகாரத்தை பறித்த தீர்ப்புக்கு தடை விதிக்க உச்சநீதிமன்றம் மறுப்பு
1782.wav,அபிவிருத்திக்காக காணிகளை உரிமையுடன் மத்திய அரசுக்கு வழங்கமுடியாது வட மாகாண முதலமைச்சர்
1783.wav,பாவாடை அணிந்து பாடசாலையில் ஆர்பாட்டம் செய்த மாணவனுக்கு மனித உரிமை ஆர்வலர்களுக்கான விருது
1784.wav,திருப்பூர் பெண்கள் குவைத்தில் வீட்டு சிறை மீட்கக் கோரி குடும்பத்தினர் கலெக்டரிடம் மனு
1785.wav,ஹைட்ரோ கார்பன் திட்டத்துக்கு எதிரான வழக்கு தொடர்பாக சென்னை உயர்நீதிமன்றத்தை அணுக அறிவுரை
1786.wav,ஆசிரியர்களும் மாணவர்களும் இவரது அனுபவங்கள் மூலம் மனம் கவர பெற்றார்கள் என்று கூறும் இவர்
1787.wav,மலை மாவட்டமான நீலகிரி மாவட்டத்தில் மின்வாரியத்தில் போதிய அளவில் பணியாளா்கள் இல்லாததால் பராமரிப்புப் பணிகளை மேற்கொள்வதில்
1788.wav,நீங்கள் கிட்டத்தட்ட பணம் இல்லை போது ஒரு சிறு வணிக தொடங்க எப்படி
1789.wav,குணமாலை மேலும் அவள் தோழிமேலும் பார்வைவைத்துச் செல்லும் யானை வேறுபக்கம் திரும்புமாறு அதன் மத்தகத்திற் பாய்ந்து அவர்களைச் சீவகன் உய்வித்தல்
1790.wav,இவர் ஏதாவது நிகழ்ச்சியில் தோன்றினாலே போதும் அந்த இடமே கலகலப்பாகி விடும்
1791.wav,என்ன சொல்கிறாய் நான் என்ன தவறு செய்தேன் என்று அவள் கோபத்துடன் கேட்க
1792.wav,சிறுவர் விவகார இராஜாங்க அமைச்சர் திருமதி விஜயகலா மகேஸ்வரன் மற்றும் சர்வ மத தலைவர்கள் உள்ளிட்ட பலர் இந்நிகழ்வில் கலந்துகொண்டனர்
1793.wav,அப்பொழுது ஜெயலலிதாவின் உடலிலிருந்து கால்கள் அகற்றப்பட்டதா என்ற கேள்விக்கு மருத்துவர் பாலாஜி பதில் அளித்து கூறியதாவது
1794.wav,சுஷ்மா ஸ்வராஜ் உடனான உணர்ச்சிமிகு உரையாடலை பகிர்ந்த மூத்த வழக்கறிஞரான ஹரிஷ் சால்வே
1795.wav,பே இலைகள் கழுவி சிறிய துண்டுகளாக அவர்களை உடைக்க வேண்டும்
1796.wav,ஹாலிவுட் ஸ்டண்ட் கலைஞர் கிளன் போஸ்வெல் என்பவர் பணிபுரிந்து வருகிறார் என்பது குறிப்பிடத்தக்கது
1797.wav,சஞ்சய் தத்துக்கு திடீர் உடல் நலக்குறைவு ஏற்பட்டதால் சிகிச்சை எடுத்துக் கொள்ள அனுமதி கேட்டு கோர்ட்டில் விண்ணப்பித்தார்
1798.wav,அதற்கு பின்னர் நீங்கள் கொடுக்கபோகும் தகவலின் முக்கியத்துவதிற்கு ஏற்ப அதை தடிப்பமாக அல்லது நிறவேறுபாட்டுடன் குடுக்கலாம்
1799.wav,நான் விலகுகிறேன் என்ற செய்தி ஒரு திட்டமிட்ட பொய் என்கிறார் மனோ
1800.wav,கமல்ஹாசன் நடித்த கண்ணீர் காவியமான இப்படம் ஏற்படுத்திய திருப்பம் தமிழ் சினிமா ரசிகர்களால் என்றும் மறக்க முடியாதது
1801.wav,நேற்றையதினம் பாடசாலைக்கு சென்று வீடு திரும்புவதற்காக பாடசாலை நுழைவாயிலில் இருந்து வெளியேறிய போதேஇந்த தாக்குதல் நடத்தப்பட்டுள்ளது
1802.wav,இதுபோன்ற அதீத கவனக்குறைவு மற்றும் அலட்சியப் பயணங்களில் பெரும்பாலும் மதுவும் பிரதான
1803.wav,அம்பாறையில் அறுவடைக்கு தயாராக இருந்த வேளாண்மை பக்றீரியா இலைவெளிறல் நோயினால் சேதம்
1804.wav,பணமதிப்பிழப்பு உள்ளிட்ட திட்டங்களை முறையாக திட்டமிடாமல் அறிவித்தது பாஜக அரசு என்றும் அவர் குற்றம் சாட்டினார்
1805.wav,அனைத்து தடைகளையும் விலக்கி வாழ்வில் சுபிட்சத்தை கொடுக்கும் இந்த அம்பிகை வழிபாட்டை நாமும் செய்து பயன்பெறுவோம்
1806.wav,மனித எச்சங்களின் பாதுகாப்பை உறுதிப்படுத்தக்கோரி வலிந்து காணாமல் ஆக்கப்பட்டோருடைய உறவுகள் போராட்டம்
1807.wav,டெல்பி குறியீட்டைப் பயன்படுத்தி கணினி நேர மாற்றத்தை எப்படி கையாள வேண்டும்
1808.wav,துபாயில் பில்வா இந்திய பள்ளியை திறந்து வைத்த மத்திய அமைச்சர் சரத் பவார்
1809.wav,ப்ளூடூத் மூலம் இயங்கும் இந்த ஸ்பீக்கர்களில் வயரே இல்லை என்றாலும் மற்ற ஸ்பீக்கர்களை போன்று சிறப்பாகவே
1810.wav,அவருக்கு மருத்துவர்கள் தீவிர சிகிச்சை அளித்து வந்த நிலையில் திடீரென அவர் தப்பி ஓடிவிட்டதால் பெரும் பரபரப்பு ஏற்பட்டுள்ளது
1811.wav,கவிஞர் தணிகை என்ற சுப்ரமணியம் தணிகாசலம் காவிரிக்கரை ஓரத்தில் மேட்டூர் நீர்த் தேக்கத்தின் அருகே பிறந்து
1812.wav,ரகசியமாக பதிவு செய்யப்பட்ட பிரிட்டிஷ் பொது உறவு நிறுவனத்தின் நிர்வாகி ஒருவருடனான இந்த உரையாடல் அதை வெளிப்படுத்துகிறது
1813.wav,சேலம் மாவட்டம் கெங்கவல்லி அருகே உள்ள ஆணையம்பட்டி தெற்கு மணக்காடு பகுதியை சேர்ந்தவர்
1814.wav,எவ்விதமான நவீன உபகரணங்களின் உதவியும் இன்றி இந்த படத்தில் உருவாக்கபட்ட பூகம்ப காட்சியும் வெள்ளம்
1815.wav,பின்னர் அவன் பச்சை நிறமாக மட்டுமே அனைத்து காட்சிகளையும் நினைவில்கொண்டு பச்சை நிற உலகில் வாழ்ந்து மடிகிறான்
1816.wav,மாணவியின் அலறல் சத்தம் கேட்டு அக்கம் பக்கம் உள்ளவர்கள் ஓடி வரவே குற்றவாளிகள் தப்பி
1817.wav,பொதுத் தேர்தல் நெருங்கி வருவதைக் குறிப்பிட்ட இஸ்மாயில் அரசியல் களத்தில் இரு புறமும் உள்ள
1818.wav,நல்லவேளை சுதாகர் ஜியோ மீது இந்த குற்றத்தை சுமத்தும் முன்னர் போலீஸ் பிடிச்சுட்டாங்க
1819.wav,கவலைக்கிடமாக உள்ள முன்னாள் பிரதமர் வாஜ்பாய் உடல்நிலை குறித்து கேட்டறிந்தார் சோனியா
1820.wav,பறக்கை மதுசூதன பெருமாள் கோயில் பங்குனி திருவிழா தொடக்கம்
1821.wav,பெருந்தோட்ட தொழிலாளர்களின் சம்பள உயர்வு தொடர்பிலான மூன்றாம் சுற்று பேச்சுவார்த்தையும் இணக்கப்பாடின்ற
1822.wav,மட்டக்களப்பில் விசேட அதிரடிப் படையினர் தொற்றுநீக்கி விசிரல் பணிகளில் தீவிர ஈடுபாடு
1823.wav,இருவரும் புதிய நிகழ்வுகள் பற்றிய ஆய்வு சம்பந்தப்பட்ட ஆராய்ச்சி வேலைகள் இருக்கக்கூடும்
1824.wav,மற்றொரு சம்பவத்தில் ரயில் தண்டவாளத்தில் லெவல் கிராஸிங் கதவை பிடுங்கி எடுத்து வைத்திருக்கிறார்கள்
1825.wav,இதற்கிடையே மாயமான மலேசிய விமானம் அமெரிக்காவில் நடந்ததுபோல் இந்தியாவில் தாக்குதல் நடத்த கடத்தப்பட்டிருக்கலாம் என அமெரிக்க முன்னாள்
1826.wav,ஒரு பேருந்தில் அந்த மனிதக்குரங்கையும் அழைத்துக்கொண்டு செல்லும்போது எதிர்பாராதவிதமாக பேருந்து விபத்துக்குள்ளாகி
1827.wav,சசிகலாவின் பெயரை வைத்து திவாகரன் மற்றும் தினகரன் இருவரும் சட்ட ரீதியாக மோதி வருகின்றனர்
1828.wav,இவ்வாறான பல பிரச்சினைகள் ஏற்பட சங்க செயற்பாடுகளின் ஆர்வம் அங்கத்தவர்கள் மத்தியில் குறைவடைந்து செயற்பாடுகள் அற்ற சங்கமாக மாறியது
1829.wav,கேரளாவில் கொதிக்கும் தண்ணீரை ஊற்றியதில் மரணம் அடைந்த சாந்தவேலு குடும்பத்திற்கு வைகோ நிதி உதவி
1830.wav,மலேசிய தோட்டத்தில் இரப்பர் பால் உறிஞ்சும் தமிழர்களின் இரத்தம் நேதாஜியின் மூளையில் கட்டியாக உரைந்து உள்ளது
1831.wav,ஆக்னே வல்காரிஸ் சரும மெழுகுசுரப்பிகளின் அடர்த்தியான எண்ணிக்கைகளுடன் கூடிய சரும பகுதிகளில் பாதிப்பை
1832.wav,கைதி படம் மூலமாக நடிகர் அர்ஜுன் தாஸ் தமிழ் திரையுலகிற்கு அறிமுகமாக இருக்கிறார்
1833.wav,பயிற்சி பெற்ற அனைத்து சாதி அர்ச்சகர்களையும் குடமுழுக்கில் அனுமதிக்க வேண்டும் என்றும் மனுதாரர் தரப்பில் கோரிக்கை விடுக்கப்பட்டது
1834.wav,சவுதி அரேபியாவிற்கு வேலை வாய்ப்பு பெற்றுச் செல்லும் இலங்கை பணிப் பெண்கள் இவ்வாறு பல துன்பங்களுக்கு உட்படுத்தப்படுகின்றமை குறிப்பிடத்தக்கது
1835.wav,தில்லியில் போராடும் விவசாயிகளுக்கு ஆதரவாக ஒரு லட்சம் தேங்காய்களை சேகரித்து அனுப்ப முடிவு
1836.wav,இந்து சமுததயத்தினர் கூட்டு குடும்ப முறையில் வாழும் போது பெறும் வரி சலுகையை மற்ற மதத்தவர் பெறுவதில்லை என்றும் கூறினார்
1837.wav,இப்போது அந்தத் தடை நீக்கப்பட்டுள்ளது எனத் தெரிவித்த மாநிலத் தலைமைப் போலீஸ் அதிகாரி
1838.wav,அதிகாரங்களிற்கான தமிழர்களின் போராட்டத்திற்கு பொருளாதாரமே காரணம் தமிழ் அரசியல்வாதிகள் தெரிவிப்பது போன்று அரசியல் காரணங்கள் இல்லை எனவும் அவர் தெரிவித்துள்ளார்
1839.wav,வயிற்றில் இருந்த பெண் சிசுவைக் காப்பாற்ற மாமியாரைக் கொன்ற இந்தியப் பெண் விடுதலை
1840.wav,என்னையும் அஜித்தையும் இணைத்து இப்படி கிசுகிசுக்களை வெளியிட்டு அவரது பெயரை கெடுக்காதீர்கள் என்று கூறியிருக்கிறார்
1841.wav,மேலும் ஈஸ்வர மூர்த்தியின் நண்பர்கள் தங்கபாண்டி மற்றும் சர்க்கரை ராஜ் ஆகியோரையும் போலீஸார் தீவிரமாக தேடி வருகின்றனர்
1842.wav,அத்தியாவசிய தேவைகள் மற்றும் மருத்துவம் தவிர பிற தேவைகளுக்கு மக்கள் வெளியில் வராமல் இருப்பதை அதிகாரிகள் உறுதி செய்ய
1843.wav,காசா பகுதி மற்றும் மேற்குக் கரையில் இல்லாத சுதந்திர நாடு நிலைமை
1844.wav,குட்கா விற்பனையில் காலூன்றும் வடமாநில வியாபாரிகள் சென்னை முழுவதும் அதிரடி சோதனை
1845.wav,வாட்ஸ் ஆப் மூலம் பணம் பார்க்கும் வேலைகளில் இறங்கியிருக்கும் ஃபேஸ்புக் நிறுவனம்
1846.wav,அராலி கிழக்கு ஐயனார் கோவில் புனரமைப்பு குறித்து மாகாணசபை உறுப்பினர் ஆராய்வு
1847.wav,ஒரு நீண்ட வரிசையில் ரொம்ப நேரம் நிக்கும் போது நமக்கு ஆறுதலா இருக்கறது நமக்கு பின்னாடி நிக்கற கூட்டம் தான்
1848.wav,சிவில் சர்வீஸ் தேர்வுகளில் தேர்ச்சி பெற்றபின்னரும் வேலைக்காகக் காத்திருக்கும் மாற்றுத் திறனாளிகள்
1849.wav,இவர்களது தொழில் மீதான அலட்சியம் ஒரு வகை நாத்திகமே என்று புரிய வைக்கும் சக்தியை எனக்குத்
1850.wav,கழிப்பறை அளவு உள்ள இடத்தையும் வீணாக்காமல் வீட்டாய் மாற்றி வாடகை பெற்ற சென்னை இன்று மொத்தமாகவே கழிப்பறை ஆனது
1851.wav,அப்போ இனி காயல் பட்டணம் அம்மா பட்டணம் என்று அழைக்கும் நிலைமை வர வாய்ப்புள்ளது
1852.wav,இது தொடர்பில் மாவட்டத் தெரிவத்தாட்சி அலுவலர் அலுவலகங்களில் அமைந்துள்ள முறைப்பாட்டு நிலையங்கள்
1853.wav,உழைக்காது மதுவுக்காக களவெடுத்து உடலை வளர்க்கும் உணர்வட்ட மனிதர்களும் இந்த தாய் வாழும் இடத்தில வாழ்வது வேதனைக்குரியது
1854.wav,காயமடைந்தவரை மருத்துவமனைக்கு கொண்டு செல்லப்படுவதற்கு முன்னர் துப்பாக்கிச் சூடு நடந்த இடத்தில் அதிகாரிகளும் துணை மருத்துவர்களும் சிகிச்சை அளித்தனர்
1855.wav,இலங்கை யுத்தக் குற்றச் செயல் விசாரணை அறிக்கையை ஐக்கிய நாடுகள் மனித உரிமைப் பேரவையின் அமர்வுகளில் சமர்ப்பிப்பதனை கால
1856.wav,இப்படிப்பட்ட சூழலில் சக ஆண்களிடம் இருந்து பிரச்சினைகள் வராமல் இருக்கவேண்டுமெனில் அவர்களிடம் நாம் எப்பட
1857.wav,வாங்க ஐயா இதன் பின்புலம் வேண்டாம் அது ஒரு பதிவில் மட்டுமல்ல ஒரு நாவலில்கூட அடங்கி விடாது வருகைக்கு நன்றி
1858.wav,படிக்கற பையனை மேற்கொண்டு படிக்கவைக்காம ஏன் வேலைக்கு அனுப்பரீங்க எங்களுக்கு மட்டும் இப்படி புத்திசாலிபையன் இருந்திருந்தா
1859.wav,தற்காலிக டிரைவர் ஓட்டி வந்த அரசு பஸ் மோதி வாலிபர் பலி
1860.wav,இலங்கை தொழிற் பயிற்சி அதிகாரசபையின் அழகுக்கலை ஆலோசகர்களுக்கு வெளிநாட்டு புலைமைப் பரிசில்
1861.wav,பேரறிவாளன் தவிர ஏனையோரை விடுவித்தால் நீதித் துறை மீது நம்பிக்கை இல்லாமல் போகுமாம்
1862.wav,கொழுப்பு சத்துள்ள உணவுகளை உண்ணும் முன் உங்கள் உடம்பின் எடையை நினைத்து பாருங்கள்
1863.wav,எது எப்படியோ தற்போதைய சூழ்நிலையில் குமாரசாமியின் முதல்வர் பதவிக்கு நெருக்கடி ஏற்பட்டிருப்பது மஜத தொண்டர்களை வருத்தத்தில் ஆழ்த்தியுள்ளது
1864.wav,டெல்லியில் பாஜக வெற்றி பெற்று ஆட்சிக்கட்டிலில் அமரும் பட்சத்தில் மீண்டும் ஒரு பெண் முதல்வரை சந்திக்க உள்ளனர் டெல்லி வாசிகள்
1865.wav,நாளை முதல் அனைத்து சேவைகளுக்கும் சேவை வரி அரை சதவீதம் உயர்வு
1866.wav,பார்மலின் என்ற வணிகப் பெயரானது வணிகரீதியில் மிக நீண்ட நெடுங்காலமாகப் பயன்படுத்தப்பட்டு வருகிறது
1867.wav,வேதியியல் என்பது புவியின் வேதியியல் இதயம் என்பது பூமியின் ஆக்ஸிஜன் ஆகும்
1868.wav,இன ஐக்கிய மேம்பாட்டிற்காக சம்பந்தனுடன் இணைத்து பயணிக்க தயார் என அமைச்சர் ராஜித சேனாரத்ன தெரிவித்துள்
1869.wav,மதம் என்பது பதில்களால் ஆனது தத்துவமும் ஆன்மீகமும் கேள்விகளால் ஆனவை என்பதே என் அறிதலாகும்
1870.wav,ஆனால் ஆண்டுதோறும் மார்கழி மாதம் முழுவதும் சுப்ரபாத சேவைக்கு பதிலாக ஆண்டாள் திருப்பாவை பாசுரத்துடன் ஏழுமலையானை எழுப்பும் நிகழ்ச்சி நடைபெறும்
1871.wav,இன்டர்நெட் பிளாக் விடோ என்று அழைக்கப்படும் பெண்மணி தொடர்பான வழக்கு நீதிமன்ற விசாரணைக்கு வருகின்றது
1872.wav,ஈழப்பற்றாளன் வைகுந்தனின் விடுதலை நோக்கிய மிதிவண்டிப் பயணம் வெற்றி பெற வேண்டும் என்பதற்காக
1873.wav,நித்தியானந்தா பெங்களூரு பிடதி ஆசிரமத்தில்தான் உள்ளார் என்பதை தன்னால் உறுதியாக கூற முடியும் எனவும் அவர் மேலும் கூறுகிறார்
1874.wav,ஆனால் இந்த ஆலை நற்பண்புகளைப் உடைகள் எதிர்ப்பு மற்றும் முடிக்கப்பட்ட பொருட்கள் நீர் உறிஞ்சும் சொத்து மட்டுமே அல்ல
1875.wav,கவலைக்கிடமான நிலையில் வைத்திய சாலையில் அனுமதிக்கப்பட்ட பிரபல காமெடி நடிகர் சிட்டிபாபு காலமானார்
1876.wav,பொது நீதிமன்றத்தை அவமதித்து பேசியதாக சூர்யா மீது நடவடிக்கை கோரி நீதிபதி கடிதம்
1877.wav,வடமராட்சி கிழக்கு கொடுக்குளாய் இயக்கச்சி அபாய வெளியேற்றப் பாதை திறப்பு அனர்த்த முகாமைத்துவ அமைச்சு புனரமைப்பு
1878.wav,அம்பாலா கண்டோன்மெண்டில் உள்ள சனாதன் தர்மா கல்லூரியில் சமஸ்கிருதம் மற்றும் அரசியல் பட்டம் முடித்தவர் சுஷ்மா ஸ்வராஜ்
1879.wav,நான்கு வயது சிறுவனை திருடமுயன்றதாக கருதி இரண்டு வடமாநில இளைஞர்களை பிடித்து பொதுமக்கள் கொலை வெறி தாக்குதல்
1880.wav,மீகஹதென்ன பொலிஸ் நிலையத்தின் புதிய கட்டிடத்தை திறந்து வைக்கும் நிகழ்வு ஜனாதிபதி தலைமையில்
1881.wav,அவர் எழுதிக் கொடுத்த சில வருடங்களிலேயே ஒரு தடவை அல்ல இரண்டு தடவை தேசிய விருது வாங்கினேன்
1882.wav,விராட் கோலியின் உலக சாதனையை முறியடித்து ஷிகர் தவண் புதிய மைல்கல்
1883.wav,எனவே ஆளுநர் தெரிவு விடயத்திலும் புதிய ஜனாதிபதி கிழக்கு மாகாணத்திற்கு நேர்மையான ஆளுநரை தெரிவு செய்வார் என நம்புகின்றேன் என்றார்
1884.wav,இதில் தரப்படும் தகவல்கள் தெளிவாக இல்லையென்றாலும் கூட ஆதார் எந்தெந்த தேதிகளில் பயன்படுத்தப்பட்டிருக்கின்றது என்ற தகவலை இதன் மூலமாகப் பெறலாம்
1885.wav,கேலிக்காக இப்படி செய்திருப்பார்கள் என அனைவரும் அந்த ஆட்டை காமெடியாக பார்த்தார்கள்
1886.wav,கணையாழிக்கதைகள் நடுத்தவ நகர்ப்புற வர்க்கத்தின் அன்றாடச்சிக்கல்களை மிக உள்ளடங்கிய தொனியில் செய்திநடையில் வெளிவந்துகொண்டிருந்த காலம்
1887.wav,பிரிட்டன் ராணியின் பக்கிங்ஹாம் அரண்மனை கேட் மீது ஏற முயன்ற வாலிபர் கைது
1888.wav,சிவன் கோயில்களில் சிவராத்திரி விழா பக்தர்கள் கண் விழித்திருந்து சாமி தரிசனம்
1889.wav,சென்னையில் சட்டவிரோதமாக தங்கியிருந்த இலங்கை தம்பதியிடம் க்யூ பிரிவு போலீஸாா் விசாரணை
1890.wav,குழந்தைகளின் எடை குறைவை தடுக்கும் போஷன் அபியான் திட்டம் தமிழகத்தில் முடக்கம்
1891.wav,வெள்ளித்திரையைச் சந்திக்க தயாராகுகிறது உடுமலை சங்கர் மற்றும் கௌசல்யா வாழ்க்கை கதை
1892.wav,விவசாயம் நாட்டின் பிரதான முதுகெலும்பான தொழிலாக அங்கீகரிக்கப்பட்டு அனைத்து உதவிகளும் உழவுத் தொழிலுக்கு செய்யப்படும்
1893.wav,கடலில் நடைபெற்ற தாக்குதல் செய்தி கிடைத்தவுடன் தள்ளாடி இராணுவ முகாமிலிருந்தும் தலைமன்னாரிலிருந்தும்
1894.wav,வாலாஜாபேட்டை தன்வந்திரி பீடத்தில் தன்வந்திரிஜெயந்தியை முன்னிட்டு இராஜ அலங்காரத்தில் தன்வந்திரி பெருமாள் திருக்காட்சி வைபவங்கள்
1895.wav,வழக்கின் தொடர்பில் சிலாங்கூர் பொலிஸ் தலைமையகத்துடன் பேச எடுத்துக்கொண்ட முயற்சிகள் தோல்வியில் முடிந்ததாக தி கார்டியன் தெரிவித்தது
1896.wav,வரவு செலவுத்திட்டம் சமர்ப்பிக்கப்படாத நிலையில் நிதி ஒதுக்கீடு அதிகாரம் ஜனாதிபதிக்கு உண்டு
1897.wav,தாய்வானில் தைப்பே நகரில் வீதியில் பயணித்துக் கொண்டிருந்த குழந்தை ஒன்றின் கழுத்தை அறுத்து கொலை செய்துள்ளனர்
1898.wav,யாழில் திறக்கப்பட்ட காணாமல் ஆக்கப்பட்டோர் அலுவலகத்திற்கு எதிர்ப்புத் தெரிவித்து வவுனியாவில் ஆர்ப்பாட்டம்
1899.wav,முதன்முதலில் வனேடியம் நான்மகுளோரைடுடன் ஐதரசன் புளோரைடை சேர்ப்பதன் மூலமாக வனேடியம் நான்மபுளோரைடு தயாரிக்கப்பட்டது
1900.wav,மழை பெய்ய வேண்டும் என்பதற்காக கடந்த ஜூலை மாதம் போபாலில் உள்ள ஒரு கிராமத்தில் இரண்டு தவளைகளுக்கு திருமணம் செய்துவைத்தனர்
1901.wav,இந்த போன் கையில் கிடைத்த அன்று முழுக்க நான் அதனுடனேயே கழித்தேன்
1902.wav,கேரள மாநிலத்தில் நீட் தேர்வு எழுதச் செல்லும் மாணவர்கள் உதவிக்கு அழைக்க வேண்டிய தொலைபேசி எண்கள்
1903.wav,தென்காசியில் ஜாஸ் பில்டர்ஸ் நிறுவனத்தின் ஜாஸ் கட்டுமான வடிவமைப்பு நிறுவன திறப்பு விழா
1904.wav,மைக்ரோ சொவ்ட் கல்வி உலகளாவிய மன்றத்தில் சர்வதேச அங்கீகாரம் பெற்ற ஆசிரியைகள்
1905.wav,தேர்தல் ஆணையம் விழிப்புணர்வு பிரசாரம் பிடிச்ச சின்னத்துக்கு போடு ஓட்டு பிடிக்கலைன்னா இருக்கு நோட்டா
1906.wav,இன்றைய இளைஞகளுக்கு அரசியல் ஞானம் ஏப்படி உள்ளது என்பதை இந்த வீடியோவில் காண்க
1907.wav,மிககர்வமுள்ள மாவட்ட ஆட்சித்தலைவர் ஒருவர் தன்னுடைய மாவட்டத்தின் ஏதாவதொரு கிராமத்தை சுற்றி பார்வையிட்டு வர விரும்பினார்
1908.wav,பின்னர் அவர்கள் வீசிய பொதிகளைப் பார்வையிட்ட பொழுது சுமார் ஒரு கிலோ அளவிலான நான்கு கேரள கஞ்சா பொதிகள் வீசப்பட்டிருந்தது
1909.wav,ஆதிதிராவிடர் உறுப்பினர்களை தரையில் அமர வைத்த சம்பவம் வாணிக்கரை ஊராட்சியில் ஒன்றிய அதிகாரிகள் விசாரணை
1910.wav,உயர்தர பரீட்சை நிலையங்களை அண்மித்த பகுதிகளில் மாணவர்களுக்கு இடையூறு விளைவிக்க வேண்டாம்
1911.wav,சிறப்பு ஆயுதப்படை சட்டத்தின் கீழ் நாகாலாந்தை பதற்றமான பகுதியாக அறிவித்தது மத்திய அரசு
1912.wav,இந்தியாவின் மூத்த வழக்கறிஞரும் கூடுதல் சொலிசிட்டர் ஜெனரலுமான துஷார் மேத்தா நீதிமன்றத்தில் உறுதி அளித்திருந்தார் என்பது குறிப்பிடத்தக்கது
1913.wav,கண்மாய்களுக்கு தண்ணீர் திறந்து விடாததை கண்டித்து மறியல் வத்திராயிருப்பு அருகே பரபரப்பு
1914.wav,இந்திய ரயில்வே நிர்வாகம் தற்போது பல புதிய மாற்றங்களை செய்து வறிகிறது
1915.wav,திரைப்பட நடிகர்கள் ஏகப்பட்ட செண்டிமெண்ட் பார்த்தாலும் அவர்களுக்கு பொதுமக்கள் போன்ற சறுக்கல் உண்டு என்பதை அவர்கள் உணர்வது இல்லையே
1916.wav,அப்படியே எடுப்பதாக இருந்தாலும் சின்ன பட்ஜெட் படங்கள் மட்டும் தயாரியுங்கள் என்று அறிவுரை கூறினாராம்
1917.wav,மத போதகர் ஜாகீர் நாயக்கை நாடு கடத்த மலேசியாவிற்கு இந்தியா கோரிக்கை
1918.wav,காஞ்சிபுரத்திலுள்ள அருள்மிகு கச்சபேஸ்வரர் மருந்தீஸ்வரர் விருந்தீஸ்வரர் கோயிலும் கண் நோய்களுக்கான சிறந்த பரிகார ஸ்தலமாகும்
1919.wav,அவளுக்காகவே ஒரு நாள் விடுப்பு எடுத்து வீட்டில் இருந்து அவளை வரவேற்றேன்
1920.wav,தோழிகளுடன் மணிக்கு முக்கிய திருட்டு போது தங்கள் பாதுகாப்பு உறுதி என்று ஒரு புத்திசாலித்தனமான திட்டம்
1921.wav,குவாண்டனாமோ கைதிகளுக்கு அமெரிக்க நாட்டின் சட்ட உரிமைகளைக் கொடுக்க முடியாது என்று டபிள்யு புஷ் நிர்வாகம்
1922.wav,ஐக்கிய நாடுகள் சபையின் மிகச் சக்தி வாய்ந்த அமைப்பாக பாதுகாப்பு சபை உள்ளது
1923.wav,ஆனால் இந்த மூவரின் நூல்களில் எங்கும் இயற்பகையாரின் துணைவியார் எள் நுணியளவேனும் போற்றப் படவில்லை
1924.wav,போதை மாத்திரை பிரதான விநியோகஸ்தர் உள்ளிட்ட இருவர் ஓமந்தைப் பொலிசாரால் கைது
1925.wav,போதைப் பொருள் வந்த சம்பவத்துக்கும் தனக்கும் சம்பந்தமில்லை என்கிறார் நடிகை அஞ்சலா
1926.wav,அமெரிக்கா மற்றும் அமெரிக்க ஐக்கிய நாடுகளின் நலன்களைப் பெறுவதற்கான வாய்ப்புகள் உள்ளன
1927.wav,உடன் வந்த அந்தகக்குலத்து அமைச்சன் செய்தியை விரிவாகப் பொறித்து பறவை காலில் கட்டி நமக்கு அனுப்பினான்
1928.wav,அவர் அருகில் இருந்தவர்கள் சிலர் இன்னும் உயிரோடு அங்கும் இங்கும் இருப்பார்கள்
1929.wav,புலிகள் வலுவிழந்துவிட்டனரா ஏன் தாக்குதலை நடத்தாமல் இருக்கிறார்கள் என எமது புலம் பெயர்ந்த உறவுகள் பலர் கவலை அடைகின்றனர்
1930.wav,இதன் போது மேற்கிந்திய அணிவீரர்கள் நடுவர்கள் அதிகாரிகள் மத்தியில் கடும் வாக்குவாதங்களும் இடம்பெற்றன
1931.wav,அயர்லாந்தின் புதிய பிரதமரான இந்திய வம்சாவளியைச் சேர்ந்த லியோ வரட்கருக்கு இந்திய பிரதமர் நரேந்திர மோடி வாழ்த்து தெரிவித்துள்ளார்
1932.wav,ரூபாய் ஒழிப்பின் காரணமாக நிறுவனங்களின் மூன்றாவது காலாண்டு நிதி அறிக்கை அவ்வளவு நன்றாக இருக்காது என்று எதிர்பார்த்தால் நடக்கவில்லை
1933.wav,தீக்காயங்கள் மற்றும் அவற்றின் காரணங்களைத் தீர்மானிப்பதற்கான ஆதாரங்களை சேகரித்தல் மற்றும் ஆய்வு செய்தல்
1934.wav,இந்த நிலையில் கனமழை காரணமாக திவாரே அணை உடைந்து பெரும் உயிர்ச்சேதமும் பொருட்சேதமும் உண்டாகிஅது
1935.wav,சோமகன் அசுரன் பிரமன் இடம் ஸ்ருஷ்டி ரகஸ்யம் திருடிக் கொண்டு போக பிரமன் இங்கே வந்து நீண்ட த்வம் இயற்றி
1936.wav,பணம் எடுக்க வந்தவரிடம் போலி ஏடிஎம் காா்டு கொடுத்து மோசடி மூவா் கைது
1937.wav,இந்த டாஸ்மாக் கடையை அகற்ற வேண்டும் என்று அந்த பகுதி மக்கள் ரொம்ப நாட்களாகவே கோரிக்கை விடுத்து வந்துள்ளார்களாம்
1938.wav,பிரித்தானியாவில் நிறைமாத கர்ப்பிணியுடன் அசுர வேகத்தில் கார் ஓட்டிய சாரதிக்கு நேர்ந்த கதி
1939.wav,எனவே இவ் விளக்குகளை விரைந்து பழுது நீக்கி எரியச் செய்ய வேண்டும் என பொது மக்கள் கோரிக்கை விடுத்துள்ளனா்
1940.wav,வருண் பாக்யராஜுடன் பணியாற்றியவர் என முருகதாஸ் கூறிய குற்றச்சாட்டுக்கு இப்படி விளக்கம் கொடுத்துள்ளார்
1941.wav,பரிந்துரைஆக்ஸ்போர்டு பல்கலை உருவாக்கியுள்ள கொரோனா தடுப்பூசியை தயாரிக்கும் ஒப்பந்தத்தை மஹாராஷ்டிரா மாநிலம் புனேயை சேர்ந்த சீரம்
1942.wav,இது குறித்து கொலக்கம்பை காவல் நிலையத்தில் சிறுமியின் தந்தை
1943.wav,சாலை பைக் அளவிடுதல் மற்றும் பொருத்துதல் பற்றி நீங்கள் தெரிந்து கொள்ள வேண்டியது
1944.wav,ஆனால் இதற்கு எதிர்ப்பு தெரிவித்து மன்னார்குடியின் பிரபல வழக்கறிஞர்கள் உள்ளிட்ட ஆறு பேர்
1945.wav,விஸ்வநாதன் ஆனந்துக்கு பிரதமர் மோடி உட்பட பல பிரபலங்கள் வாழ்த்துகள் தெரிவித்துள்ளனர்
1946.wav,பறைசேர் நடனத்துடன் வெடி கொழுத்தி மாலை அணிவித்து அவர்களை படக்குழுவினர் வரவேற்றனர்
1947.wav,நிதி மோசடிகளை தடுக்க ரிசர்வ் வங்கி வாடிக்கையாளர் விவரம் சரிபார்ப்புக்கு இனி ஆதார் கட்டாயம் என தெரிவித்துள்ளது
1948.wav,நடிகர் மன்சூர் அலிகான் உடல்நலக்குறைவால் சென்னை தனியார் மருத்துவமனையில் அனுமதி
1949.wav,மாணவர்களின் கருத்து சுதந்திரத்திற்கு எதிரான இந்த நடவடிக்கை வெட்கக் கேடானது என்று பதிவிட்டுள்ளார் ஒரு சமூக வலைதாளவாசி
1950.wav,சிவசுப்பிரமணியம் மறைவுக்கு திமுக தலைவர்கள் மற்றும் அரசியல் கட்சியினர் இரங்கல் தெரிவித்து வருகிறார்கள்
1951.wav,ஓணம் பண்டிகையை முன்னிட்டு பாரம்பரிய உடை அணிந்து திருவாதிரை களி நடனமாடிய பெண்கள்
1952.wav,மாவட்டத்தின் பல்வேறு பகுதிகளிலிருந்தும் பெருந்திரளாக கலந்துகொண்ட அனைத்து தோழர்களுக்கும் நன்றிகள் மாவட்ட நிர்வாகத்திற்கும் நன்றிகள்
1953.wav,தல புகைப்படத்தை வைத்து பேனர் அடித்து அதற்கு பாலாபிஷேகமும் செய்துவிட்டனர் அஜீத் ரசிகர்கள்
1954.wav,இந்தக் கட்டுரையில் குறிப்பாக பார்வைக் குறைபாடுகள் உள்ளவர்களுக்கு வடிவமைக்கப்பட்ட மிகவும் பொதுவான சாதனங்கள் விவரிக்கிறது
1955.wav,எனவே ராமர் கோவில் கட்டுவதற்கான சூழல் ஏற்படும் நிலையில் அங்கு அசம்பாவிதங்கள் ஏற்படாமல் இருக்கவே படைகள் குவிக்கப்பட்டு வருவதாக கூறப்படுகிறது
1956.wav,இந்த டுவீட்டுக்கு கமல் ரசிகர்களும் பாஜக தொண்டர்களும் காரசாரமாக பதிலளித்து வருகின்றனர்
1957.wav,திட்மிட்ட ரதீதியில் தொல்லியல் திணைக்களம் ஊடாக மேற்கொள்ளப்படுகின்ற வரலாற்று திரிப்பு நடவடிக்கை காணி அபகரிப்பு நடவடிக்கைகள் உடனடியாக நிறுத்தவேண்டும்
1958.wav,அவர்களுக்கான குடியுரிமை பற்றி பேசாமல் அரசியல் ஆதாயத்திறகாக ஒரு பழிவாங்கல் போல் சட்டம் இயற்றக்கூடாது என்பது தான் முக்கிய கோரிக்கை
1959.wav,செப்டம்பர் மாத இறுதியிலிருந்து இந்தப் பகுதியில் கடுமையான பனிப்பொழிவு இருந்தது
1960.wav,ஆஸ்திரேலியாவுக்கு எதிராக முதல் டெஸ்ட் விக்கெட்டை எடுத்தார் தமிழக வீரர் நடராஜன்
1961.wav,பாலமுரளி பாலுவின் இசையில் பாடல்கள் சுமார் என்றாலும் பின்னணி இசை ஓகே
1962.wav,தண்ணீர் முற்றிலும் தீர்ந்து போகும் நிலையிலிருந்த கேப் டவுன் மக்களுக்கு விவசாயிகள் அமைப்பு தண்ணீர் வழங்கியுள்ளது
1963.wav,கருப்பட்டி கடன் கொடுத்தவன் காங்கிரசுகாரன் தப்பிக்கவிட்டது பாசக கட்சிக்காரன் இரண்டுமே திருடர்கள் கூட்டம் தான் சரிதானே
1964.wav,சர்வதேச விண்வெளி ஆய்வு மையத்துக்கு சென்ற ரஷ்ய விண்கலம் திடீர் தரையிறக்கம்
1965.wav,ஏதேனும் அனர்த்தங்கள் இடம்பெறுகின்ற சந்தர்பங்களில் இடர்முகாமைத்துவ மத்திய நிலையத்திற்கு தகவல் வழங்குமாறும் கோரிக்கை விடுக்கப்பட்டுள்ளது
1966.wav,உள்ளாட்சியிலும் நல்லாட்சி தொடர வேண்டும் என்ற அடிப்படையில் முதல்வர் ஆலோசனை வழங்கினார்
1967.wav,அந்தவகையில் இன்று வீட்டில் செய்யக்கூடிய பேரீச்சம்பழ ஊறுகாய் செய்வது எப்படி என்று பார்க்கலாம்
1968.wav,இதையொட்டி அவர் இன்று காலை திகார் சிறையிலிருந்து டெல்லி பாட்டியாலா சிபிஐ நீதிமன்றத்துக்கு
1969.wav,தெற்குசீனாவில் உள்ள சாலையில் திடீரென ஏற்பட்ட நிலச்சரிவால் மண்குவியலில் மூழ்கிய வாகனங்கள்
1970.wav,தம்மை பொது மன்னிப்பு வழங்கி விடுவிக்குமாறு தமிழ் அரசியல் கைதிகள் ஜனாதிபதிக்கு மனு
1971.wav,ஆரம்ப காலங்களில் மீனவர்கள் தொழில் செய்யும் போது வலைகளில் பிடிபடும் பல வகை மீன்களை தற்போது காணமுடியவில்லை
1972.wav,ப்ளூ சட்டை மாறன் மீது இயக்குநர் ஷக்தி சிதம்பரம் போலீசில் புகார்
1973.wav,சிங்களப் பெண்களை மறுமண்ம் செய்ய முன் திருமணமாகமிலிருக்கும்
1974.wav,பெங்களூரு பரப்பன அக்ரஹாரா சிறையில் இருந்து ஓரிரு நாளில் விடுதலை ஆகிறார் சுதாகரன்
1975.wav,அக்கால மனநிலைப்படி பிரிட்டிஷ் மக்களே ஆகச்சிறந்த இலக்கியத்தைப் படைக்க முடியும் என்று அவளும் நம்பினாள்
1976.wav,ரஜினி முதன்முதலாக எடுத்துள்ள இந்த செல்ஃபி வீடியோ சமூக வலைதளங்களில் டிரென்ட் அடித்து வருகிறது
1977.wav,ஜனாதிபதித் தேர்தலுக்காக சொந்த இடங்களுக்கு சென்றவர்கள் மீண்டும் பிரதான நகரங்களுக்குத் திரும்புவதற்காக இந்த விசேட பஸ் சேவை மேற்கொள்ளப்பள்ளப்பட்டுள்ளமை குறிப்பிடத்தக்கது
1978.wav,குளம் தூர்வாரும் பணி நிறுத்தப்பட்டதை கண்டித்து முற்றுகை போராட்டத்தில் ஈடுபட்ட பொதுமக்கள்
1979.wav,ஆனால் கொல்கத்தா அணி முற்றிலும் மும்பையிடம் சரண் அடைந்து எந்தவித எதிர்ப்பும் காட்டாமல் வெளியேறியது
1980.wav,அரசு மருத்துவக் கல்லூரி மருத்துவமனை வளாகம் வரை செல்ல பேருந்துகளுக்கு அனுமதி
1981.wav,புரஸ்டேட்டினை கைகளால் வருடுவதை விட வித்தியாசமான பொஸிசன்களில் புரஸ்டேட்டினை தடவுவதும் அதிக அளவில் கிளர்ச்சியை ஏற்படுத்துகிறதாம்
1982.wav,நிலை பாதிக்கும் காரணிகள் வணிக செயல்பாடு குறிகாட்டிகள் மற்றும் அவர்களின் இயக்கவியல்
1983.wav,தற்போது தேரின் சிற்பங்கள் வெளியில் தெரிவதால் ஏராளமான பக்தர்கள் பார்வையிட்டு செல்கின்றனர்
1984.wav,தனியார் விமான நிறுவனங்கள் பயணிகள் பயணத்தை ரத்து செய்தால் அடாவடியாக கட்டணம்
1985.wav,ஆழி எந்தை என்று அமரர்கள் சரண் புக அந்தரத்து உயர்ந்தார் தாம்
1986.wav,அரிய கழுகை வேட்டையாட சிறப்பு அனுமதி சவுதி இளவரசருக்கு பாகிஸ்தான் ஜிங்ஜாக்
1987.wav,மாணவர்கள் உள்ளிட்ட மூவருக்கும் இடையிலான வழக்கு நாளை வியாழக்கிழமை யாழ்ப்பாணம் நீதிவான் நீதிமன்றில் இடம்பெறவுள்ள நிலையில்
1988.wav,அபிவிருத்தி லொத்தர் வரலாற்றில் மிகப் பெரிய பரிசு தொகையை வென்ற அதிஷ்டசாலி
1989.wav,அதிமுக பொதுக்குழு கூட்டம் செல்லாது என அறிவிக்க கோரிய வழக்கில் பதில் தர சசிகலாவுக்கு அவகாசம்
1990.wav,விழா இம்முறை இரத்து செய்யப்பட்டுள்ள நிலையிலும் உழவர் திரு நாளாம் பொங்கல்
1991.wav,வரலாற்று காலங்களில் இசை பிரபலமாக இருந்ததைப் பற்றி பேசுவதைப் போன்ற ஒரு பாடம் இசை இணைக்கிறது
1992.wav,விசா காலத்தில் குறிப்பிட்ட ஒப்பந்தப் பணிகளை மட்டுமே மேற்கொள்ள வேண்டும் என்பது தொடர்பான விதிகளும் வகுக்கப்பட்டுள்ளன
1993.wav,இது குறித்த புகாரின் பேரில் புதுச்சத்திரம் போலீசார் வழக்கு பதிந்து காணாமல்
1994.wav,இவை தவிர்த்து திருவொற்றியூரில் உள்ள ஒரு தனியார் பள்ளியில் பகுதி நேர ஆர்ட் அண்ட் கிராஃப்ட் ஆசிரியராகப்
1995.wav,சாந்தனு யாரை பற்றி சொல்கிறார் என்று தெரிந்தும் தெரியாதது போன்று கேட்கிறார்களே
1996.wav,விளம்பர பணிகளை வடிவமைப்பதற்கான பார்வையாளர் மற்றும் பயனர் வடிவங்களை பகுப்பாய்வு செய்தல்
1997.wav,மீண்டும் ஏவுகணை சோதனை செய்து அமெரிக்காவுக்கும் அயல் நாடுகளுக்கும் எச்சரிக்கை விடுத்த வடகொரியா
1998.wav,மேலும் பிக்பாஸ் நிகழ்ச்சியில் புகழ்பெற்ற ரேஷ்மாவும் ஒரு முக்கிய கேரக்டரில் நடிக்க உள்ளார்
1999.wav,எல்லா மக்களும் மகிழ்ச்சியாகவும் தரமான வாழ்க்கையை வாழும் போது நான் குடியரசு மற்றும் சுதந்திர தினம்
